method,seed,subject,available_modalities,modality_count,macro_f1
embracenet,51,1,fp,1,1.0
embracenet,51,10,fp,1,1.0
embracenet,51,15,fp,1,1.0
embracenet,51,19,fp,1,1.0
embracenet,51,36,fp,1,1.0
embracenet,51,39,fp,1,1.0
embracenet,51,40,fp,1,1.0
embracenet,51,43,fp,1,0.6666666666666666
embracenet,51,48,fp,1,1.0
embracenet,51,49,fp,1,1.0
embracenet,51,59,fp,1,1.0
embracenet,51,1,imu,1,1.0
embracenet,51,10,imu,1,1.0
embracenet,51,15,imu,1,1.0
embracenet,51,19,imu,1,1.0
embracenet,51,36,imu,1,0.2222222222222222
embracenet,51,39,imu,1,1.0
embracenet,51,40,imu,1,1.0
embracenet,51,43,imu,1,0.6666666666666666
embracenet,51,48,imu,1,1.0
embracenet,51,49,imu,1,1.0
embracenet,51,59,imu,1,1.0
embracenet,51,1,imu+fp,2,1.0
embracenet,51,10,imu+fp,2,1.0
embracenet,51,15,imu+fp,2,1.0
embracenet,51,19,imu+fp,2,1.0
embracenet,51,36,imu+fp,2,0.5555555555555555
embracenet,51,39,imu+fp,2,1.0
embracenet,51,40,imu+fp,2,1.0
embracenet,51,43,imu+fp,2,0.6666666666666666
embracenet,51,48,imu+fp,2,1.0
embracenet,51,49,imu+fp,2,1.0
embracenet,51,59,imu+fp,2,1.0
embracenet,51,1,emg,1,0.16666666666666666
embracenet,51,10,emg,1,0.16666666666666666
embracenet,51,15,emg,1,0.2222222222222222
embracenet,51,19,emg,1,0.2222222222222222
embracenet,51,36,emg,1,0.5555555555555555
embracenet,51,39,emg,1,0.16666666666666666
embracenet,51,40,emg,1,0.5555555555555555
embracenet,51,43,emg,1,0.2222222222222222
embracenet,51,48,emg,1,0.3333333333333333
embracenet,51,49,emg,1,1.0
embracenet,51,59,emg,1,0.5555555555555555
embracenet,51,1,emg+fp,2,1.0
embracenet,51,10,emg+fp,2,1.0
embracenet,51,15,emg+fp,2,1.0
embracenet,51,19,emg+fp,2,1.0
embracenet,51,36,emg+fp,2,1.0
embracenet,51,39,emg+fp,2,1.0
embracenet,51,40,emg+fp,2,1.0
embracenet,51,43,emg+fp,2,0.6666666666666666
embracenet,51,48,emg+fp,2,1.0
embracenet,51,49,emg+fp,2,1.0
embracenet,51,59,emg+fp,2,1.0
embracenet,51,1,emg+imu,2,1.0
embracenet,51,10,emg+imu,2,1.0
embracenet,51,15,emg+imu,2,1.0
embracenet,51,19,emg+imu,2,0.5555555555555555
embracenet,51,36,emg+imu,2,0.2222222222222222
embracenet,51,39,emg+imu,2,1.0
embracenet,51,40,emg+imu,2,1.0
embracenet,51,43,emg+imu,2,0.6666666666666666
embracenet,51,48,emg+imu,2,1.0
embracenet,51,49,emg+imu,2,1.0
embracenet,51,59,emg+imu,2,1.0
embracenet,51,1,emg+imu+fp,3,1.0
embracenet,51,10,emg+imu+fp,3,1.0
embracenet,51,15,emg+imu+fp,3,1.0
embracenet,51,19,emg+imu+fp,3,1.0
embracenet,51,36,emg+imu+fp,3,0.5555555555555555
embracenet,51,39,emg+imu+fp,3,1.0
embracenet,51,40,emg+imu+fp,3,1.0
embracenet,51,43,emg+imu+fp,3,0.6666666666666666
embracenet,51,48,emg+imu+fp,3,1.0
embracenet,51,49,emg+imu+fp,3,1.0
embracenet,51,59,emg+imu+fp,3,1.0
embracenet,51,1,eeg,1,0.3333333333333333
embracenet,51,10,eeg,1,0.5555555555555555
embracenet,51,15,eeg,1,0.2222222222222222
embracenet,51,19,eeg,1,0.5555555555555555
embracenet,51,36,eeg,1,0.16666666666666666
embracenet,51,39,eeg,1,0.16666666666666666
embracenet,51,40,eeg,1,0.2222222222222222
embracenet,51,43,eeg,1,0.2222222222222222
embracenet,51,48,eeg,1,0.5555555555555555
embracenet,51,49,eeg,1,0.16666666666666666
embracenet,51,59,eeg,1,0.16666666666666666
embracenet,51,1,eeg+fp,2,1.0
embracenet,51,10,eeg+fp,2,1.0
embracenet,51,15,eeg+fp,2,1.0
embracenet,51,19,eeg+fp,2,1.0
embracenet,51,36,eeg+fp,2,1.0
embracenet,51,39,eeg+fp,2,1.0
embracenet,51,40,eeg+fp,2,1.0
embracenet,51,43,eeg+fp,2,0.6666666666666666
embracenet,51,48,eeg+fp,2,1.0
embracenet,51,49,eeg+fp,2,1.0
embracenet,51,59,eeg+fp,2,1.0
embracenet,51,1,eeg+imu,2,1.0
embracenet,51,10,eeg+imu,2,1.0
embracenet,51,15,eeg+imu,2,1.0
embracenet,51,19,eeg+imu,2,1.0
embracenet,51,36,eeg+imu,2,0.2222222222222222
embracenet,51,39,eeg+imu,2,1.0
embracenet,51,40,eeg+imu,2,1.0
embracenet,51,43,eeg+imu,2,0.6666666666666666
embracenet,51,48,eeg+imu,2,1.0
embracenet,51,49,eeg+imu,2,1.0
embracenet,51,59,eeg+imu,2,1.0
embracenet,51,1,eeg+imu+fp,3,1.0
embracenet,51,10,eeg+imu+fp,3,1.0
embracenet,51,15,eeg+imu+fp,3,1.0
embracenet,51,19,eeg+imu+fp,3,1.0
embracenet,51,36,eeg+imu+fp,3,0.5555555555555555
embracenet,51,39,eeg+imu+fp,3,1.0
embracenet,51,40,eeg+imu+fp,3,1.0
embracenet,51,43,eeg+imu+fp,3,0.6666666666666666
embracenet,51,48,eeg+imu+fp,3,1.0
embracenet,51,49,eeg+imu+fp,3,1.0
embracenet,51,59,eeg+imu+fp,3,1.0
embracenet,51,1,eeg+emg,2,0.16666666666666666
embracenet,51,10,eeg+emg,2,0.16666666666666666
embracenet,51,15,eeg+emg,2,0.5555555555555555
embracenet,51,19,eeg+emg,2,0.5555555555555555
embracenet,51,36,eeg+emg,2,0.5555555555555555
embracenet,51,39,eeg+emg,2,0.16666666666666666
embracenet,51,40,eeg+emg,2,1.0
embracenet,51,43,eeg+emg,2,0.6666666666666666
embracenet,51,48,eeg+emg,2,0.3333333333333333
embracenet,51,49,eeg+emg,2,1.0
embracenet,51,59,eeg+emg,2,0.5555555555555555
embracenet,51,1,eeg+emg+fp,3,1.0
embracenet,51,10,eeg+emg+fp,3,1.0
embracenet,51,15,eeg+emg+fp,3,1.0
embracenet,51,19,eeg+emg+fp,3,1.0
embracenet,51,36,eeg+emg+fp,3,1.0
embracenet,51,39,eeg+emg+fp,3,1.0
embracenet,51,40,eeg+emg+fp,3,1.0
embracenet,51,43,eeg+emg+fp,3,0.6666666666666666
embracenet,51,48,eeg+emg+fp,3,1.0
embracenet,51,49,eeg+emg+fp,3,1.0
embracenet,51,59,eeg+emg+fp,3,1.0
embracenet,51,1,eeg+emg+imu,3,1.0
embracenet,51,10,eeg+emg+imu,3,1.0
embracenet,51,15,eeg+emg+imu,3,1.0
embracenet,51,19,eeg+emg+imu,3,0.5555555555555555
embracenet,51,36,eeg+emg+imu,3,0.2222222222222222
embracenet,51,39,eeg+emg+imu,3,1.0
embracenet,51,40,eeg+emg+imu,3,1.0
embracenet,51,43,eeg+emg+imu,3,0.6666666666666666
embracenet,51,48,eeg+emg+imu,3,1.0
embracenet,51,49,eeg+emg+imu,3,1.0
embracenet,51,59,eeg+emg+imu,3,1.0
embracenet,51,1,eeg+emg+imu+fp,4,1.0
embracenet,51,10,eeg+emg+imu+fp,4,1.0
embracenet,51,15,eeg+emg+imu+fp,4,1.0
embracenet,51,19,eeg+emg+imu+fp,4,1.0
embracenet,51,36,eeg+emg+imu+fp,4,0.5555555555555555
embracenet,51,39,eeg+emg+imu+fp,4,1.0
embracenet,51,40,eeg+emg+imu+fp,4,1.0
embracenet,51,43,eeg+emg+imu+fp,4,0.6666666666666666
embracenet,51,48,eeg+emg+imu+fp,4,1.0
embracenet,51,49,eeg+emg+imu+fp,4,1.0
embracenet,51,59,eeg+emg+imu+fp,4,1.0
embracenet,52,1,fp,1,1.0
embracenet,52,10,fp,1,1.0
embracenet,52,15,fp,1,1.0
embracenet,52,19,fp,1,1.0
embracenet,52,36,fp,1,1.0
embracenet,52,39,fp,1,1.0
embracenet,52,40,fp,1,1.0
embracenet,52,43,fp,1,0.6666666666666666
embracenet,52,48,fp,1,1.0
embracenet,52,49,fp,1,1.0
embracenet,52,59,fp,1,1.0
embracenet,52,1,imu,1,1.0
embracenet,52,10,imu,1,1.0
embracenet,52,15,imu,1,1.0
embracenet,52,19,imu,1,1.0
embracenet,52,36,imu,1,0.2222222222222222
embracenet,52,39,imu,1,1.0
embracenet,52,40,imu,1,1.0
embracenet,52,43,imu,1,0.6666666666666666
embracenet,52,48,imu,1,1.0
embracenet,52,49,imu,1,1.0
embracenet,52,59,imu,1,1.0
embracenet,52,1,imu+fp,2,1.0
embracenet,52,10,imu+fp,2,1.0
embracenet,52,15,imu+fp,2,1.0
embracenet,52,19,imu+fp,2,1.0
embracenet,52,36,imu+fp,2,1.0
embracenet,52,39,imu+fp,2,1.0
embracenet,52,40,imu+fp,2,1.0
embracenet,52,43,imu+fp,2,0.6666666666666666
embracenet,52,48,imu+fp,2,1.0
embracenet,52,49,imu+fp,2,1.0
embracenet,52,59,imu+fp,2,1.0
embracenet,52,1,emg,1,0.2222222222222222
embracenet,52,10,emg,1,0.16666666666666666
embracenet,52,15,emg,1,0.16666666666666666
embracenet,52,19,emg,1,0.2222222222222222
embracenet,52,36,emg,1,0.5555555555555555
embracenet,52,39,emg,1,0.16666666666666666
embracenet,52,40,emg,1,0.5555555555555555
embracenet,52,43,emg,1,0.2222222222222222
embracenet,52,48,emg,1,0.5555555555555555
embracenet,52,49,emg,1,1.0
embracenet,52,59,emg,1,0.5555555555555555
embracenet,52,1,emg+fp,2,1.0
embracenet,52,10,emg+fp,2,1.0
embracenet,52,15,emg+fp,2,1.0
embracenet,52,19,emg+fp,2,1.0
embracenet,52,36,emg+fp,2,1.0
embracenet,52,39,emg+fp,2,1.0
embracenet,52,40,emg+fp,2,1.0
embracenet,52,43,emg+fp,2,0.6666666666666666
embracenet,52,48,emg+fp,2,1.0
embracenet,52,49,emg+fp,2,1.0
embracenet,52,59,emg+fp,2,1.0
embracenet,52,1,emg+imu,2,1.0
embracenet,52,10,emg+imu,2,1.0
embracenet,52,15,emg+imu,2,1.0
embracenet,52,19,emg+imu,2,1.0
embracenet,52,36,emg+imu,2,0.5555555555555555
embracenet,52,39,emg+imu,2,1.0
embracenet,52,40,emg+imu,2,1.0
embracenet,52,43,emg+imu,2,0.6666666666666666
embracenet,52,48,emg+imu,2,1.0
embracenet,52,49,emg+imu,2,1.0
embracenet,52,59,emg+imu,2,1.0
embracenet,52,1,emg+imu+fp,3,1.0
embracenet,52,10,emg+imu+fp,3,1.0
embracenet,52,15,emg+imu+fp,3,1.0
embracenet,52,19,emg+imu+fp,3,1.0
embracenet,52,36,emg+imu+fp,3,1.0
embracenet,52,39,emg+imu+fp,3,1.0
embracenet,52,40,emg+imu+fp,3,1.0
embracenet,52,43,emg+imu+fp,3,0.6666666666666666
embracenet,52,48,emg+imu+fp,3,1.0
embracenet,52,49,emg+imu+fp,3,1.0
embracenet,52,59,emg+imu+fp,3,1.0
embracenet,52,1,eeg,1,0.5555555555555555
embracenet,52,10,eeg,1,0.16666666666666666
embracenet,52,15,eeg,1,0.16666666666666666
embracenet,52,19,eeg,1,0.5555555555555555
embracenet,52,36,eeg,1,0.16666666666666666
embracenet,52,39,eeg,1,0.5555555555555555
embracenet,52,40,eeg,1,0.5555555555555555
embracenet,52,43,eeg,1,0.3333333333333333
embracenet,52,48,eeg,1,0.5555555555555555
embracenet,52,49,eeg,1,0.16666666666666666
embracenet,52,59,eeg,1,0.5555555555555555
embracenet,52,1,eeg+fp,2,1.0
embracenet,52,10,eeg+fp,2,1.0
embracenet,52,15,eeg+fp,2,1.0
embracenet,52,19,eeg+fp,2,1.0
embracenet,52,36,eeg+fp,2,1.0
embracenet,52,39,eeg+fp,2,1.0
embracenet,52,40,eeg+fp,2,1.0
embracenet,52,43,eeg+fp,2,0.6666666666666666
embracenet,52,48,eeg+fp,2,1.0
embracenet,52,49,eeg+fp,2,1.0
embracenet,52,59,eeg+fp,2,1.0
embracenet,52,1,eeg+imu,2,1.0
embracenet,52,10,eeg+imu,2,1.0
embracenet,52,15,eeg+imu,2,1.0
embracenet,52,19,eeg+imu,2,1.0
embracenet,52,36,eeg+imu,2,0.2222222222222222
embracenet,52,39,eeg+imu,2,1.0
embracenet,52,40,eeg+imu,2,1.0
embracenet,52,43,eeg+imu,2,0.6666666666666666
embracenet,52,48,eeg+imu,2,1.0
embracenet,52,49,eeg+imu,2,1.0
embracenet,52,59,eeg+imu,2,1.0
embracenet,52,1,eeg+imu+fp,3,1.0
embracenet,52,10,eeg+imu+fp,3,1.0
embracenet,52,15,eeg+imu+fp,3,1.0
embracenet,52,19,eeg+imu+fp,3,1.0
embracenet,52,36,eeg+imu+fp,3,1.0
embracenet,52,39,eeg+imu+fp,3,1.0
embracenet,52,40,eeg+imu+fp,3,1.0
embracenet,52,43,eeg+imu+fp,3,0.6666666666666666
embracenet,52,48,eeg+imu+fp,3,1.0
embracenet,52,49,eeg+imu+fp,3,1.0
embracenet,52,59,eeg+imu+fp,3,1.0
embracenet,52,1,eeg+emg,2,0.2222222222222222
embracenet,52,10,eeg+emg,2,0.16666666666666666
embracenet,52,15,eeg+emg,2,0.5555555555555555
embracenet,52,19,eeg+emg,2,0.5555555555555555
embracenet,52,36,eeg+emg,2,0.2222222222222222
embracenet,52,39,eeg+emg,2,0.16666666666666666
embracenet,52,40,eeg+emg,2,1.0
embracenet,52,43,eeg+emg,2,0.2222222222222222
embracenet,52,48,eeg+emg,2,0.16666666666666666
embracenet,52,49,eeg+emg,2,1.0
embracenet,52,59,eeg+emg,2,0.5555555555555555
embracenet,52,1,eeg+emg+fp,3,1.0
embracenet,52,10,eeg+emg+fp,3,1.0
embracenet,52,15,eeg+emg+fp,3,1.0
embracenet,52,19,eeg+emg+fp,3,1.0
embracenet,52,36,eeg+emg+fp,3,1.0
embracenet,52,39,eeg+emg+fp,3,1.0
embracenet,52,40,eeg+emg+fp,3,1.0
embracenet,52,43,eeg+emg+fp,3,0.6666666666666666
embracenet,52,48,eeg+emg+fp,3,1.0
embracenet,52,49,eeg+emg+fp,3,1.0
embracenet,52,59,eeg+emg+fp,3,1.0
embracenet,52,1,eeg+emg+imu,3,1.0
embracenet,52,10,eeg+emg+imu,3,1.0
embracenet,52,15,eeg+emg+imu,3,1.0
embracenet,52,19,eeg+emg+imu,3,1.0
embracenet,52,36,eeg+emg+imu,3,0.5555555555555555
embracenet,52,39,eeg+emg+imu,3,1.0
embracenet,52,40,eeg+emg+imu,3,1.0
embracenet,52,43,eeg+emg+imu,3,0.6666666666666666
embracenet,52,48,eeg+emg+imu,3,1.0
embracenet,52,49,eeg+emg+imu,3,1.0
embracenet,52,59,eeg+emg+imu,3,1.0
embracenet,52,1,eeg+emg+imu+fp,4,1.0
embracenet,52,10,eeg+emg+imu+fp,4,1.0
embracenet,52,15,eeg+emg+imu+fp,4,1.0
embracenet,52,19,eeg+emg+imu+fp,4,1.0
embracenet,52,36,eeg+emg+imu+fp,4,1.0
embracenet,52,39,eeg+emg+imu+fp,4,1.0
embracenet,52,40,eeg+emg+imu+fp,4,1.0
embracenet,52,43,eeg+emg+imu+fp,4,0.6666666666666666
embracenet,52,48,eeg+emg+imu+fp,4,1.0
embracenet,52,49,eeg+emg+imu+fp,4,1.0
embracenet,52,59,eeg+emg+imu+fp,4,1.0
embracenet,53,1,fp,1,0.5555555555555555
embracenet,53,10,fp,1,1.0
embracenet,53,15,fp,1,1.0
embracenet,53,19,fp,1,1.0
embracenet,53,36,fp,1,1.0
embracenet,53,39,fp,1,1.0
embracenet,53,40,fp,1,1.0
embracenet,53,43,fp,1,0.6666666666666666
embracenet,53,48,fp,1,1.0
embracenet,53,49,fp,1,1.0
embracenet,53,59,fp,1,1.0
embracenet,53,1,imu,1,1.0
embracenet,53,10,imu,1,1.0
embracenet,53,15,imu,1,1.0
embracenet,53,19,imu,1,1.0
embracenet,53,36,imu,1,0.2222222222222222
embracenet,53,39,imu,1,1.0
embracenet,53,40,imu,1,1.0
embracenet,53,43,imu,1,0.6666666666666666
embracenet,53,48,imu,1,1.0
embracenet,53,49,imu,1,1.0
embracenet,53,59,imu,1,1.0
embracenet,53,1,imu+fp,2,1.0
embracenet,53,10,imu+fp,2,1.0
embracenet,53,15,imu+fp,2,1.0
embracenet,53,19,imu+fp,2,1.0
embracenet,53,36,imu+fp,2,1.0
embracenet,53,39,imu+fp,2,1.0
embracenet,53,40,imu+fp,2,1.0
embracenet,53,43,imu+fp,2,0.6666666666666666
embracenet,53,48,imu+fp,2,1.0
embracenet,53,49,imu+fp,2,1.0
embracenet,53,59,imu+fp,2,1.0
embracenet,53,1,emg,1,0.2222222222222222
embracenet,53,10,emg,1,0.16666666666666666
embracenet,53,15,emg,1,0.5555555555555555
embracenet,53,19,emg,1,0.2222222222222222
embracenet,53,36,emg,1,0.5555555555555555
embracenet,53,39,emg,1,0.16666666666666666
embracenet,53,40,emg,1,0.2222222222222222
embracenet,53,43,emg,1,0.2222222222222222
embracenet,53,48,emg,1,0.2222222222222222
embracenet,53,49,emg,1,1.0
embracenet,53,59,emg,1,0.2222222222222222
embracenet,53,1,emg+fp,2,1.0
embracenet,53,10,emg+fp,2,1.0
embracenet,53,15,emg+fp,2,1.0
embracenet,53,19,emg+fp,2,1.0
embracenet,53,36,emg+fp,2,1.0
embracenet,53,39,emg+fp,2,1.0
embracenet,53,40,emg+fp,2,1.0
embracenet,53,43,emg+fp,2,0.6666666666666666
embracenet,53,48,emg+fp,2,1.0
embracenet,53,49,emg+fp,2,1.0
embracenet,53,59,emg+fp,2,1.0
embracenet,53,1,emg+imu,2,1.0
embracenet,53,10,emg+imu,2,1.0
embracenet,53,15,emg+imu,2,1.0
embracenet,53,19,emg+imu,2,1.0
embracenet,53,36,emg+imu,2,0.2222222222222222
embracenet,53,39,emg+imu,2,1.0
embracenet,53,40,emg+imu,2,1.0
embracenet,53,43,emg+imu,2,0.6666666666666666
embracenet,53,48,emg+imu,2,1.0
embracenet,53,49,emg+imu,2,1.0
embracenet,53,59,emg+imu,2,1.0
embracenet,53,1,emg+imu+fp,3,1.0
embracenet,53,10,emg+imu+fp,3,1.0
embracenet,53,15,emg+imu+fp,3,1.0
embracenet,53,19,emg+imu+fp,3,1.0
embracenet,53,36,emg+imu+fp,3,1.0
embracenet,53,39,emg+imu+fp,3,1.0
embracenet,53,40,emg+imu+fp,3,1.0
embracenet,53,43,emg+imu+fp,3,0.6666666666666666
embracenet,53,48,emg+imu+fp,3,1.0
embracenet,53,49,emg+imu+fp,3,1.0
embracenet,53,59,emg+imu+fp,3,1.0
embracenet,53,1,eeg,1,0.16666666666666666
embracenet,53,10,eeg,1,0.2222222222222222
embracenet,53,15,eeg,1,0.2222222222222222
embracenet,53,19,eeg,1,0.2222222222222222
embracenet,53,36,eeg,1,0.5555555555555555
embracenet,53,39,eeg,1,0.16666666666666666
embracenet,53,40,eeg,1,0.2222222222222222
embracenet,53,43,eeg,1,0.2222222222222222
embracenet,53,48,eeg,1,0.5555555555555555
embracenet,53,49,eeg,1,0.16666666666666666
embracenet,53,59,eeg,1,0.2222222222222222
embracenet,53,1,eeg+fp,2,0.5555555555555555
embracenet,53,10,eeg+fp,2,1.0
embracenet,53,15,eeg+fp,2,1.0
embracenet,53,19,eeg+fp,2,1.0
embracenet,53,36,eeg+fp,2,1.0
embracenet,53,39,eeg+fp,2,1.0
embracenet,53,40,eeg+fp,2,1.0
embracenet,53,43,eeg+fp,2,0.6666666666666666
embracenet,53,48,eeg+fp,2,1.0
embracenet,53,49,eeg+fp,2,1.0
embracenet,53,59,eeg+fp,2,1.0
embracenet,53,1,eeg+imu,2,1.0
embracenet,53,10,eeg+imu,2,1.0
embracenet,53,15,eeg+imu,2,1.0
embracenet,53,19,eeg+imu,2,1.0
embracenet,53,36,eeg+imu,2,0.2222222222222222
embracenet,53,39,eeg+imu,2,1.0
embracenet,53,40,eeg+imu,2,1.0
embracenet,53,43,eeg+imu,2,0.6666666666666666
embracenet,53,48,eeg+imu,2,1.0
embracenet,53,49,eeg+imu,2,1.0
embracenet,53,59,eeg+imu,2,1.0
embracenet,53,1,eeg+imu+fp,3,1.0
embracenet,53,10,eeg+imu+fp,3,1.0
embracenet,53,15,eeg+imu+fp,3,1.0
embracenet,53,19,eeg+imu+fp,3,1.0
embracenet,53,36,eeg+imu+fp,3,1.0
embracenet,53,39,eeg+imu+fp,3,1.0
embracenet,53,40,eeg+imu+fp,3,1.0
embracenet,53,43,eeg+imu+fp,3,0.6666666666666666
embracenet,53,48,eeg+imu+fp,3,1.0
embracenet,53,49,eeg+imu+fp,3,1.0
embracenet,53,59,eeg+imu+fp,3,1.0
embracenet,53,1,eeg+emg,2,0.2222222222222222
embracenet,53,10,eeg+emg,2,0.16666666666666666
embracenet,53,15,eeg+emg,2,0.5555555555555555
embracenet,53,19,eeg+emg,2,0.2222222222222222
embracenet,53,36,eeg+emg,2,0.5555555555555555
embracenet,53,39,eeg+emg,2,0.16666666666666666
embracenet,53,40,eeg+emg,2,0.5555555555555555
embracenet,53,43,eeg+emg,2,0.2222222222222222
embracenet,53,48,eeg+emg,2,0.2222222222222222
embracenet,53,49,eeg+emg,2,1.0
embracenet,53,59,eeg+emg,2,0.2222222222222222
embracenet,53,1,eeg+emg+fp,3,1.0
embracenet,53,10,eeg+emg+fp,3,1.0
embracenet,53,15,eeg+emg+fp,3,1.0
embracenet,53,19,eeg+emg+fp,3,1.0
embracenet,53,36,eeg+emg+fp,3,1.0
embracenet,53,39,eeg+emg+fp,3,1.0
embracenet,53,40,eeg+emg+fp,3,1.0
embracenet,53,43,eeg+emg+fp,3,0.6666666666666666
embracenet,53,48,eeg+emg+fp,3,1.0
embracenet,53,49,eeg+emg+fp,3,1.0
embracenet,53,59,eeg+emg+fp,3,1.0
embracenet,53,1,eeg+emg+imu,3,1.0
embracenet,53,10,eeg+emg+imu,3,1.0
embracenet,53,15,eeg+emg+imu,3,1.0
embracenet,53,19,eeg+emg+imu,3,1.0
embracenet,53,36,eeg+emg+imu,3,0.2222222222222222
embracenet,53,39,eeg+emg+imu,3,1.0
embracenet,53,40,eeg+emg+imu,3,1.0
embracenet,53,43,eeg+emg+imu,3,0.6666666666666666
embracenet,53,48,eeg+emg+imu,3,1.0
embracenet,53,49,eeg+emg+imu,3,1.0
embracenet,53,59,eeg+emg+imu,3,1.0
embracenet,53,1,eeg+emg+imu+fp,4,1.0
embracenet,53,10,eeg+emg+imu+fp,4,1.0
embracenet,53,15,eeg+emg+imu+fp,4,1.0
embracenet,53,19,eeg+emg+imu+fp,4,1.0
embracenet,53,36,eeg+emg+imu+fp,4,1.0
embracenet,53,39,eeg+emg+imu+fp,4,1.0
embracenet,53,40,eeg+emg+imu+fp,4,1.0
embracenet,53,43,eeg+emg+imu+fp,4,0.6666666666666666
embracenet,53,48,eeg+emg+imu+fp,4,1.0
embracenet,53,49,eeg+emg+imu+fp,4,1.0
embracenet,53,59,eeg+emg+imu+fp,4,1.0
embracenet,51,3,fp,1,0.3333333333333333
embracenet,51,7,fp,1,1.0
embracenet,51,14,fp,1,0.5555555555555555
embracenet,51,16,fp,1,1.0
embracenet,51,21,fp,1,0.16666666666666666
embracenet,51,25,fp,1,1.0
embracenet,51,26,fp,1,1.0
embracenet,51,27,fp,1,1.0
embracenet,51,29,fp,1,0.5555555555555555
embracenet,51,38,fp,1,1.0
embracenet,51,46,fp,1,1.0
embracenet,51,3,imu,1,0.3333333333333333
embracenet,51,7,imu,1,1.0
embracenet,51,14,imu,1,1.0
embracenet,51,16,imu,1,1.0
embracenet,51,21,imu,1,1.0
embracenet,51,25,imu,1,1.0
embracenet,51,26,imu,1,0.2222222222222222
embracenet,51,27,imu,1,1.0
embracenet,51,29,imu,1,0.5555555555555555
embracenet,51,38,imu,1,1.0
embracenet,51,46,imu,1,1.0
embracenet,51,3,imu+fp,2,0.3333333333333333
embracenet,51,7,imu+fp,2,1.0
embracenet,51,14,imu+fp,2,1.0
embracenet,51,16,imu+fp,2,1.0
embracenet,51,21,imu+fp,2,1.0
embracenet,51,25,imu+fp,2,1.0
embracenet,51,26,imu+fp,2,0.2222222222222222
embracenet,51,27,imu+fp,2,1.0
embracenet,51,29,imu+fp,2,0.2222222222222222
embracenet,51,38,imu+fp,2,1.0
embracenet,51,46,imu+fp,2,1.0
embracenet,51,3,emg,1,0.0
embracenet,51,7,emg,1,0.16666666666666666
embracenet,51,14,emg,1,0.16666666666666666
embracenet,51,16,emg,1,1.0
embracenet,51,21,emg,1,0.16666666666666666
embracenet,51,25,emg,1,0.2222222222222222
embracenet,51,26,emg,1,0.0
embracenet,51,27,emg,1,0.2222222222222222
embracenet,51,29,emg,1,0.5555555555555555
embracenet,51,38,emg,1,0.2222222222222222
embracenet,51,46,emg,1,0.5555555555555555
embracenet,51,3,emg+fp,2,0.3333333333333333
embracenet,51,7,emg+fp,2,1.0
embracenet,51,14,emg+fp,2,0.5555555555555555
embracenet,51,16,emg+fp,2,1.0
embracenet,51,21,emg+fp,2,0.16666666666666666
embracenet,51,25,emg+fp,2,1.0
embracenet,51,26,emg+fp,2,1.0
embracenet,51,27,emg+fp,2,1.0
embracenet,51,29,emg+fp,2,0.5555555555555555
embracenet,51,38,emg+fp,2,1.0
embracenet,51,46,emg+fp,2,1.0
embracenet,51,3,emg+imu,2,0.3333333333333333
embracenet,51,7,emg+imu,2,1.0
embracenet,51,14,emg+imu,2,1.0
embracenet,51,16,emg+imu,2,1.0
embracenet,51,21,emg+imu,2,1.0
embracenet,51,25,emg+imu,2,1.0
embracenet,51,26,emg+imu,2,0.2222222222222222
embracenet,51,27,emg+imu,2,1.0
embracenet,51,29,emg+imu,2,0.5555555555555555
embracenet,51,38,emg+imu,2,1.0
embracenet,51,46,emg+imu,2,1.0
embracenet,51,3,emg+imu+fp,3,0.3333333333333333
embracenet,51,7,emg+imu+fp,3,1.0
embracenet,51,14,emg+imu+fp,3,1.0
embracenet,51,16,emg+imu+fp,3,1.0
embracenet,51,21,emg+imu+fp,3,0.16666666666666666
embracenet,51,25,emg+imu+fp,3,1.0
embracenet,51,26,emg+imu+fp,3,0.2222222222222222
embracenet,51,27,emg+imu+fp,3,1.0
embracenet,51,29,emg+imu+fp,3,0.2222222222222222
embracenet,51,38,emg+imu+fp,3,1.0
embracenet,51,46,emg+imu+fp,3,1.0
embracenet,51,3,eeg,1,0.3333333333333333
embracenet,51,7,eeg,1,0.16666666666666666
embracenet,51,14,eeg,1,0.0
embracenet,51,16,eeg,1,0.5555555555555555
embracenet,51,21,eeg,1,0.5555555555555555
embracenet,51,25,eeg,1,0.5555555555555555
embracenet,51,26,eeg,1,0.16666666666666666
embracenet,51,27,eeg,1,0.16666666666666666
embracenet,51,29,eeg,1,0.16666666666666666
embracenet,51,38,eeg,1,0.16666666666666666
embracenet,51,46,eeg,1,0.5555555555555555
embracenet,51,3,eeg+fp,2,0.3333333333333333
embracenet,51,7,eeg+fp,2,1.0
embracenet,51,14,eeg+fp,2,0.5555555555555555
embracenet,51,16,eeg+fp,2,1.0
embracenet,51,21,eeg+fp,2,0.16666666666666666
embracenet,51,25,eeg+fp,2,1.0
embracenet,51,26,eeg+fp,2,1.0
embracenet,51,27,eeg+fp,2,1.0
embracenet,51,29,eeg+fp,2,0.5555555555555555
embracenet,51,38,eeg+fp,2,1.0
embracenet,51,46,eeg+fp,2,1.0
embracenet,51,3,eeg+imu,2,0.3333333333333333
embracenet,51,7,eeg+imu,2,1.0
embracenet,51,14,eeg+imu,2,1.0
embracenet,51,16,eeg+imu,2,1.0
embracenet,51,21,eeg+imu,2,1.0
embracenet,51,25,eeg+imu,2,1.0
embracenet,51,26,eeg+imu,2,0.2222222222222222
embracenet,51,27,eeg+imu,2,1.0
embracenet,51,29,eeg+imu,2,0.5555555555555555
embracenet,51,38,eeg+imu,2,1.0
embracenet,51,46,eeg+imu,2,1.0
embracenet,51,3,eeg+imu+fp,3,0.3333333333333333
embracenet,51,7,eeg+imu+fp,3,1.0
embracenet,51,14,eeg+imu+fp,3,1.0
embracenet,51,16,eeg+imu+fp,3,1.0
embracenet,51,21,eeg+imu+fp,3,1.0
embracenet,51,25,eeg+imu+fp,3,1.0
embracenet,51,26,eeg+imu+fp,3,0.2222222222222222
embracenet,51,27,eeg+imu+fp,3,1.0
embracenet,51,29,eeg+imu+fp,3,0.2222222222222222
embracenet,51,38,eeg+imu+fp,3,1.0
embracenet,51,46,eeg+imu+fp,3,1.0
embracenet,51,3,eeg+emg,2,0.3333333333333333
embracenet,51,7,eeg+emg,2,0.16666666666666666
embracenet,51,14,eeg+emg,2,0.2222222222222222
embracenet,51,16,eeg+emg,2,1.0
embracenet,51,21,eeg+emg,2,0.16666666666666666
embracenet,51,25,eeg+emg,2,1.0
embracenet,51,26,eeg+emg,2,0.0
embracenet,51,27,eeg+emg,2,0.16666666666666666
embracenet,51,29,eeg+emg,2,0.5555555555555555
embracenet,51,38,eeg+emg,2,0.2222222222222222
embracenet,51,46,eeg+emg,2,0.5555555555555555
embracenet,51,3,eeg+emg+fp,3,0.3333333333333333
embracenet,51,7,eeg+emg+fp,3,1.0
embracenet,51,14,eeg+emg+fp,3,0.5555555555555555
embracenet,51,16,eeg+emg+fp,3,1.0
embracenet,51,21,eeg+emg+fp,3,0.16666666666666666
embracenet,51,25,eeg+emg+fp,3,1.0
embracenet,51,26,eeg+emg+fp,3,1.0
embracenet,51,27,eeg+emg+fp,3,1.0
embracenet,51,29,eeg+emg+fp,3,0.5555555555555555
embracenet,51,38,eeg+emg+fp,3,1.0
embracenet,51,46,eeg+emg+fp,3,1.0
embracenet,51,3,eeg+emg+imu,3,0.3333333333333333
embracenet,51,7,eeg+emg+imu,3,1.0
embracenet,51,14,eeg+emg+imu,3,1.0
embracenet,51,16,eeg+emg+imu,3,1.0
embracenet,51,21,eeg+emg+imu,3,1.0
embracenet,51,25,eeg+emg+imu,3,1.0
embracenet,51,26,eeg+emg+imu,3,0.2222222222222222
embracenet,51,27,eeg+emg+imu,3,1.0
embracenet,51,29,eeg+emg+imu,3,0.5555555555555555
embracenet,51,38,eeg+emg+imu,3,1.0
embracenet,51,46,eeg+emg+imu,3,1.0
embracenet,51,3,eeg+emg+imu+fp,4,0.3333333333333333
embracenet,51,7,eeg+emg+imu+fp,4,1.0
embracenet,51,14,eeg+emg+imu+fp,4,1.0
embracenet,51,16,eeg+emg+imu+fp,4,1.0
embracenet,51,21,eeg+emg+imu+fp,4,0.16666666666666666
embracenet,51,25,eeg+emg+imu+fp,4,1.0
embracenet,51,26,eeg+emg+imu+fp,4,0.2222222222222222
embracenet,51,27,eeg+emg+imu+fp,4,1.0
embracenet,51,29,eeg+emg+imu+fp,4,0.5555555555555555
embracenet,51,38,eeg+emg+imu+fp,4,1.0
embracenet,51,46,eeg+emg+imu+fp,4,1.0
embracenet,52,3,fp,1,0.3333333333333333
embracenet,52,7,fp,1,0.5555555555555555
embracenet,52,14,fp,1,1.0
embracenet,52,16,fp,1,1.0
embracenet,52,21,fp,1,0.2222222222222222
embracenet,52,25,fp,1,0.5555555555555555
embracenet,52,26,fp,1,1.0
embracenet,52,27,fp,1,1.0
embracenet,52,29,fp,1,1.0
embracenet,52,38,fp,1,1.0
embracenet,52,46,fp,1,1.0
embracenet,52,3,imu,1,0.3333333333333333
embracenet,52,7,imu,1,1.0
embracenet,52,14,imu,1,1.0
embracenet,52,16,imu,1,1.0
embracenet,52,21,imu,1,1.0
embracenet,52,25,imu,1,1.0
embracenet,52,26,imu,1,0.2222222222222222
embracenet,52,27,imu,1,1.0
embracenet,52,29,imu,1,0.2222222222222222
embracenet,52,38,imu,1,1.0
embracenet,52,46,imu,1,1.0
embracenet,52,3,imu+fp,2,0.3333333333333333
embracenet,52,7,imu+fp,2,1.0
embracenet,52,14,imu+fp,2,1.0
embracenet,52,16,imu+fp,2,1.0
embracenet,52,21,imu+fp,2,1.0
embracenet,52,25,imu+fp,2,1.0
embracenet,52,26,imu+fp,2,0.2222222222222222
embracenet,52,27,imu+fp,2,1.0
embracenet,52,29,imu+fp,2,0.2222222222222222
embracenet,52,38,imu+fp,2,1.0
embracenet,52,46,imu+fp,2,1.0
embracenet,52,3,emg,1,0.3333333333333333
embracenet,52,7,emg,1,0.16666666666666666
embracenet,52,14,emg,1,0.2222222222222222
embracenet,52,16,emg,1,0.5555555555555555
embracenet,52,21,emg,1,0.16666666666666666
embracenet,52,25,emg,1,0.5555555555555555
embracenet,52,26,emg,1,0.0
embracenet,52,27,emg,1,0.16666666666666666
embracenet,52,29,emg,1,0.5555555555555555
embracenet,52,38,emg,1,1.0
embracenet,52,46,emg,1,0.5555555555555555
embracenet,52,3,emg+fp,2,0.3333333333333333
embracenet,52,7,emg+fp,2,1.0
embracenet,52,14,emg+fp,2,1.0
embracenet,52,16,emg+fp,2,1.0
embracenet,52,21,emg+fp,2,0.2222222222222222
embracenet,52,25,emg+fp,2,0.5555555555555555
embracenet,52,26,emg+fp,2,1.0
embracenet,52,27,emg+fp,2,1.0
embracenet,52,29,emg+fp,2,1.0
embracenet,52,38,emg+fp,2,1.0
embracenet,52,46,emg+fp,2,1.0
embracenet,52,3,emg+imu,2,0.3333333333333333
embracenet,52,7,emg+imu,2,1.0
embracenet,52,14,emg+imu,2,1.0
embracenet,52,16,emg+imu,2,1.0
embracenet,52,21,emg+imu,2,1.0
embracenet,52,25,emg+imu,2,1.0
embracenet,52,26,emg+imu,2,0.2222222222222222
embracenet,52,27,emg+imu,2,1.0
embracenet,52,29,emg+imu,2,0.2222222222222222
embracenet,52,38,emg+imu,2,1.0
embracenet,52,46,emg+imu,2,1.0
embracenet,52,3,emg+imu+fp,3,0.3333333333333333
embracenet,52,7,emg+imu+fp,3,1.0
embracenet,52,14,emg+imu+fp,3,1.0
embracenet,52,16,emg+imu+fp,3,1.0
embracenet,52,21,emg+imu+fp,3,1.0
embracenet,52,25,emg+imu+fp,3,1.0
embracenet,52,26,emg+imu+fp,3,0.2222222222222222
embracenet,52,27,emg+imu+fp,3,1.0
embracenet,52,29,emg+imu+fp,3,0.2222222222222222
embracenet,52,38,emg+imu+fp,3,1.0
embracenet,52,46,emg+imu+fp,3,1.0
embracenet,52,3,eeg,1,0.3333333333333333
embracenet,52,7,eeg,1,0.16666666666666666
embracenet,52,14,eeg,1,0.5555555555555555
embracenet,52,16,eeg,1,0.16666666666666666
embracenet,52,21,eeg,1,1.0
embracenet,52,25,eeg,1,0.16666666666666666
embracenet,52,26,eeg,1,0.16666666666666666
embracenet,52,27,eeg,1,0.5555555555555555
embracenet,52,29,eeg,1,0.2222222222222222
embracenet,52,38,eeg,1,0.16666666666666666
embracenet,52,46,eeg,1,1.0
embracenet,52,3,eeg+fp,2,0.3333333333333333
embracenet,52,7,eeg+fp,2,1.0
embracenet,52,14,eeg+fp,2,1.0
embracenet,52,16,eeg+fp,2,1.0
embracenet,52,21,eeg+fp,2,0.2222222222222222
embracenet,52,25,eeg+fp,2,0.5555555555555555
embracenet,52,26,eeg+fp,2,1.0
embracenet,52,27,eeg+fp,2,1.0
embracenet,52,29,eeg+fp,2,1.0
embracenet,52,38,eeg+fp,2,1.0
embracenet,52,46,eeg+fp,2,1.0
embracenet,52,3,eeg+imu,2,0.3333333333333333
embracenet,52,7,eeg+imu,2,1.0
embracenet,52,14,eeg+imu,2,1.0
embracenet,52,16,eeg+imu,2,1.0
embracenet,52,21,eeg+imu,2,1.0
embracenet,52,25,eeg+imu,2,1.0
embracenet,52,26,eeg+imu,2,0.2222222222222222
embracenet,52,27,eeg+imu,2,1.0
embracenet,52,29,eeg+imu,2,0.2222222222222222
embracenet,52,38,eeg+imu,2,1.0
embracenet,52,46,eeg+imu,2,1.0
embracenet,52,3,eeg+imu+fp,3,0.3333333333333333
embracenet,52,7,eeg+imu+fp,3,1.0
embracenet,52,14,eeg+imu+fp,3,1.0
embracenet,52,16,eeg+imu+fp,3,1.0
embracenet,52,21,eeg+imu+fp,3,1.0
embracenet,52,25,eeg+imu+fp,3,1.0
embracenet,52,26,eeg+imu+fp,3,0.2222222222222222
embracenet,52,27,eeg+imu+fp,3,1.0
embracenet,52,29,eeg+imu+fp,3,0.2222222222222222
embracenet,52,38,eeg+imu+fp,3,1.0
embracenet,52,46,eeg+imu+fp,3,1.0
embracenet,52,3,eeg+emg,2,0.3333333333333333
embracenet,52,7,eeg+emg,2,0.16666666666666666
embracenet,52,14,eeg+emg,2,0.5555555555555555
embracenet,52,16,eeg+emg,2,0.5555555555555555
embracenet,52,21,eeg+emg,2,0.16666666666666666
embracenet,52,25,eeg+emg,2,0.5555555555555555
embracenet,52,26,eeg+emg,2,0.0
embracenet,52,27,eeg+emg,2,0.16666666666666666
embracenet,52,29,eeg+emg,2,0.5555555555555555
embracenet,52,38,eeg+emg,2,1.0
embracenet,52,46,eeg+emg,2,0.5555555555555555
embracenet,52,3,eeg+emg+fp,3,0.3333333333333333
embracenet,52,7,eeg+emg+fp,3,1.0
embracenet,52,14,eeg+emg+fp,3,1.0
embracenet,52,16,eeg+emg+fp,3,1.0
embracenet,52,21,eeg+emg+fp,3,0.2222222222222222
embracenet,52,25,eeg+emg+fp,3,0.5555555555555555
embracenet,52,26,eeg+emg+fp,3,1.0
embracenet,52,27,eeg+emg+fp,3,1.0
embracenet,52,29,eeg+emg+fp,3,1.0
embracenet,52,38,eeg+emg+fp,3,1.0
embracenet,52,46,eeg+emg+fp,3,1.0
embracenet,52,3,eeg+emg+imu,3,0.3333333333333333
embracenet,52,7,eeg+emg+imu,3,1.0
embracenet,52,14,eeg+emg+imu,3,1.0
embracenet,52,16,eeg+emg+imu,3,1.0
embracenet,52,21,eeg+emg+imu,3,1.0
embracenet,52,25,eeg+emg+imu,3,1.0
embracenet,52,26,eeg+emg+imu,3,0.2222222222222222
embracenet,52,27,eeg+emg+imu,3,1.0
embracenet,52,29,eeg+emg+imu,3,0.2222222222222222
embracenet,52,38,eeg+emg+imu,3,1.0
embracenet,52,46,eeg+emg+imu,3,1.0
embracenet,52,3,eeg+emg+imu+fp,4,0.3333333333333333
embracenet,52,7,eeg+emg+imu+fp,4,1.0
embracenet,52,14,eeg+emg+imu+fp,4,1.0
embracenet,52,16,eeg+emg+imu+fp,4,1.0
embracenet,52,21,eeg+emg+imu+fp,4,1.0
embracenet,52,25,eeg+emg+imu+fp,4,1.0
embracenet,52,26,eeg+emg+imu+fp,4,0.2222222222222222
embracenet,52,27,eeg+emg+imu+fp,4,1.0
embracenet,52,29,eeg+emg+imu+fp,4,0.2222222222222222
embracenet,52,38,eeg+emg+imu+fp,4,1.0
embracenet,52,46,eeg+emg+imu+fp,4,1.0
embracenet,53,3,fp,1,0.3333333333333333
embracenet,53,7,fp,1,1.0
embracenet,53,14,fp,1,0.5555555555555555
embracenet,53,16,fp,1,1.0
embracenet,53,21,fp,1,0.2222222222222222
embracenet,53,25,fp,1,1.0
embracenet,53,26,fp,1,1.0
embracenet,53,27,fp,1,1.0
embracenet,53,29,fp,1,0.5555555555555555
embracenet,53,38,fp,1,1.0
embracenet,53,46,fp,1,1.0
embracenet,53,3,imu,1,0.3333333333333333
embracenet,53,7,imu,1,1.0
embracenet,53,14,imu,1,1.0
embracenet,53,16,imu,1,1.0
embracenet,53,21,imu,1,1.0
embracenet,53,25,imu,1,1.0
embracenet,53,26,imu,1,0.5555555555555555
embracenet,53,27,imu,1,1.0
embracenet,53,29,imu,1,0.5555555555555555
embracenet,53,38,imu,1,1.0
embracenet,53,46,imu,1,1.0
embracenet,53,3,imu+fp,2,0.3333333333333333
embracenet,53,7,imu+fp,2,1.0
embracenet,53,14,imu+fp,2,1.0
embracenet,53,16,imu+fp,2,1.0
embracenet,53,21,imu+fp,2,1.0
embracenet,53,25,imu+fp,2,1.0
embracenet,53,26,imu+fp,2,0.5555555555555555
embracenet,53,27,imu+fp,2,1.0
embracenet,53,29,imu+fp,2,0.5555555555555555
embracenet,53,38,imu+fp,2,1.0
embracenet,53,46,imu+fp,2,1.0
embracenet,53,3,emg,1,0.0
embracenet,53,7,emg,1,0.16666666666666666
embracenet,53,14,emg,1,0.2222222222222222
embracenet,53,16,emg,1,0.5555555555555555
embracenet,53,21,emg,1,0.2222222222222222
embracenet,53,25,emg,1,1.0
embracenet,53,26,emg,1,0.16666666666666666
embracenet,53,27,emg,1,0.16666666666666666
embracenet,53,29,emg,1,0.5555555555555555
embracenet,53,38,emg,1,0.5555555555555555
embracenet,53,46,emg,1,1.0
embracenet,53,3,emg+fp,2,0.3333333333333333
embracenet,53,7,emg+fp,2,1.0
embracenet,53,14,emg+fp,2,0.5555555555555555
embracenet,53,16,emg+fp,2,1.0
embracenet,53,21,emg+fp,2,0.2222222222222222
embracenet,53,25,emg+fp,2,1.0
embracenet,53,26,emg+fp,2,1.0
embracenet,53,27,emg+fp,2,1.0
embracenet,53,29,emg+fp,2,0.5555555555555555
embracenet,53,38,emg+fp,2,1.0
embracenet,53,46,emg+fp,2,1.0
embracenet,53,3,emg+imu,2,0.3333333333333333
embracenet,53,7,emg+imu,2,1.0
embracenet,53,14,emg+imu,2,1.0
embracenet,53,16,emg+imu,2,1.0
embracenet,53,21,emg+imu,2,1.0
embracenet,53,25,emg+imu,2,1.0
embracenet,53,26,emg+imu,2,0.5555555555555555
embracenet,53,27,emg+imu,2,1.0
embracenet,53,29,emg+imu,2,0.5555555555555555
embracenet,53,38,emg+imu,2,1.0
embracenet,53,46,emg+imu,2,1.0
embracenet,53,3,emg+imu+fp,3,0.3333333333333333
embracenet,53,7,emg+imu+fp,3,1.0
embracenet,53,14,emg+imu+fp,3,1.0
embracenet,53,16,emg+imu+fp,3,1.0
embracenet,53,21,emg+imu+fp,3,1.0
embracenet,53,25,emg+imu+fp,3,1.0
embracenet,53,26,emg+imu+fp,3,0.5555555555555555
embracenet,53,27,emg+imu+fp,3,1.0
embracenet,53,29,emg+imu+fp,3,0.5555555555555555
embracenet,53,38,emg+imu+fp,3,1.0
embracenet,53,46,emg+imu+fp,3,1.0
embracenet,53,3,eeg,1,0.3333333333333333
embracenet,53,7,eeg,1,0.5555555555555555
embracenet,53,14,eeg,1,0.16666666666666666
embracenet,53,16,eeg,1,0.2222222222222222
embracenet,53,21,eeg,1,0.2222222222222222
embracenet,53,25,eeg,1,0.2222222222222222
embracenet,53,26,eeg,1,0.16666666666666666
embracenet,53,27,eeg,1,0.5555555555555555
embracenet,53,29,eeg,1,0.5555555555555555
embracenet,53,38,eeg,1,0.16666666666666666
embracenet,53,46,eeg,1,0.5555555555555555
embracenet,53,3,eeg+fp,2,0.3333333333333333
embracenet,53,7,eeg+fp,2,1.0
embracenet,53,14,eeg+fp,2,0.5555555555555555
embracenet,53,16,eeg+fp,2,1.0
embracenet,53,21,eeg+fp,2,0.2222222222222222
embracenet,53,25,eeg+fp,2,1.0
embracenet,53,26,eeg+fp,2,1.0
embracenet,53,27,eeg+fp,2,1.0
embracenet,53,29,eeg+fp,2,0.2222222222222222
embracenet,53,38,eeg+fp,2,1.0
embracenet,53,46,eeg+fp,2,1.0
embracenet,53,3,eeg+imu,2,0.3333333333333333
embracenet,53,7,eeg+imu,2,1.0
embracenet,53,14,eeg+imu,2,1.0
embracenet,53,16,eeg+imu,2,1.0
embracenet,53,21,eeg+imu,2,1.0
embracenet,53,25,eeg+imu,2,1.0
embracenet,53,26,eeg+imu,2,0.5555555555555555
embracenet,53,27,eeg+imu,2,1.0
embracenet,53,29,eeg+imu,2,0.5555555555555555
embracenet,53,38,eeg+imu,2,1.0
embracenet,53,46,eeg+imu,2,1.0
embracenet,53,3,eeg+imu+fp,3,0.3333333333333333
embracenet,53,7,eeg+imu+fp,3,1.0
embracenet,53,14,eeg+imu+fp,3,1.0
embracenet,53,16,eeg+imu+fp,3,1.0
embracenet,53,21,eeg+imu+fp,3,1.0
embracenet,53,25,eeg+imu+fp,3,1.0
embracenet,53,26,eeg+imu+fp,3,0.5555555555555555
embracenet,53,27,eeg+imu+fp,3,1.0
embracenet,53,29,eeg+imu+fp,3,0.5555555555555555
embracenet,53,38,eeg+imu+fp,3,1.0
embracenet,53,46,eeg+imu+fp,3,1.0
embracenet,53,3,eeg+emg,2,0.3333333333333333
embracenet,53,7,eeg+emg,2,0.16666666666666666
embracenet,53,14,eeg+emg,2,0.2222222222222222
embracenet,53,16,eeg+emg,2,0.5555555555555555
embracenet,53,21,eeg+emg,2,0.2222222222222222
embracenet,53,25,eeg+emg,2,0.5555555555555555
embracenet,53,26,eeg+emg,2,0.16666666666666666
embracenet,53,27,eeg+emg,2,0.16666666666666666
embracenet,53,29,eeg+emg,2,0.5555555555555555
embracenet,53,38,eeg+emg,2,0.5555555555555555
embracenet,53,46,eeg+emg,2,1.0
embracenet,53,3,eeg+emg+fp,3,0.3333333333333333
embracenet,53,7,eeg+emg+fp,3,1.0
embracenet,53,14,eeg+emg+fp,3,0.5555555555555555
embracenet,53,16,eeg+emg+fp,3,1.0
embracenet,53,21,eeg+emg+fp,3,0.2222222222222222
embracenet,53,25,eeg+emg+fp,3,1.0
embracenet,53,26,eeg+emg+fp,3,1.0
embracenet,53,27,eeg+emg+fp,3,1.0
embracenet,53,29,eeg+emg+fp,3,0.5555555555555555
embracenet,53,38,eeg+emg+fp,3,1.0
embracenet,53,46,eeg+emg+fp,3,1.0
embracenet,53,3,eeg+emg+imu,3,0.3333333333333333
embracenet,53,7,eeg+emg+imu,3,1.0
embracenet,53,14,eeg+emg+imu,3,1.0
embracenet,53,16,eeg+emg+imu,3,1.0
embracenet,53,21,eeg+emg+imu,3,1.0
embracenet,53,25,eeg+emg+imu,3,1.0
embracenet,53,26,eeg+emg+imu,3,0.5555555555555555
embracenet,53,27,eeg+emg+imu,3,1.0
embracenet,53,29,eeg+emg+imu,3,0.5555555555555555
embracenet,53,38,eeg+emg+imu,3,1.0
embracenet,53,46,eeg+emg+imu,3,1.0
embracenet,53,3,eeg+emg+imu+fp,4,0.3333333333333333
embracenet,53,7,eeg+emg+imu+fp,4,1.0
embracenet,53,14,eeg+emg+imu+fp,4,1.0
embracenet,53,16,eeg+emg+imu+fp,4,1.0
embracenet,53,21,eeg+emg+imu+fp,4,1.0
embracenet,53,25,eeg+emg+imu+fp,4,1.0
embracenet,53,26,eeg+emg+imu+fp,4,0.5555555555555555
embracenet,53,27,eeg+emg+imu+fp,4,1.0
embracenet,53,29,eeg+emg+imu+fp,4,0.5555555555555555
embracenet,53,38,eeg+emg+imu+fp,4,1.0
embracenet,53,46,eeg+emg+imu+fp,4,1.0
embracenet,51,4,fp,1,1.0
embracenet,51,5,fp,1,0.5555555555555555
embracenet,51,6,fp,1,0.2222222222222222
embracenet,51,9,fp,1,1.0
embracenet,51,17,fp,1,0.5555555555555555
embracenet,51,18,fp,1,0.2222222222222222
embracenet,51,32,fp,1,0.6666666666666666
embracenet,51,33,fp,1,1.0
embracenet,51,35,fp,1,1.0
embracenet,51,44,fp,1,1.0
embracenet,51,53,fp,1,1.0
embracenet,51,4,imu,1,1.0
embracenet,51,5,imu,1,1.0
embracenet,51,6,imu,1,1.0
embracenet,51,9,imu,1,1.0
embracenet,51,17,imu,1,1.0
embracenet,51,18,imu,1,1.0
embracenet,51,32,imu,1,0.6666666666666666
embracenet,51,33,imu,1,1.0
embracenet,51,35,imu,1,1.0
embracenet,51,44,imu,1,1.0
embracenet,51,53,imu,1,1.0
embracenet,51,4,imu+fp,2,1.0
embracenet,51,5,imu+fp,2,1.0
embracenet,51,6,imu+fp,2,1.0
embracenet,51,9,imu+fp,2,1.0
embracenet,51,17,imu+fp,2,1.0
embracenet,51,18,imu+fp,2,1.0
embracenet,51,32,imu+fp,2,0.6666666666666666
embracenet,51,33,imu+fp,2,1.0
embracenet,51,35,imu+fp,2,1.0
embracenet,51,44,imu+fp,2,1.0
embracenet,51,53,imu+fp,2,1.0
embracenet,51,4,emg,1,0.5555555555555555
embracenet,51,5,emg,1,1.0
embracenet,51,6,emg,1,0.2222222222222222
embracenet,51,9,emg,1,1.0
embracenet,51,17,emg,1,0.5555555555555555
embracenet,51,18,emg,1,1.0
embracenet,51,32,emg,1,0.2222222222222222
embracenet,51,33,emg,1,0.16666666666666666
embracenet,51,35,emg,1,1.0
embracenet,51,44,emg,1,1.0
embracenet,51,53,emg,1,0.2222222222222222
embracenet,51,4,emg+fp,2,1.0
embracenet,51,5,emg+fp,2,0.5555555555555555
embracenet,51,6,emg+fp,2,0.5555555555555555
embracenet,51,9,emg+fp,2,1.0
embracenet,51,17,emg+fp,2,1.0
embracenet,51,18,emg+fp,2,0.5555555555555555
embracenet,51,32,emg+fp,2,0.6666666666666666
embracenet,51,33,emg+fp,2,1.0
embracenet,51,35,emg+fp,2,1.0
embracenet,51,44,emg+fp,2,1.0
embracenet,51,53,emg+fp,2,1.0
embracenet,51,4,emg+imu,2,1.0
embracenet,51,5,emg+imu,2,1.0
embracenet,51,6,emg+imu,2,1.0
embracenet,51,9,emg+imu,2,1.0
embracenet,51,17,emg+imu,2,1.0
embracenet,51,18,emg+imu,2,1.0
embracenet,51,32,emg+imu,2,0.6666666666666666
embracenet,51,33,emg+imu,2,1.0
embracenet,51,35,emg+imu,2,1.0
embracenet,51,44,emg+imu,2,1.0
embracenet,51,53,emg+imu,2,1.0
embracenet,51,4,emg+imu+fp,3,1.0
embracenet,51,5,emg+imu+fp,3,1.0
embracenet,51,6,emg+imu+fp,3,1.0
embracenet,51,9,emg+imu+fp,3,1.0
embracenet,51,17,emg+imu+fp,3,1.0
embracenet,51,18,emg+imu+fp,3,1.0
embracenet,51,32,emg+imu+fp,3,0.6666666666666666
embracenet,51,33,emg+imu+fp,3,1.0
embracenet,51,35,emg+imu+fp,3,1.0
embracenet,51,44,emg+imu+fp,3,1.0
embracenet,51,53,emg+imu+fp,3,1.0
embracenet,51,4,eeg,1,0.5555555555555555
embracenet,51,5,eeg,1,0.2222222222222222
embracenet,51,6,eeg,1,0.2222222222222222
embracenet,51,9,eeg,1,0.16666666666666666
embracenet,51,17,eeg,1,0.16666666666666666
embracenet,51,18,eeg,1,0.2222222222222222
embracenet,51,32,eeg,1,0.2222222222222222
embracenet,51,33,eeg,1,0.2222222222222222
embracenet,51,35,eeg,1,0.5555555555555555
embracenet,51,44,eeg,1,0.16666666666666666
embracenet,51,53,eeg,1,0.16666666666666666
embracenet,51,4,eeg+fp,2,1.0
embracenet,51,5,eeg+fp,2,0.5555555555555555
embracenet,51,6,eeg+fp,2,0.5555555555555555
embracenet,51,9,eeg+fp,2,1.0
embracenet,51,17,eeg+fp,2,1.0
embracenet,51,18,eeg+fp,2,0.2222222222222222
embracenet,51,32,eeg+fp,2,0.6666666666666666
embracenet,51,33,eeg+fp,2,1.0
embracenet,51,35,eeg+fp,2,1.0
embracenet,51,44,eeg+fp,2,1.0
embracenet,51,53,eeg+fp,2,1.0
embracenet,51,4,eeg+imu,2,1.0
embracenet,51,5,eeg+imu,2,1.0
embracenet,51,6,eeg+imu,2,1.0
embracenet,51,9,eeg+imu,2,1.0
embracenet,51,17,eeg+imu,2,1.0
embracenet,51,18,eeg+imu,2,1.0
embracenet,51,32,eeg+imu,2,0.6666666666666666
embracenet,51,33,eeg+imu,2,1.0
embracenet,51,35,eeg+imu,2,1.0
embracenet,51,44,eeg+imu,2,1.0
embracenet,51,53,eeg+imu,2,1.0
embracenet,51,4,eeg+imu+fp,3,1.0
embracenet,51,5,eeg+imu+fp,3,1.0
embracenet,51,6,eeg+imu+fp,3,1.0
embracenet,51,9,eeg+imu+fp,3,1.0
embracenet,51,17,eeg+imu+fp,3,1.0
embracenet,51,18,eeg+imu+fp,3,1.0
embracenet,51,32,eeg+imu+fp,3,0.6666666666666666
embracenet,51,33,eeg+imu+fp,3,1.0
embracenet,51,35,eeg+imu+fp,3,1.0
embracenet,51,44,eeg+imu+fp,3,1.0
embracenet,51,53,eeg+imu+fp,3,1.0
embracenet,51,4,eeg+emg,2,0.5555555555555555
embracenet,51,5,eeg+emg,2,1.0
embracenet,51,6,eeg+emg,2,0.2222222222222222
embracenet,51,9,eeg+emg,2,1.0
embracenet,51,17,eeg+emg,2,0.5555555555555555
embracenet,51,18,eeg+emg,2,1.0
embracenet,51,32,eeg+emg,2,0.6666666666666666
embracenet,51,33,eeg+emg,2,0.2222222222222222
embracenet,51,35,eeg+emg,2,1.0
embracenet,51,44,eeg+emg,2,1.0
embracenet,51,53,eeg+emg,2,0.2222222222222222
embracenet,51,4,eeg+emg+fp,3,1.0
embracenet,51,5,eeg+emg+fp,3,0.5555555555555555
embracenet,51,6,eeg+emg+fp,3,0.5555555555555555
embracenet,51,9,eeg+emg+fp,3,1.0
embracenet,51,17,eeg+emg+fp,3,1.0
embracenet,51,18,eeg+emg+fp,3,0.2222222222222222
embracenet,51,32,eeg+emg+fp,3,0.6666666666666666
embracenet,51,33,eeg+emg+fp,3,1.0
embracenet,51,35,eeg+emg+fp,3,1.0
embracenet,51,44,eeg+emg+fp,3,1.0
embracenet,51,53,eeg+emg+fp,3,1.0
embracenet,51,4,eeg+emg+imu,3,1.0
embracenet,51,5,eeg+emg+imu,3,1.0
embracenet,51,6,eeg+emg+imu,3,1.0
embracenet,51,9,eeg+emg+imu,3,1.0
embracenet,51,17,eeg+emg+imu,3,1.0
embracenet,51,18,eeg+emg+imu,3,1.0
embracenet,51,32,eeg+emg+imu,3,0.6666666666666666
embracenet,51,33,eeg+emg+imu,3,1.0
embracenet,51,35,eeg+emg+imu,3,1.0
embracenet,51,44,eeg+emg+imu,3,1.0
embracenet,51,53,eeg+emg+imu,3,1.0
embracenet,51,4,eeg+emg+imu+fp,4,1.0
embracenet,51,5,eeg+emg+imu+fp,4,1.0
embracenet,51,6,eeg+emg+imu+fp,4,1.0
embracenet,51,9,eeg+emg+imu+fp,4,1.0
embracenet,51,17,eeg+emg+imu+fp,4,1.0
embracenet,51,18,eeg+emg+imu+fp,4,1.0
embracenet,51,32,eeg+emg+imu+fp,4,0.6666666666666666
embracenet,51,33,eeg+emg+imu+fp,4,1.0
embracenet,51,35,eeg+emg+imu+fp,4,1.0
embracenet,51,44,eeg+emg+imu+fp,4,1.0
embracenet,51,53,eeg+emg+imu+fp,4,1.0
embracenet,52,4,fp,1,1.0
embracenet,52,5,fp,1,0.16666666666666666
embracenet,52,6,fp,1,1.0
embracenet,52,9,fp,1,1.0
embracenet,52,17,fp,1,0.2222222222222222
embracenet,52,18,fp,1,0.2222222222222222
embracenet,52,32,fp,1,0.6666666666666666
embracenet,52,33,fp,1,0.5555555555555555
embracenet,52,35,fp,1,1.0
embracenet,52,44,fp,1,1.0
embracenet,52,53,fp,1,1.0
embracenet,52,4,imu,1,1.0
embracenet,52,5,imu,1,1.0
embracenet,52,6,imu,1,1.0
embracenet,52,9,imu,1,1.0
embracenet,52,17,imu,1,1.0
embracenet,52,18,imu,1,1.0
embracenet,52,32,imu,1,0.6666666666666666
embracenet,52,33,imu,1,1.0
embracenet,52,35,imu,1,1.0
embracenet,52,44,imu,1,1.0
embracenet,52,53,imu,1,1.0
embracenet,52,4,imu+fp,2,1.0
embracenet,52,5,imu+fp,2,1.0
embracenet,52,6,imu+fp,2,1.0
embracenet,52,9,imu+fp,2,1.0
embracenet,52,17,imu+fp,2,1.0
embracenet,52,18,imu+fp,2,0.5555555555555555
embracenet,52,32,imu+fp,2,0.6666666666666666
embracenet,52,33,imu+fp,2,1.0
embracenet,52,35,imu+fp,2,1.0
embracenet,52,44,imu+fp,2,1.0
embracenet,52,53,imu+fp,2,1.0
embracenet,52,4,emg,1,0.5555555555555555
embracenet,52,5,emg,1,1.0
embracenet,52,6,emg,1,0.5555555555555555
embracenet,52,9,emg,1,1.0
embracenet,52,17,emg,1,0.5555555555555555
embracenet,52,18,emg,1,0.5555555555555555
embracenet,52,32,emg,1,0.2222222222222222
embracenet,52,33,emg,1,0.2222222222222222
embracenet,52,35,emg,1,1.0
embracenet,52,44,emg,1,0.5555555555555555
embracenet,52,53,emg,1,0.5555555555555555
embracenet,52,4,emg+fp,2,1.0
embracenet,52,5,emg+fp,2,0.2222222222222222
embracenet,52,6,emg+fp,2,1.0
embracenet,52,9,emg+fp,2,1.0
embracenet,52,17,emg+fp,2,0.5555555555555555
embracenet,52,18,emg+fp,2,0.2222222222222222
embracenet,52,32,emg+fp,2,0.6666666666666666
embracenet,52,33,emg+fp,2,1.0
embracenet,52,35,emg+fp,2,1.0
embracenet,52,44,emg+fp,2,1.0
embracenet,52,53,emg+fp,2,1.0
embracenet,52,4,emg+imu,2,1.0
embracenet,52,5,emg+imu,2,1.0
embracenet,52,6,emg+imu,2,1.0
embracenet,52,9,emg+imu,2,1.0
embracenet,52,17,emg+imu,2,1.0
embracenet,52,18,emg+imu,2,1.0
embracenet,52,32,emg+imu,2,0.6666666666666666
embracenet,52,33,emg+imu,2,1.0
embracenet,52,35,emg+imu,2,1.0
embracenet,52,44,emg+imu,2,1.0
embracenet,52,53,emg+imu,2,1.0
embracenet,52,4,emg+imu+fp,3,1.0
embracenet,52,5,emg+imu+fp,3,1.0
embracenet,52,6,emg+imu+fp,3,1.0
embracenet,52,9,emg+imu+fp,3,1.0
embracenet,52,17,emg+imu+fp,3,1.0
embracenet,52,18,emg+imu+fp,3,0.5555555555555555
embracenet,52,32,emg+imu+fp,3,0.6666666666666666
embracenet,52,33,emg+imu+fp,3,1.0
embracenet,52,35,emg+imu+fp,3,1.0
embracenet,52,44,emg+imu+fp,3,1.0
embracenet,52,53,emg+imu+fp,3,1.0
embracenet,52,4,eeg,1,0.5555555555555555
embracenet,52,5,eeg,1,0.16666666666666666
embracenet,52,6,eeg,1,0.0
embracenet,52,9,eeg,1,0.5555555555555555
embracenet,52,17,eeg,1,0.0
embracenet,52,18,eeg,1,0.16666666666666666
embracenet,52,32,eeg,1,0.2222222222222222
embracenet,52,33,eeg,1,0.16666666666666666
embracenet,52,35,eeg,1,0.16666666666666666
embracenet,52,44,eeg,1,0.16666666666666666
embracenet,52,53,eeg,1,0.16666666666666666
embracenet,52,4,eeg+fp,2,1.0
embracenet,52,5,eeg+fp,2,0.16666666666666666
embracenet,52,6,eeg+fp,2,1.0
embracenet,52,9,eeg+fp,2,1.0
embracenet,52,17,eeg+fp,2,0.2222222222222222
embracenet,52,18,eeg+fp,2,0.2222222222222222
embracenet,52,32,eeg+fp,2,0.6666666666666666
embracenet,52,33,eeg+fp,2,0.5555555555555555
embracenet,52,35,eeg+fp,2,1.0
embracenet,52,44,eeg+fp,2,1.0
embracenet,52,53,eeg+fp,2,1.0
embracenet,52,4,eeg+imu,2,1.0
embracenet,52,5,eeg+imu,2,1.0
embracenet,52,6,eeg+imu,2,1.0
embracenet,52,9,eeg+imu,2,1.0
embracenet,52,17,eeg+imu,2,1.0
embracenet,52,18,eeg+imu,2,1.0
embracenet,52,32,eeg+imu,2,0.6666666666666666
embracenet,52,33,eeg+imu,2,1.0
embracenet,52,35,eeg+imu,2,1.0
embracenet,52,44,eeg+imu,2,1.0
embracenet,52,53,eeg+imu,2,1.0
embracenet,52,4,eeg+imu+fp,3,1.0
embracenet,52,5,eeg+imu+fp,3,1.0
embracenet,52,6,eeg+imu+fp,3,1.0
embracenet,52,9,eeg+imu+fp,3,1.0
embracenet,52,17,eeg+imu+fp,3,1.0
embracenet,52,18,eeg+imu+fp,3,0.5555555555555555
embracenet,52,32,eeg+imu+fp,3,0.6666666666666666
embracenet,52,33,eeg+imu+fp,3,1.0
embracenet,52,35,eeg+imu+fp,3,1.0
embracenet,52,44,eeg+imu+fp,3,1.0
embracenet,52,53,eeg+imu+fp,3,1.0
embracenet,52,4,eeg+emg,2,0.5555555555555555
embracenet,52,5,eeg+emg,2,0.5555555555555555
embracenet,52,6,eeg+emg,2,0.5555555555555555
embracenet,52,9,eeg+emg,2,1.0
embracenet,52,17,eeg+emg,2,0.16666666666666666
embracenet,52,18,eeg+emg,2,0.2222222222222222
embracenet,52,32,eeg+emg,2,0.6666666666666666
embracenet,52,33,eeg+emg,2,0.2222222222222222
embracenet,52,35,eeg+emg,2,1.0
embracenet,52,44,eeg+emg,2,0.2222222222222222
embracenet,52,53,eeg+emg,2,0.2222222222222222
embracenet,52,4,eeg+emg+fp,3,1.0
embracenet,52,5,eeg+emg+fp,3,0.5555555555555555
embracenet,52,6,eeg+emg+fp,3,1.0
embracenet,52,9,eeg+emg+fp,3,1.0
embracenet,52,17,eeg+emg+fp,3,0.2222222222222222
embracenet,52,18,eeg+emg+fp,3,0.2222222222222222
embracenet,52,32,eeg+emg+fp,3,0.6666666666666666
embracenet,52,33,eeg+emg+fp,3,1.0
embracenet,52,35,eeg+emg+fp,3,1.0
embracenet,52,44,eeg+emg+fp,3,1.0
embracenet,52,53,eeg+emg+fp,3,1.0
embracenet,52,4,eeg+emg+imu,3,1.0
embracenet,52,5,eeg+emg+imu,3,1.0
embracenet,52,6,eeg+emg+imu,3,1.0
embracenet,52,9,eeg+emg+imu,3,1.0
embracenet,52,17,eeg+emg+imu,3,1.0
embracenet,52,18,eeg+emg+imu,3,1.0
embracenet,52,32,eeg+emg+imu,3,0.6666666666666666
embracenet,52,33,eeg+emg+imu,3,1.0
embracenet,52,35,eeg+emg+imu,3,1.0
embracenet,52,44,eeg+emg+imu,3,1.0
embracenet,52,53,eeg+emg+imu,3,1.0
embracenet,52,4,eeg+emg+imu+fp,4,1.0
embracenet,52,5,eeg+emg+imu+fp,4,1.0
embracenet,52,6,eeg+emg+imu+fp,4,1.0
embracenet,52,9,eeg+emg+imu+fp,4,1.0
embracenet,52,17,eeg+emg+imu+fp,4,1.0
embracenet,52,18,eeg+emg+imu+fp,4,0.5555555555555555
embracenet,52,32,eeg+emg+imu+fp,4,0.6666666666666666
embracenet,52,33,eeg+emg+imu+fp,4,1.0
embracenet,52,35,eeg+emg+imu+fp,4,1.0
embracenet,52,44,eeg+emg+imu+fp,4,1.0
embracenet,52,53,eeg+emg+imu+fp,4,1.0
embracenet,53,4,fp,1,1.0
embracenet,53,5,fp,1,0.16666666666666666
embracenet,53,6,fp,1,0.5555555555555555
embracenet,53,9,fp,1,1.0
embracenet,53,17,fp,1,0.5555555555555555
embracenet,53,18,fp,1,0.5555555555555555
embracenet,53,32,fp,1,0.6666666666666666
embracenet,53,33,fp,1,1.0
embracenet,53,35,fp,1,1.0
embracenet,53,44,fp,1,1.0
embracenet,53,53,fp,1,1.0
embracenet,53,4,imu,1,1.0
embracenet,53,5,imu,1,1.0
embracenet,53,6,imu,1,0.5555555555555555
embracenet,53,9,imu,1,1.0
embracenet,53,17,imu,1,1.0
embracenet,53,18,imu,1,1.0
embracenet,53,32,imu,1,0.6666666666666666
embracenet,53,33,imu,1,1.0
embracenet,53,35,imu,1,0.5555555555555555
embracenet,53,44,imu,1,1.0
embracenet,53,53,imu,1,1.0
embracenet,53,4,imu+fp,2,1.0
embracenet,53,5,imu+fp,2,0.5555555555555555
embracenet,53,6,imu+fp,2,0.5555555555555555
embracenet,53,9,imu+fp,2,1.0
embracenet,53,17,imu+fp,2,1.0
embracenet,53,18,imu+fp,2,1.0
embracenet,53,32,imu+fp,2,0.6666666666666666
embracenet,53,33,imu+fp,2,1.0
embracenet,53,35,imu+fp,2,1.0
embracenet,53,44,imu+fp,2,1.0
embracenet,53,53,imu+fp,2,1.0
embracenet,53,4,emg,1,0.5555555555555555
embracenet,53,5,emg,1,1.0
embracenet,53,6,emg,1,1.0
embracenet,53,9,emg,1,1.0
embracenet,53,17,emg,1,0.2222222222222222
embracenet,53,18,emg,1,0.5555555555555555
embracenet,53,32,emg,1,0.6666666666666666
embracenet,53,33,emg,1,0.16666666666666666
embracenet,53,35,emg,1,0.5555555555555555
embracenet,53,44,emg,1,1.0
embracenet,53,53,emg,1,0.2222222222222222
embracenet,53,4,emg+fp,2,1.0
embracenet,53,5,emg+fp,2,0.16666666666666666
embracenet,53,6,emg+fp,2,0.5555555555555555
embracenet,53,9,emg+fp,2,1.0
embracenet,53,17,emg+fp,2,1.0
embracenet,53,18,emg+fp,2,0.5555555555555555
embracenet,53,32,emg+fp,2,0.6666666666666666
embracenet,53,33,emg+fp,2,1.0
embracenet,53,35,emg+fp,2,1.0
embracenet,53,44,emg+fp,2,1.0
embracenet,53,53,emg+fp,2,1.0
embracenet,53,4,emg+imu,2,1.0
embracenet,53,5,emg+imu,2,1.0
embracenet,53,6,emg+imu,2,0.5555555555555555
embracenet,53,9,emg+imu,2,1.0
embracenet,53,17,emg+imu,2,1.0
embracenet,53,18,emg+imu,2,1.0
embracenet,53,32,emg+imu,2,0.6666666666666666
embracenet,53,33,emg+imu,2,1.0
embracenet,53,35,emg+imu,2,0.5555555555555555
embracenet,53,44,emg+imu,2,1.0
embracenet,53,53,emg+imu,2,1.0
embracenet,53,4,emg+imu+fp,3,1.0
embracenet,53,5,emg+imu+fp,3,0.5555555555555555
embracenet,53,6,emg+imu+fp,3,1.0
embracenet,53,9,emg+imu+fp,3,1.0
embracenet,53,17,emg+imu+fp,3,1.0
embracenet,53,18,emg+imu+fp,3,1.0
embracenet,53,32,emg+imu+fp,3,0.6666666666666666
embracenet,53,33,emg+imu+fp,3,1.0
embracenet,53,35,emg+imu+fp,3,1.0
embracenet,53,44,emg+imu+fp,3,1.0
embracenet,53,53,emg+imu+fp,3,1.0
embracenet,53,4,eeg,1,1.0
embracenet,53,5,eeg,1,0.16666666666666666
embracenet,53,6,eeg,1,0.2222222222222222
embracenet,53,9,eeg,1,0.5555555555555555
embracenet,53,17,eeg,1,0.0
embracenet,53,18,eeg,1,0.2222222222222222
embracenet,53,32,eeg,1,0.2222222222222222
embracenet,53,33,eeg,1,0.16666666666666666
embracenet,53,35,eeg,1,0.16666666666666666
embracenet,53,44,eeg,1,0.16666666666666666
embracenet,53,53,eeg,1,0.16666666666666666
embracenet,53,4,eeg+fp,2,1.0
embracenet,53,5,eeg+fp,2,0.16666666666666666
embracenet,53,6,eeg+fp,2,0.5555555555555555
embracenet,53,9,eeg+fp,2,1.0
embracenet,53,17,eeg+fp,2,0.5555555555555555
embracenet,53,18,eeg+fp,2,0.5555555555555555
embracenet,53,32,eeg+fp,2,0.6666666666666666
embracenet,53,33,eeg+fp,2,1.0
embracenet,53,35,eeg+fp,2,1.0
embracenet,53,44,eeg+fp,2,1.0
embracenet,53,53,eeg+fp,2,1.0
embracenet,53,4,eeg+imu,2,1.0
embracenet,53,5,eeg+imu,2,1.0
embracenet,53,6,eeg+imu,2,0.5555555555555555
embracenet,53,9,eeg+imu,2,1.0
embracenet,53,17,eeg+imu,2,1.0
embracenet,53,18,eeg+imu,2,1.0
embracenet,53,32,eeg+imu,2,0.6666666666666666
embracenet,53,33,eeg+imu,2,1.0
embracenet,53,35,eeg+imu,2,0.5555555555555555
embracenet,53,44,eeg+imu,2,1.0
embracenet,53,53,eeg+imu,2,1.0
embracenet,53,4,eeg+imu+fp,3,1.0
embracenet,53,5,eeg+imu+fp,3,0.5555555555555555
embracenet,53,6,eeg+imu+fp,3,0.5555555555555555
embracenet,53,9,eeg+imu+fp,3,1.0
embracenet,53,17,eeg+imu+fp,3,1.0
embracenet,53,18,eeg+imu+fp,3,1.0
embracenet,53,32,eeg+imu+fp,3,0.6666666666666666
embracenet,53,33,eeg+imu+fp,3,1.0
embracenet,53,35,eeg+imu+fp,3,1.0
embracenet,53,44,eeg+imu+fp,3,1.0
embracenet,53,53,eeg+imu+fp,3,1.0
embracenet,53,4,eeg+emg,2,1.0
embracenet,53,5,eeg+emg,2,1.0
embracenet,53,6,eeg+emg,2,1.0
embracenet,53,9,eeg+emg,2,1.0
embracenet,53,17,eeg+emg,2,0.5555555555555555
embracenet,53,18,eeg+emg,2,0.2222222222222222
embracenet,53,32,eeg+emg,2,0.6666666666666666
embracenet,53,33,eeg+emg,2,0.2222222222222222
embracenet,53,35,eeg+emg,2,0.5555555555555555
embracenet,53,44,eeg+emg,2,1.0
embracenet,53,53,eeg+emg,2,0.2222222222222222
embracenet,53,4,eeg+emg+fp,3,1.0
embracenet,53,5,eeg+emg+fp,3,0.16666666666666666
embracenet,53,6,eeg+emg+fp,3,0.5555555555555555
embracenet,53,9,eeg+emg+fp,3,1.0
embracenet,53,17,eeg+emg+fp,3,0.5555555555555555
embracenet,53,18,eeg+emg+fp,3,0.5555555555555555
embracenet,53,32,eeg+emg+fp,3,0.6666666666666666
embracenet,53,33,eeg+emg+fp,3,1.0
embracenet,53,35,eeg+emg+fp,3,1.0
embracenet,53,44,eeg+emg+fp,3,1.0
embracenet,53,53,eeg+emg+fp,3,1.0
embracenet,53,4,eeg+emg+imu,3,1.0
embracenet,53,5,eeg+emg+imu,3,1.0
embracenet,53,6,eeg+emg+imu,3,0.5555555555555555
embracenet,53,9,eeg+emg+imu,3,1.0
embracenet,53,17,eeg+emg+imu,3,1.0
embracenet,53,18,eeg+emg+imu,3,1.0
embracenet,53,32,eeg+emg+imu,3,0.6666666666666666
embracenet,53,33,eeg+emg+imu,3,1.0
embracenet,53,35,eeg+emg+imu,3,0.5555555555555555
embracenet,53,44,eeg+emg+imu,3,1.0
embracenet,53,53,eeg+emg+imu,3,1.0
embracenet,53,4,eeg+emg+imu+fp,4,1.0
embracenet,53,5,eeg+emg+imu+fp,4,0.5555555555555555
embracenet,53,6,eeg+emg+imu+fp,4,1.0
embracenet,53,9,eeg+emg+imu+fp,4,1.0
embracenet,53,17,eeg+emg+imu+fp,4,1.0
embracenet,53,18,eeg+emg+imu+fp,4,1.0
embracenet,53,32,eeg+emg+imu+fp,4,0.6666666666666666
embracenet,53,33,eeg+emg+imu+fp,4,1.0
embracenet,53,35,eeg+emg+imu+fp,4,1.0
embracenet,53,44,eeg+emg+imu+fp,4,1.0
embracenet,53,53,eeg+emg+imu+fp,4,1.0
embracenet,51,20,fp,1,1.0
embracenet,51,22,fp,1,1.0
embracenet,51,23,fp,1,1.0
embracenet,51,28,fp,1,1.0
embracenet,51,34,fp,1,1.0
embracenet,51,41,fp,1,1.0
embracenet,51,42,fp,1,1.0
embracenet,51,45,fp,1,0.6666666666666666
embracenet,51,51,fp,1,1.0
embracenet,51,54,fp,1,1.0
embracenet,51,56,fp,1,0.5555555555555555
embracenet,51,20,imu,1,1.0
embracenet,51,22,imu,1,1.0
embracenet,51,23,imu,1,1.0
embracenet,51,28,imu,1,1.0
embracenet,51,34,imu,1,1.0
embracenet,51,41,imu,1,1.0
embracenet,51,42,imu,1,1.0
embracenet,51,45,imu,1,0.6666666666666666
embracenet,51,51,imu,1,1.0
embracenet,51,54,imu,1,1.0
embracenet,51,56,imu,1,1.0
embracenet,51,20,imu+fp,2,1.0
embracenet,51,22,imu+fp,2,1.0
embracenet,51,23,imu+fp,2,1.0
embracenet,51,28,imu+fp,2,1.0
embracenet,51,34,imu+fp,2,1.0
embracenet,51,41,imu+fp,2,1.0
embracenet,51,42,imu+fp,2,1.0
embracenet,51,45,imu+fp,2,0.6666666666666666
embracenet,51,51,imu+fp,2,1.0
embracenet,51,54,imu+fp,2,1.0
embracenet,51,56,imu+fp,2,1.0
embracenet,51,20,emg,1,1.0
embracenet,51,22,emg,1,0.5555555555555555
embracenet,51,23,emg,1,0.5555555555555555
embracenet,51,28,emg,1,0.2222222222222222
embracenet,51,34,emg,1,0.2222222222222222
embracenet,51,41,emg,1,0.5555555555555555
embracenet,51,42,emg,1,0.2222222222222222
embracenet,51,45,emg,1,0.2222222222222222
embracenet,51,51,emg,1,1.0
embracenet,51,54,emg,1,0.2222222222222222
embracenet,51,56,emg,1,0.2222222222222222
embracenet,51,20,emg+fp,2,1.0
embracenet,51,22,emg+fp,2,1.0
embracenet,51,23,emg+fp,2,1.0
embracenet,51,28,emg+fp,2,1.0
embracenet,51,34,emg+fp,2,1.0
embracenet,51,41,emg+fp,2,1.0
embracenet,51,42,emg+fp,2,1.0
embracenet,51,45,emg+fp,2,0.6666666666666666
embracenet,51,51,emg+fp,2,1.0
embracenet,51,54,emg+fp,2,1.0
embracenet,51,56,emg+fp,2,1.0
embracenet,51,20,emg+imu,2,1.0
embracenet,51,22,emg+imu,2,1.0
embracenet,51,23,emg+imu,2,1.0
embracenet,51,28,emg+imu,2,1.0
embracenet,51,34,emg+imu,2,1.0
embracenet,51,41,emg+imu,2,1.0
embracenet,51,42,emg+imu,2,1.0
embracenet,51,45,emg+imu,2,0.6666666666666666
embracenet,51,51,emg+imu,2,1.0
embracenet,51,54,emg+imu,2,1.0
embracenet,51,56,emg+imu,2,1.0
embracenet,51,20,emg+imu+fp,3,1.0
embracenet,51,22,emg+imu+fp,3,1.0
embracenet,51,23,emg+imu+fp,3,1.0
embracenet,51,28,emg+imu+fp,3,1.0
embracenet,51,34,emg+imu+fp,3,1.0
embracenet,51,41,emg+imu+fp,3,1.0
embracenet,51,42,emg+imu+fp,3,1.0
embracenet,51,45,emg+imu+fp,3,0.6666666666666666
embracenet,51,51,emg+imu+fp,3,1.0
embracenet,51,54,emg+imu+fp,3,1.0
embracenet,51,56,emg+imu+fp,3,1.0
embracenet,51,20,eeg,1,0.16666666666666666
embracenet,51,22,eeg,1,0.16666666666666666
embracenet,51,23,eeg,1,0.5555555555555555
embracenet,51,28,eeg,1,0.16666666666666666
embracenet,51,34,eeg,1,0.5555555555555555
embracenet,51,41,eeg,1,0.0
embracenet,51,42,eeg,1,0.16666666666666666
embracenet,51,45,eeg,1,0.2222222222222222
embracenet,51,51,eeg,1,0.2222222222222222
embracenet,51,54,eeg,1,0.5555555555555555
embracenet,51,56,eeg,1,0.16666666666666666
embracenet,51,20,eeg+fp,2,1.0
embracenet,51,22,eeg+fp,2,1.0
embracenet,51,23,eeg+fp,2,1.0
embracenet,51,28,eeg+fp,2,1.0
embracenet,51,34,eeg+fp,2,1.0
embracenet,51,41,eeg+fp,2,1.0
embracenet,51,42,eeg+fp,2,1.0
embracenet,51,45,eeg+fp,2,0.6666666666666666
embracenet,51,51,eeg+fp,2,1.0
embracenet,51,54,eeg+fp,2,1.0
embracenet,51,56,eeg+fp,2,0.5555555555555555
embracenet,51,20,eeg+imu,2,1.0
embracenet,51,22,eeg+imu,2,1.0
embracenet,51,23,eeg+imu,2,1.0
embracenet,51,28,eeg+imu,2,1.0
embracenet,51,34,eeg+imu,2,1.0
embracenet,51,41,eeg+imu,2,1.0
embracenet,51,42,eeg+imu,2,1.0
embracenet,51,45,eeg+imu,2,0.6666666666666666
embracenet,51,51,eeg+imu,2,1.0
embracenet,51,54,eeg+imu,2,1.0
embracenet,51,56,eeg+imu,2,1.0
embracenet,51,20,eeg+imu+fp,3,1.0
embracenet,51,22,eeg+imu+fp,3,1.0
embracenet,51,23,eeg+imu+fp,3,1.0
embracenet,51,28,eeg+imu+fp,3,1.0
embracenet,51,34,eeg+imu+fp,3,1.0
embracenet,51,41,eeg+imu+fp,3,1.0
embracenet,51,42,eeg+imu+fp,3,1.0
embracenet,51,45,eeg+imu+fp,3,0.6666666666666666
embracenet,51,51,eeg+imu+fp,3,1.0
embracenet,51,54,eeg+imu+fp,3,1.0
embracenet,51,56,eeg+imu+fp,3,1.0
embracenet,51,20,eeg+emg,2,1.0
embracenet,51,22,eeg+emg,2,0.5555555555555555
embracenet,51,23,eeg+emg,2,0.5555555555555555
embracenet,51,28,eeg+emg,2,0.2222222222222222
embracenet,51,34,eeg+emg,2,0.2222222222222222
embracenet,51,41,eeg+emg,2,0.5555555555555555
embracenet,51,42,eeg+emg,2,0.2222222222222222
embracenet,51,45,eeg+emg,2,0.2222222222222222
embracenet,51,51,eeg+emg,2,1.0
embracenet,51,54,eeg+emg,2,0.2222222222222222
embracenet,51,56,eeg+emg,2,0.2222222222222222
embracenet,51,20,eeg+emg+fp,3,1.0
embracenet,51,22,eeg+emg+fp,3,1.0
embracenet,51,23,eeg+emg+fp,3,1.0
embracenet,51,28,eeg+emg+fp,3,1.0
embracenet,51,34,eeg+emg+fp,3,1.0
embracenet,51,41,eeg+emg+fp,3,1.0
embracenet,51,42,eeg+emg+fp,3,0.5555555555555555
embracenet,51,45,eeg+emg+fp,3,0.6666666666666666
embracenet,51,51,eeg+emg+fp,3,1.0
embracenet,51,54,eeg+emg+fp,3,1.0
embracenet,51,56,eeg+emg+fp,3,1.0
embracenet,51,20,eeg+emg+imu,3,1.0
embracenet,51,22,eeg+emg+imu,3,1.0
embracenet,51,23,eeg+emg+imu,3,1.0
embracenet,51,28,eeg+emg+imu,3,1.0
embracenet,51,34,eeg+emg+imu,3,1.0
embracenet,51,41,eeg+emg+imu,3,1.0
embracenet,51,42,eeg+emg+imu,3,1.0
embracenet,51,45,eeg+emg+imu,3,0.6666666666666666
embracenet,51,51,eeg+emg+imu,3,1.0
embracenet,51,54,eeg+emg+imu,3,1.0
embracenet,51,56,eeg+emg+imu,3,1.0
embracenet,51,20,eeg+emg+imu+fp,4,1.0
embracenet,51,22,eeg+emg+imu+fp,4,1.0
embracenet,51,23,eeg+emg+imu+fp,4,1.0
embracenet,51,28,eeg+emg+imu+fp,4,1.0
embracenet,51,34,eeg+emg+imu+fp,4,1.0
embracenet,51,41,eeg+emg+imu+fp,4,1.0
embracenet,51,42,eeg+emg+imu+fp,4,1.0
embracenet,51,45,eeg+emg+imu+fp,4,0.6666666666666666
embracenet,51,51,eeg+emg+imu+fp,4,1.0
embracenet,51,54,eeg+emg+imu+fp,4,1.0
embracenet,51,56,eeg+emg+imu+fp,4,1.0
embracenet,52,20,fp,1,1.0
embracenet,52,22,fp,1,1.0
embracenet,52,23,fp,1,1.0
embracenet,52,28,fp,1,1.0
embracenet,52,34,fp,1,1.0
embracenet,52,41,fp,1,1.0
embracenet,52,42,fp,1,1.0
embracenet,52,45,fp,1,0.6666666666666666
embracenet,52,51,fp,1,1.0
embracenet,52,54,fp,1,1.0
embracenet,52,56,fp,1,0.2222222222222222
embracenet,52,20,imu,1,1.0
embracenet,52,22,imu,1,1.0
embracenet,52,23,imu,1,1.0
embracenet,52,28,imu,1,1.0
embracenet,52,34,imu,1,1.0
embracenet,52,41,imu,1,1.0
embracenet,52,42,imu,1,1.0
embracenet,52,45,imu,1,0.6666666666666666
embracenet,52,51,imu,1,1.0
embracenet,52,54,imu,1,1.0
embracenet,52,56,imu,1,1.0
embracenet,52,20,imu+fp,2,1.0
embracenet,52,22,imu+fp,2,1.0
embracenet,52,23,imu+fp,2,1.0
embracenet,52,28,imu+fp,2,1.0
embracenet,52,34,imu+fp,2,1.0
embracenet,52,41,imu+fp,2,1.0
embracenet,52,42,imu+fp,2,1.0
embracenet,52,45,imu+fp,2,0.6666666666666666
embracenet,52,51,imu+fp,2,1.0
embracenet,52,54,imu+fp,2,1.0
embracenet,52,56,imu+fp,2,1.0
embracenet,52,20,emg,1,1.0
embracenet,52,22,emg,1,0.2222222222222222
embracenet,52,23,emg,1,0.2222222222222222
embracenet,52,28,emg,1,0.5555555555555555
embracenet,52,34,emg,1,1.0
embracenet,52,41,emg,1,1.0
embracenet,52,42,emg,1,0.2222222222222222
embracenet,52,45,emg,1,0.2222222222222222
embracenet,52,51,emg,1,1.0
embracenet,52,54,emg,1,0.5555555555555555
embracenet,52,56,emg,1,0.2222222222222222
embracenet,52,20,emg+fp,2,1.0
embracenet,52,22,emg+fp,2,1.0
embracenet,52,23,emg+fp,2,1.0
embracenet,52,28,emg+fp,2,1.0
embracenet,52,34,emg+fp,2,1.0
embracenet,52,41,emg+fp,2,1.0
embracenet,52,42,emg+fp,2,1.0
embracenet,52,45,emg+fp,2,0.6666666666666666
embracenet,52,51,emg+fp,2,1.0
embracenet,52,54,emg+fp,2,1.0
embracenet,52,56,emg+fp,2,1.0
embracenet,52,20,emg+imu,2,1.0
embracenet,52,22,emg+imu,2,1.0
embracenet,52,23,emg+imu,2,1.0
embracenet,52,28,emg+imu,2,1.0
embracenet,52,34,emg+imu,2,1.0
embracenet,52,41,emg+imu,2,1.0
embracenet,52,42,emg+imu,2,1.0
embracenet,52,45,emg+imu,2,0.6666666666666666
embracenet,52,51,emg+imu,2,1.0
embracenet,52,54,emg+imu,2,1.0
embracenet,52,56,emg+imu,2,1.0
embracenet,52,20,emg+imu+fp,3,1.0
embracenet,52,22,emg+imu+fp,3,1.0
embracenet,52,23,emg+imu+fp,3,1.0
embracenet,52,28,emg+imu+fp,3,1.0
embracenet,52,34,emg+imu+fp,3,1.0
embracenet,52,41,emg+imu+fp,3,1.0
embracenet,52,42,emg+imu+fp,3,1.0
embracenet,52,45,emg+imu+fp,3,0.6666666666666666
embracenet,52,51,emg+imu+fp,3,1.0
embracenet,52,54,emg+imu+fp,3,1.0
embracenet,52,56,emg+imu+fp,3,1.0
embracenet,52,20,eeg,1,0.5555555555555555
embracenet,52,22,eeg,1,0.16666666666666666
embracenet,52,23,eeg,1,1.0
embracenet,52,28,eeg,1,0.2222222222222222
embracenet,52,34,eeg,1,1.0
embracenet,52,41,eeg,1,0.16666666666666666
embracenet,52,42,eeg,1,0.16666666666666666
embracenet,52,45,eeg,1,0.6666666666666666
embracenet,52,51,eeg,1,0.5555555555555555
embracenet,52,54,eeg,1,0.16666666666666666
embracenet,52,56,eeg,1,0.5555555555555555
embracenet,52,20,eeg+fp,2,1.0
embracenet,52,22,eeg+fp,2,1.0
embracenet,52,23,eeg+fp,2,1.0
embracenet,52,28,eeg+fp,2,1.0
embracenet,52,34,eeg+fp,2,1.0
embracenet,52,41,eeg+fp,2,1.0
embracenet,52,42,eeg+fp,2,1.0
embracenet,52,45,eeg+fp,2,0.6666666666666666
embracenet,52,51,eeg+fp,2,1.0
embracenet,52,54,eeg+fp,2,1.0
embracenet,52,56,eeg+fp,2,0.2222222222222222
embracenet,52,20,eeg+imu,2,1.0
embracenet,52,22,eeg+imu,2,1.0
embracenet,52,23,eeg+imu,2,1.0
embracenet,52,28,eeg+imu,2,1.0
embracenet,52,34,eeg+imu,2,1.0
embracenet,52,41,eeg+imu,2,1.0
embracenet,52,42,eeg+imu,2,1.0
embracenet,52,45,eeg+imu,2,0.6666666666666666
embracenet,52,51,eeg+imu,2,1.0
embracenet,52,54,eeg+imu,2,1.0
embracenet,52,56,eeg+imu,2,1.0
embracenet,52,20,eeg+imu+fp,3,1.0
embracenet,52,22,eeg+imu+fp,3,1.0
embracenet,52,23,eeg+imu+fp,3,1.0
embracenet,52,28,eeg+imu+fp,3,1.0
embracenet,52,34,eeg+imu+fp,3,1.0
embracenet,52,41,eeg+imu+fp,3,1.0
embracenet,52,42,eeg+imu+fp,3,1.0
embracenet,52,45,eeg+imu+fp,3,0.6666666666666666
embracenet,52,51,eeg+imu+fp,3,1.0
embracenet,52,54,eeg+imu+fp,3,1.0
embracenet,52,56,eeg+imu+fp,3,1.0
embracenet,52,20,eeg+emg,2,1.0
embracenet,52,22,eeg+emg,2,0.2222222222222222
embracenet,52,23,eeg+emg,2,0.5555555555555555
embracenet,52,28,eeg+emg,2,0.5555555555555555
embracenet,52,34,eeg+emg,2,1.0
embracenet,52,41,eeg+emg,2,0.5555555555555555
embracenet,52,42,eeg+emg,2,0.2222222222222222
embracenet,52,45,eeg+emg,2,0.2222222222222222
embracenet,52,51,eeg+emg,2,0.5555555555555555
embracenet,52,54,eeg+emg,2,0.5555555555555555
embracenet,52,56,eeg+emg,2,0.2222222222222222
embracenet,52,20,eeg+emg+fp,3,1.0
embracenet,52,22,eeg+emg+fp,3,1.0
embracenet,52,23,eeg+emg+fp,3,1.0
embracenet,52,28,eeg+emg+fp,3,1.0
embracenet,52,34,eeg+emg+fp,3,1.0
embracenet,52,41,eeg+emg+fp,3,1.0
embracenet,52,42,eeg+emg+fp,3,1.0
embracenet,52,45,eeg+emg+fp,3,0.6666666666666666
embracenet,52,51,eeg+emg+fp,3,1.0
embracenet,52,54,eeg+emg+fp,3,1.0
embracenet,52,56,eeg+emg+fp,3,1.0
embracenet,52,20,eeg+emg+imu,3,1.0
embracenet,52,22,eeg+emg+imu,3,1.0
embracenet,52,23,eeg+emg+imu,3,1.0
embracenet,52,28,eeg+emg+imu,3,1.0
embracenet,52,34,eeg+emg+imu,3,1.0
embracenet,52,41,eeg+emg+imu,3,1.0
embracenet,52,42,eeg+emg+imu,3,1.0
embracenet,52,45,eeg+emg+imu,3,0.6666666666666666
embracenet,52,51,eeg+emg+imu,3,1.0
embracenet,52,54,eeg+emg+imu,3,1.0
embracenet,52,56,eeg+emg+imu,3,1.0
embracenet,52,20,eeg+emg+imu+fp,4,1.0
embracenet,52,22,eeg+emg+imu+fp,4,1.0
embracenet,52,23,eeg+emg+imu+fp,4,1.0
embracenet,52,28,eeg+emg+imu+fp,4,1.0
embracenet,52,34,eeg+emg+imu+fp,4,1.0
embracenet,52,41,eeg+emg+imu+fp,4,1.0
embracenet,52,42,eeg+emg+imu+fp,4,1.0
embracenet,52,45,eeg+emg+imu+fp,4,0.6666666666666666
embracenet,52,51,eeg+emg+imu+fp,4,1.0
embracenet,52,54,eeg+emg+imu+fp,4,1.0
embracenet,52,56,eeg+emg+imu+fp,4,1.0
embracenet,53,20,fp,1,1.0
embracenet,53,22,fp,1,1.0
embracenet,53,23,fp,1,1.0
embracenet,53,28,fp,1,1.0
embracenet,53,34,fp,1,1.0
embracenet,53,41,fp,1,1.0
embracenet,53,42,fp,1,1.0
embracenet,53,45,fp,1,0.6666666666666666
embracenet,53,51,fp,1,1.0
embracenet,53,54,fp,1,1.0
embracenet,53,56,fp,1,1.0
embracenet,53,20,imu,1,1.0
embracenet,53,22,imu,1,1.0
embracenet,53,23,imu,1,1.0
embracenet,53,28,imu,1,1.0
embracenet,53,34,imu,1,1.0
embracenet,53,41,imu,1,1.0
embracenet,53,42,imu,1,1.0
embracenet,53,45,imu,1,0.6666666666666666
embracenet,53,51,imu,1,1.0
embracenet,53,54,imu,1,1.0
embracenet,53,56,imu,1,1.0
embracenet,53,20,imu+fp,2,1.0
embracenet,53,22,imu+fp,2,1.0
embracenet,53,23,imu+fp,2,1.0
embracenet,53,28,imu+fp,2,1.0
embracenet,53,34,imu+fp,2,1.0
embracenet,53,41,imu+fp,2,1.0
embracenet,53,42,imu+fp,2,1.0
embracenet,53,45,imu+fp,2,0.6666666666666666
embracenet,53,51,imu+fp,2,1.0
embracenet,53,54,imu+fp,2,1.0
embracenet,53,56,imu+fp,2,1.0
embracenet,53,20,emg,1,1.0
embracenet,53,22,emg,1,0.2222222222222222
embracenet,53,23,emg,1,0.2222222222222222
embracenet,53,28,emg,1,0.16666666666666666
embracenet,53,34,emg,1,1.0
embracenet,53,41,emg,1,0.5555555555555555
embracenet,53,42,emg,1,0.2222222222222222
embracenet,53,45,emg,1,0.2222222222222222
embracenet,53,51,emg,1,1.0
embracenet,53,54,emg,1,0.2222222222222222
embracenet,53,56,emg,1,0.2222222222222222
embracenet,53,20,emg+fp,2,1.0
embracenet,53,22,emg+fp,2,1.0
embracenet,53,23,emg+fp,2,1.0
embracenet,53,28,emg+fp,2,1.0
embracenet,53,34,emg+fp,2,1.0
embracenet,53,41,emg+fp,2,1.0
embracenet,53,42,emg+fp,2,1.0
embracenet,53,45,emg+fp,2,0.6666666666666666
embracenet,53,51,emg+fp,2,1.0
embracenet,53,54,emg+fp,2,1.0
embracenet,53,56,emg+fp,2,1.0
embracenet,53,20,emg+imu,2,1.0
embracenet,53,22,emg+imu,2,1.0
embracenet,53,23,emg+imu,2,1.0
embracenet,53,28,emg+imu,2,1.0
embracenet,53,34,emg+imu,2,1.0
embracenet,53,41,emg+imu,2,1.0
embracenet,53,42,emg+imu,2,0.5555555555555555
embracenet,53,45,emg+imu,2,0.6666666666666666
embracenet,53,51,emg+imu,2,1.0
embracenet,53,54,emg+imu,2,1.0
embracenet,53,56,emg+imu,2,1.0
embracenet,53,20,emg+imu+fp,3,1.0
embracenet,53,22,emg+imu+fp,3,1.0
embracenet,53,23,emg+imu+fp,3,1.0
embracenet,53,28,emg+imu+fp,3,1.0
embracenet,53,34,emg+imu+fp,3,1.0
embracenet,53,41,emg+imu+fp,3,1.0
embracenet,53,42,emg+imu+fp,3,1.0
embracenet,53,45,emg+imu+fp,3,0.6666666666666666
embracenet,53,51,emg+imu+fp,3,1.0
embracenet,53,54,emg+imu+fp,3,1.0
embracenet,53,56,emg+imu+fp,3,1.0
embracenet,53,20,eeg,1,0.16666666666666666
embracenet,53,22,eeg,1,0.16666666666666666
embracenet,53,23,eeg,1,0.5555555555555555
embracenet,53,28,eeg,1,0.16666666666666666
embracenet,53,34,eeg,1,0.16666666666666666
embracenet,53,41,eeg,1,0.16666666666666666
embracenet,53,42,eeg,1,0.16666666666666666
embracenet,53,45,eeg,1,0.2222222222222222
embracenet,53,51,eeg,1,0.2222222222222222
embracenet,53,54,eeg,1,1.0
embracenet,53,56,eeg,1,0.5555555555555555
embracenet,53,20,eeg+fp,2,1.0
embracenet,53,22,eeg+fp,2,1.0
embracenet,53,23,eeg+fp,2,1.0
embracenet,53,28,eeg+fp,2,1.0
embracenet,53,34,eeg+fp,2,1.0
embracenet,53,41,eeg+fp,2,1.0
embracenet,53,42,eeg+fp,2,1.0
embracenet,53,45,eeg+fp,2,0.6666666666666666
embracenet,53,51,eeg+fp,2,1.0
embracenet,53,54,eeg+fp,2,1.0
embracenet,53,56,eeg+fp,2,1.0
embracenet,53,20,eeg+imu,2,1.0
embracenet,53,22,eeg+imu,2,1.0
embracenet,53,23,eeg+imu,2,1.0
embracenet,53,28,eeg+imu,2,1.0
embracenet,53,34,eeg+imu,2,1.0
embracenet,53,41,eeg+imu,2,1.0
embracenet,53,42,eeg+imu,2,1.0
embracenet,53,45,eeg+imu,2,0.6666666666666666
embracenet,53,51,eeg+imu,2,1.0
embracenet,53,54,eeg+imu,2,1.0
embracenet,53,56,eeg+imu,2,1.0
embracenet,53,20,eeg+imu+fp,3,1.0
embracenet,53,22,eeg+imu+fp,3,1.0
embracenet,53,23,eeg+imu+fp,3,1.0
embracenet,53,28,eeg+imu+fp,3,1.0
embracenet,53,34,eeg+imu+fp,3,1.0
embracenet,53,41,eeg+imu+fp,3,1.0
embracenet,53,42,eeg+imu+fp,3,1.0
embracenet,53,45,eeg+imu+fp,3,0.6666666666666666
embracenet,53,51,eeg+imu+fp,3,1.0
embracenet,53,54,eeg+imu+fp,3,1.0
embracenet,53,56,eeg+imu+fp,3,1.0
embracenet,53,20,eeg+emg,2,1.0
embracenet,53,22,eeg+emg,2,0.2222222222222222
embracenet,53,23,eeg+emg,2,0.2222222222222222
embracenet,53,28,eeg+emg,2,0.16666666666666666
embracenet,53,34,eeg+emg,2,0.5555555555555555
embracenet,53,41,eeg+emg,2,0.16666666666666666
embracenet,53,42,eeg+emg,2,0.16666666666666666
embracenet,53,45,eeg+emg,2,0.2222222222222222
embracenet,53,51,eeg+emg,2,0.5555555555555555
embracenet,53,54,eeg+emg,2,0.2222222222222222
embracenet,53,56,eeg+emg,2,0.2222222222222222
embracenet,53,20,eeg+emg+fp,3,1.0
embracenet,53,22,eeg+emg+fp,3,1.0
embracenet,53,23,eeg+emg+fp,3,1.0
embracenet,53,28,eeg+emg+fp,3,1.0
embracenet,53,34,eeg+emg+fp,3,1.0
embracenet,53,41,eeg+emg+fp,3,1.0
embracenet,53,42,eeg+emg+fp,3,1.0
embracenet,53,45,eeg+emg+fp,3,0.6666666666666666
embracenet,53,51,eeg+emg+fp,3,1.0
embracenet,53,54,eeg+emg+fp,3,1.0
embracenet,53,56,eeg+emg+fp,3,1.0
embracenet,53,20,eeg+emg+imu,3,1.0
embracenet,53,22,eeg+emg+imu,3,1.0
embracenet,53,23,eeg+emg+imu,3,1.0
embracenet,53,28,eeg+emg+imu,3,1.0
embracenet,53,34,eeg+emg+imu,3,1.0
embracenet,53,41,eeg+emg+imu,3,1.0
embracenet,53,42,eeg+emg+imu,3,0.5555555555555555
embracenet,53,45,eeg+emg+imu,3,0.6666666666666666
embracenet,53,51,eeg+emg+imu,3,1.0
embracenet,53,54,eeg+emg+imu,3,1.0
embracenet,53,56,eeg+emg+imu,3,1.0
embracenet,53,20,eeg+emg+imu+fp,4,1.0
embracenet,53,22,eeg+emg+imu+fp,4,1.0
embracenet,53,23,eeg+emg+imu+fp,4,1.0
embracenet,53,28,eeg+emg+imu+fp,4,1.0
embracenet,53,34,eeg+emg+imu+fp,4,1.0
embracenet,53,41,eeg+emg+imu+fp,4,1.0
embracenet,53,42,eeg+emg+imu+fp,4,1.0
embracenet,53,45,eeg+emg+imu+fp,4,0.6666666666666666
embracenet,53,51,eeg+emg+imu+fp,4,1.0
embracenet,53,54,eeg+emg+imu+fp,4,1.0
embracenet,53,56,eeg+emg+imu+fp,4,1.0
embracenet,51,8,fp,1,0.3333333333333333
embracenet,51,11,fp,1,0.6666666666666666
embracenet,51,12,fp,1,1.0
embracenet,51,13,fp,1,1.0
embracenet,51,30,fp,1,1.0
embracenet,51,31,fp,1,1.0
embracenet,51,37,fp,1,1.0
embracenet,51,52,fp,1,1.0
embracenet,51,55,fp,1,0.5555555555555555
embracenet,51,57,fp,1,1.0
embracenet,51,58,fp,1,1.0
embracenet,51,8,imu,1,0.3333333333333333
embracenet,51,11,imu,1,0.2222222222222222
embracenet,51,12,imu,1,1.0
embracenet,51,13,imu,1,1.0
embracenet,51,30,imu,1,1.0
embracenet,51,31,imu,1,1.0
embracenet,51,37,imu,1,1.0
embracenet,51,52,imu,1,1.0
embracenet,51,55,imu,1,0.5555555555555555
embracenet,51,57,imu,1,1.0
embracenet,51,58,imu,1,1.0
embracenet,51,8,imu+fp,2,0.3333333333333333
embracenet,51,11,imu+fp,2,0.6666666666666666
embracenet,51,12,imu+fp,2,1.0
embracenet,51,13,imu+fp,2,1.0
embracenet,51,30,imu+fp,2,1.0
embracenet,51,31,imu+fp,2,1.0
embracenet,51,37,imu+fp,2,1.0
embracenet,51,52,imu+fp,2,1.0
embracenet,51,55,imu+fp,2,0.5555555555555555
embracenet,51,57,imu+fp,2,1.0
embracenet,51,58,imu+fp,2,1.0
embracenet,51,8,emg,1,0.0
embracenet,51,11,emg,1,0.2222222222222222
embracenet,51,12,emg,1,0.16666666666666666
embracenet,51,13,emg,1,0.5555555555555555
embracenet,51,30,emg,1,0.16666666666666666
embracenet,51,31,emg,1,0.2222222222222222
embracenet,51,37,emg,1,0.5555555555555555
embracenet,51,52,emg,1,0.5555555555555555
embracenet,51,55,emg,1,0.5555555555555555
embracenet,51,57,emg,1,0.16666666666666666
embracenet,51,58,emg,1,0.16666666666666666
embracenet,51,8,emg+fp,2,0.3333333333333333
embracenet,51,11,emg+fp,2,0.6666666666666666
embracenet,51,12,emg+fp,2,1.0
embracenet,51,13,emg+fp,2,1.0
embracenet,51,30,emg+fp,2,1.0
embracenet,51,31,emg+fp,2,1.0
embracenet,51,37,emg+fp,2,1.0
embracenet,51,52,emg+fp,2,1.0
embracenet,51,55,emg+fp,2,0.5555555555555555
embracenet,51,57,emg+fp,2,1.0
embracenet,51,58,emg+fp,2,1.0
embracenet,51,8,emg+imu,2,0.0
embracenet,51,11,emg+imu,2,0.2222222222222222
embracenet,51,12,emg+imu,2,1.0
embracenet,51,13,emg+imu,2,1.0
embracenet,51,30,emg+imu,2,1.0
embracenet,51,31,emg+imu,2,1.0
embracenet,51,37,emg+imu,2,1.0
embracenet,51,52,emg+imu,2,1.0
embracenet,51,55,emg+imu,2,0.5555555555555555
embracenet,51,57,emg+imu,2,1.0
embracenet,51,58,emg+imu,2,1.0
embracenet,51,8,emg+imu+fp,3,0.3333333333333333
embracenet,51,11,emg+imu+fp,3,0.6666666666666666
embracenet,51,12,emg+imu+fp,3,1.0
embracenet,51,13,emg+imu+fp,3,1.0
embracenet,51,30,emg+imu+fp,3,1.0
embracenet,51,31,emg+imu+fp,3,1.0
embracenet,51,37,emg+imu+fp,3,1.0
embracenet,51,52,emg+imu+fp,3,1.0
embracenet,51,55,emg+imu+fp,3,0.5555555555555555
embracenet,51,57,emg+imu+fp,3,1.0
embracenet,51,58,emg+imu+fp,3,1.0
embracenet,51,8,eeg,1,0.0
embracenet,51,11,eeg,1,0.2222222222222222
embracenet,51,12,eeg,1,0.5555555555555555
embracenet,51,13,eeg,1,0.5555555555555555
embracenet,51,30,eeg,1,0.2222222222222222
embracenet,51,31,eeg,1,0.0
embracenet,51,37,eeg,1,0.5555555555555555
embracenet,51,52,eeg,1,0.16666666666666666
embracenet,51,55,eeg,1,0.2222222222222222
embracenet,51,57,eeg,1,0.2222222222222222
embracenet,51,58,eeg,1,0.16666666666666666
embracenet,51,8,eeg+fp,2,0.3333333333333333
embracenet,51,11,eeg+fp,2,0.6666666666666666
embracenet,51,12,eeg+fp,2,1.0
embracenet,51,13,eeg+fp,2,1.0
embracenet,51,30,eeg+fp,2,1.0
embracenet,51,31,eeg+fp,2,1.0
embracenet,51,37,eeg+fp,2,1.0
embracenet,51,52,eeg+fp,2,1.0
embracenet,51,55,eeg+fp,2,0.5555555555555555
embracenet,51,57,eeg+fp,2,1.0
embracenet,51,58,eeg+fp,2,1.0
embracenet,51,8,eeg+imu,2,0.3333333333333333
embracenet,51,11,eeg+imu,2,0.2222222222222222
embracenet,51,12,eeg+imu,2,1.0
embracenet,51,13,eeg+imu,2,1.0
embracenet,51,30,eeg+imu,2,1.0
embracenet,51,31,eeg+imu,2,1.0
embracenet,51,37,eeg+imu,2,1.0
embracenet,51,52,eeg+imu,2,1.0
embracenet,51,55,eeg+imu,2,0.5555555555555555
embracenet,51,57,eeg+imu,2,1.0
embracenet,51,58,eeg+imu,2,1.0
embracenet,51,8,eeg+imu+fp,3,0.3333333333333333
embracenet,51,11,eeg+imu+fp,3,0.6666666666666666
embracenet,51,12,eeg+imu+fp,3,1.0
embracenet,51,13,eeg+imu+fp,3,1.0
embracenet,51,30,eeg+imu+fp,3,1.0
embracenet,51,31,eeg+imu+fp,3,1.0
embracenet,51,37,eeg+imu+fp,3,1.0
embracenet,51,52,eeg+imu+fp,3,1.0
embracenet,51,55,eeg+imu+fp,3,0.5555555555555555
embracenet,51,57,eeg+imu+fp,3,1.0
embracenet,51,58,eeg+imu+fp,3,1.0
embracenet,51,8,eeg+emg,2,0.0
embracenet,51,11,eeg+emg,2,0.2222222222222222
embracenet,51,12,eeg+emg,2,0.16666666666666666
embracenet,51,13,eeg+emg,2,0.5555555555555555
embracenet,51,30,eeg+emg,2,0.5555555555555555
embracenet,51,31,eeg+emg,2,0.2222222222222222
embracenet,51,37,eeg+emg,2,0.5555555555555555
embracenet,51,52,eeg+emg,2,0.5555555555555555
embracenet,51,55,eeg+emg,2,0.5555555555555555
embracenet,51,57,eeg+emg,2,0.2222222222222222
embracenet,51,58,eeg+emg,2,0.5555555555555555
embracenet,51,8,eeg+emg+fp,3,0.3333333333333333
embracenet,51,11,eeg+emg+fp,3,0.6666666666666666
embracenet,51,12,eeg+emg+fp,3,1.0
embracenet,51,13,eeg+emg+fp,3,1.0
embracenet,51,30,eeg+emg+fp,3,1.0
embracenet,51,31,eeg+emg+fp,3,1.0
embracenet,51,37,eeg+emg+fp,3,1.0
embracenet,51,52,eeg+emg+fp,3,1.0
embracenet,51,55,eeg+emg+fp,3,0.5555555555555555
embracenet,51,57,eeg+emg+fp,3,1.0
embracenet,51,58,eeg+emg+fp,3,1.0
embracenet,51,8,eeg+emg+imu,3,0.0
embracenet,51,11,eeg+emg+imu,3,0.2222222222222222
embracenet,51,12,eeg+emg+imu,3,1.0
embracenet,51,13,eeg+emg+imu,3,1.0
embracenet,51,30,eeg+emg+imu,3,1.0
embracenet,51,31,eeg+emg+imu,3,1.0
embracenet,51,37,eeg+emg+imu,3,1.0
embracenet,51,52,eeg+emg+imu,3,1.0
embracenet,51,55,eeg+emg+imu,3,0.5555555555555555
embracenet,51,57,eeg+emg+imu,3,1.0
embracenet,51,58,eeg+emg+imu,3,1.0
embracenet,51,8,eeg+emg+imu+fp,4,0.3333333333333333
embracenet,51,11,eeg+emg+imu+fp,4,0.6666666666666666
embracenet,51,12,eeg+emg+imu+fp,4,1.0
embracenet,51,13,eeg+emg+imu+fp,4,1.0
embracenet,51,30,eeg+emg+imu+fp,4,1.0
embracenet,51,31,eeg+emg+imu+fp,4,1.0
embracenet,51,37,eeg+emg+imu+fp,4,1.0
embracenet,51,52,eeg+emg+imu+fp,4,1.0
embracenet,51,55,eeg+emg+imu+fp,4,0.5555555555555555
embracenet,51,57,eeg+emg+imu+fp,4,1.0
embracenet,51,58,eeg+emg+imu+fp,4,1.0
embracenet,52,8,fp,1,0.3333333333333333
embracenet,52,11,fp,1,0.6666666666666666
embracenet,52,12,fp,1,1.0
embracenet,52,13,fp,1,1.0
embracenet,52,30,fp,1,1.0
embracenet,52,31,fp,1,1.0
embracenet,52,37,fp,1,1.0
embracenet,52,52,fp,1,1.0
embracenet,52,55,fp,1,0.5555555555555555
embracenet,52,57,fp,1,1.0
embracenet,52,58,fp,1,1.0
embracenet,52,8,imu,1,0.3333333333333333
embracenet,52,11,imu,1,0.6666666666666666
embracenet,52,12,imu,1,1.0
embracenet,52,13,imu,1,1.0
embracenet,52,30,imu,1,0.5555555555555555
embracenet,52,31,imu,1,1.0
embracenet,52,37,imu,1,1.0
embracenet,52,52,imu,1,1.0
embracenet,52,55,imu,1,0.5555555555555555
embracenet,52,57,imu,1,1.0
embracenet,52,58,imu,1,1.0
embracenet,52,8,imu+fp,2,0.3333333333333333
embracenet,52,11,imu+fp,2,0.6666666666666666
embracenet,52,12,imu+fp,2,1.0
embracenet,52,13,imu+fp,2,1.0
embracenet,52,30,imu+fp,2,1.0
embracenet,52,31,imu+fp,2,1.0
embracenet,52,37,imu+fp,2,1.0
embracenet,52,52,imu+fp,2,1.0
embracenet,52,55,imu+fp,2,0.5555555555555555
embracenet,52,57,imu+fp,2,1.0
embracenet,52,58,imu+fp,2,1.0
embracenet,52,8,emg,1,0.0
embracenet,52,11,emg,1,0.2222222222222222
embracenet,52,12,emg,1,0.16666666666666666
embracenet,52,13,emg,1,0.5555555555555555
embracenet,52,30,emg,1,0.5555555555555555
embracenet,52,31,emg,1,0.2222222222222222
embracenet,52,37,emg,1,0.5555555555555555
embracenet,52,52,emg,1,0.5555555555555555
embracenet,52,55,emg,1,1.0
embracenet,52,57,emg,1,0.2222222222222222
embracenet,52,58,emg,1,0.16666666666666666
embracenet,52,8,emg+fp,2,0.3333333333333333
embracenet,52,11,emg+fp,2,0.6666666666666666
embracenet,52,12,emg+fp,2,1.0
embracenet,52,13,emg+fp,2,1.0
embracenet,52,30,emg+fp,2,1.0
embracenet,52,31,emg+fp,2,1.0
embracenet,52,37,emg+fp,2,1.0
embracenet,52,52,emg+fp,2,1.0
embracenet,52,55,emg+fp,2,0.5555555555555555
embracenet,52,57,emg+fp,2,1.0
embracenet,52,58,emg+fp,2,1.0
embracenet,52,8,emg+imu,2,0.3333333333333333
embracenet,52,11,emg+imu,2,0.6666666666666666
embracenet,52,12,emg+imu,2,1.0
embracenet,52,13,emg+imu,2,1.0
embracenet,52,30,emg+imu,2,0.5555555555555555
embracenet,52,31,emg+imu,2,1.0
embracenet,52,37,emg+imu,2,1.0
embracenet,52,52,emg+imu,2,1.0
embracenet,52,55,emg+imu,2,0.5555555555555555
embracenet,52,57,emg+imu,2,1.0
embracenet,52,58,emg+imu,2,1.0
embracenet,52,8,emg+imu+fp,3,0.3333333333333333
embracenet,52,11,emg+imu+fp,3,0.6666666666666666
embracenet,52,12,emg+imu+fp,3,1.0
embracenet,52,13,emg+imu+fp,3,1.0
embracenet,52,30,emg+imu+fp,3,1.0
embracenet,52,31,emg+imu+fp,3,1.0
embracenet,52,37,emg+imu+fp,3,1.0
embracenet,52,52,emg+imu+fp,3,1.0
embracenet,52,55,emg+imu+fp,3,0.5555555555555555
embracenet,52,57,emg+imu+fp,3,1.0
embracenet,52,58,emg+imu+fp,3,1.0
embracenet,52,8,eeg,1,0.0
embracenet,52,11,eeg,1,0.2222222222222222
embracenet,52,12,eeg,1,0.16666666666666666
embracenet,52,13,eeg,1,0.16666666666666666
embracenet,52,30,eeg,1,0.16666666666666666
embracenet,52,31,eeg,1,0.16666666666666666
embracenet,52,37,eeg,1,0.16666666666666666
embracenet,52,52,eeg,1,0.2222222222222222
embracenet,52,55,eeg,1,0.2222222222222222
embracenet,52,57,eeg,1,0.16666666666666666
embracenet,52,58,eeg,1,0.2222222222222222
embracenet,52,8,eeg+fp,2,0.3333333333333333
embracenet,52,11,eeg+fp,2,0.6666666666666666
embracenet,52,12,eeg+fp,2,1.0
embracenet,52,13,eeg+fp,2,1.0
embracenet,52,30,eeg+fp,2,1.0
embracenet,52,31,eeg+fp,2,1.0
embracenet,52,37,eeg+fp,2,1.0
embracenet,52,52,eeg+fp,2,1.0
embracenet,52,55,eeg+fp,2,0.2222222222222222
embracenet,52,57,eeg+fp,2,1.0
embracenet,52,58,eeg+fp,2,1.0
embracenet,52,8,eeg+imu,2,0.3333333333333333
embracenet,52,11,eeg+imu,2,0.6666666666666666
embracenet,52,12,eeg+imu,2,1.0
embracenet,52,13,eeg+imu,2,1.0
embracenet,52,30,eeg+imu,2,0.5555555555555555
embracenet,52,31,eeg+imu,2,1.0
embracenet,52,37,eeg+imu,2,1.0
embracenet,52,52,eeg+imu,2,1.0
embracenet,52,55,eeg+imu,2,0.5555555555555555
embracenet,52,57,eeg+imu,2,1.0
embracenet,52,58,eeg+imu,2,1.0
embracenet,52,8,eeg+imu+fp,3,0.3333333333333333
embracenet,52,11,eeg+imu+fp,3,0.6666666666666666
embracenet,52,12,eeg+imu+fp,3,1.0
embracenet,52,13,eeg+imu+fp,3,1.0
embracenet,52,30,eeg+imu+fp,3,1.0
embracenet,52,31,eeg+imu+fp,3,1.0
embracenet,52,37,eeg+imu+fp,3,1.0
embracenet,52,52,eeg+imu+fp,3,1.0
embracenet,52,55,eeg+imu+fp,3,0.5555555555555555
embracenet,52,57,eeg+imu+fp,3,1.0
embracenet,52,58,eeg+imu+fp,3,1.0
embracenet,52,8,eeg+emg,2,0.0
embracenet,52,11,eeg+emg,2,0.2222222222222222
embracenet,52,12,eeg+emg,2,0.16666666666666666
embracenet,52,13,eeg+emg,2,1.0
embracenet,52,30,eeg+emg,2,0.5555555555555555
embracenet,52,31,eeg+emg,2,0.2222222222222222
embracenet,52,37,eeg+emg,2,0.5555555555555555
embracenet,52,52,eeg+emg,2,0.5555555555555555
embracenet,52,55,eeg+emg,2,1.0
embracenet,52,57,eeg+emg,2,0.5555555555555555
embracenet,52,58,eeg+emg,2,0.16666666666666666
embracenet,52,8,eeg+emg+fp,3,0.0
embracenet,52,11,eeg+emg+fp,3,0.6666666666666666
embracenet,52,12,eeg+emg+fp,3,1.0
embracenet,52,13,eeg+emg+fp,3,1.0
embracenet,52,30,eeg+emg+fp,3,1.0
embracenet,52,31,eeg+emg+fp,3,1.0
embracenet,52,37,eeg+emg+fp,3,1.0
embracenet,52,52,eeg+emg+fp,3,1.0
embracenet,52,55,eeg+emg+fp,3,0.5555555555555555
embracenet,52,57,eeg+emg+fp,3,1.0
embracenet,52,58,eeg+emg+fp,3,1.0
embracenet,52,8,eeg+emg+imu,3,0.3333333333333333
embracenet,52,11,eeg+emg+imu,3,0.6666666666666666
embracenet,52,12,eeg+emg+imu,3,1.0
embracenet,52,13,eeg+emg+imu,3,1.0
embracenet,52,30,eeg+emg+imu,3,0.5555555555555555
embracenet,52,31,eeg+emg+imu,3,1.0
embracenet,52,37,eeg+emg+imu,3,1.0
embracenet,52,52,eeg+emg+imu,3,1.0
embracenet,52,55,eeg+emg+imu,3,0.5555555555555555
embracenet,52,57,eeg+emg+imu,3,1.0
embracenet,52,58,eeg+emg+imu,3,1.0
embracenet,52,8,eeg+emg+imu+fp,4,0.3333333333333333
embracenet,52,11,eeg+emg+imu+fp,4,0.6666666666666666
embracenet,52,12,eeg+emg+imu+fp,4,1.0
embracenet,52,13,eeg+emg+imu+fp,4,1.0
embracenet,52,30,eeg+emg+imu+fp,4,1.0
embracenet,52,31,eeg+emg+imu+fp,4,1.0
embracenet,52,37,eeg+emg+imu+fp,4,1.0
embracenet,52,52,eeg+emg+imu+fp,4,1.0
embracenet,52,55,eeg+emg+imu+fp,4,0.5555555555555555
embracenet,52,57,eeg+emg+imu+fp,4,1.0
embracenet,52,58,eeg+emg+imu+fp,4,1.0
embracenet,53,8,fp,1,0.3333333333333333
embracenet,53,11,fp,1,0.6666666666666666
embracenet,53,12,fp,1,1.0
embracenet,53,13,fp,1,0.5555555555555555
embracenet,53,30,fp,1,1.0
embracenet,53,31,fp,1,1.0
embracenet,53,37,fp,1,1.0
embracenet,53,52,fp,1,1.0
embracenet,53,55,fp,1,0.2222222222222222
embracenet,53,57,fp,1,1.0
embracenet,53,58,fp,1,1.0
embracenet,53,8,imu,1,0.0
embracenet,53,11,imu,1,0.2222222222222222
embracenet,53,12,imu,1,1.0
embracenet,53,13,imu,1,1.0
embracenet,53,30,imu,1,1.0
embracenet,53,31,imu,1,1.0
embracenet,53,37,imu,1,0.5555555555555555
embracenet,53,52,imu,1,1.0
embracenet,53,55,imu,1,0.5555555555555555
embracenet,53,57,imu,1,1.0
embracenet,53,58,imu,1,1.0
embracenet,53,8,imu+fp,2,0.3333333333333333
embracenet,53,11,imu+fp,2,0.6666666666666666
embracenet,53,12,imu+fp,2,1.0
embracenet,53,13,imu+fp,2,1.0
embracenet,53,30,imu+fp,2,1.0
embracenet,53,31,imu+fp,2,1.0
embracenet,53,37,imu+fp,2,1.0
embracenet,53,52,imu+fp,2,1.0
embracenet,53,55,imu+fp,2,0.5555555555555555
embracenet,53,57,imu+fp,2,1.0
embracenet,53,58,imu+fp,2,1.0
embracenet,53,8,emg,1,0.0
embracenet,53,11,emg,1,0.2222222222222222
embracenet,53,12,emg,1,0.16666666666666666
embracenet,53,13,emg,1,0.5555555555555555
embracenet,53,30,emg,1,0.2222222222222222
embracenet,53,31,emg,1,0.2222222222222222
embracenet,53,37,emg,1,1.0
embracenet,53,52,emg,1,0.2222222222222222
embracenet,53,55,emg,1,0.5555555555555555
embracenet,53,57,emg,1,0.2222222222222222
embracenet,53,58,emg,1,0.5555555555555555
embracenet,53,8,emg+fp,2,0.3333333333333333
embracenet,53,11,emg+fp,2,0.6666666666666666
embracenet,53,12,emg+fp,2,1.0
embracenet,53,13,emg+fp,2,0.5555555555555555
embracenet,53,30,emg+fp,2,1.0
embracenet,53,31,emg+fp,2,1.0
embracenet,53,37,emg+fp,2,1.0
embracenet,53,52,emg+fp,2,1.0
embracenet,53,55,emg+fp,2,0.2222222222222222
embracenet,53,57,emg+fp,2,0.5555555555555555
embracenet,53,58,emg+fp,2,1.0
embracenet,53,8,emg+imu,2,0.0
embracenet,53,11,emg+imu,2,0.2222222222222222
embracenet,53,12,emg+imu,2,1.0
embracenet,53,13,emg+imu,2,1.0
embracenet,53,30,emg+imu,2,1.0
embracenet,53,31,emg+imu,2,1.0
embracenet,53,37,emg+imu,2,0.5555555555555555
embracenet,53,52,emg+imu,2,1.0
embracenet,53,55,emg+imu,2,0.5555555555555555
embracenet,53,57,emg+imu,2,1.0
embracenet,53,58,emg+imu,2,1.0
embracenet,53,8,emg+imu+fp,3,0.3333333333333333
embracenet,53,11,emg+imu+fp,3,0.6666666666666666
embracenet,53,12,emg+imu+fp,3,1.0
embracenet,53,13,emg+imu+fp,3,1.0
embracenet,53,30,emg+imu+fp,3,1.0
embracenet,53,31,emg+imu+fp,3,1.0
embracenet,53,37,emg+imu+fp,3,1.0
embracenet,53,52,emg+imu+fp,3,1.0
embracenet,53,55,emg+imu+fp,3,0.5555555555555555
embracenet,53,57,emg+imu+fp,3,1.0
embracenet,53,58,emg+imu+fp,3,1.0
embracenet,53,8,eeg,1,0.0
embracenet,53,11,eeg,1,0.2222222222222222
embracenet,53,12,eeg,1,0.16666666666666666
embracenet,53,13,eeg,1,0.16666666666666666
embracenet,53,30,eeg,1,0.16666666666666666
embracenet,53,31,eeg,1,0.0
embracenet,53,37,eeg,1,0.16666666666666666
embracenet,53,52,eeg,1,0.16666666666666666
embracenet,53,55,eeg,1,0.5555555555555555
embracenet,53,57,eeg,1,0.5555555555555555
embracenet,53,58,eeg,1,0.5555555555555555
embracenet,53,8,eeg+fp,2,0.3333333333333333
embracenet,53,11,eeg+fp,2,0.6666666666666666
embracenet,53,12,eeg+fp,2,1.0
embracenet,53,13,eeg+fp,2,0.5555555555555555
embracenet,53,30,eeg+fp,2,1.0
embracenet,53,31,eeg+fp,2,1.0
embracenet,53,37,eeg+fp,2,1.0
embracenet,53,52,eeg+fp,2,1.0
embracenet,53,55,eeg+fp,2,0.5555555555555555
embracenet,53,57,eeg+fp,2,1.0
embracenet,53,58,eeg+fp,2,1.0
embracenet,53,8,eeg+imu,2,0.0
embracenet,53,11,eeg+imu,2,0.2222222222222222
embracenet,53,12,eeg+imu,2,1.0
embracenet,53,13,eeg+imu,2,1.0
embracenet,53,30,eeg+imu,2,1.0
embracenet,53,31,eeg+imu,2,1.0
embracenet,53,37,eeg+imu,2,0.5555555555555555
embracenet,53,52,eeg+imu,2,1.0
embracenet,53,55,eeg+imu,2,0.5555555555555555
embracenet,53,57,eeg+imu,2,1.0
embracenet,53,58,eeg+imu,2,1.0
embracenet,53,8,eeg+imu+fp,3,0.3333333333333333
embracenet,53,11,eeg+imu+fp,3,0.6666666666666666
embracenet,53,12,eeg+imu+fp,3,1.0
embracenet,53,13,eeg+imu+fp,3,1.0
embracenet,53,30,eeg+imu+fp,3,1.0
embracenet,53,31,eeg+imu+fp,3,1.0
embracenet,53,37,eeg+imu+fp,3,1.0
embracenet,53,52,eeg+imu+fp,3,1.0
embracenet,53,55,eeg+imu+fp,3,0.5555555555555555
embracenet,53,57,eeg+imu+fp,3,1.0
embracenet,53,58,eeg+imu+fp,3,1.0
embracenet,53,8,eeg+emg,2,0.0
embracenet,53,11,eeg+emg,2,0.2222222222222222
embracenet,53,12,eeg+emg,2,0.16666666666666666
embracenet,53,13,eeg+emg,2,0.5555555555555555
embracenet,53,30,eeg+emg,2,0.16666666666666666
embracenet,53,31,eeg+emg,2,0.2222222222222222
embracenet,53,37,eeg+emg,2,0.5555555555555555
embracenet,53,52,eeg+emg,2,0.2222222222222222
embracenet,53,55,eeg+emg,2,0.2222222222222222
embracenet,53,57,eeg+emg,2,0.2222222222222222
embracenet,53,58,eeg+emg,2,0.5555555555555555
embracenet,53,8,eeg+emg+fp,3,0.3333333333333333
embracenet,53,11,eeg+emg+fp,3,0.6666666666666666
embracenet,53,12,eeg+emg+fp,3,1.0
embracenet,53,13,eeg+emg+fp,3,0.5555555555555555
embracenet,53,30,eeg+emg+fp,3,1.0
embracenet,53,31,eeg+emg+fp,3,1.0
embracenet,53,37,eeg+emg+fp,3,1.0
embracenet,53,52,eeg+emg+fp,3,1.0
embracenet,53,55,eeg+emg+fp,3,0.2222222222222222
embracenet,53,57,eeg+emg+fp,3,1.0
embracenet,53,58,eeg+emg+fp,3,1.0
embracenet,53,8,eeg+emg+imu,3,0.0
embracenet,53,11,eeg+emg+imu,3,0.2222222222222222
embracenet,53,12,eeg+emg+imu,3,1.0
embracenet,53,13,eeg+emg+imu,3,1.0
embracenet,53,30,eeg+emg+imu,3,1.0
embracenet,53,31,eeg+emg+imu,3,1.0
embracenet,53,37,eeg+emg+imu,3,0.5555555555555555
embracenet,53,52,eeg+emg+imu,3,1.0
embracenet,53,55,eeg+emg+imu,3,0.5555555555555555
embracenet,53,57,eeg+emg+imu,3,1.0
embracenet,53,58,eeg+emg+imu,3,1.0
embracenet,53,8,eeg+emg+imu+fp,4,0.3333333333333333
embracenet,53,11,eeg+emg+imu+fp,4,0.6666666666666666
embracenet,53,12,eeg+emg+imu+fp,4,1.0
embracenet,53,13,eeg+emg+imu+fp,4,1.0
embracenet,53,30,eeg+emg+imu+fp,4,1.0
embracenet,53,31,eeg+emg+imu+fp,4,1.0
embracenet,53,37,eeg+emg+imu+fp,4,1.0
embracenet,53,52,eeg+emg+imu+fp,4,1.0
embracenet,53,55,eeg+emg+imu+fp,4,0.5555555555555555
embracenet,53,57,eeg+emg+imu+fp,4,1.0
embracenet,53,58,eeg+emg+imu+fp,4,1.0
rapid_embracenet_fasca_kd,51,1,fp,1,1.0
rapid_embracenet_fasca_kd,51,10,fp,1,1.0
rapid_embracenet_fasca_kd,51,15,fp,1,1.0
rapid_embracenet_fasca_kd,51,19,fp,1,1.0
rapid_embracenet_fasca_kd,51,36,fp,1,1.0
rapid_embracenet_fasca_kd,51,39,fp,1,1.0
rapid_embracenet_fasca_kd,51,40,fp,1,1.0
rapid_embracenet_fasca_kd,51,43,fp,1,0.6666666666666666
rapid_embracenet_fasca_kd,51,48,fp,1,1.0
rapid_embracenet_fasca_kd,51,49,fp,1,0.5555555555555555
rapid_embracenet_fasca_kd,51,59,fp,1,1.0
rapid_embracenet_fasca_kd,51,1,imu,1,1.0
rapid_embracenet_fasca_kd,51,10,imu,1,0.5555555555555555
rapid_embracenet_fasca_kd,51,15,imu,1,1.0
rapid_embracenet_fasca_kd,51,19,imu,1,1.0
rapid_embracenet_fasca_kd,51,36,imu,1,0.5555555555555555
rapid_embracenet_fasca_kd,51,39,imu,1,1.0
rapid_embracenet_fasca_kd,51,40,imu,1,1.0
rapid_embracenet_fasca_kd,51,43,imu,1,0.6666666666666666
rapid_embracenet_fasca_kd,51,48,imu,1,1.0
rapid_embracenet_fasca_kd,51,49,imu,1,1.0
rapid_embracenet_fasca_kd,51,59,imu,1,1.0
rapid_embracenet_fasca_kd,51,1,imu+fp,2,1.0
rapid_embracenet_fasca_kd,51,10,imu+fp,2,1.0
rapid_embracenet_fasca_kd,51,15,imu+fp,2,1.0
rapid_embracenet_fasca_kd,51,19,imu+fp,2,1.0
rapid_embracenet_fasca_kd,51,36,imu+fp,2,1.0
rapid_embracenet_fasca_kd,51,39,imu+fp,2,1.0
rapid_embracenet_fasca_kd,51,40,imu+fp,2,1.0
rapid_embracenet_fasca_kd,51,43,imu+fp,2,0.6666666666666666
rapid_embracenet_fasca_kd,51,48,imu+fp,2,1.0
rapid_embracenet_fasca_kd,51,49,imu+fp,2,1.0
rapid_embracenet_fasca_kd,51,59,imu+fp,2,1.0
rapid_embracenet_fasca_kd,51,1,emg,1,0.16666666666666666
rapid_embracenet_fasca_kd,51,10,emg,1,0.16666666666666666
rapid_embracenet_fasca_kd,51,15,emg,1,0.2222222222222222
rapid_embracenet_fasca_kd,51,19,emg,1,0.16666666666666666
rapid_embracenet_fasca_kd,51,36,emg,1,0.5555555555555555
rapid_embracenet_fasca_kd,51,39,emg,1,0.16666666666666666
rapid_embracenet_fasca_kd,51,40,emg,1,0.2222222222222222
rapid_embracenet_fasca_kd,51,43,emg,1,0.6666666666666666
rapid_embracenet_fasca_kd,51,48,emg,1,0.3333333333333333
rapid_embracenet_fasca_kd,51,49,emg,1,1.0
rapid_embracenet_fasca_kd,51,59,emg,1,1.0
rapid_embracenet_fasca_kd,51,1,emg+fp,2,1.0
rapid_embracenet_fasca_kd,51,10,emg+fp,2,1.0
rapid_embracenet_fasca_kd,51,15,emg+fp,2,1.0
rapid_embracenet_fasca_kd,51,19,emg+fp,2,1.0
rapid_embracenet_fasca_kd,51,36,emg+fp,2,1.0
rapid_embracenet_fasca_kd,51,39,emg+fp,2,1.0
rapid_embracenet_fasca_kd,51,40,emg+fp,2,1.0
rapid_embracenet_fasca_kd,51,43,emg+fp,2,0.6666666666666666
rapid_embracenet_fasca_kd,51,48,emg+fp,2,1.0
rapid_embracenet_fasca_kd,51,49,emg+fp,2,1.0
rapid_embracenet_fasca_kd,51,59,emg+fp,2,1.0
rapid_embracenet_fasca_kd,51,1,emg+imu,2,1.0
rapid_embracenet_fasca_kd,51,10,emg+imu,2,0.5555555555555555
rapid_embracenet_fasca_kd,51,15,emg+imu,2,1.0
rapid_embracenet_fasca_kd,51,19,emg+imu,2,1.0
rapid_embracenet_fasca_kd,51,36,emg+imu,2,0.5555555555555555
rapid_embracenet_fasca_kd,51,39,emg+imu,2,1.0
rapid_embracenet_fasca_kd,51,40,emg+imu,2,1.0
rapid_embracenet_fasca_kd,51,43,emg+imu,2,0.6666666666666666
rapid_embracenet_fasca_kd,51,48,emg+imu,2,1.0
rapid_embracenet_fasca_kd,51,49,emg+imu,2,1.0
rapid_embracenet_fasca_kd,51,59,emg+imu,2,1.0
rapid_embracenet_fasca_kd,51,1,emg+imu+fp,3,1.0
rapid_embracenet_fasca_kd,51,10,emg+imu+fp,3,1.0
rapid_embracenet_fasca_kd,51,15,emg+imu+fp,3,1.0
rapid_embracenet_fasca_kd,51,19,emg+imu+fp,3,1.0
rapid_embracenet_fasca_kd,51,36,emg+imu+fp,3,1.0
rapid_embracenet_fasca_kd,51,39,emg+imu+fp,3,1.0
rapid_embracenet_fasca_kd,51,40,emg+imu+fp,3,1.0
rapid_embracenet_fasca_kd,51,43,emg+imu+fp,3,0.6666666666666666
rapid_embracenet_fasca_kd,51,48,emg+imu+fp,3,1.0
rapid_embracenet_fasca_kd,51,49,emg+imu+fp,3,1.0
rapid_embracenet_fasca_kd,51,59,emg+imu+fp,3,1.0
rapid_embracenet_fasca_kd,51,1,eeg,1,0.5555555555555555
rapid_embracenet_fasca_kd,51,10,eeg,1,1.0
rapid_embracenet_fasca_kd,51,15,eeg,1,0.2222222222222222
rapid_embracenet_fasca_kd,51,19,eeg,1,0.2222222222222222
rapid_embracenet_fasca_kd,51,36,eeg,1,0.2222222222222222
rapid_embracenet_fasca_kd,51,39,eeg,1,0.5555555555555555
rapid_embracenet_fasca_kd,51,40,eeg,1,0.2222222222222222
rapid_embracenet_fasca_kd,51,43,eeg,1,0.2222222222222222
rapid_embracenet_fasca_kd,51,48,eeg,1,0.2222222222222222
rapid_embracenet_fasca_kd,51,49,eeg,1,0.5555555555555555
rapid_embracenet_fasca_kd,51,59,eeg,1,0.2222222222222222
rapid_embracenet_fasca_kd,51,1,eeg+fp,2,1.0
rapid_embracenet_fasca_kd,51,10,eeg+fp,2,1.0
rapid_embracenet_fasca_kd,51,15,eeg+fp,2,1.0
rapid_embracenet_fasca_kd,51,19,eeg+fp,2,1.0
rapid_embracenet_fasca_kd,51,36,eeg+fp,2,1.0
rapid_embracenet_fasca_kd,51,39,eeg+fp,2,1.0
rapid_embracenet_fasca_kd,51,40,eeg+fp,2,1.0
rapid_embracenet_fasca_kd,51,43,eeg+fp,2,0.6666666666666666
rapid_embracenet_fasca_kd,51,48,eeg+fp,2,1.0
rapid_embracenet_fasca_kd,51,49,eeg+fp,2,0.5555555555555555
rapid_embracenet_fasca_kd,51,59,eeg+fp,2,1.0
rapid_embracenet_fasca_kd,51,1,eeg+imu,2,1.0
rapid_embracenet_fasca_kd,51,10,eeg+imu,2,0.5555555555555555
rapid_embracenet_fasca_kd,51,15,eeg+imu,2,1.0
rapid_embracenet_fasca_kd,51,19,eeg+imu,2,1.0
rapid_embracenet_fasca_kd,51,36,eeg+imu,2,0.5555555555555555
rapid_embracenet_fasca_kd,51,39,eeg+imu,2,1.0
rapid_embracenet_fasca_kd,51,40,eeg+imu,2,1.0
rapid_embracenet_fasca_kd,51,43,eeg+imu,2,0.6666666666666666
rapid_embracenet_fasca_kd,51,48,eeg+imu,2,1.0
rapid_embracenet_fasca_kd,51,49,eeg+imu,2,1.0
rapid_embracenet_fasca_kd,51,59,eeg+imu,2,1.0
rapid_embracenet_fasca_kd,51,1,eeg+imu+fp,3,1.0
rapid_embracenet_fasca_kd,51,10,eeg+imu+fp,3,1.0
rapid_embracenet_fasca_kd,51,15,eeg+imu+fp,3,1.0
rapid_embracenet_fasca_kd,51,19,eeg+imu+fp,3,1.0
rapid_embracenet_fasca_kd,51,36,eeg+imu+fp,3,1.0
rapid_embracenet_fasca_kd,51,39,eeg+imu+fp,3,1.0
rapid_embracenet_fasca_kd,51,40,eeg+imu+fp,3,1.0
rapid_embracenet_fasca_kd,51,43,eeg+imu+fp,3,0.6666666666666666
rapid_embracenet_fasca_kd,51,48,eeg+imu+fp,3,1.0
rapid_embracenet_fasca_kd,51,49,eeg+imu+fp,3,1.0
rapid_embracenet_fasca_kd,51,59,eeg+imu+fp,3,1.0
rapid_embracenet_fasca_kd,51,1,eeg+emg,2,0.2222222222222222
rapid_embracenet_fasca_kd,51,10,eeg+emg,2,0.16666666666666666
rapid_embracenet_fasca_kd,51,15,eeg+emg,2,1.0
rapid_embracenet_fasca_kd,51,19,eeg+emg,2,0.2222222222222222
rapid_embracenet_fasca_kd,51,36,eeg+emg,2,0.5555555555555555
rapid_embracenet_fasca_kd,51,39,eeg+emg,2,0.16666666666666666
rapid_embracenet_fasca_kd,51,40,eeg+emg,2,0.5555555555555555
rapid_embracenet_fasca_kd,51,43,eeg+emg,2,0.6666666666666666
rapid_embracenet_fasca_kd,51,48,eeg+emg,2,0.2222222222222222
rapid_embracenet_fasca_kd,51,49,eeg+emg,2,1.0
rapid_embracenet_fasca_kd,51,59,eeg+emg,2,1.0
rapid_embracenet_fasca_kd,51,1,eeg+emg+fp,3,1.0
rapid_embracenet_fasca_kd,51,10,eeg+emg+fp,3,1.0
rapid_embracenet_fasca_kd,51,15,eeg+emg+fp,3,1.0
rapid_embracenet_fasca_kd,51,19,eeg+emg+fp,3,1.0
rapid_embracenet_fasca_kd,51,36,eeg+emg+fp,3,1.0
rapid_embracenet_fasca_kd,51,39,eeg+emg+fp,3,1.0
rapid_embracenet_fasca_kd,51,40,eeg+emg+fp,3,1.0
rapid_embracenet_fasca_kd,51,43,eeg+emg+fp,3,0.6666666666666666
rapid_embracenet_fasca_kd,51,48,eeg+emg+fp,3,1.0
rapid_embracenet_fasca_kd,51,49,eeg+emg+fp,3,0.5555555555555555
rapid_embracenet_fasca_kd,51,59,eeg+emg+fp,3,1.0
rapid_embracenet_fasca_kd,51,1,eeg+emg+imu,3,1.0
rapid_embracenet_fasca_kd,51,10,eeg+emg+imu,3,0.5555555555555555
rapid_embracenet_fasca_kd,51,15,eeg+emg+imu,3,1.0
rapid_embracenet_fasca_kd,51,19,eeg+emg+imu,3,1.0
rapid_embracenet_fasca_kd,51,36,eeg+emg+imu,3,0.5555555555555555
rapid_embracenet_fasca_kd,51,39,eeg+emg+imu,3,1.0
rapid_embracenet_fasca_kd,51,40,eeg+emg+imu,3,1.0
rapid_embracenet_fasca_kd,51,43,eeg+emg+imu,3,0.6666666666666666
rapid_embracenet_fasca_kd,51,48,eeg+emg+imu,3,1.0
rapid_embracenet_fasca_kd,51,49,eeg+emg+imu,3,1.0
rapid_embracenet_fasca_kd,51,59,eeg+emg+imu,3,1.0
rapid_embracenet_fasca_kd,51,1,eeg+emg+imu+fp,4,1.0
rapid_embracenet_fasca_kd,51,10,eeg+emg+imu+fp,4,1.0
rapid_embracenet_fasca_kd,51,15,eeg+emg+imu+fp,4,1.0
rapid_embracenet_fasca_kd,51,19,eeg+emg+imu+fp,4,1.0
rapid_embracenet_fasca_kd,51,36,eeg+emg+imu+fp,4,1.0
rapid_embracenet_fasca_kd,51,39,eeg+emg+imu+fp,4,1.0
rapid_embracenet_fasca_kd,51,40,eeg+emg+imu+fp,4,1.0
rapid_embracenet_fasca_kd,51,43,eeg+emg+imu+fp,4,0.6666666666666666
rapid_embracenet_fasca_kd,51,48,eeg+emg+imu+fp,4,1.0
rapid_embracenet_fasca_kd,51,49,eeg+emg+imu+fp,4,1.0
rapid_embracenet_fasca_kd,51,59,eeg+emg+imu+fp,4,1.0
rapid_embracenet_fasca_kd,52,1,fp,1,1.0
rapid_embracenet_fasca_kd,52,10,fp,1,1.0
rapid_embracenet_fasca_kd,52,15,fp,1,1.0
rapid_embracenet_fasca_kd,52,19,fp,1,1.0
rapid_embracenet_fasca_kd,52,36,fp,1,1.0
rapid_embracenet_fasca_kd,52,39,fp,1,1.0
rapid_embracenet_fasca_kd,52,40,fp,1,1.0
rapid_embracenet_fasca_kd,52,43,fp,1,0.6666666666666666
rapid_embracenet_fasca_kd,52,48,fp,1,1.0
rapid_embracenet_fasca_kd,52,49,fp,1,1.0
rapid_embracenet_fasca_kd,52,59,fp,1,1.0
rapid_embracenet_fasca_kd,52,1,imu,1,1.0
rapid_embracenet_fasca_kd,52,10,imu,1,1.0
rapid_embracenet_fasca_kd,52,15,imu,1,1.0
rapid_embracenet_fasca_kd,52,19,imu,1,1.0
rapid_embracenet_fasca_kd,52,36,imu,1,0.5555555555555555
rapid_embracenet_fasca_kd,52,39,imu,1,1.0
rapid_embracenet_fasca_kd,52,40,imu,1,1.0
rapid_embracenet_fasca_kd,52,43,imu,1,0.6666666666666666
rapid_embracenet_fasca_kd,52,48,imu,1,1.0
rapid_embracenet_fasca_kd,52,49,imu,1,1.0
rapid_embracenet_fasca_kd,52,59,imu,1,1.0
rapid_embracenet_fasca_kd,52,1,imu+fp,2,1.0
rapid_embracenet_fasca_kd,52,10,imu+fp,2,1.0
rapid_embracenet_fasca_kd,52,15,imu+fp,2,1.0
rapid_embracenet_fasca_kd,52,19,imu+fp,2,1.0
rapid_embracenet_fasca_kd,52,36,imu+fp,2,0.5555555555555555
rapid_embracenet_fasca_kd,52,39,imu+fp,2,1.0
rapid_embracenet_fasca_kd,52,40,imu+fp,2,1.0
rapid_embracenet_fasca_kd,52,43,imu+fp,2,0.6666666666666666
rapid_embracenet_fasca_kd,52,48,imu+fp,2,1.0
rapid_embracenet_fasca_kd,52,49,imu+fp,2,1.0
rapid_embracenet_fasca_kd,52,59,imu+fp,2,1.0
rapid_embracenet_fasca_kd,52,1,emg,1,0.2222222222222222
rapid_embracenet_fasca_kd,52,10,emg,1,0.2222222222222222
rapid_embracenet_fasca_kd,52,15,emg,1,0.5555555555555555
rapid_embracenet_fasca_kd,52,19,emg,1,0.2222222222222222
rapid_embracenet_fasca_kd,52,36,emg,1,0.5555555555555555
rapid_embracenet_fasca_kd,52,39,emg,1,0.16666666666666666
rapid_embracenet_fasca_kd,52,40,emg,1,0.5555555555555555
rapid_embracenet_fasca_kd,52,43,emg,1,0.2222222222222222
rapid_embracenet_fasca_kd,52,48,emg,1,0.2222222222222222
rapid_embracenet_fasca_kd,52,49,emg,1,1.0
rapid_embracenet_fasca_kd,52,59,emg,1,0.2222222222222222
rapid_embracenet_fasca_kd,52,1,emg+fp,2,1.0
rapid_embracenet_fasca_kd,52,10,emg+fp,2,0.5555555555555555
rapid_embracenet_fasca_kd,52,15,emg+fp,2,1.0
rapid_embracenet_fasca_kd,52,19,emg+fp,2,1.0
rapid_embracenet_fasca_kd,52,36,emg+fp,2,1.0
rapid_embracenet_fasca_kd,52,39,emg+fp,2,0.5555555555555555
rapid_embracenet_fasca_kd,52,40,emg+fp,2,1.0
rapid_embracenet_fasca_kd,52,43,emg+fp,2,0.6666666666666666
rapid_embracenet_fasca_kd,52,48,emg+fp,2,1.0
rapid_embracenet_fasca_kd,52,49,emg+fp,2,1.0
rapid_embracenet_fasca_kd,52,59,emg+fp,2,1.0
rapid_embracenet_fasca_kd,52,1,emg+imu,2,1.0
rapid_embracenet_fasca_kd,52,10,emg+imu,2,1.0
rapid_embracenet_fasca_kd,52,15,emg+imu,2,1.0
rapid_embracenet_fasca_kd,52,19,emg+imu,2,1.0
rapid_embracenet_fasca_kd,52,36,emg+imu,2,0.5555555555555555
rapid_embracenet_fasca_kd,52,39,emg+imu,2,1.0
rapid_embracenet_fasca_kd,52,40,emg+imu,2,1.0
rapid_embracenet_fasca_kd,52,43,emg+imu,2,0.6666666666666666
rapid_embracenet_fasca_kd,52,48,emg+imu,2,1.0
rapid_embracenet_fasca_kd,52,49,emg+imu,2,1.0
rapid_embracenet_fasca_kd,52,59,emg+imu,2,1.0
rapid_embracenet_fasca_kd,52,1,emg+imu+fp,3,1.0
rapid_embracenet_fasca_kd,52,10,emg+imu+fp,3,1.0
rapid_embracenet_fasca_kd,52,15,emg+imu+fp,3,1.0
rapid_embracenet_fasca_kd,52,19,emg+imu+fp,3,1.0
rapid_embracenet_fasca_kd,52,36,emg+imu+fp,3,1.0
rapid_embracenet_fasca_kd,52,39,emg+imu+fp,3,1.0
rapid_embracenet_fasca_kd,52,40,emg+imu+fp,3,1.0
rapid_embracenet_fasca_kd,52,43,emg+imu+fp,3,0.6666666666666666
rapid_embracenet_fasca_kd,52,48,emg+imu+fp,3,1.0
rapid_embracenet_fasca_kd,52,49,emg+imu+fp,3,1.0
rapid_embracenet_fasca_kd,52,59,emg+imu+fp,3,1.0
rapid_embracenet_fasca_kd,52,1,eeg,1,0.5555555555555555
rapid_embracenet_fasca_kd,52,10,eeg,1,0.2222222222222222
rapid_embracenet_fasca_kd,52,15,eeg,1,0.2222222222222222
rapid_embracenet_fasca_kd,52,19,eeg,1,0.5555555555555555
rapid_embracenet_fasca_kd,52,36,eeg,1,0.16666666666666666
rapid_embracenet_fasca_kd,52,39,eeg,1,0.5555555555555555
rapid_embracenet_fasca_kd,52,40,eeg,1,0.5555555555555555
rapid_embracenet_fasca_kd,52,43,eeg,1,0.2222222222222222
rapid_embracenet_fasca_kd,52,48,eeg,1,0.5555555555555555
rapid_embracenet_fasca_kd,52,49,eeg,1,0.16666666666666666
rapid_embracenet_fasca_kd,52,59,eeg,1,1.0
rapid_embracenet_fasca_kd,52,1,eeg+fp,2,1.0
rapid_embracenet_fasca_kd,52,10,eeg+fp,2,1.0
rapid_embracenet_fasca_kd,52,15,eeg+fp,2,1.0
rapid_embracenet_fasca_kd,52,19,eeg+fp,2,1.0
rapid_embracenet_fasca_kd,52,36,eeg+fp,2,1.0
rapid_embracenet_fasca_kd,52,39,eeg+fp,2,1.0
rapid_embracenet_fasca_kd,52,40,eeg+fp,2,1.0
rapid_embracenet_fasca_kd,52,43,eeg+fp,2,0.6666666666666666
rapid_embracenet_fasca_kd,52,48,eeg+fp,2,1.0
rapid_embracenet_fasca_kd,52,49,eeg+fp,2,1.0
rapid_embracenet_fasca_kd,52,59,eeg+fp,2,1.0
rapid_embracenet_fasca_kd,52,1,eeg+imu,2,1.0
rapid_embracenet_fasca_kd,52,10,eeg+imu,2,1.0
rapid_embracenet_fasca_kd,52,15,eeg+imu,2,1.0
rapid_embracenet_fasca_kd,52,19,eeg+imu,2,1.0
rapid_embracenet_fasca_kd,52,36,eeg+imu,2,0.5555555555555555
rapid_embracenet_fasca_kd,52,39,eeg+imu,2,1.0
rapid_embracenet_fasca_kd,52,40,eeg+imu,2,1.0
rapid_embracenet_fasca_kd,52,43,eeg+imu,2,0.6666666666666666
rapid_embracenet_fasca_kd,52,48,eeg+imu,2,1.0
rapid_embracenet_fasca_kd,52,49,eeg+imu,2,1.0
rapid_embracenet_fasca_kd,52,59,eeg+imu,2,1.0
rapid_embracenet_fasca_kd,52,1,eeg+imu+fp,3,1.0
rapid_embracenet_fasca_kd,52,10,eeg+imu+fp,3,1.0
rapid_embracenet_fasca_kd,52,15,eeg+imu+fp,3,1.0
rapid_embracenet_fasca_kd,52,19,eeg+imu+fp,3,1.0
rapid_embracenet_fasca_kd,52,36,eeg+imu+fp,3,0.5555555555555555
rapid_embracenet_fasca_kd,52,39,eeg+imu+fp,3,1.0
rapid_embracenet_fasca_kd,52,40,eeg+imu+fp,3,1.0
rapid_embracenet_fasca_kd,52,43,eeg+imu+fp,3,0.6666666666666666
rapid_embracenet_fasca_kd,52,48,eeg+imu+fp,3,1.0
rapid_embracenet_fasca_kd,52,49,eeg+imu+fp,3,1.0
rapid_embracenet_fasca_kd,52,59,eeg+imu+fp,3,1.0
rapid_embracenet_fasca_kd,52,1,eeg+emg,2,0.2222222222222222
rapid_embracenet_fasca_kd,52,10,eeg+emg,2,0.2222222222222222
rapid_embracenet_fasca_kd,52,15,eeg+emg,2,0.5555555555555555
rapid_embracenet_fasca_kd,52,19,eeg+emg,2,0.2222222222222222
rapid_embracenet_fasca_kd,52,36,eeg+emg,2,1.0
rapid_embracenet_fasca_kd,52,39,eeg+emg,2,0.16666666666666666
rapid_embracenet_fasca_kd,52,40,eeg+emg,2,0.5555555555555555
rapid_embracenet_fasca_kd,52,43,eeg+emg,2,0.2222222222222222
rapid_embracenet_fasca_kd,52,48,eeg+emg,2,0.2222222222222222
rapid_embracenet_fasca_kd,52,49,eeg+emg,2,1.0
rapid_embracenet_fasca_kd,52,59,eeg+emg,2,0.2222222222222222
rapid_embracenet_fasca_kd,52,1,eeg+emg+fp,3,1.0
rapid_embracenet_fasca_kd,52,10,eeg+emg+fp,3,0.5555555555555555
rapid_embracenet_fasca_kd,52,15,eeg+emg+fp,3,1.0
rapid_embracenet_fasca_kd,52,19,eeg+emg+fp,3,1.0
rapid_embracenet_fasca_kd,52,36,eeg+emg+fp,3,1.0
rapid_embracenet_fasca_kd,52,39,eeg+emg+fp,3,0.5555555555555555
rapid_embracenet_fasca_kd,52,40,eeg+emg+fp,3,1.0
rapid_embracenet_fasca_kd,52,43,eeg+emg+fp,3,0.6666666666666666
rapid_embracenet_fasca_kd,52,48,eeg+emg+fp,3,1.0
rapid_embracenet_fasca_kd,52,49,eeg+emg+fp,3,1.0
rapid_embracenet_fasca_kd,52,59,eeg+emg+fp,3,1.0
rapid_embracenet_fasca_kd,52,1,eeg+emg+imu,3,1.0
rapid_embracenet_fasca_kd,52,10,eeg+emg+imu,3,1.0
rapid_embracenet_fasca_kd,52,15,eeg+emg+imu,3,1.0
rapid_embracenet_fasca_kd,52,19,eeg+emg+imu,3,1.0
rapid_embracenet_fasca_kd,52,36,eeg+emg+imu,3,0.5555555555555555
rapid_embracenet_fasca_kd,52,39,eeg+emg+imu,3,1.0
rapid_embracenet_fasca_kd,52,40,eeg+emg+imu,3,1.0
rapid_embracenet_fasca_kd,52,43,eeg+emg+imu,3,0.6666666666666666
rapid_embracenet_fasca_kd,52,48,eeg+emg+imu,3,1.0
rapid_embracenet_fasca_kd,52,49,eeg+emg+imu,3,1.0
rapid_embracenet_fasca_kd,52,59,eeg+emg+imu,3,1.0
rapid_embracenet_fasca_kd,52,1,eeg+emg+imu+fp,4,1.0
rapid_embracenet_fasca_kd,52,10,eeg+emg+imu+fp,4,1.0
rapid_embracenet_fasca_kd,52,15,eeg+emg+imu+fp,4,1.0
rapid_embracenet_fasca_kd,52,19,eeg+emg+imu+fp,4,1.0
rapid_embracenet_fasca_kd,52,36,eeg+emg+imu+fp,4,1.0
rapid_embracenet_fasca_kd,52,39,eeg+emg+imu+fp,4,1.0
rapid_embracenet_fasca_kd,52,40,eeg+emg+imu+fp,4,1.0
rapid_embracenet_fasca_kd,52,43,eeg+emg+imu+fp,4,0.6666666666666666
rapid_embracenet_fasca_kd,52,48,eeg+emg+imu+fp,4,1.0
rapid_embracenet_fasca_kd,52,49,eeg+emg+imu+fp,4,1.0
rapid_embracenet_fasca_kd,52,59,eeg+emg+imu+fp,4,1.0
rapid_embracenet_fasca_kd,53,1,fp,1,1.0
rapid_embracenet_fasca_kd,53,10,fp,1,1.0
rapid_embracenet_fasca_kd,53,15,fp,1,1.0
rapid_embracenet_fasca_kd,53,19,fp,1,1.0
rapid_embracenet_fasca_kd,53,36,fp,1,1.0
rapid_embracenet_fasca_kd,53,39,fp,1,1.0
rapid_embracenet_fasca_kd,53,40,fp,1,1.0
rapid_embracenet_fasca_kd,53,43,fp,1,0.6666666666666666
rapid_embracenet_fasca_kd,53,48,fp,1,1.0
rapid_embracenet_fasca_kd,53,49,fp,1,1.0
rapid_embracenet_fasca_kd,53,59,fp,1,1.0
rapid_embracenet_fasca_kd,53,1,imu,1,1.0
rapid_embracenet_fasca_kd,53,10,imu,1,0.5555555555555555
rapid_embracenet_fasca_kd,53,15,imu,1,1.0
rapid_embracenet_fasca_kd,53,19,imu,1,1.0
rapid_embracenet_fasca_kd,53,36,imu,1,1.0
rapid_embracenet_fasca_kd,53,39,imu,1,1.0
rapid_embracenet_fasca_kd,53,40,imu,1,1.0
rapid_embracenet_fasca_kd,53,43,imu,1,0.6666666666666666
rapid_embracenet_fasca_kd,53,48,imu,1,1.0
rapid_embracenet_fasca_kd,53,49,imu,1,1.0
rapid_embracenet_fasca_kd,53,59,imu,1,1.0
rapid_embracenet_fasca_kd,53,1,imu+fp,2,1.0
rapid_embracenet_fasca_kd,53,10,imu+fp,2,1.0
rapid_embracenet_fasca_kd,53,15,imu+fp,2,1.0
rapid_embracenet_fasca_kd,53,19,imu+fp,2,1.0
rapid_embracenet_fasca_kd,53,36,imu+fp,2,1.0
rapid_embracenet_fasca_kd,53,39,imu+fp,2,1.0
rapid_embracenet_fasca_kd,53,40,imu+fp,2,1.0
rapid_embracenet_fasca_kd,53,43,imu+fp,2,0.6666666666666666
rapid_embracenet_fasca_kd,53,48,imu+fp,2,1.0
rapid_embracenet_fasca_kd,53,49,imu+fp,2,1.0
rapid_embracenet_fasca_kd,53,59,imu+fp,2,1.0
rapid_embracenet_fasca_kd,53,1,emg,1,0.16666666666666666
rapid_embracenet_fasca_kd,53,10,emg,1,0.2222222222222222
rapid_embracenet_fasca_kd,53,15,emg,1,0.16666666666666666
rapid_embracenet_fasca_kd,53,19,emg,1,0.2222222222222222
rapid_embracenet_fasca_kd,53,36,emg,1,0.5555555555555555
rapid_embracenet_fasca_kd,53,39,emg,1,0.16666666666666666
rapid_embracenet_fasca_kd,53,40,emg,1,0.5555555555555555
rapid_embracenet_fasca_kd,53,43,emg,1,0.6666666666666666
rapid_embracenet_fasca_kd,53,48,emg,1,0.3333333333333333
rapid_embracenet_fasca_kd,53,49,emg,1,0.5555555555555555
rapid_embracenet_fasca_kd,53,59,emg,1,0.5555555555555555
rapid_embracenet_fasca_kd,53,1,emg+fp,2,1.0
rapid_embracenet_fasca_kd,53,10,emg+fp,2,1.0
rapid_embracenet_fasca_kd,53,15,emg+fp,2,1.0
rapid_embracenet_fasca_kd,53,19,emg+fp,2,1.0
rapid_embracenet_fasca_kd,53,36,emg+fp,2,1.0
rapid_embracenet_fasca_kd,53,39,emg+fp,2,1.0
rapid_embracenet_fasca_kd,53,40,emg+fp,2,1.0
rapid_embracenet_fasca_kd,53,43,emg+fp,2,0.6666666666666666
rapid_embracenet_fasca_kd,53,48,emg+fp,2,1.0
rapid_embracenet_fasca_kd,53,49,emg+fp,2,1.0
rapid_embracenet_fasca_kd,53,59,emg+fp,2,1.0
rapid_embracenet_fasca_kd,53,1,emg+imu,2,1.0
rapid_embracenet_fasca_kd,53,10,emg+imu,2,0.5555555555555555
rapid_embracenet_fasca_kd,53,15,emg+imu,2,1.0
rapid_embracenet_fasca_kd,53,19,emg+imu,2,1.0
rapid_embracenet_fasca_kd,53,36,emg+imu,2,1.0
rapid_embracenet_fasca_kd,53,39,emg+imu,2,1.0
rapid_embracenet_fasca_kd,53,40,emg+imu,2,1.0
rapid_embracenet_fasca_kd,53,43,emg+imu,2,0.6666666666666666
rapid_embracenet_fasca_kd,53,48,emg+imu,2,1.0
rapid_embracenet_fasca_kd,53,49,emg+imu,2,1.0
rapid_embracenet_fasca_kd,53,59,emg+imu,2,1.0
rapid_embracenet_fasca_kd,53,1,emg+imu+fp,3,1.0
rapid_embracenet_fasca_kd,53,10,emg+imu+fp,3,1.0
rapid_embracenet_fasca_kd,53,15,emg+imu+fp,3,1.0
rapid_embracenet_fasca_kd,53,19,emg+imu+fp,3,1.0
rapid_embracenet_fasca_kd,53,36,emg+imu+fp,3,1.0
rapid_embracenet_fasca_kd,53,39,emg+imu+fp,3,1.0
rapid_embracenet_fasca_kd,53,40,emg+imu+fp,3,1.0
rapid_embracenet_fasca_kd,53,43,emg+imu+fp,3,0.6666666666666666
rapid_embracenet_fasca_kd,53,48,emg+imu+fp,3,1.0
rapid_embracenet_fasca_kd,53,49,emg+imu+fp,3,1.0
rapid_embracenet_fasca_kd,53,59,emg+imu+fp,3,1.0
rapid_embracenet_fasca_kd,53,1,eeg,1,1.0
rapid_embracenet_fasca_kd,53,10,eeg,1,0.2222222222222222
rapid_embracenet_fasca_kd,53,15,eeg,1,0.2222222222222222
rapid_embracenet_fasca_kd,53,19,eeg,1,0.2222222222222222
rapid_embracenet_fasca_kd,53,36,eeg,1,0.2222222222222222
rapid_embracenet_fasca_kd,53,39,eeg,1,0.16666666666666666
rapid_embracenet_fasca_kd,53,40,eeg,1,0.5555555555555555
rapid_embracenet_fasca_kd,53,43,eeg,1,0.2222222222222222
rapid_embracenet_fasca_kd,53,48,eeg,1,1.0
rapid_embracenet_fasca_kd,53,49,eeg,1,0.16666666666666666
rapid_embracenet_fasca_kd,53,59,eeg,1,0.5555555555555555
rapid_embracenet_fasca_kd,53,1,eeg+fp,2,1.0
rapid_embracenet_fasca_kd,53,10,eeg+fp,2,1.0
rapid_embracenet_fasca_kd,53,15,eeg+fp,2,1.0
rapid_embracenet_fasca_kd,53,19,eeg+fp,2,1.0
rapid_embracenet_fasca_kd,53,36,eeg+fp,2,1.0
rapid_embracenet_fasca_kd,53,39,eeg+fp,2,1.0
rapid_embracenet_fasca_kd,53,40,eeg+fp,2,1.0
rapid_embracenet_fasca_kd,53,43,eeg+fp,2,0.6666666666666666
rapid_embracenet_fasca_kd,53,48,eeg+fp,2,1.0
rapid_embracenet_fasca_kd,53,49,eeg+fp,2,1.0
rapid_embracenet_fasca_kd,53,59,eeg+fp,2,1.0
rapid_embracenet_fasca_kd,53,1,eeg+imu,2,1.0
rapid_embracenet_fasca_kd,53,10,eeg+imu,2,0.5555555555555555
rapid_embracenet_fasca_kd,53,15,eeg+imu,2,1.0
rapid_embracenet_fasca_kd,53,19,eeg+imu,2,1.0
rapid_embracenet_fasca_kd,53,36,eeg+imu,2,1.0
rapid_embracenet_fasca_kd,53,39,eeg+imu,2,1.0
rapid_embracenet_fasca_kd,53,40,eeg+imu,2,1.0
rapid_embracenet_fasca_kd,53,43,eeg+imu,2,0.6666666666666666
rapid_embracenet_fasca_kd,53,48,eeg+imu,2,1.0
rapid_embracenet_fasca_kd,53,49,eeg+imu,2,1.0
rapid_embracenet_fasca_kd,53,59,eeg+imu,2,1.0
rapid_embracenet_fasca_kd,53,1,eeg+imu+fp,3,1.0
rapid_embracenet_fasca_kd,53,10,eeg+imu+fp,3,1.0
rapid_embracenet_fasca_kd,53,15,eeg+imu+fp,3,1.0
rapid_embracenet_fasca_kd,53,19,eeg+imu+fp,3,1.0
rapid_embracenet_fasca_kd,53,36,eeg+imu+fp,3,1.0
rapid_embracenet_fasca_kd,53,39,eeg+imu+fp,3,1.0
rapid_embracenet_fasca_kd,53,40,eeg+imu+fp,3,1.0
rapid_embracenet_fasca_kd,53,43,eeg+imu+fp,3,0.6666666666666666
rapid_embracenet_fasca_kd,53,48,eeg+imu+fp,3,1.0
rapid_embracenet_fasca_kd,53,49,eeg+imu+fp,3,1.0
rapid_embracenet_fasca_kd,53,59,eeg+imu+fp,3,1.0
rapid_embracenet_fasca_kd,53,1,eeg+emg,2,0.16666666666666666
rapid_embracenet_fasca_kd,53,10,eeg+emg,2,0.2222222222222222
rapid_embracenet_fasca_kd,53,15,eeg+emg,2,0.5555555555555555
rapid_embracenet_fasca_kd,53,19,eeg+emg,2,0.2222222222222222
rapid_embracenet_fasca_kd,53,36,eeg+emg,2,0.16666666666666666
rapid_embracenet_fasca_kd,53,39,eeg+emg,2,0.16666666666666666
rapid_embracenet_fasca_kd,53,40,eeg+emg,2,1.0
rapid_embracenet_fasca_kd,53,43,eeg+emg,2,0.6666666666666666
rapid_embracenet_fasca_kd,53,48,eeg+emg,2,0.3333333333333333
rapid_embracenet_fasca_kd,53,49,eeg+emg,2,0.5555555555555555
rapid_embracenet_fasca_kd,53,59,eeg+emg,2,0.5555555555555555
rapid_embracenet_fasca_kd,53,1,eeg+emg+fp,3,1.0
rapid_embracenet_fasca_kd,53,10,eeg+emg+fp,3,1.0
rapid_embracenet_fasca_kd,53,15,eeg+emg+fp,3,1.0
rapid_embracenet_fasca_kd,53,19,eeg+emg+fp,3,1.0
rapid_embracenet_fasca_kd,53,36,eeg+emg+fp,3,1.0
rapid_embracenet_fasca_kd,53,39,eeg+emg+fp,3,1.0
rapid_embracenet_fasca_kd,53,40,eeg+emg+fp,3,1.0
rapid_embracenet_fasca_kd,53,43,eeg+emg+fp,3,0.6666666666666666
rapid_embracenet_fasca_kd,53,48,eeg+emg+fp,3,1.0
rapid_embracenet_fasca_kd,53,49,eeg+emg+fp,3,1.0
rapid_embracenet_fasca_kd,53,59,eeg+emg+fp,3,1.0
rapid_embracenet_fasca_kd,53,1,eeg+emg+imu,3,1.0
rapid_embracenet_fasca_kd,53,10,eeg+emg+imu,3,0.5555555555555555
rapid_embracenet_fasca_kd,53,15,eeg+emg+imu,3,1.0
rapid_embracenet_fasca_kd,53,19,eeg+emg+imu,3,1.0
rapid_embracenet_fasca_kd,53,36,eeg+emg+imu,3,1.0
rapid_embracenet_fasca_kd,53,39,eeg+emg+imu,3,1.0
rapid_embracenet_fasca_kd,53,40,eeg+emg+imu,3,1.0
rapid_embracenet_fasca_kd,53,43,eeg+emg+imu,3,0.6666666666666666
rapid_embracenet_fasca_kd,53,48,eeg+emg+imu,3,1.0
rapid_embracenet_fasca_kd,53,49,eeg+emg+imu,3,1.0
rapid_embracenet_fasca_kd,53,59,eeg+emg+imu,3,1.0
rapid_embracenet_fasca_kd,53,1,eeg+emg+imu+fp,4,1.0
rapid_embracenet_fasca_kd,53,10,eeg+emg+imu+fp,4,1.0
rapid_embracenet_fasca_kd,53,15,eeg+emg+imu+fp,4,1.0
rapid_embracenet_fasca_kd,53,19,eeg+emg+imu+fp,4,1.0
rapid_embracenet_fasca_kd,53,36,eeg+emg+imu+fp,4,1.0
rapid_embracenet_fasca_kd,53,39,eeg+emg+imu+fp,4,1.0
rapid_embracenet_fasca_kd,53,40,eeg+emg+imu+fp,4,1.0
rapid_embracenet_fasca_kd,53,43,eeg+emg+imu+fp,4,0.6666666666666666
rapid_embracenet_fasca_kd,53,48,eeg+emg+imu+fp,4,1.0
rapid_embracenet_fasca_kd,53,49,eeg+emg+imu+fp,4,1.0
rapid_embracenet_fasca_kd,53,59,eeg+emg+imu+fp,4,1.0
rapid_embracenet_fasca_kd,51,3,fp,1,0.3333333333333333
rapid_embracenet_fasca_kd,51,7,fp,1,1.0
rapid_embracenet_fasca_kd,51,14,fp,1,1.0
rapid_embracenet_fasca_kd,51,16,fp,1,1.0
rapid_embracenet_fasca_kd,51,21,fp,1,0.2222222222222222
rapid_embracenet_fasca_kd,51,25,fp,1,1.0
rapid_embracenet_fasca_kd,51,26,fp,1,1.0
rapid_embracenet_fasca_kd,51,27,fp,1,1.0
rapid_embracenet_fasca_kd,51,29,fp,1,0.2222222222222222
rapid_embracenet_fasca_kd,51,38,fp,1,1.0
rapid_embracenet_fasca_kd,51,46,fp,1,1.0
rapid_embracenet_fasca_kd,51,3,imu,1,0.3333333333333333
rapid_embracenet_fasca_kd,51,7,imu,1,1.0
rapid_embracenet_fasca_kd,51,14,imu,1,1.0
rapid_embracenet_fasca_kd,51,16,imu,1,1.0
rapid_embracenet_fasca_kd,51,21,imu,1,1.0
rapid_embracenet_fasca_kd,51,25,imu,1,1.0
rapid_embracenet_fasca_kd,51,26,imu,1,0.2222222222222222
rapid_embracenet_fasca_kd,51,27,imu,1,1.0
rapid_embracenet_fasca_kd,51,29,imu,1,0.5555555555555555
rapid_embracenet_fasca_kd,51,38,imu,1,1.0
rapid_embracenet_fasca_kd,51,46,imu,1,1.0
rapid_embracenet_fasca_kd,51,3,imu+fp,2,0.3333333333333333
rapid_embracenet_fasca_kd,51,7,imu+fp,2,1.0
rapid_embracenet_fasca_kd,51,14,imu+fp,2,1.0
rapid_embracenet_fasca_kd,51,16,imu+fp,2,1.0
rapid_embracenet_fasca_kd,51,21,imu+fp,2,1.0
rapid_embracenet_fasca_kd,51,25,imu+fp,2,1.0
rapid_embracenet_fasca_kd,51,26,imu+fp,2,0.2222222222222222
rapid_embracenet_fasca_kd,51,27,imu+fp,2,1.0
rapid_embracenet_fasca_kd,51,29,imu+fp,2,0.2222222222222222
rapid_embracenet_fasca_kd,51,38,imu+fp,2,1.0
rapid_embracenet_fasca_kd,51,46,imu+fp,2,1.0
rapid_embracenet_fasca_kd,51,3,emg,1,0.3333333333333333
rapid_embracenet_fasca_kd,51,7,emg,1,0.16666666666666666
rapid_embracenet_fasca_kd,51,14,emg,1,0.2222222222222222
rapid_embracenet_fasca_kd,51,16,emg,1,1.0
rapid_embracenet_fasca_kd,51,21,emg,1,0.2222222222222222
rapid_embracenet_fasca_kd,51,25,emg,1,0.16666666666666666
rapid_embracenet_fasca_kd,51,26,emg,1,0.16666666666666666
rapid_embracenet_fasca_kd,51,27,emg,1,0.16666666666666666
rapid_embracenet_fasca_kd,51,29,emg,1,1.0
rapid_embracenet_fasca_kd,51,38,emg,1,1.0
rapid_embracenet_fasca_kd,51,46,emg,1,1.0
rapid_embracenet_fasca_kd,51,3,emg+fp,2,0.3333333333333333
rapid_embracenet_fasca_kd,51,7,emg+fp,2,0.5555555555555555
rapid_embracenet_fasca_kd,51,14,emg+fp,2,0.5555555555555555
rapid_embracenet_fasca_kd,51,16,emg+fp,2,1.0
rapid_embracenet_fasca_kd,51,21,emg+fp,2,0.2222222222222222
rapid_embracenet_fasca_kd,51,25,emg+fp,2,0.5555555555555555
rapid_embracenet_fasca_kd,51,26,emg+fp,2,1.0
rapid_embracenet_fasca_kd,51,27,emg+fp,2,1.0
rapid_embracenet_fasca_kd,51,29,emg+fp,2,0.2222222222222222
rapid_embracenet_fasca_kd,51,38,emg+fp,2,1.0
rapid_embracenet_fasca_kd,51,46,emg+fp,2,1.0
rapid_embracenet_fasca_kd,51,3,emg+imu,2,0.3333333333333333
rapid_embracenet_fasca_kd,51,7,emg+imu,2,1.0
rapid_embracenet_fasca_kd,51,14,emg+imu,2,1.0
rapid_embracenet_fasca_kd,51,16,emg+imu,2,1.0
rapid_embracenet_fasca_kd,51,21,emg+imu,2,1.0
rapid_embracenet_fasca_kd,51,25,emg+imu,2,1.0
rapid_embracenet_fasca_kd,51,26,emg+imu,2,0.2222222222222222
rapid_embracenet_fasca_kd,51,27,emg+imu,2,1.0
rapid_embracenet_fasca_kd,51,29,emg+imu,2,0.5555555555555555
rapid_embracenet_fasca_kd,51,38,emg+imu,2,1.0
rapid_embracenet_fasca_kd,51,46,emg+imu,2,1.0
rapid_embracenet_fasca_kd,51,3,emg+imu+fp,3,0.3333333333333333
rapid_embracenet_fasca_kd,51,7,emg+imu+fp,3,1.0
rapid_embracenet_fasca_kd,51,14,emg+imu+fp,3,1.0
rapid_embracenet_fasca_kd,51,16,emg+imu+fp,3,1.0
rapid_embracenet_fasca_kd,51,21,emg+imu+fp,3,1.0
rapid_embracenet_fasca_kd,51,25,emg+imu+fp,3,1.0
rapid_embracenet_fasca_kd,51,26,emg+imu+fp,3,0.2222222222222222
rapid_embracenet_fasca_kd,51,27,emg+imu+fp,3,1.0
rapid_embracenet_fasca_kd,51,29,emg+imu+fp,3,0.2222222222222222
rapid_embracenet_fasca_kd,51,38,emg+imu+fp,3,1.0
rapid_embracenet_fasca_kd,51,46,emg+imu+fp,3,1.0
rapid_embracenet_fasca_kd,51,3,eeg,1,0.3333333333333333
rapid_embracenet_fasca_kd,51,7,eeg,1,0.16666666666666666
rapid_embracenet_fasca_kd,51,14,eeg,1,0.16666666666666666
rapid_embracenet_fasca_kd,51,16,eeg,1,0.2222222222222222
rapid_embracenet_fasca_kd,51,21,eeg,1,0.5555555555555555
rapid_embracenet_fasca_kd,51,25,eeg,1,0.2222222222222222
rapid_embracenet_fasca_kd,51,26,eeg,1,0.16666666666666666
rapid_embracenet_fasca_kd,51,27,eeg,1,0.16666666666666666
rapid_embracenet_fasca_kd,51,29,eeg,1,0.5555555555555555
rapid_embracenet_fasca_kd,51,38,eeg,1,0.16666666666666666
rapid_embracenet_fasca_kd,51,46,eeg,1,0.5555555555555555
rapid_embracenet_fasca_kd,51,3,eeg+fp,2,0.3333333333333333
rapid_embracenet_fasca_kd,51,7,eeg+fp,2,1.0
rapid_embracenet_fasca_kd,51,14,eeg+fp,2,1.0
rapid_embracenet_fasca_kd,51,16,eeg+fp,2,1.0
rapid_embracenet_fasca_kd,51,21,eeg+fp,2,0.2222222222222222
rapid_embracenet_fasca_kd,51,25,eeg+fp,2,0.5555555555555555
rapid_embracenet_fasca_kd,51,26,eeg+fp,2,1.0
rapid_embracenet_fasca_kd,51,27,eeg+fp,2,1.0
rapid_embracenet_fasca_kd,51,29,eeg+fp,2,0.2222222222222222
rapid_embracenet_fasca_kd,51,38,eeg+fp,2,1.0
rapid_embracenet_fasca_kd,51,46,eeg+fp,2,1.0
rapid_embracenet_fasca_kd,51,3,eeg+imu,2,0.3333333333333333
rapid_embracenet_fasca_kd,51,7,eeg+imu,2,1.0
rapid_embracenet_fasca_kd,51,14,eeg+imu,2,1.0
rapid_embracenet_fasca_kd,51,16,eeg+imu,2,1.0
rapid_embracenet_fasca_kd,51,21,eeg+imu,2,1.0
rapid_embracenet_fasca_kd,51,25,eeg+imu,2,1.0
rapid_embracenet_fasca_kd,51,26,eeg+imu,2,0.2222222222222222
rapid_embracenet_fasca_kd,51,27,eeg+imu,2,1.0
rapid_embracenet_fasca_kd,51,29,eeg+imu,2,0.5555555555555555
rapid_embracenet_fasca_kd,51,38,eeg+imu,2,1.0
rapid_embracenet_fasca_kd,51,46,eeg+imu,2,1.0
rapid_embracenet_fasca_kd,51,3,eeg+imu+fp,3,0.3333333333333333
rapid_embracenet_fasca_kd,51,7,eeg+imu+fp,3,1.0
rapid_embracenet_fasca_kd,51,14,eeg+imu+fp,3,1.0
rapid_embracenet_fasca_kd,51,16,eeg+imu+fp,3,1.0
rapid_embracenet_fasca_kd,51,21,eeg+imu+fp,3,1.0
rapid_embracenet_fasca_kd,51,25,eeg+imu+fp,3,1.0
rapid_embracenet_fasca_kd,51,26,eeg+imu+fp,3,0.2222222222222222
rapid_embracenet_fasca_kd,51,27,eeg+imu+fp,3,1.0
rapid_embracenet_fasca_kd,51,29,eeg+imu+fp,3,0.2222222222222222
rapid_embracenet_fasca_kd,51,38,eeg+imu+fp,3,1.0
rapid_embracenet_fasca_kd,51,46,eeg+imu+fp,3,1.0
rapid_embracenet_fasca_kd,51,3,eeg+emg,2,0.3333333333333333
rapid_embracenet_fasca_kd,51,7,eeg+emg,2,0.16666666666666666
rapid_embracenet_fasca_kd,51,14,eeg+emg,2,0.2222222222222222
rapid_embracenet_fasca_kd,51,16,eeg+emg,2,1.0
rapid_embracenet_fasca_kd,51,21,eeg+emg,2,0.2222222222222222
rapid_embracenet_fasca_kd,51,25,eeg+emg,2,0.5555555555555555
rapid_embracenet_fasca_kd,51,26,eeg+emg,2,0.16666666666666666
rapid_embracenet_fasca_kd,51,27,eeg+emg,2,0.2222222222222222
rapid_embracenet_fasca_kd,51,29,eeg+emg,2,1.0
rapid_embracenet_fasca_kd,51,38,eeg+emg,2,0.5555555555555555
rapid_embracenet_fasca_kd,51,46,eeg+emg,2,0.5555555555555555
rapid_embracenet_fasca_kd,51,3,eeg+emg+fp,3,0.3333333333333333
rapid_embracenet_fasca_kd,51,7,eeg+emg+fp,3,0.5555555555555555
rapid_embracenet_fasca_kd,51,14,eeg+emg+fp,3,1.0
rapid_embracenet_fasca_kd,51,16,eeg+emg+fp,3,1.0
rapid_embracenet_fasca_kd,51,21,eeg+emg+fp,3,0.2222222222222222
rapid_embracenet_fasca_kd,51,25,eeg+emg+fp,3,0.5555555555555555
rapid_embracenet_fasca_kd,51,26,eeg+emg+fp,3,1.0
rapid_embracenet_fasca_kd,51,27,eeg+emg+fp,3,1.0
rapid_embracenet_fasca_kd,51,29,eeg+emg+fp,3,0.2222222222222222
rapid_embracenet_fasca_kd,51,38,eeg+emg+fp,3,1.0
rapid_embracenet_fasca_kd,51,46,eeg+emg+fp,3,1.0
rapid_embracenet_fasca_kd,51,3,eeg+emg+imu,3,0.3333333333333333
rapid_embracenet_fasca_kd,51,7,eeg+emg+imu,3,1.0
rapid_embracenet_fasca_kd,51,14,eeg+emg+imu,3,1.0
rapid_embracenet_fasca_kd,51,16,eeg+emg+imu,3,1.0
rapid_embracenet_fasca_kd,51,21,eeg+emg+imu,3,1.0
rapid_embracenet_fasca_kd,51,25,eeg+emg+imu,3,1.0
rapid_embracenet_fasca_kd,51,26,eeg+emg+imu,3,0.2222222222222222
rapid_embracenet_fasca_kd,51,27,eeg+emg+imu,3,1.0
rapid_embracenet_fasca_kd,51,29,eeg+emg+imu,3,0.5555555555555555
rapid_embracenet_fasca_kd,51,38,eeg+emg+imu,3,1.0
rapid_embracenet_fasca_kd,51,46,eeg+emg+imu,3,1.0
rapid_embracenet_fasca_kd,51,3,eeg+emg+imu+fp,4,0.3333333333333333
rapid_embracenet_fasca_kd,51,7,eeg+emg+imu+fp,4,1.0
rapid_embracenet_fasca_kd,51,14,eeg+emg+imu+fp,4,1.0
rapid_embracenet_fasca_kd,51,16,eeg+emg+imu+fp,4,1.0
rapid_embracenet_fasca_kd,51,21,eeg+emg+imu+fp,4,1.0
rapid_embracenet_fasca_kd,51,25,eeg+emg+imu+fp,4,1.0
rapid_embracenet_fasca_kd,51,26,eeg+emg+imu+fp,4,0.2222222222222222
rapid_embracenet_fasca_kd,51,27,eeg+emg+imu+fp,4,1.0
rapid_embracenet_fasca_kd,51,29,eeg+emg+imu+fp,4,0.2222222222222222
rapid_embracenet_fasca_kd,51,38,eeg+emg+imu+fp,4,1.0
rapid_embracenet_fasca_kd,51,46,eeg+emg+imu+fp,4,1.0
rapid_embracenet_fasca_kd,52,3,fp,1,0.3333333333333333
rapid_embracenet_fasca_kd,52,7,fp,1,1.0
rapid_embracenet_fasca_kd,52,14,fp,1,1.0
rapid_embracenet_fasca_kd,52,16,fp,1,1.0
rapid_embracenet_fasca_kd,52,21,fp,1,0.2222222222222222
rapid_embracenet_fasca_kd,52,25,fp,1,0.5555555555555555
rapid_embracenet_fasca_kd,52,26,fp,1,1.0
rapid_embracenet_fasca_kd,52,27,fp,1,1.0
rapid_embracenet_fasca_kd,52,29,fp,1,0.5555555555555555
rapid_embracenet_fasca_kd,52,38,fp,1,1.0
rapid_embracenet_fasca_kd,52,46,fp,1,1.0
rapid_embracenet_fasca_kd,52,3,imu,1,0.3333333333333333
rapid_embracenet_fasca_kd,52,7,imu,1,1.0
rapid_embracenet_fasca_kd,52,14,imu,1,1.0
rapid_embracenet_fasca_kd,52,16,imu,1,1.0
rapid_embracenet_fasca_kd,52,21,imu,1,1.0
rapid_embracenet_fasca_kd,52,25,imu,1,1.0
rapid_embracenet_fasca_kd,52,26,imu,1,0.5555555555555555
rapid_embracenet_fasca_kd,52,27,imu,1,1.0
rapid_embracenet_fasca_kd,52,29,imu,1,0.5555555555555555
rapid_embracenet_fasca_kd,52,38,imu,1,1.0
rapid_embracenet_fasca_kd,52,46,imu,1,1.0
rapid_embracenet_fasca_kd,52,3,imu+fp,2,0.3333333333333333
rapid_embracenet_fasca_kd,52,7,imu+fp,2,1.0
rapid_embracenet_fasca_kd,52,14,imu+fp,2,1.0
rapid_embracenet_fasca_kd,52,16,imu+fp,2,1.0
rapid_embracenet_fasca_kd,52,21,imu+fp,2,1.0
rapid_embracenet_fasca_kd,52,25,imu+fp,2,0.5555555555555555
rapid_embracenet_fasca_kd,52,26,imu+fp,2,0.5555555555555555
rapid_embracenet_fasca_kd,52,27,imu+fp,2,1.0
rapid_embracenet_fasca_kd,52,29,imu+fp,2,0.5555555555555555
rapid_embracenet_fasca_kd,52,38,imu+fp,2,1.0
rapid_embracenet_fasca_kd,52,46,imu+fp,2,1.0
rapid_embracenet_fasca_kd,52,3,emg,1,0.3333333333333333
rapid_embracenet_fasca_kd,52,7,emg,1,0.16666666666666666
rapid_embracenet_fasca_kd,52,14,emg,1,0.2222222222222222
rapid_embracenet_fasca_kd,52,16,emg,1,0.5555555555555555
rapid_embracenet_fasca_kd,52,21,emg,1,0.16666666666666666
rapid_embracenet_fasca_kd,52,25,emg,1,1.0
rapid_embracenet_fasca_kd,52,26,emg,1,0.2222222222222222
rapid_embracenet_fasca_kd,52,27,emg,1,0.16666666666666666
rapid_embracenet_fasca_kd,52,29,emg,1,0.2222222222222222
rapid_embracenet_fasca_kd,52,38,emg,1,0.2222222222222222
rapid_embracenet_fasca_kd,52,46,emg,1,1.0
rapid_embracenet_fasca_kd,52,3,emg+fp,2,0.3333333333333333
rapid_embracenet_fasca_kd,52,7,emg+fp,2,0.5555555555555555
rapid_embracenet_fasca_kd,52,14,emg+fp,2,1.0
rapid_embracenet_fasca_kd,52,16,emg+fp,2,1.0
rapid_embracenet_fasca_kd,52,21,emg+fp,2,0.2222222222222222
rapid_embracenet_fasca_kd,52,25,emg+fp,2,0.5555555555555555
rapid_embracenet_fasca_kd,52,26,emg+fp,2,1.0
rapid_embracenet_fasca_kd,52,27,emg+fp,2,1.0
rapid_embracenet_fasca_kd,52,29,emg+fp,2,0.5555555555555555
rapid_embracenet_fasca_kd,52,38,emg+fp,2,1.0
rapid_embracenet_fasca_kd,52,46,emg+fp,2,1.0
rapid_embracenet_fasca_kd,52,3,emg+imu,2,0.3333333333333333
rapid_embracenet_fasca_kd,52,7,emg+imu,2,1.0
rapid_embracenet_fasca_kd,52,14,emg+imu,2,1.0
rapid_embracenet_fasca_kd,52,16,emg+imu,2,1.0
rapid_embracenet_fasca_kd,52,21,emg+imu,2,1.0
rapid_embracenet_fasca_kd,52,25,emg+imu,2,1.0
rapid_embracenet_fasca_kd,52,26,emg+imu,2,0.5555555555555555
rapid_embracenet_fasca_kd,52,27,emg+imu,2,1.0
rapid_embracenet_fasca_kd,52,29,emg+imu,2,0.5555555555555555
rapid_embracenet_fasca_kd,52,38,emg+imu,2,1.0
rapid_embracenet_fasca_kd,52,46,emg+imu,2,1.0
rapid_embracenet_fasca_kd,52,3,emg+imu+fp,3,0.3333333333333333
rapid_embracenet_fasca_kd,52,7,emg+imu+fp,3,1.0
rapid_embracenet_fasca_kd,52,14,emg+imu+fp,3,1.0
rapid_embracenet_fasca_kd,52,16,emg+imu+fp,3,1.0
rapid_embracenet_fasca_kd,52,21,emg+imu+fp,3,1.0
rapid_embracenet_fasca_kd,52,25,emg+imu+fp,3,1.0
rapid_embracenet_fasca_kd,52,26,emg+imu+fp,3,0.5555555555555555
rapid_embracenet_fasca_kd,52,27,emg+imu+fp,3,1.0
rapid_embracenet_fasca_kd,52,29,emg+imu+fp,3,0.5555555555555555
rapid_embracenet_fasca_kd,52,38,emg+imu+fp,3,1.0
rapid_embracenet_fasca_kd,52,46,emg+imu+fp,3,1.0
rapid_embracenet_fasca_kd,52,3,eeg,1,0.3333333333333333
rapid_embracenet_fasca_kd,52,7,eeg,1,0.5555555555555555
rapid_embracenet_fasca_kd,52,14,eeg,1,0.5555555555555555
rapid_embracenet_fasca_kd,52,16,eeg,1,0.2222222222222222
rapid_embracenet_fasca_kd,52,21,eeg,1,0.5555555555555555
rapid_embracenet_fasca_kd,52,25,eeg,1,0.2222222222222222
rapid_embracenet_fasca_kd,52,26,eeg,1,0.16666666666666666
rapid_embracenet_fasca_kd,52,27,eeg,1,0.5555555555555555
rapid_embracenet_fasca_kd,52,29,eeg,1,1.0
rapid_embracenet_fasca_kd,52,38,eeg,1,0.16666666666666666
rapid_embracenet_fasca_kd,52,46,eeg,1,1.0
rapid_embracenet_fasca_kd,52,3,eeg+fp,2,0.3333333333333333
rapid_embracenet_fasca_kd,52,7,eeg+fp,2,1.0
rapid_embracenet_fasca_kd,52,14,eeg+fp,2,1.0
rapid_embracenet_fasca_kd,52,16,eeg+fp,2,1.0
rapid_embracenet_fasca_kd,52,21,eeg+fp,2,0.2222222222222222
rapid_embracenet_fasca_kd,52,25,eeg+fp,2,0.5555555555555555
rapid_embracenet_fasca_kd,52,26,eeg+fp,2,1.0
rapid_embracenet_fasca_kd,52,27,eeg+fp,2,1.0
rapid_embracenet_fasca_kd,52,29,eeg+fp,2,0.5555555555555555
rapid_embracenet_fasca_kd,52,38,eeg+fp,2,1.0
rapid_embracenet_fasca_kd,52,46,eeg+fp,2,1.0
rapid_embracenet_fasca_kd,52,3,eeg+imu,2,0.3333333333333333
rapid_embracenet_fasca_kd,52,7,eeg+imu,2,1.0
rapid_embracenet_fasca_kd,52,14,eeg+imu,2,1.0
rapid_embracenet_fasca_kd,52,16,eeg+imu,2,1.0
rapid_embracenet_fasca_kd,52,21,eeg+imu,2,1.0
rapid_embracenet_fasca_kd,52,25,eeg+imu,2,1.0
rapid_embracenet_fasca_kd,52,26,eeg+imu,2,0.5555555555555555
rapid_embracenet_fasca_kd,52,27,eeg+imu,2,1.0
rapid_embracenet_fasca_kd,52,29,eeg+imu,2,0.5555555555555555
rapid_embracenet_fasca_kd,52,38,eeg+imu,2,1.0
rapid_embracenet_fasca_kd,52,46,eeg+imu,2,1.0
rapid_embracenet_fasca_kd,52,3,eeg+imu+fp,3,0.3333333333333333
rapid_embracenet_fasca_kd,52,7,eeg+imu+fp,3,1.0
rapid_embracenet_fasca_kd,52,14,eeg+imu+fp,3,1.0
rapid_embracenet_fasca_kd,52,16,eeg+imu+fp,3,1.0
rapid_embracenet_fasca_kd,52,21,eeg+imu+fp,3,1.0
rapid_embracenet_fasca_kd,52,25,eeg+imu+fp,3,0.5555555555555555
rapid_embracenet_fasca_kd,52,26,eeg+imu+fp,3,0.5555555555555555
rapid_embracenet_fasca_kd,52,27,eeg+imu+fp,3,1.0
rapid_embracenet_fasca_kd,52,29,eeg+imu+fp,3,0.5555555555555555
rapid_embracenet_fasca_kd,52,38,eeg+imu+fp,3,1.0
rapid_embracenet_fasca_kd,52,46,eeg+imu+fp,3,1.0
rapid_embracenet_fasca_kd,52,3,eeg+emg,2,0.3333333333333333
rapid_embracenet_fasca_kd,52,7,eeg+emg,2,0.16666666666666666
rapid_embracenet_fasca_kd,52,14,eeg+emg,2,0.2222222222222222
rapid_embracenet_fasca_kd,52,16,eeg+emg,2,0.5555555555555555
rapid_embracenet_fasca_kd,52,21,eeg+emg,2,0.2222222222222222
rapid_embracenet_fasca_kd,52,25,eeg+emg,2,1.0
rapid_embracenet_fasca_kd,52,26,eeg+emg,2,0.2222222222222222
rapid_embracenet_fasca_kd,52,27,eeg+emg,2,0.16666666666666666
rapid_embracenet_fasca_kd,52,29,eeg+emg,2,0.5555555555555555
rapid_embracenet_fasca_kd,52,38,eeg+emg,2,0.2222222222222222
rapid_embracenet_fasca_kd,52,46,eeg+emg,2,1.0
rapid_embracenet_fasca_kd,52,3,eeg+emg+fp,3,0.3333333333333333
rapid_embracenet_fasca_kd,52,7,eeg+emg+fp,3,0.5555555555555555
rapid_embracenet_fasca_kd,52,14,eeg+emg+fp,3,1.0
rapid_embracenet_fasca_kd,52,16,eeg+emg+fp,3,1.0
rapid_embracenet_fasca_kd,52,21,eeg+emg+fp,3,0.2222222222222222
rapid_embracenet_fasca_kd,52,25,eeg+emg+fp,3,0.5555555555555555
rapid_embracenet_fasca_kd,52,26,eeg+emg+fp,3,1.0
rapid_embracenet_fasca_kd,52,27,eeg+emg+fp,3,1.0
rapid_embracenet_fasca_kd,52,29,eeg+emg+fp,3,0.5555555555555555
rapid_embracenet_fasca_kd,52,38,eeg+emg+fp,3,1.0
rapid_embracenet_fasca_kd,52,46,eeg+emg+fp,3,1.0
rapid_embracenet_fasca_kd,52,3,eeg+emg+imu,3,0.3333333333333333
rapid_embracenet_fasca_kd,52,7,eeg+emg+imu,3,1.0
rapid_embracenet_fasca_kd,52,14,eeg+emg+imu,3,1.0
rapid_embracenet_fasca_kd,52,16,eeg+emg+imu,3,1.0
rapid_embracenet_fasca_kd,52,21,eeg+emg+imu,3,1.0
rapid_embracenet_fasca_kd,52,25,eeg+emg+imu,3,1.0
rapid_embracenet_fasca_kd,52,26,eeg+emg+imu,3,0.5555555555555555
rapid_embracenet_fasca_kd,52,27,eeg+emg+imu,3,1.0
rapid_embracenet_fasca_kd,52,29,eeg+emg+imu,3,0.5555555555555555
rapid_embracenet_fasca_kd,52,38,eeg+emg+imu,3,1.0
rapid_embracenet_fasca_kd,52,46,eeg+emg+imu,3,1.0
rapid_embracenet_fasca_kd,52,3,eeg+emg+imu+fp,4,0.3333333333333333
rapid_embracenet_fasca_kd,52,7,eeg+emg+imu+fp,4,1.0
rapid_embracenet_fasca_kd,52,14,eeg+emg+imu+fp,4,1.0
rapid_embracenet_fasca_kd,52,16,eeg+emg+imu+fp,4,1.0
rapid_embracenet_fasca_kd,52,21,eeg+emg+imu+fp,4,1.0
rapid_embracenet_fasca_kd,52,25,eeg+emg+imu+fp,4,1.0
rapid_embracenet_fasca_kd,52,26,eeg+emg+imu+fp,4,0.5555555555555555
rapid_embracenet_fasca_kd,52,27,eeg+emg+imu+fp,4,1.0
rapid_embracenet_fasca_kd,52,29,eeg+emg+imu+fp,4,0.5555555555555555
rapid_embracenet_fasca_kd,52,38,eeg+emg+imu+fp,4,1.0
rapid_embracenet_fasca_kd,52,46,eeg+emg+imu+fp,4,1.0
rapid_embracenet_fasca_kd,53,3,fp,1,0.3333333333333333
rapid_embracenet_fasca_kd,53,7,fp,1,1.0
rapid_embracenet_fasca_kd,53,14,fp,1,1.0
rapid_embracenet_fasca_kd,53,16,fp,1,1.0
rapid_embracenet_fasca_kd,53,21,fp,1,0.2222222222222222
rapid_embracenet_fasca_kd,53,25,fp,1,0.5555555555555555
rapid_embracenet_fasca_kd,53,26,fp,1,1.0
rapid_embracenet_fasca_kd,53,27,fp,1,1.0
rapid_embracenet_fasca_kd,53,29,fp,1,1.0
rapid_embracenet_fasca_kd,53,38,fp,1,1.0
rapid_embracenet_fasca_kd,53,46,fp,1,1.0
rapid_embracenet_fasca_kd,53,3,imu,1,0.3333333333333333
rapid_embracenet_fasca_kd,53,7,imu,1,1.0
rapid_embracenet_fasca_kd,53,14,imu,1,1.0
rapid_embracenet_fasca_kd,53,16,imu,1,1.0
rapid_embracenet_fasca_kd,53,21,imu,1,1.0
rapid_embracenet_fasca_kd,53,25,imu,1,0.5555555555555555
rapid_embracenet_fasca_kd,53,26,imu,1,0.2222222222222222
rapid_embracenet_fasca_kd,53,27,imu,1,1.0
rapid_embracenet_fasca_kd,53,29,imu,1,0.5555555555555555
rapid_embracenet_fasca_kd,53,38,imu,1,1.0
rapid_embracenet_fasca_kd,53,46,imu,1,1.0
rapid_embracenet_fasca_kd,53,3,imu+fp,2,0.3333333333333333
rapid_embracenet_fasca_kd,53,7,imu+fp,2,1.0
rapid_embracenet_fasca_kd,53,14,imu+fp,2,1.0
rapid_embracenet_fasca_kd,53,16,imu+fp,2,1.0
rapid_embracenet_fasca_kd,53,21,imu+fp,2,1.0
rapid_embracenet_fasca_kd,53,25,imu+fp,2,0.5555555555555555
rapid_embracenet_fasca_kd,53,26,imu+fp,2,0.2222222222222222
rapid_embracenet_fasca_kd,53,27,imu+fp,2,1.0
rapid_embracenet_fasca_kd,53,29,imu+fp,2,0.5555555555555555
rapid_embracenet_fasca_kd,53,38,imu+fp,2,1.0
rapid_embracenet_fasca_kd,53,46,imu+fp,2,1.0
rapid_embracenet_fasca_kd,53,3,emg,1,0.3333333333333333
rapid_embracenet_fasca_kd,53,7,emg,1,0.16666666666666666
rapid_embracenet_fasca_kd,53,14,emg,1,0.2222222222222222
rapid_embracenet_fasca_kd,53,16,emg,1,0.5555555555555555
rapid_embracenet_fasca_kd,53,21,emg,1,0.16666666666666666
rapid_embracenet_fasca_kd,53,25,emg,1,1.0
rapid_embracenet_fasca_kd,53,26,emg,1,0.16666666666666666
rapid_embracenet_fasca_kd,53,27,emg,1,0.16666666666666666
rapid_embracenet_fasca_kd,53,29,emg,1,1.0
rapid_embracenet_fasca_kd,53,38,emg,1,0.5555555555555555
rapid_embracenet_fasca_kd,53,46,emg,1,1.0
rapid_embracenet_fasca_kd,53,3,emg+fp,2,0.3333333333333333
rapid_embracenet_fasca_kd,53,7,emg+fp,2,1.0
rapid_embracenet_fasca_kd,53,14,emg+fp,2,0.5555555555555555
rapid_embracenet_fasca_kd,53,16,emg+fp,2,1.0
rapid_embracenet_fasca_kd,53,21,emg+fp,2,0.2222222222222222
rapid_embracenet_fasca_kd,53,25,emg+fp,2,1.0
rapid_embracenet_fasca_kd,53,26,emg+fp,2,1.0
rapid_embracenet_fasca_kd,53,27,emg+fp,2,1.0
rapid_embracenet_fasca_kd,53,29,emg+fp,2,1.0
rapid_embracenet_fasca_kd,53,38,emg+fp,2,1.0
rapid_embracenet_fasca_kd,53,46,emg+fp,2,1.0
rapid_embracenet_fasca_kd,53,3,emg+imu,2,0.3333333333333333
rapid_embracenet_fasca_kd,53,7,emg+imu,2,1.0
rapid_embracenet_fasca_kd,53,14,emg+imu,2,1.0
rapid_embracenet_fasca_kd,53,16,emg+imu,2,1.0
rapid_embracenet_fasca_kd,53,21,emg+imu,2,1.0
rapid_embracenet_fasca_kd,53,25,emg+imu,2,0.5555555555555555
rapid_embracenet_fasca_kd,53,26,emg+imu,2,0.2222222222222222
rapid_embracenet_fasca_kd,53,27,emg+imu,2,1.0
rapid_embracenet_fasca_kd,53,29,emg+imu,2,0.5555555555555555
rapid_embracenet_fasca_kd,53,38,emg+imu,2,1.0
rapid_embracenet_fasca_kd,53,46,emg+imu,2,1.0
rapid_embracenet_fasca_kd,53,3,emg+imu+fp,3,0.3333333333333333
rapid_embracenet_fasca_kd,53,7,emg+imu+fp,3,1.0
rapid_embracenet_fasca_kd,53,14,emg+imu+fp,3,1.0
rapid_embracenet_fasca_kd,53,16,emg+imu+fp,3,1.0
rapid_embracenet_fasca_kd,53,21,emg+imu+fp,3,0.5555555555555555
rapid_embracenet_fasca_kd,53,25,emg+imu+fp,3,0.5555555555555555
rapid_embracenet_fasca_kd,53,26,emg+imu+fp,3,0.5555555555555555
rapid_embracenet_fasca_kd,53,27,emg+imu+fp,3,1.0
rapid_embracenet_fasca_kd,53,29,emg+imu+fp,3,1.0
rapid_embracenet_fasca_kd,53,38,emg+imu+fp,3,1.0
rapid_embracenet_fasca_kd,53,46,emg+imu+fp,3,1.0
rapid_embracenet_fasca_kd,53,3,eeg,1,0.3333333333333333
rapid_embracenet_fasca_kd,53,7,eeg,1,0.16666666666666666
rapid_embracenet_fasca_kd,53,14,eeg,1,0.0
rapid_embracenet_fasca_kd,53,16,eeg,1,0.5555555555555555
rapid_embracenet_fasca_kd,53,21,eeg,1,0.5555555555555555
rapid_embracenet_fasca_kd,53,25,eeg,1,0.16666666666666666
rapid_embracenet_fasca_kd,53,26,eeg,1,0.16666666666666666
rapid_embracenet_fasca_kd,53,27,eeg,1,0.16666666666666666
rapid_embracenet_fasca_kd,53,29,eeg,1,0.5555555555555555
rapid_embracenet_fasca_kd,53,38,eeg,1,0.16666666666666666
rapid_embracenet_fasca_kd,53,46,eeg,1,0.16666666666666666
rapid_embracenet_fasca_kd,53,3,eeg+fp,2,0.3333333333333333
rapid_embracenet_fasca_kd,53,7,eeg+fp,2,1.0
rapid_embracenet_fasca_kd,53,14,eeg+fp,2,1.0
rapid_embracenet_fasca_kd,53,16,eeg+fp,2,1.0
rapid_embracenet_fasca_kd,53,21,eeg+fp,2,0.2222222222222222
rapid_embracenet_fasca_kd,53,25,eeg+fp,2,1.0
rapid_embracenet_fasca_kd,53,26,eeg+fp,2,1.0
rapid_embracenet_fasca_kd,53,27,eeg+fp,2,1.0
rapid_embracenet_fasca_kd,53,29,eeg+fp,2,1.0
rapid_embracenet_fasca_kd,53,38,eeg+fp,2,1.0
rapid_embracenet_fasca_kd,53,46,eeg+fp,2,1.0
rapid_embracenet_fasca_kd,53,3,eeg+imu,2,0.3333333333333333
rapid_embracenet_fasca_kd,53,7,eeg+imu,2,1.0
rapid_embracenet_fasca_kd,53,14,eeg+imu,2,1.0
rapid_embracenet_fasca_kd,53,16,eeg+imu,2,1.0
rapid_embracenet_fasca_kd,53,21,eeg+imu,2,1.0
rapid_embracenet_fasca_kd,53,25,eeg+imu,2,0.5555555555555555
rapid_embracenet_fasca_kd,53,26,eeg+imu,2,0.2222222222222222
rapid_embracenet_fasca_kd,53,27,eeg+imu,2,1.0
rapid_embracenet_fasca_kd,53,29,eeg+imu,2,0.5555555555555555
rapid_embracenet_fasca_kd,53,38,eeg+imu,2,1.0
rapid_embracenet_fasca_kd,53,46,eeg+imu,2,1.0
rapid_embracenet_fasca_kd,53,3,eeg+imu+fp,3,0.3333333333333333
rapid_embracenet_fasca_kd,53,7,eeg+imu+fp,3,1.0
rapid_embracenet_fasca_kd,53,14,eeg+imu+fp,3,1.0
rapid_embracenet_fasca_kd,53,16,eeg+imu+fp,3,1.0
rapid_embracenet_fasca_kd,53,21,eeg+imu+fp,3,1.0
rapid_embracenet_fasca_kd,53,25,eeg+imu+fp,3,0.5555555555555555
rapid_embracenet_fasca_kd,53,26,eeg+imu+fp,3,0.2222222222222222
rapid_embracenet_fasca_kd,53,27,eeg+imu+fp,3,1.0
rapid_embracenet_fasca_kd,53,29,eeg+imu+fp,3,0.5555555555555555
rapid_embracenet_fasca_kd,53,38,eeg+imu+fp,3,1.0
rapid_embracenet_fasca_kd,53,46,eeg+imu+fp,3,1.0
rapid_embracenet_fasca_kd,53,3,eeg+emg,2,0.3333333333333333
rapid_embracenet_fasca_kd,53,7,eeg+emg,2,0.16666666666666666
rapid_embracenet_fasca_kd,53,14,eeg+emg,2,0.2222222222222222
rapid_embracenet_fasca_kd,53,16,eeg+emg,2,0.5555555555555555
rapid_embracenet_fasca_kd,53,21,eeg+emg,2,0.16666666666666666
rapid_embracenet_fasca_kd,53,25,eeg+emg,2,1.0
rapid_embracenet_fasca_kd,53,26,eeg+emg,2,0.16666666666666666
rapid_embracenet_fasca_kd,53,27,eeg+emg,2,0.16666666666666666
rapid_embracenet_fasca_kd,53,29,eeg+emg,2,1.0
rapid_embracenet_fasca_kd,53,38,eeg+emg,2,0.2222222222222222
rapid_embracenet_fasca_kd,53,46,eeg+emg,2,1.0
rapid_embracenet_fasca_kd,53,3,eeg+emg+fp,3,0.3333333333333333
rapid_embracenet_fasca_kd,53,7,eeg+emg+fp,3,1.0
rapid_embracenet_fasca_kd,53,14,eeg+emg+fp,3,0.5555555555555555
rapid_embracenet_fasca_kd,53,16,eeg+emg+fp,3,1.0
rapid_embracenet_fasca_kd,53,21,eeg+emg+fp,3,0.2222222222222222
rapid_embracenet_fasca_kd,53,25,eeg+emg+fp,3,1.0
rapid_embracenet_fasca_kd,53,26,eeg+emg+fp,3,1.0
rapid_embracenet_fasca_kd,53,27,eeg+emg+fp,3,1.0
rapid_embracenet_fasca_kd,53,29,eeg+emg+fp,3,1.0
rapid_embracenet_fasca_kd,53,38,eeg+emg+fp,3,1.0
rapid_embracenet_fasca_kd,53,46,eeg+emg+fp,3,1.0
rapid_embracenet_fasca_kd,53,3,eeg+emg+imu,3,0.3333333333333333
rapid_embracenet_fasca_kd,53,7,eeg+emg+imu,3,1.0
rapid_embracenet_fasca_kd,53,14,eeg+emg+imu,3,1.0
rapid_embracenet_fasca_kd,53,16,eeg+emg+imu,3,1.0
rapid_embracenet_fasca_kd,53,21,eeg+emg+imu,3,1.0
rapid_embracenet_fasca_kd,53,25,eeg+emg+imu,3,0.5555555555555555
rapid_embracenet_fasca_kd,53,26,eeg+emg+imu,3,0.2222222222222222
rapid_embracenet_fasca_kd,53,27,eeg+emg+imu,3,1.0
rapid_embracenet_fasca_kd,53,29,eeg+emg+imu,3,1.0
rapid_embracenet_fasca_kd,53,38,eeg+emg+imu,3,1.0
rapid_embracenet_fasca_kd,53,46,eeg+emg+imu,3,1.0
rapid_embracenet_fasca_kd,53,3,eeg+emg+imu+fp,4,0.3333333333333333
rapid_embracenet_fasca_kd,53,7,eeg+emg+imu+fp,4,1.0
rapid_embracenet_fasca_kd,53,14,eeg+emg+imu+fp,4,1.0
rapid_embracenet_fasca_kd,53,16,eeg+emg+imu+fp,4,1.0
rapid_embracenet_fasca_kd,53,21,eeg+emg+imu+fp,4,0.5555555555555555
rapid_embracenet_fasca_kd,53,25,eeg+emg+imu+fp,4,0.5555555555555555
rapid_embracenet_fasca_kd,53,26,eeg+emg+imu+fp,4,0.2222222222222222
rapid_embracenet_fasca_kd,53,27,eeg+emg+imu+fp,4,1.0
rapid_embracenet_fasca_kd,53,29,eeg+emg+imu+fp,4,1.0
rapid_embracenet_fasca_kd,53,38,eeg+emg+imu+fp,4,1.0
rapid_embracenet_fasca_kd,53,46,eeg+emg+imu+fp,4,1.0
rapid_embracenet_fasca_kd,51,4,fp,1,1.0
rapid_embracenet_fasca_kd,51,5,fp,1,0.2222222222222222
rapid_embracenet_fasca_kd,51,6,fp,1,0.5555555555555555
rapid_embracenet_fasca_kd,51,9,fp,1,1.0
rapid_embracenet_fasca_kd,51,17,fp,1,1.0
rapid_embracenet_fasca_kd,51,18,fp,1,0.5555555555555555
rapid_embracenet_fasca_kd,51,32,fp,1,0.6666666666666666
rapid_embracenet_fasca_kd,51,33,fp,1,1.0
rapid_embracenet_fasca_kd,51,35,fp,1,1.0
rapid_embracenet_fasca_kd,51,44,fp,1,1.0
rapid_embracenet_fasca_kd,51,53,fp,1,1.0
rapid_embracenet_fasca_kd,51,4,imu,1,1.0
rapid_embracenet_fasca_kd,51,5,imu,1,1.0
rapid_embracenet_fasca_kd,51,6,imu,1,1.0
rapid_embracenet_fasca_kd,51,9,imu,1,1.0
rapid_embracenet_fasca_kd,51,17,imu,1,1.0
rapid_embracenet_fasca_kd,51,18,imu,1,1.0
rapid_embracenet_fasca_kd,51,32,imu,1,0.6666666666666666
rapid_embracenet_fasca_kd,51,33,imu,1,1.0
rapid_embracenet_fasca_kd,51,35,imu,1,1.0
rapid_embracenet_fasca_kd,51,44,imu,1,1.0
rapid_embracenet_fasca_kd,51,53,imu,1,1.0
rapid_embracenet_fasca_kd,51,4,imu+fp,2,1.0
rapid_embracenet_fasca_kd,51,5,imu+fp,2,1.0
rapid_embracenet_fasca_kd,51,6,imu+fp,2,1.0
rapid_embracenet_fasca_kd,51,9,imu+fp,2,1.0
rapid_embracenet_fasca_kd,51,17,imu+fp,2,1.0
rapid_embracenet_fasca_kd,51,18,imu+fp,2,1.0
rapid_embracenet_fasca_kd,51,32,imu+fp,2,0.6666666666666666
rapid_embracenet_fasca_kd,51,33,imu+fp,2,1.0
rapid_embracenet_fasca_kd,51,35,imu+fp,2,1.0
rapid_embracenet_fasca_kd,51,44,imu+fp,2,1.0
rapid_embracenet_fasca_kd,51,53,imu+fp,2,1.0
rapid_embracenet_fasca_kd,51,4,emg,1,1.0
rapid_embracenet_fasca_kd,51,5,emg,1,1.0
rapid_embracenet_fasca_kd,51,6,emg,1,1.0
rapid_embracenet_fasca_kd,51,9,emg,1,1.0
rapid_embracenet_fasca_kd,51,17,emg,1,0.16666666666666666
rapid_embracenet_fasca_kd,51,18,emg,1,0.5555555555555555
rapid_embracenet_fasca_kd,51,32,emg,1,0.2222222222222222
rapid_embracenet_fasca_kd,51,33,emg,1,0.2222222222222222
rapid_embracenet_fasca_kd,51,35,emg,1,0.5555555555555555
rapid_embracenet_fasca_kd,51,44,emg,1,1.0
rapid_embracenet_fasca_kd,51,53,emg,1,0.16666666666666666
rapid_embracenet_fasca_kd,51,4,emg+fp,2,1.0
rapid_embracenet_fasca_kd,51,5,emg+fp,2,0.2222222222222222
rapid_embracenet_fasca_kd,51,6,emg+fp,2,0.5555555555555555
rapid_embracenet_fasca_kd,51,9,emg+fp,2,1.0
rapid_embracenet_fasca_kd,51,17,emg+fp,2,1.0
rapid_embracenet_fasca_kd,51,18,emg+fp,2,0.2222222222222222
rapid_embracenet_fasca_kd,51,32,emg+fp,2,0.6666666666666666
rapid_embracenet_fasca_kd,51,33,emg+fp,2,1.0
rapid_embracenet_fasca_kd,51,35,emg+fp,2,1.0
rapid_embracenet_fasca_kd,51,44,emg+fp,2,1.0
rapid_embracenet_fasca_kd,51,53,emg+fp,2,1.0
rapid_embracenet_fasca_kd,51,4,emg+imu,2,1.0
rapid_embracenet_fasca_kd,51,5,emg+imu,2,1.0
rapid_embracenet_fasca_kd,51,6,emg+imu,2,1.0
rapid_embracenet_fasca_kd,51,9,emg+imu,2,1.0
rapid_embracenet_fasca_kd,51,17,emg+imu,2,1.0
rapid_embracenet_fasca_kd,51,18,emg+imu,2,1.0
rapid_embracenet_fasca_kd,51,32,emg+imu,2,0.6666666666666666
rapid_embracenet_fasca_kd,51,33,emg+imu,2,1.0
rapid_embracenet_fasca_kd,51,35,emg+imu,2,1.0
rapid_embracenet_fasca_kd,51,44,emg+imu,2,1.0
rapid_embracenet_fasca_kd,51,53,emg+imu,2,1.0
rapid_embracenet_fasca_kd,51,4,emg+imu+fp,3,1.0
rapid_embracenet_fasca_kd,51,5,emg+imu+fp,3,1.0
rapid_embracenet_fasca_kd,51,6,emg+imu+fp,3,1.0
rapid_embracenet_fasca_kd,51,9,emg+imu+fp,3,1.0
rapid_embracenet_fasca_kd,51,17,emg+imu+fp,3,1.0
rapid_embracenet_fasca_kd,51,18,emg+imu+fp,3,1.0
rapid_embracenet_fasca_kd,51,32,emg+imu+fp,3,0.6666666666666666
rapid_embracenet_fasca_kd,51,33,emg+imu+fp,3,1.0
rapid_embracenet_fasca_kd,51,35,emg+imu+fp,3,1.0
rapid_embracenet_fasca_kd,51,44,emg+imu+fp,3,1.0
rapid_embracenet_fasca_kd,51,53,emg+imu+fp,3,1.0
rapid_embracenet_fasca_kd,51,4,eeg,1,0.16666666666666666
rapid_embracenet_fasca_kd,51,5,eeg,1,0.16666666666666666
rapid_embracenet_fasca_kd,51,6,eeg,1,0.16666666666666666
rapid_embracenet_fasca_kd,51,9,eeg,1,0.5555555555555555
rapid_embracenet_fasca_kd,51,17,eeg,1,0.16666666666666666
rapid_embracenet_fasca_kd,51,18,eeg,1,0.5555555555555555
rapid_embracenet_fasca_kd,51,32,eeg,1,0.2222222222222222
rapid_embracenet_fasca_kd,51,33,eeg,1,0.16666666666666666
rapid_embracenet_fasca_kd,51,35,eeg,1,0.16666666666666666
rapid_embracenet_fasca_kd,51,44,eeg,1,0.16666666666666666
rapid_embracenet_fasca_kd,51,53,eeg,1,0.16666666666666666
rapid_embracenet_fasca_kd,51,4,eeg+fp,2,1.0
rapid_embracenet_fasca_kd,51,5,eeg+fp,2,0.2222222222222222
rapid_embracenet_fasca_kd,51,6,eeg+fp,2,1.0
rapid_embracenet_fasca_kd,51,9,eeg+fp,2,1.0
rapid_embracenet_fasca_kd,51,17,eeg+fp,2,1.0
rapid_embracenet_fasca_kd,51,18,eeg+fp,2,0.5555555555555555
rapid_embracenet_fasca_kd,51,32,eeg+fp,2,0.6666666666666666
rapid_embracenet_fasca_kd,51,33,eeg+fp,2,1.0
rapid_embracenet_fasca_kd,51,35,eeg+fp,2,1.0
rapid_embracenet_fasca_kd,51,44,eeg+fp,2,1.0
rapid_embracenet_fasca_kd,51,53,eeg+fp,2,1.0
rapid_embracenet_fasca_kd,51,4,eeg+imu,2,1.0
rapid_embracenet_fasca_kd,51,5,eeg+imu,2,1.0
rapid_embracenet_fasca_kd,51,6,eeg+imu,2,1.0
rapid_embracenet_fasca_kd,51,9,eeg+imu,2,1.0
rapid_embracenet_fasca_kd,51,17,eeg+imu,2,1.0
rapid_embracenet_fasca_kd,51,18,eeg+imu,2,1.0
rapid_embracenet_fasca_kd,51,32,eeg+imu,2,0.6666666666666666
rapid_embracenet_fasca_kd,51,33,eeg+imu,2,1.0
rapid_embracenet_fasca_kd,51,35,eeg+imu,2,1.0
rapid_embracenet_fasca_kd,51,44,eeg+imu,2,1.0
rapid_embracenet_fasca_kd,51,53,eeg+imu,2,1.0
rapid_embracenet_fasca_kd,51,4,eeg+imu+fp,3,1.0
rapid_embracenet_fasca_kd,51,5,eeg+imu+fp,3,1.0
rapid_embracenet_fasca_kd,51,6,eeg+imu+fp,3,1.0
rapid_embracenet_fasca_kd,51,9,eeg+imu+fp,3,1.0
rapid_embracenet_fasca_kd,51,17,eeg+imu+fp,3,1.0
rapid_embracenet_fasca_kd,51,18,eeg+imu+fp,3,1.0
rapid_embracenet_fasca_kd,51,32,eeg+imu+fp,3,0.6666666666666666
rapid_embracenet_fasca_kd,51,33,eeg+imu+fp,3,1.0
rapid_embracenet_fasca_kd,51,35,eeg+imu+fp,3,1.0
rapid_embracenet_fasca_kd,51,44,eeg+imu+fp,3,1.0
rapid_embracenet_fasca_kd,51,53,eeg+imu+fp,3,1.0
rapid_embracenet_fasca_kd,51,4,eeg+emg,2,1.0
rapid_embracenet_fasca_kd,51,5,eeg+emg,2,1.0
rapid_embracenet_fasca_kd,51,6,eeg+emg,2,0.2222222222222222
rapid_embracenet_fasca_kd,51,9,eeg+emg,2,0.5555555555555555
rapid_embracenet_fasca_kd,51,17,eeg+emg,2,0.16666666666666666
rapid_embracenet_fasca_kd,51,18,eeg+emg,2,0.5555555555555555
rapid_embracenet_fasca_kd,51,32,eeg+emg,2,0.6666666666666666
rapid_embracenet_fasca_kd,51,33,eeg+emg,2,0.5555555555555555
rapid_embracenet_fasca_kd,51,35,eeg+emg,2,0.5555555555555555
rapid_embracenet_fasca_kd,51,44,eeg+emg,2,1.0
rapid_embracenet_fasca_kd,51,53,eeg+emg,2,0.16666666666666666
rapid_embracenet_fasca_kd,51,4,eeg+emg+fp,3,1.0
rapid_embracenet_fasca_kd,51,5,eeg+emg+fp,3,0.2222222222222222
rapid_embracenet_fasca_kd,51,6,eeg+emg+fp,3,1.0
rapid_embracenet_fasca_kd,51,9,eeg+emg+fp,3,1.0
rapid_embracenet_fasca_kd,51,17,eeg+emg+fp,3,1.0
rapid_embracenet_fasca_kd,51,18,eeg+emg+fp,3,0.5555555555555555
rapid_embracenet_fasca_kd,51,32,eeg+emg+fp,3,0.6666666666666666
rapid_embracenet_fasca_kd,51,33,eeg+emg+fp,3,1.0
rapid_embracenet_fasca_kd,51,35,eeg+emg+fp,3,1.0
rapid_embracenet_fasca_kd,51,44,eeg+emg+fp,3,1.0
rapid_embracenet_fasca_kd,51,53,eeg+emg+fp,3,1.0
rapid_embracenet_fasca_kd,51,4,eeg+emg+imu,3,1.0
rapid_embracenet_fasca_kd,51,5,eeg+emg+imu,3,1.0
rapid_embracenet_fasca_kd,51,6,eeg+emg+imu,3,1.0
rapid_embracenet_fasca_kd,51,9,eeg+emg+imu,3,1.0
rapid_embracenet_fasca_kd,51,17,eeg+emg+imu,3,1.0
rapid_embracenet_fasca_kd,51,18,eeg+emg+imu,3,1.0
rapid_embracenet_fasca_kd,51,32,eeg+emg+imu,3,0.6666666666666666
rapid_embracenet_fasca_kd,51,33,eeg+emg+imu,3,1.0
rapid_embracenet_fasca_kd,51,35,eeg+emg+imu,3,1.0
rapid_embracenet_fasca_kd,51,44,eeg+emg+imu,3,1.0
rapid_embracenet_fasca_kd,51,53,eeg+emg+imu,3,1.0
rapid_embracenet_fasca_kd,51,4,eeg+emg+imu+fp,4,1.0
rapid_embracenet_fasca_kd,51,5,eeg+emg+imu+fp,4,1.0
rapid_embracenet_fasca_kd,51,6,eeg+emg+imu+fp,4,1.0
rapid_embracenet_fasca_kd,51,9,eeg+emg+imu+fp,4,1.0
rapid_embracenet_fasca_kd,51,17,eeg+emg+imu+fp,4,1.0
rapid_embracenet_fasca_kd,51,18,eeg+emg+imu+fp,4,1.0
rapid_embracenet_fasca_kd,51,32,eeg+emg+imu+fp,4,0.6666666666666666
rapid_embracenet_fasca_kd,51,33,eeg+emg+imu+fp,4,1.0
rapid_embracenet_fasca_kd,51,35,eeg+emg+imu+fp,4,1.0
rapid_embracenet_fasca_kd,51,44,eeg+emg+imu+fp,4,1.0
rapid_embracenet_fasca_kd,51,53,eeg+emg+imu+fp,4,1.0
rapid_embracenet_fasca_kd,52,4,fp,1,1.0
rapid_embracenet_fasca_kd,52,5,fp,1,1.0
rapid_embracenet_fasca_kd,52,6,fp,1,1.0
rapid_embracenet_fasca_kd,52,9,fp,1,1.0
rapid_embracenet_fasca_kd,52,17,fp,1,1.0
rapid_embracenet_fasca_kd,52,18,fp,1,1.0
rapid_embracenet_fasca_kd,52,32,fp,1,0.6666666666666666
rapid_embracenet_fasca_kd,52,33,fp,1,1.0
rapid_embracenet_fasca_kd,52,35,fp,1,1.0
rapid_embracenet_fasca_kd,52,44,fp,1,1.0
rapid_embracenet_fasca_kd,52,53,fp,1,1.0
rapid_embracenet_fasca_kd,52,4,imu,1,1.0
rapid_embracenet_fasca_kd,52,5,imu,1,1.0
rapid_embracenet_fasca_kd,52,6,imu,1,0.5555555555555555
rapid_embracenet_fasca_kd,52,9,imu,1,1.0
rapid_embracenet_fasca_kd,52,17,imu,1,1.0
rapid_embracenet_fasca_kd,52,18,imu,1,1.0
rapid_embracenet_fasca_kd,52,32,imu,1,0.6666666666666666
rapid_embracenet_fasca_kd,52,33,imu,1,1.0
rapid_embracenet_fasca_kd,52,35,imu,1,1.0
rapid_embracenet_fasca_kd,52,44,imu,1,1.0
rapid_embracenet_fasca_kd,52,53,imu,1,1.0
rapid_embracenet_fasca_kd,52,4,imu+fp,2,1.0
rapid_embracenet_fasca_kd,52,5,imu+fp,2,1.0
rapid_embracenet_fasca_kd,52,6,imu+fp,2,0.5555555555555555
rapid_embracenet_fasca_kd,52,9,imu+fp,2,1.0
rapid_embracenet_fasca_kd,52,17,imu+fp,2,1.0
rapid_embracenet_fasca_kd,52,18,imu+fp,2,1.0
rapid_embracenet_fasca_kd,52,32,imu+fp,2,0.6666666666666666
rapid_embracenet_fasca_kd,52,33,imu+fp,2,1.0
rapid_embracenet_fasca_kd,52,35,imu+fp,2,1.0
rapid_embracenet_fasca_kd,52,44,imu+fp,2,1.0
rapid_embracenet_fasca_kd,52,53,imu+fp,2,1.0
rapid_embracenet_fasca_kd,52,4,emg,1,0.5555555555555555
rapid_embracenet_fasca_kd,52,5,emg,1,1.0
rapid_embracenet_fasca_kd,52,6,emg,1,0.2222222222222222
rapid_embracenet_fasca_kd,52,9,emg,1,0.5555555555555555
rapid_embracenet_fasca_kd,52,17,emg,1,0.5555555555555555
rapid_embracenet_fasca_kd,52,18,emg,1,1.0
rapid_embracenet_fasca_kd,52,32,emg,1,0.6666666666666666
rapid_embracenet_fasca_kd,52,33,emg,1,0.2222222222222222
rapid_embracenet_fasca_kd,52,35,emg,1,1.0
rapid_embracenet_fasca_kd,52,44,emg,1,1.0
rapid_embracenet_fasca_kd,52,53,emg,1,0.2222222222222222
rapid_embracenet_fasca_kd,52,4,emg+fp,2,1.0
rapid_embracenet_fasca_kd,52,5,emg+fp,2,1.0
rapid_embracenet_fasca_kd,52,6,emg+fp,2,1.0
rapid_embracenet_fasca_kd,52,9,emg+fp,2,1.0
rapid_embracenet_fasca_kd,52,17,emg+fp,2,1.0
rapid_embracenet_fasca_kd,52,18,emg+fp,2,1.0
rapid_embracenet_fasca_kd,52,32,emg+fp,2,0.6666666666666666
rapid_embracenet_fasca_kd,52,33,emg+fp,2,1.0
rapid_embracenet_fasca_kd,52,35,emg+fp,2,1.0
rapid_embracenet_fasca_kd,52,44,emg+fp,2,1.0
rapid_embracenet_fasca_kd,52,53,emg+fp,2,1.0
rapid_embracenet_fasca_kd,52,4,emg+imu,2,1.0
rapid_embracenet_fasca_kd,52,5,emg+imu,2,1.0
rapid_embracenet_fasca_kd,52,6,emg+imu,2,1.0
rapid_embracenet_fasca_kd,52,9,emg+imu,2,1.0
rapid_embracenet_fasca_kd,52,17,emg+imu,2,1.0
rapid_embracenet_fasca_kd,52,18,emg+imu,2,1.0
rapid_embracenet_fasca_kd,52,32,emg+imu,2,0.6666666666666666
rapid_embracenet_fasca_kd,52,33,emg+imu,2,1.0
rapid_embracenet_fasca_kd,52,35,emg+imu,2,1.0
rapid_embracenet_fasca_kd,52,44,emg+imu,2,1.0
rapid_embracenet_fasca_kd,52,53,emg+imu,2,1.0
rapid_embracenet_fasca_kd,52,4,emg+imu+fp,3,1.0
rapid_embracenet_fasca_kd,52,5,emg+imu+fp,3,1.0
rapid_embracenet_fasca_kd,52,6,emg+imu+fp,3,1.0
rapid_embracenet_fasca_kd,52,9,emg+imu+fp,3,1.0
rapid_embracenet_fasca_kd,52,17,emg+imu+fp,3,1.0
rapid_embracenet_fasca_kd,52,18,emg+imu+fp,3,1.0
rapid_embracenet_fasca_kd,52,32,emg+imu+fp,3,0.6666666666666666
rapid_embracenet_fasca_kd,52,33,emg+imu+fp,3,1.0
rapid_embracenet_fasca_kd,52,35,emg+imu+fp,3,1.0
rapid_embracenet_fasca_kd,52,44,emg+imu+fp,3,1.0
rapid_embracenet_fasca_kd,52,53,emg+imu+fp,3,1.0
rapid_embracenet_fasca_kd,52,4,eeg,1,1.0
rapid_embracenet_fasca_kd,52,5,eeg,1,0.16666666666666666
rapid_embracenet_fasca_kd,52,6,eeg,1,0.2222222222222222
rapid_embracenet_fasca_kd,52,9,eeg,1,0.2222222222222222
rapid_embracenet_fasca_kd,52,17,eeg,1,0.0
rapid_embracenet_fasca_kd,52,18,eeg,1,0.16666666666666666
rapid_embracenet_fasca_kd,52,32,eeg,1,0.6666666666666666
rapid_embracenet_fasca_kd,52,33,eeg,1,0.2222222222222222
rapid_embracenet_fasca_kd,52,35,eeg,1,0.16666666666666666
rapid_embracenet_fasca_kd,52,44,eeg,1,0.16666666666666666
rapid_embracenet_fasca_kd,52,53,eeg,1,0.16666666666666666
rapid_embracenet_fasca_kd,52,4,eeg+fp,2,1.0
rapid_embracenet_fasca_kd,52,5,eeg+fp,2,1.0
rapid_embracenet_fasca_kd,52,6,eeg+fp,2,1.0
rapid_embracenet_fasca_kd,52,9,eeg+fp,2,1.0
rapid_embracenet_fasca_kd,52,17,eeg+fp,2,1.0
rapid_embracenet_fasca_kd,52,18,eeg+fp,2,1.0
rapid_embracenet_fasca_kd,52,32,eeg+fp,2,0.6666666666666666
rapid_embracenet_fasca_kd,52,33,eeg+fp,2,1.0
rapid_embracenet_fasca_kd,52,35,eeg+fp,2,1.0
rapid_embracenet_fasca_kd,52,44,eeg+fp,2,1.0
rapid_embracenet_fasca_kd,52,53,eeg+fp,2,1.0
rapid_embracenet_fasca_kd,52,4,eeg+imu,2,1.0
rapid_embracenet_fasca_kd,52,5,eeg+imu,2,1.0
rapid_embracenet_fasca_kd,52,6,eeg+imu,2,0.5555555555555555
rapid_embracenet_fasca_kd,52,9,eeg+imu,2,1.0
rapid_embracenet_fasca_kd,52,17,eeg+imu,2,1.0
rapid_embracenet_fasca_kd,52,18,eeg+imu,2,1.0
rapid_embracenet_fasca_kd,52,32,eeg+imu,2,0.6666666666666666
rapid_embracenet_fasca_kd,52,33,eeg+imu,2,1.0
rapid_embracenet_fasca_kd,52,35,eeg+imu,2,1.0
rapid_embracenet_fasca_kd,52,44,eeg+imu,2,1.0
rapid_embracenet_fasca_kd,52,53,eeg+imu,2,1.0
rapid_embracenet_fasca_kd,52,4,eeg+imu+fp,3,1.0
rapid_embracenet_fasca_kd,52,5,eeg+imu+fp,3,1.0
rapid_embracenet_fasca_kd,52,6,eeg+imu+fp,3,0.5555555555555555
rapid_embracenet_fasca_kd,52,9,eeg+imu+fp,3,1.0
rapid_embracenet_fasca_kd,52,17,eeg+imu+fp,3,1.0
rapid_embracenet_fasca_kd,52,18,eeg+imu+fp,3,1.0
rapid_embracenet_fasca_kd,52,32,eeg+imu+fp,3,0.6666666666666666
rapid_embracenet_fasca_kd,52,33,eeg+imu+fp,3,1.0
rapid_embracenet_fasca_kd,52,35,eeg+imu+fp,3,1.0
rapid_embracenet_fasca_kd,52,44,eeg+imu+fp,3,1.0
rapid_embracenet_fasca_kd,52,53,eeg+imu+fp,3,1.0
rapid_embracenet_fasca_kd,52,4,eeg+emg,2,0.5555555555555555
rapid_embracenet_fasca_kd,52,5,eeg+emg,2,1.0
rapid_embracenet_fasca_kd,52,6,eeg+emg,2,0.2222222222222222
rapid_embracenet_fasca_kd,52,9,eeg+emg,2,0.5555555555555555
rapid_embracenet_fasca_kd,52,17,eeg+emg,2,0.5555555555555555
rapid_embracenet_fasca_kd,52,18,eeg+emg,2,1.0
rapid_embracenet_fasca_kd,52,32,eeg+emg,2,0.6666666666666666
rapid_embracenet_fasca_kd,52,33,eeg+emg,2,0.2222222222222222
rapid_embracenet_fasca_kd,52,35,eeg+emg,2,0.2222222222222222
rapid_embracenet_fasca_kd,52,44,eeg+emg,2,0.5555555555555555
rapid_embracenet_fasca_kd,52,53,eeg+emg,2,0.2222222222222222
rapid_embracenet_fasca_kd,52,4,eeg+emg+fp,3,1.0
rapid_embracenet_fasca_kd,52,5,eeg+emg+fp,3,1.0
rapid_embracenet_fasca_kd,52,6,eeg+emg+fp,3,1.0
rapid_embracenet_fasca_kd,52,9,eeg+emg+fp,3,1.0
rapid_embracenet_fasca_kd,52,17,eeg+emg+fp,3,1.0
rapid_embracenet_fasca_kd,52,18,eeg+emg+fp,3,1.0
rapid_embracenet_fasca_kd,52,32,eeg+emg+fp,3,0.6666666666666666
rapid_embracenet_fasca_kd,52,33,eeg+emg+fp,3,1.0
rapid_embracenet_fasca_kd,52,35,eeg+emg+fp,3,1.0
rapid_embracenet_fasca_kd,52,44,eeg+emg+fp,3,1.0
rapid_embracenet_fasca_kd,52,53,eeg+emg+fp,3,1.0
rapid_embracenet_fasca_kd,52,4,eeg+emg+imu,3,1.0
rapid_embracenet_fasca_kd,52,5,eeg+emg+imu,3,1.0
rapid_embracenet_fasca_kd,52,6,eeg+emg+imu,3,1.0
rapid_embracenet_fasca_kd,52,9,eeg+emg+imu,3,1.0
rapid_embracenet_fasca_kd,52,17,eeg+emg+imu,3,1.0
rapid_embracenet_fasca_kd,52,18,eeg+emg+imu,3,1.0
rapid_embracenet_fasca_kd,52,32,eeg+emg+imu,3,0.6666666666666666
rapid_embracenet_fasca_kd,52,33,eeg+emg+imu,3,1.0
rapid_embracenet_fasca_kd,52,35,eeg+emg+imu,3,1.0
rapid_embracenet_fasca_kd,52,44,eeg+emg+imu,3,1.0
rapid_embracenet_fasca_kd,52,53,eeg+emg+imu,3,1.0
rapid_embracenet_fasca_kd,52,4,eeg+emg+imu+fp,4,1.0
rapid_embracenet_fasca_kd,52,5,eeg+emg+imu+fp,4,1.0
rapid_embracenet_fasca_kd,52,6,eeg+emg+imu+fp,4,1.0
rapid_embracenet_fasca_kd,52,9,eeg+emg+imu+fp,4,1.0
rapid_embracenet_fasca_kd,52,17,eeg+emg+imu+fp,4,1.0
rapid_embracenet_fasca_kd,52,18,eeg+emg+imu+fp,4,1.0
rapid_embracenet_fasca_kd,52,32,eeg+emg+imu+fp,4,0.6666666666666666
rapid_embracenet_fasca_kd,52,33,eeg+emg+imu+fp,4,1.0
rapid_embracenet_fasca_kd,52,35,eeg+emg+imu+fp,4,1.0
rapid_embracenet_fasca_kd,52,44,eeg+emg+imu+fp,4,1.0
rapid_embracenet_fasca_kd,52,53,eeg+emg+imu+fp,4,1.0
rapid_embracenet_fasca_kd,53,4,fp,1,0.5555555555555555
rapid_embracenet_fasca_kd,53,5,fp,1,0.16666666666666666
rapid_embracenet_fasca_kd,53,6,fp,1,0.2222222222222222
rapid_embracenet_fasca_kd,53,9,fp,1,1.0
rapid_embracenet_fasca_kd,53,17,fp,1,1.0
rapid_embracenet_fasca_kd,53,18,fp,1,1.0
rapid_embracenet_fasca_kd,53,32,fp,1,0.6666666666666666
rapid_embracenet_fasca_kd,53,33,fp,1,1.0
rapid_embracenet_fasca_kd,53,35,fp,1,1.0
rapid_embracenet_fasca_kd,53,44,fp,1,1.0
rapid_embracenet_fasca_kd,53,53,fp,1,1.0
rapid_embracenet_fasca_kd,53,4,imu,1,1.0
rapid_embracenet_fasca_kd,53,5,imu,1,1.0
rapid_embracenet_fasca_kd,53,6,imu,1,1.0
rapid_embracenet_fasca_kd,53,9,imu,1,1.0
rapid_embracenet_fasca_kd,53,17,imu,1,0.5555555555555555
rapid_embracenet_fasca_kd,53,18,imu,1,1.0
rapid_embracenet_fasca_kd,53,32,imu,1,0.6666666666666666
rapid_embracenet_fasca_kd,53,33,imu,1,1.0
rapid_embracenet_fasca_kd,53,35,imu,1,1.0
rapid_embracenet_fasca_kd,53,44,imu,1,1.0
rapid_embracenet_fasca_kd,53,53,imu,1,1.0
rapid_embracenet_fasca_kd,53,4,imu+fp,2,1.0
rapid_embracenet_fasca_kd,53,5,imu+fp,2,1.0
rapid_embracenet_fasca_kd,53,6,imu+fp,2,0.5555555555555555
rapid_embracenet_fasca_kd,53,9,imu+fp,2,1.0
rapid_embracenet_fasca_kd,53,17,imu+fp,2,1.0
rapid_embracenet_fasca_kd,53,18,imu+fp,2,1.0
rapid_embracenet_fasca_kd,53,32,imu+fp,2,0.6666666666666666
rapid_embracenet_fasca_kd,53,33,imu+fp,2,1.0
rapid_embracenet_fasca_kd,53,35,imu+fp,2,1.0
rapid_embracenet_fasca_kd,53,44,imu+fp,2,1.0
rapid_embracenet_fasca_kd,53,53,imu+fp,2,1.0
rapid_embracenet_fasca_kd,53,4,emg,1,1.0
rapid_embracenet_fasca_kd,53,5,emg,1,1.0
rapid_embracenet_fasca_kd,53,6,emg,1,0.5555555555555555
rapid_embracenet_fasca_kd,53,9,emg,1,1.0
rapid_embracenet_fasca_kd,53,17,emg,1,0.16666666666666666
rapid_embracenet_fasca_kd,53,18,emg,1,0.5555555555555555
rapid_embracenet_fasca_kd,53,32,emg,1,0.2222222222222222
rapid_embracenet_fasca_kd,53,33,emg,1,0.2222222222222222
rapid_embracenet_fasca_kd,53,35,emg,1,0.5555555555555555
rapid_embracenet_fasca_kd,53,44,emg,1,0.5555555555555555
rapid_embracenet_fasca_kd,53,53,emg,1,0.5555555555555555
rapid_embracenet_fasca_kd,53,4,emg+fp,2,0.5555555555555555
rapid_embracenet_fasca_kd,53,5,emg+fp,2,0.16666666666666666
rapid_embracenet_fasca_kd,53,6,emg+fp,2,0.5555555555555555
rapid_embracenet_fasca_kd,53,9,emg+fp,2,1.0
rapid_embracenet_fasca_kd,53,17,emg+fp,2,1.0
rapid_embracenet_fasca_kd,53,18,emg+fp,2,1.0
rapid_embracenet_fasca_kd,53,32,emg+fp,2,0.6666666666666666
rapid_embracenet_fasca_kd,53,33,emg+fp,2,1.0
rapid_embracenet_fasca_kd,53,35,emg+fp,2,1.0
rapid_embracenet_fasca_kd,53,44,emg+fp,2,1.0
rapid_embracenet_fasca_kd,53,53,emg+fp,2,1.0
rapid_embracenet_fasca_kd,53,4,emg+imu,2,1.0
rapid_embracenet_fasca_kd,53,5,emg+imu,2,1.0
rapid_embracenet_fasca_kd,53,6,emg+imu,2,1.0
rapid_embracenet_fasca_kd,53,9,emg+imu,2,1.0
rapid_embracenet_fasca_kd,53,17,emg+imu,2,0.5555555555555555
rapid_embracenet_fasca_kd,53,18,emg+imu,2,1.0
rapid_embracenet_fasca_kd,53,32,emg+imu,2,0.6666666666666666
rapid_embracenet_fasca_kd,53,33,emg+imu,2,1.0
rapid_embracenet_fasca_kd,53,35,emg+imu,2,1.0
rapid_embracenet_fasca_kd,53,44,emg+imu,2,1.0
rapid_embracenet_fasca_kd,53,53,emg+imu,2,1.0
rapid_embracenet_fasca_kd,53,4,emg+imu+fp,3,1.0
rapid_embracenet_fasca_kd,53,5,emg+imu+fp,3,1.0
rapid_embracenet_fasca_kd,53,6,emg+imu+fp,3,1.0
rapid_embracenet_fasca_kd,53,9,emg+imu+fp,3,1.0
rapid_embracenet_fasca_kd,53,17,emg+imu+fp,3,1.0
rapid_embracenet_fasca_kd,53,18,emg+imu+fp,3,1.0
rapid_embracenet_fasca_kd,53,32,emg+imu+fp,3,0.6666666666666666
rapid_embracenet_fasca_kd,53,33,emg+imu+fp,3,1.0
rapid_embracenet_fasca_kd,53,35,emg+imu+fp,3,1.0
rapid_embracenet_fasca_kd,53,44,emg+imu+fp,3,1.0
rapid_embracenet_fasca_kd,53,53,emg+imu+fp,3,1.0
rapid_embracenet_fasca_kd,53,4,eeg,1,0.5555555555555555
rapid_embracenet_fasca_kd,53,5,eeg,1,0.16666666666666666
rapid_embracenet_fasca_kd,53,6,eeg,1,0.5555555555555555
rapid_embracenet_fasca_kd,53,9,eeg,1,0.5555555555555555
rapid_embracenet_fasca_kd,53,17,eeg,1,0.0
rapid_embracenet_fasca_kd,53,18,eeg,1,0.16666666666666666
rapid_embracenet_fasca_kd,53,32,eeg,1,0.2222222222222222
rapid_embracenet_fasca_kd,53,33,eeg,1,0.16666666666666666
rapid_embracenet_fasca_kd,53,35,eeg,1,0.16666666666666666
rapid_embracenet_fasca_kd,53,44,eeg,1,0.16666666666666666
rapid_embracenet_fasca_kd,53,53,eeg,1,0.16666666666666666
rapid_embracenet_fasca_kd,53,4,eeg+fp,2,0.5555555555555555
rapid_embracenet_fasca_kd,53,5,eeg+fp,2,0.16666666666666666
rapid_embracenet_fasca_kd,53,6,eeg+fp,2,0.5555555555555555
rapid_embracenet_fasca_kd,53,9,eeg+fp,2,1.0
rapid_embracenet_fasca_kd,53,17,eeg+fp,2,1.0
rapid_embracenet_fasca_kd,53,18,eeg+fp,2,1.0
rapid_embracenet_fasca_kd,53,32,eeg+fp,2,0.6666666666666666
rapid_embracenet_fasca_kd,53,33,eeg+fp,2,1.0
rapid_embracenet_fasca_kd,53,35,eeg+fp,2,1.0
rapid_embracenet_fasca_kd,53,44,eeg+fp,2,1.0
rapid_embracenet_fasca_kd,53,53,eeg+fp,2,1.0
rapid_embracenet_fasca_kd,53,4,eeg+imu,2,1.0
rapid_embracenet_fasca_kd,53,5,eeg+imu,2,1.0
rapid_embracenet_fasca_kd,53,6,eeg+imu,2,1.0
rapid_embracenet_fasca_kd,53,9,eeg+imu,2,1.0
rapid_embracenet_fasca_kd,53,17,eeg+imu,2,0.5555555555555555
rapid_embracenet_fasca_kd,53,18,eeg+imu,2,1.0
rapid_embracenet_fasca_kd,53,32,eeg+imu,2,0.6666666666666666
rapid_embracenet_fasca_kd,53,33,eeg+imu,2,1.0
rapid_embracenet_fasca_kd,53,35,eeg+imu,2,1.0
rapid_embracenet_fasca_kd,53,44,eeg+imu,2,1.0
rapid_embracenet_fasca_kd,53,53,eeg+imu,2,1.0
rapid_embracenet_fasca_kd,53,4,eeg+imu+fp,3,1.0
rapid_embracenet_fasca_kd,53,5,eeg+imu+fp,3,1.0
rapid_embracenet_fasca_kd,53,6,eeg+imu+fp,3,1.0
rapid_embracenet_fasca_kd,53,9,eeg+imu+fp,3,1.0
rapid_embracenet_fasca_kd,53,17,eeg+imu+fp,3,1.0
rapid_embracenet_fasca_kd,53,18,eeg+imu+fp,3,1.0
rapid_embracenet_fasca_kd,53,32,eeg+imu+fp,3,0.6666666666666666
rapid_embracenet_fasca_kd,53,33,eeg+imu+fp,3,1.0
rapid_embracenet_fasca_kd,53,35,eeg+imu+fp,3,1.0
rapid_embracenet_fasca_kd,53,44,eeg+imu+fp,3,1.0
rapid_embracenet_fasca_kd,53,53,eeg+imu+fp,3,1.0
rapid_embracenet_fasca_kd,53,4,eeg+emg,2,1.0
rapid_embracenet_fasca_kd,53,5,eeg+emg,2,1.0
rapid_embracenet_fasca_kd,53,6,eeg+emg,2,0.5555555555555555
rapid_embracenet_fasca_kd,53,9,eeg+emg,2,1.0
rapid_embracenet_fasca_kd,53,17,eeg+emg,2,0.16666666666666666
rapid_embracenet_fasca_kd,53,18,eeg+emg,2,0.5555555555555555
rapid_embracenet_fasca_kd,53,32,eeg+emg,2,0.2222222222222222
rapid_embracenet_fasca_kd,53,33,eeg+emg,2,0.5555555555555555
rapid_embracenet_fasca_kd,53,35,eeg+emg,2,0.5555555555555555
rapid_embracenet_fasca_kd,53,44,eeg+emg,2,1.0
rapid_embracenet_fasca_kd,53,53,eeg+emg,2,0.2222222222222222
rapid_embracenet_fasca_kd,53,4,eeg+emg+fp,3,0.5555555555555555
rapid_embracenet_fasca_kd,53,5,eeg+emg+fp,3,0.2222222222222222
rapid_embracenet_fasca_kd,53,6,eeg+emg+fp,3,0.5555555555555555
rapid_embracenet_fasca_kd,53,9,eeg+emg+fp,3,1.0
rapid_embracenet_fasca_kd,53,17,eeg+emg+fp,3,1.0
rapid_embracenet_fasca_kd,53,18,eeg+emg+fp,3,1.0
rapid_embracenet_fasca_kd,53,32,eeg+emg+fp,3,0.6666666666666666
rapid_embracenet_fasca_kd,53,33,eeg+emg+fp,3,1.0
rapid_embracenet_fasca_kd,53,35,eeg+emg+fp,3,1.0
rapid_embracenet_fasca_kd,53,44,eeg+emg+fp,3,1.0
rapid_embracenet_fasca_kd,53,53,eeg+emg+fp,3,1.0
rapid_embracenet_fasca_kd,53,4,eeg+emg+imu,3,1.0
rapid_embracenet_fasca_kd,53,5,eeg+emg+imu,3,1.0
rapid_embracenet_fasca_kd,53,6,eeg+emg+imu,3,1.0
rapid_embracenet_fasca_kd,53,9,eeg+emg+imu,3,1.0
rapid_embracenet_fasca_kd,53,17,eeg+emg+imu,3,0.5555555555555555
rapid_embracenet_fasca_kd,53,18,eeg+emg+imu,3,1.0
rapid_embracenet_fasca_kd,53,32,eeg+emg+imu,3,0.6666666666666666
rapid_embracenet_fasca_kd,53,33,eeg+emg+imu,3,1.0
rapid_embracenet_fasca_kd,53,35,eeg+emg+imu,3,1.0
rapid_embracenet_fasca_kd,53,44,eeg+emg+imu,3,1.0
rapid_embracenet_fasca_kd,53,53,eeg+emg+imu,3,1.0
rapid_embracenet_fasca_kd,53,4,eeg+emg+imu+fp,4,1.0
rapid_embracenet_fasca_kd,53,5,eeg+emg+imu+fp,4,1.0
rapid_embracenet_fasca_kd,53,6,eeg+emg+imu+fp,4,1.0
rapid_embracenet_fasca_kd,53,9,eeg+emg+imu+fp,4,1.0
rapid_embracenet_fasca_kd,53,17,eeg+emg+imu+fp,4,1.0
rapid_embracenet_fasca_kd,53,18,eeg+emg+imu+fp,4,1.0
rapid_embracenet_fasca_kd,53,32,eeg+emg+imu+fp,4,0.6666666666666666
rapid_embracenet_fasca_kd,53,33,eeg+emg+imu+fp,4,1.0
rapid_embracenet_fasca_kd,53,35,eeg+emg+imu+fp,4,1.0
rapid_embracenet_fasca_kd,53,44,eeg+emg+imu+fp,4,1.0
rapid_embracenet_fasca_kd,53,53,eeg+emg+imu+fp,4,1.0
rapid_embracenet_fasca_kd,51,20,fp,1,1.0
rapid_embracenet_fasca_kd,51,22,fp,1,1.0
rapid_embracenet_fasca_kd,51,23,fp,1,1.0
rapid_embracenet_fasca_kd,51,28,fp,1,1.0
rapid_embracenet_fasca_kd,51,34,fp,1,1.0
rapid_embracenet_fasca_kd,51,41,fp,1,1.0
rapid_embracenet_fasca_kd,51,42,fp,1,1.0
rapid_embracenet_fasca_kd,51,45,fp,1,0.6666666666666666
rapid_embracenet_fasca_kd,51,51,fp,1,1.0
rapid_embracenet_fasca_kd,51,54,fp,1,1.0
rapid_embracenet_fasca_kd,51,56,fp,1,0.2222222222222222
rapid_embracenet_fasca_kd,51,20,imu,1,1.0
rapid_embracenet_fasca_kd,51,22,imu,1,1.0
rapid_embracenet_fasca_kd,51,23,imu,1,1.0
rapid_embracenet_fasca_kd,51,28,imu,1,1.0
rapid_embracenet_fasca_kd,51,34,imu,1,1.0
rapid_embracenet_fasca_kd,51,41,imu,1,1.0
rapid_embracenet_fasca_kd,51,42,imu,1,1.0
rapid_embracenet_fasca_kd,51,45,imu,1,0.6666666666666666
rapid_embracenet_fasca_kd,51,51,imu,1,1.0
rapid_embracenet_fasca_kd,51,54,imu,1,1.0
rapid_embracenet_fasca_kd,51,56,imu,1,1.0
rapid_embracenet_fasca_kd,51,20,imu+fp,2,1.0
rapid_embracenet_fasca_kd,51,22,imu+fp,2,1.0
rapid_embracenet_fasca_kd,51,23,imu+fp,2,1.0
rapid_embracenet_fasca_kd,51,28,imu+fp,2,1.0
rapid_embracenet_fasca_kd,51,34,imu+fp,2,1.0
rapid_embracenet_fasca_kd,51,41,imu+fp,2,1.0
rapid_embracenet_fasca_kd,51,42,imu+fp,2,1.0
rapid_embracenet_fasca_kd,51,45,imu+fp,2,0.6666666666666666
rapid_embracenet_fasca_kd,51,51,imu+fp,2,1.0
rapid_embracenet_fasca_kd,51,54,imu+fp,2,1.0
rapid_embracenet_fasca_kd,51,56,imu+fp,2,1.0
rapid_embracenet_fasca_kd,51,20,emg,1,1.0
rapid_embracenet_fasca_kd,51,22,emg,1,0.5555555555555555
rapid_embracenet_fasca_kd,51,23,emg,1,0.5555555555555555
rapid_embracenet_fasca_kd,51,28,emg,1,0.5555555555555555
rapid_embracenet_fasca_kd,51,34,emg,1,0.5555555555555555
rapid_embracenet_fasca_kd,51,41,emg,1,0.5555555555555555
rapid_embracenet_fasca_kd,51,42,emg,1,0.2222222222222222
rapid_embracenet_fasca_kd,51,45,emg,1,0.6666666666666666
rapid_embracenet_fasca_kd,51,51,emg,1,1.0
rapid_embracenet_fasca_kd,51,54,emg,1,0.2222222222222222
rapid_embracenet_fasca_kd,51,56,emg,1,0.2222222222222222
rapid_embracenet_fasca_kd,51,20,emg+fp,2,1.0
rapid_embracenet_fasca_kd,51,22,emg+fp,2,1.0
rapid_embracenet_fasca_kd,51,23,emg+fp,2,1.0
rapid_embracenet_fasca_kd,51,28,emg+fp,2,1.0
rapid_embracenet_fasca_kd,51,34,emg+fp,2,1.0
rapid_embracenet_fasca_kd,51,41,emg+fp,2,1.0
rapid_embracenet_fasca_kd,51,42,emg+fp,2,0.5555555555555555
rapid_embracenet_fasca_kd,51,45,emg+fp,2,0.6666666666666666
rapid_embracenet_fasca_kd,51,51,emg+fp,2,1.0
rapid_embracenet_fasca_kd,51,54,emg+fp,2,1.0
rapid_embracenet_fasca_kd,51,56,emg+fp,2,0.5555555555555555
rapid_embracenet_fasca_kd,51,20,emg+imu,2,1.0
rapid_embracenet_fasca_kd,51,22,emg+imu,2,1.0
rapid_embracenet_fasca_kd,51,23,emg+imu,2,1.0
rapid_embracenet_fasca_kd,51,28,emg+imu,2,1.0
rapid_embracenet_fasca_kd,51,34,emg+imu,2,1.0
rapid_embracenet_fasca_kd,51,41,emg+imu,2,1.0
rapid_embracenet_fasca_kd,51,42,emg+imu,2,1.0
rapid_embracenet_fasca_kd,51,45,emg+imu,2,0.6666666666666666
rapid_embracenet_fasca_kd,51,51,emg+imu,2,1.0
rapid_embracenet_fasca_kd,51,54,emg+imu,2,1.0
rapid_embracenet_fasca_kd,51,56,emg+imu,2,1.0
rapid_embracenet_fasca_kd,51,20,emg+imu+fp,3,1.0
rapid_embracenet_fasca_kd,51,22,emg+imu+fp,3,1.0
rapid_embracenet_fasca_kd,51,23,emg+imu+fp,3,1.0
rapid_embracenet_fasca_kd,51,28,emg+imu+fp,3,1.0
rapid_embracenet_fasca_kd,51,34,emg+imu+fp,3,1.0
rapid_embracenet_fasca_kd,51,41,emg+imu+fp,3,1.0
rapid_embracenet_fasca_kd,51,42,emg+imu+fp,3,1.0
rapid_embracenet_fasca_kd,51,45,emg+imu+fp,3,0.6666666666666666
rapid_embracenet_fasca_kd,51,51,emg+imu+fp,3,1.0
rapid_embracenet_fasca_kd,51,54,emg+imu+fp,3,1.0
rapid_embracenet_fasca_kd,51,56,emg+imu+fp,3,1.0
rapid_embracenet_fasca_kd,51,20,eeg,1,0.16666666666666666
rapid_embracenet_fasca_kd,51,22,eeg,1,0.5555555555555555
rapid_embracenet_fasca_kd,51,23,eeg,1,0.5555555555555555
rapid_embracenet_fasca_kd,51,28,eeg,1,0.5555555555555555
rapid_embracenet_fasca_kd,51,34,eeg,1,0.5555555555555555
rapid_embracenet_fasca_kd,51,41,eeg,1,0.5555555555555555
rapid_embracenet_fasca_kd,51,42,eeg,1,0.16666666666666666
rapid_embracenet_fasca_kd,51,45,eeg,1,0.2222222222222222
rapid_embracenet_fasca_kd,51,51,eeg,1,0.5555555555555555
rapid_embracenet_fasca_kd,51,54,eeg,1,1.0
rapid_embracenet_fasca_kd,51,56,eeg,1,0.16666666666666666
rapid_embracenet_fasca_kd,51,20,eeg+fp,2,1.0
rapid_embracenet_fasca_kd,51,22,eeg+fp,2,1.0
rapid_embracenet_fasca_kd,51,23,eeg+fp,2,1.0
rapid_embracenet_fasca_kd,51,28,eeg+fp,2,1.0
rapid_embracenet_fasca_kd,51,34,eeg+fp,2,1.0
rapid_embracenet_fasca_kd,51,41,eeg+fp,2,1.0
rapid_embracenet_fasca_kd,51,42,eeg+fp,2,1.0
rapid_embracenet_fasca_kd,51,45,eeg+fp,2,0.6666666666666666
rapid_embracenet_fasca_kd,51,51,eeg+fp,2,1.0
rapid_embracenet_fasca_kd,51,54,eeg+fp,2,1.0
rapid_embracenet_fasca_kd,51,56,eeg+fp,2,0.2222222222222222
rapid_embracenet_fasca_kd,51,20,eeg+imu,2,1.0
rapid_embracenet_fasca_kd,51,22,eeg+imu,2,1.0
rapid_embracenet_fasca_kd,51,23,eeg+imu,2,1.0
rapid_embracenet_fasca_kd,51,28,eeg+imu,2,1.0
rapid_embracenet_fasca_kd,51,34,eeg+imu,2,1.0
rapid_embracenet_fasca_kd,51,41,eeg+imu,2,1.0
rapid_embracenet_fasca_kd,51,42,eeg+imu,2,1.0
rapid_embracenet_fasca_kd,51,45,eeg+imu,2,0.6666666666666666
rapid_embracenet_fasca_kd,51,51,eeg+imu,2,1.0
rapid_embracenet_fasca_kd,51,54,eeg+imu,2,1.0
rapid_embracenet_fasca_kd,51,56,eeg+imu,2,1.0
rapid_embracenet_fasca_kd,51,20,eeg+imu+fp,3,1.0
rapid_embracenet_fasca_kd,51,22,eeg+imu+fp,3,1.0
rapid_embracenet_fasca_kd,51,23,eeg+imu+fp,3,1.0
rapid_embracenet_fasca_kd,51,28,eeg+imu+fp,3,1.0
rapid_embracenet_fasca_kd,51,34,eeg+imu+fp,3,1.0
rapid_embracenet_fasca_kd,51,41,eeg+imu+fp,3,1.0
rapid_embracenet_fasca_kd,51,42,eeg+imu+fp,3,1.0
rapid_embracenet_fasca_kd,51,45,eeg+imu+fp,3,0.6666666666666666
rapid_embracenet_fasca_kd,51,51,eeg+imu+fp,3,1.0
rapid_embracenet_fasca_kd,51,54,eeg+imu+fp,3,1.0
rapid_embracenet_fasca_kd,51,56,eeg+imu+fp,3,1.0
rapid_embracenet_fasca_kd,51,20,eeg+emg,2,1.0
rapid_embracenet_fasca_kd,51,22,eeg+emg,2,0.5555555555555555
rapid_embracenet_fasca_kd,51,23,eeg+emg,2,0.5555555555555555
rapid_embracenet_fasca_kd,51,28,eeg+emg,2,0.5555555555555555
rapid_embracenet_fasca_kd,51,34,eeg+emg,2,0.5555555555555555
rapid_embracenet_fasca_kd,51,41,eeg+emg,2,0.5555555555555555
rapid_embracenet_fasca_kd,51,42,eeg+emg,2,0.2222222222222222
rapid_embracenet_fasca_kd,51,45,eeg+emg,2,0.2222222222222222
rapid_embracenet_fasca_kd,51,51,eeg+emg,2,1.0
rapid_embracenet_fasca_kd,51,54,eeg+emg,2,0.2222222222222222
rapid_embracenet_fasca_kd,51,56,eeg+emg,2,0.2222222222222222
rapid_embracenet_fasca_kd,51,20,eeg+emg+fp,3,1.0
rapid_embracenet_fasca_kd,51,22,eeg+emg+fp,3,1.0
rapid_embracenet_fasca_kd,51,23,eeg+emg+fp,3,1.0
rapid_embracenet_fasca_kd,51,28,eeg+emg+fp,3,1.0
rapid_embracenet_fasca_kd,51,34,eeg+emg+fp,3,1.0
rapid_embracenet_fasca_kd,51,41,eeg+emg+fp,3,1.0
rapid_embracenet_fasca_kd,51,42,eeg+emg+fp,3,0.5555555555555555
rapid_embracenet_fasca_kd,51,45,eeg+emg+fp,3,0.6666666666666666
rapid_embracenet_fasca_kd,51,51,eeg+emg+fp,3,1.0
rapid_embracenet_fasca_kd,51,54,eeg+emg+fp,3,1.0
rapid_embracenet_fasca_kd,51,56,eeg+emg+fp,3,0.5555555555555555
rapid_embracenet_fasca_kd,51,20,eeg+emg+imu,3,1.0
rapid_embracenet_fasca_kd,51,22,eeg+emg+imu,3,1.0
rapid_embracenet_fasca_kd,51,23,eeg+emg+imu,3,1.0
rapid_embracenet_fasca_kd,51,28,eeg+emg+imu,3,1.0
rapid_embracenet_fasca_kd,51,34,eeg+emg+imu,3,1.0
rapid_embracenet_fasca_kd,51,41,eeg+emg+imu,3,1.0
rapid_embracenet_fasca_kd,51,42,eeg+emg+imu,3,1.0
rapid_embracenet_fasca_kd,51,45,eeg+emg+imu,3,0.6666666666666666
rapid_embracenet_fasca_kd,51,51,eeg+emg+imu,3,1.0
rapid_embracenet_fasca_kd,51,54,eeg+emg+imu,3,1.0
rapid_embracenet_fasca_kd,51,56,eeg+emg+imu,3,1.0
rapid_embracenet_fasca_kd,51,20,eeg+emg+imu+fp,4,1.0
rapid_embracenet_fasca_kd,51,22,eeg+emg+imu+fp,4,1.0
rapid_embracenet_fasca_kd,51,23,eeg+emg+imu+fp,4,1.0
rapid_embracenet_fasca_kd,51,28,eeg+emg+imu+fp,4,1.0
rapid_embracenet_fasca_kd,51,34,eeg+emg+imu+fp,4,1.0
rapid_embracenet_fasca_kd,51,41,eeg+emg+imu+fp,4,1.0
rapid_embracenet_fasca_kd,51,42,eeg+emg+imu+fp,4,1.0
rapid_embracenet_fasca_kd,51,45,eeg+emg+imu+fp,4,0.6666666666666666
rapid_embracenet_fasca_kd,51,51,eeg+emg+imu+fp,4,1.0
rapid_embracenet_fasca_kd,51,54,eeg+emg+imu+fp,4,1.0
rapid_embracenet_fasca_kd,51,56,eeg+emg+imu+fp,4,1.0
rapid_embracenet_fasca_kd,52,20,fp,1,1.0
rapid_embracenet_fasca_kd,52,22,fp,1,1.0
rapid_embracenet_fasca_kd,52,23,fp,1,1.0
rapid_embracenet_fasca_kd,52,28,fp,1,1.0
rapid_embracenet_fasca_kd,52,34,fp,1,1.0
rapid_embracenet_fasca_kd,52,41,fp,1,1.0
rapid_embracenet_fasca_kd,52,42,fp,1,1.0
rapid_embracenet_fasca_kd,52,45,fp,1,0.6666666666666666
rapid_embracenet_fasca_kd,52,51,fp,1,1.0
rapid_embracenet_fasca_kd,52,54,fp,1,1.0
rapid_embracenet_fasca_kd,52,56,fp,1,0.2222222222222222
rapid_embracenet_fasca_kd,52,20,imu,1,1.0
rapid_embracenet_fasca_kd,52,22,imu,1,1.0
rapid_embracenet_fasca_kd,52,23,imu,1,1.0
rapid_embracenet_fasca_kd,52,28,imu,1,1.0
rapid_embracenet_fasca_kd,52,34,imu,1,1.0
rapid_embracenet_fasca_kd,52,41,imu,1,1.0
rapid_embracenet_fasca_kd,52,42,imu,1,1.0
rapid_embracenet_fasca_kd,52,45,imu,1,0.6666666666666666
rapid_embracenet_fasca_kd,52,51,imu,1,1.0
rapid_embracenet_fasca_kd,52,54,imu,1,1.0
rapid_embracenet_fasca_kd,52,56,imu,1,1.0
rapid_embracenet_fasca_kd,52,20,imu+fp,2,1.0
rapid_embracenet_fasca_kd,52,22,imu+fp,2,1.0
rapid_embracenet_fasca_kd,52,23,imu+fp,2,1.0
rapid_embracenet_fasca_kd,52,28,imu+fp,2,1.0
rapid_embracenet_fasca_kd,52,34,imu+fp,2,1.0
rapid_embracenet_fasca_kd,52,41,imu+fp,2,1.0
rapid_embracenet_fasca_kd,52,42,imu+fp,2,1.0
rapid_embracenet_fasca_kd,52,45,imu+fp,2,0.6666666666666666
rapid_embracenet_fasca_kd,52,51,imu+fp,2,1.0
rapid_embracenet_fasca_kd,52,54,imu+fp,2,1.0
rapid_embracenet_fasca_kd,52,56,imu+fp,2,1.0
rapid_embracenet_fasca_kd,52,20,emg,1,0.5555555555555555
rapid_embracenet_fasca_kd,52,22,emg,1,0.5555555555555555
rapid_embracenet_fasca_kd,52,23,emg,1,1.0
rapid_embracenet_fasca_kd,52,28,emg,1,0.5555555555555555
rapid_embracenet_fasca_kd,52,34,emg,1,1.0
rapid_embracenet_fasca_kd,52,41,emg,1,0.2222222222222222
rapid_embracenet_fasca_kd,52,42,emg,1,0.2222222222222222
rapid_embracenet_fasca_kd,52,45,emg,1,0.6666666666666666
rapid_embracenet_fasca_kd,52,51,emg,1,1.0
rapid_embracenet_fasca_kd,52,54,emg,1,1.0
rapid_embracenet_fasca_kd,52,56,emg,1,0.2222222222222222
rapid_embracenet_fasca_kd,52,20,emg+fp,2,1.0
rapid_embracenet_fasca_kd,52,22,emg+fp,2,1.0
rapid_embracenet_fasca_kd,52,23,emg+fp,2,1.0
rapid_embracenet_fasca_kd,52,28,emg+fp,2,1.0
rapid_embracenet_fasca_kd,52,34,emg+fp,2,1.0
rapid_embracenet_fasca_kd,52,41,emg+fp,2,1.0
rapid_embracenet_fasca_kd,52,42,emg+fp,2,1.0
rapid_embracenet_fasca_kd,52,45,emg+fp,2,0.6666666666666666
rapid_embracenet_fasca_kd,52,51,emg+fp,2,1.0
rapid_embracenet_fasca_kd,52,54,emg+fp,2,1.0
rapid_embracenet_fasca_kd,52,56,emg+fp,2,0.5555555555555555
rapid_embracenet_fasca_kd,52,20,emg+imu,2,1.0
rapid_embracenet_fasca_kd,52,22,emg+imu,2,1.0
rapid_embracenet_fasca_kd,52,23,emg+imu,2,1.0
rapid_embracenet_fasca_kd,52,28,emg+imu,2,1.0
rapid_embracenet_fasca_kd,52,34,emg+imu,2,1.0
rapid_embracenet_fasca_kd,52,41,emg+imu,2,1.0
rapid_embracenet_fasca_kd,52,42,emg+imu,2,1.0
rapid_embracenet_fasca_kd,52,45,emg+imu,2,0.6666666666666666
rapid_embracenet_fasca_kd,52,51,emg+imu,2,1.0
rapid_embracenet_fasca_kd,52,54,emg+imu,2,1.0
rapid_embracenet_fasca_kd,52,56,emg+imu,2,1.0
rapid_embracenet_fasca_kd,52,20,emg+imu+fp,3,1.0
rapid_embracenet_fasca_kd,52,22,emg+imu+fp,3,1.0
rapid_embracenet_fasca_kd,52,23,emg+imu+fp,3,1.0
rapid_embracenet_fasca_kd,52,28,emg+imu+fp,3,1.0
rapid_embracenet_fasca_kd,52,34,emg+imu+fp,3,1.0
rapid_embracenet_fasca_kd,52,41,emg+imu+fp,3,1.0
rapid_embracenet_fasca_kd,52,42,emg+imu+fp,3,1.0
rapid_embracenet_fasca_kd,52,45,emg+imu+fp,3,0.6666666666666666
rapid_embracenet_fasca_kd,52,51,emg+imu+fp,3,1.0
rapid_embracenet_fasca_kd,52,54,emg+imu+fp,3,1.0
rapid_embracenet_fasca_kd,52,56,emg+imu+fp,3,1.0
rapid_embracenet_fasca_kd,52,20,eeg,1,0.5555555555555555
rapid_embracenet_fasca_kd,52,22,eeg,1,0.16666666666666666
rapid_embracenet_fasca_kd,52,23,eeg,1,1.0
rapid_embracenet_fasca_kd,52,28,eeg,1,0.2222222222222222
rapid_embracenet_fasca_kd,52,34,eeg,1,1.0
rapid_embracenet_fasca_kd,52,41,eeg,1,0.2222222222222222
rapid_embracenet_fasca_kd,52,42,eeg,1,0.16666666666666666
rapid_embracenet_fasca_kd,52,45,eeg,1,0.6666666666666666
rapid_embracenet_fasca_kd,52,51,eeg,1,0.5555555555555555
rapid_embracenet_fasca_kd,52,54,eeg,1,0.2222222222222222
rapid_embracenet_fasca_kd,52,56,eeg,1,0.16666666666666666
rapid_embracenet_fasca_kd,52,20,eeg+fp,2,1.0
rapid_embracenet_fasca_kd,52,22,eeg+fp,2,1.0
rapid_embracenet_fasca_kd,52,23,eeg+fp,2,1.0
rapid_embracenet_fasca_kd,52,28,eeg+fp,2,1.0
rapid_embracenet_fasca_kd,52,34,eeg+fp,2,1.0
rapid_embracenet_fasca_kd,52,41,eeg+fp,2,1.0
rapid_embracenet_fasca_kd,52,42,eeg+fp,2,1.0
rapid_embracenet_fasca_kd,52,45,eeg+fp,2,0.6666666666666666
rapid_embracenet_fasca_kd,52,51,eeg+fp,2,1.0
rapid_embracenet_fasca_kd,52,54,eeg+fp,2,1.0
rapid_embracenet_fasca_kd,52,56,eeg+fp,2,0.2222222222222222
rapid_embracenet_fasca_kd,52,20,eeg+imu,2,1.0
rapid_embracenet_fasca_kd,52,22,eeg+imu,2,1.0
rapid_embracenet_fasca_kd,52,23,eeg+imu,2,1.0
rapid_embracenet_fasca_kd,52,28,eeg+imu,2,1.0
rapid_embracenet_fasca_kd,52,34,eeg+imu,2,1.0
rapid_embracenet_fasca_kd,52,41,eeg+imu,2,1.0
rapid_embracenet_fasca_kd,52,42,eeg+imu,2,1.0
rapid_embracenet_fasca_kd,52,45,eeg+imu,2,0.6666666666666666
rapid_embracenet_fasca_kd,52,51,eeg+imu,2,1.0
rapid_embracenet_fasca_kd,52,54,eeg+imu,2,1.0
rapid_embracenet_fasca_kd,52,56,eeg+imu,2,1.0
rapid_embracenet_fasca_kd,52,20,eeg+imu+fp,3,1.0
rapid_embracenet_fasca_kd,52,22,eeg+imu+fp,3,1.0
rapid_embracenet_fasca_kd,52,23,eeg+imu+fp,3,1.0
rapid_embracenet_fasca_kd,52,28,eeg+imu+fp,3,1.0
rapid_embracenet_fasca_kd,52,34,eeg+imu+fp,3,1.0
rapid_embracenet_fasca_kd,52,41,eeg+imu+fp,3,1.0
rapid_embracenet_fasca_kd,52,42,eeg+imu+fp,3,1.0
rapid_embracenet_fasca_kd,52,45,eeg+imu+fp,3,0.6666666666666666
rapid_embracenet_fasca_kd,52,51,eeg+imu+fp,3,1.0
rapid_embracenet_fasca_kd,52,54,eeg+imu+fp,3,1.0
rapid_embracenet_fasca_kd,52,56,eeg+imu+fp,3,1.0
rapid_embracenet_fasca_kd,52,20,eeg+emg,2,0.5555555555555555
rapid_embracenet_fasca_kd,52,22,eeg+emg,2,0.2222222222222222
rapid_embracenet_fasca_kd,52,23,eeg+emg,2,1.0
rapid_embracenet_fasca_kd,52,28,eeg+emg,2,0.5555555555555555
rapid_embracenet_fasca_kd,52,34,eeg+emg,2,1.0
rapid_embracenet_fasca_kd,52,41,eeg+emg,2,0.2222222222222222
rapid_embracenet_fasca_kd,52,42,eeg+emg,2,0.2222222222222222
rapid_embracenet_fasca_kd,52,45,eeg+emg,2,0.6666666666666666
rapid_embracenet_fasca_kd,52,51,eeg+emg,2,0.5555555555555555
rapid_embracenet_fasca_kd,52,54,eeg+emg,2,1.0
rapid_embracenet_fasca_kd,52,56,eeg+emg,2,0.2222222222222222
rapid_embracenet_fasca_kd,52,20,eeg+emg+fp,3,1.0
rapid_embracenet_fasca_kd,52,22,eeg+emg+fp,3,1.0
rapid_embracenet_fasca_kd,52,23,eeg+emg+fp,3,1.0
rapid_embracenet_fasca_kd,52,28,eeg+emg+fp,3,1.0
rapid_embracenet_fasca_kd,52,34,eeg+emg+fp,3,1.0
rapid_embracenet_fasca_kd,52,41,eeg+emg+fp,3,1.0
rapid_embracenet_fasca_kd,52,42,eeg+emg+fp,3,1.0
rapid_embracenet_fasca_kd,52,45,eeg+emg+fp,3,0.6666666666666666
rapid_embracenet_fasca_kd,52,51,eeg+emg+fp,3,1.0
rapid_embracenet_fasca_kd,52,54,eeg+emg+fp,3,1.0
rapid_embracenet_fasca_kd,52,56,eeg+emg+fp,3,0.5555555555555555
rapid_embracenet_fasca_kd,52,20,eeg+emg+imu,3,1.0
rapid_embracenet_fasca_kd,52,22,eeg+emg+imu,3,1.0
rapid_embracenet_fasca_kd,52,23,eeg+emg+imu,3,1.0
rapid_embracenet_fasca_kd,52,28,eeg+emg+imu,3,1.0
rapid_embracenet_fasca_kd,52,34,eeg+emg+imu,3,1.0
rapid_embracenet_fasca_kd,52,41,eeg+emg+imu,3,1.0
rapid_embracenet_fasca_kd,52,42,eeg+emg+imu,3,1.0
rapid_embracenet_fasca_kd,52,45,eeg+emg+imu,3,0.6666666666666666
rapid_embracenet_fasca_kd,52,51,eeg+emg+imu,3,1.0
rapid_embracenet_fasca_kd,52,54,eeg+emg+imu,3,1.0
rapid_embracenet_fasca_kd,52,56,eeg+emg+imu,3,1.0
rapid_embracenet_fasca_kd,52,20,eeg+emg+imu+fp,4,1.0
rapid_embracenet_fasca_kd,52,22,eeg+emg+imu+fp,4,1.0
rapid_embracenet_fasca_kd,52,23,eeg+emg+imu+fp,4,1.0
rapid_embracenet_fasca_kd,52,28,eeg+emg+imu+fp,4,1.0
rapid_embracenet_fasca_kd,52,34,eeg+emg+imu+fp,4,1.0
rapid_embracenet_fasca_kd,52,41,eeg+emg+imu+fp,4,1.0
rapid_embracenet_fasca_kd,52,42,eeg+emg+imu+fp,4,1.0
rapid_embracenet_fasca_kd,52,45,eeg+emg+imu+fp,4,0.6666666666666666
rapid_embracenet_fasca_kd,52,51,eeg+emg+imu+fp,4,1.0
rapid_embracenet_fasca_kd,52,54,eeg+emg+imu+fp,4,1.0
rapid_embracenet_fasca_kd,52,56,eeg+emg+imu+fp,4,1.0
rapid_embracenet_fasca_kd,53,20,fp,1,1.0
rapid_embracenet_fasca_kd,53,22,fp,1,1.0
rapid_embracenet_fasca_kd,53,23,fp,1,1.0
rapid_embracenet_fasca_kd,53,28,fp,1,1.0
rapid_embracenet_fasca_kd,53,34,fp,1,1.0
rapid_embracenet_fasca_kd,53,41,fp,1,1.0
rapid_embracenet_fasca_kd,53,42,fp,1,1.0
rapid_embracenet_fasca_kd,53,45,fp,1,0.6666666666666666
rapid_embracenet_fasca_kd,53,51,fp,1,1.0
rapid_embracenet_fasca_kd,53,54,fp,1,1.0
rapid_embracenet_fasca_kd,53,56,fp,1,0.5555555555555555
rapid_embracenet_fasca_kd,53,20,imu,1,1.0
rapid_embracenet_fasca_kd,53,22,imu,1,1.0
rapid_embracenet_fasca_kd,53,23,imu,1,1.0
rapid_embracenet_fasca_kd,53,28,imu,1,1.0
rapid_embracenet_fasca_kd,53,34,imu,1,1.0
rapid_embracenet_fasca_kd,53,41,imu,1,1.0
rapid_embracenet_fasca_kd,53,42,imu,1,1.0
rapid_embracenet_fasca_kd,53,45,imu,1,0.6666666666666666
rapid_embracenet_fasca_kd,53,51,imu,1,1.0
rapid_embracenet_fasca_kd,53,54,imu,1,1.0
rapid_embracenet_fasca_kd,53,56,imu,1,1.0
rapid_embracenet_fasca_kd,53,20,imu+fp,2,1.0
rapid_embracenet_fasca_kd,53,22,imu+fp,2,1.0
rapid_embracenet_fasca_kd,53,23,imu+fp,2,1.0
rapid_embracenet_fasca_kd,53,28,imu+fp,2,1.0
rapid_embracenet_fasca_kd,53,34,imu+fp,2,1.0
rapid_embracenet_fasca_kd,53,41,imu+fp,2,1.0
rapid_embracenet_fasca_kd,53,42,imu+fp,2,1.0
rapid_embracenet_fasca_kd,53,45,imu+fp,2,0.6666666666666666
rapid_embracenet_fasca_kd,53,51,imu+fp,2,1.0
rapid_embracenet_fasca_kd,53,54,imu+fp,2,1.0
rapid_embracenet_fasca_kd,53,56,imu+fp,2,1.0
rapid_embracenet_fasca_kd,53,20,emg,1,1.0
rapid_embracenet_fasca_kd,53,22,emg,1,0.5555555555555555
rapid_embracenet_fasca_kd,53,23,emg,1,0.5555555555555555
rapid_embracenet_fasca_kd,53,28,emg,1,0.2222222222222222
rapid_embracenet_fasca_kd,53,34,emg,1,0.2222222222222222
rapid_embracenet_fasca_kd,53,41,emg,1,0.5555555555555555
rapid_embracenet_fasca_kd,53,42,emg,1,0.2222222222222222
rapid_embracenet_fasca_kd,53,45,emg,1,0.2222222222222222
rapid_embracenet_fasca_kd,53,51,emg,1,1.0
rapid_embracenet_fasca_kd,53,54,emg,1,0.2222222222222222
rapid_embracenet_fasca_kd,53,56,emg,1,0.2222222222222222
rapid_embracenet_fasca_kd,53,20,emg+fp,2,1.0
rapid_embracenet_fasca_kd,53,22,emg+fp,2,1.0
rapid_embracenet_fasca_kd,53,23,emg+fp,2,1.0
rapid_embracenet_fasca_kd,53,28,emg+fp,2,1.0
rapid_embracenet_fasca_kd,53,34,emg+fp,2,1.0
rapid_embracenet_fasca_kd,53,41,emg+fp,2,1.0
rapid_embracenet_fasca_kd,53,42,emg+fp,2,0.5555555555555555
rapid_embracenet_fasca_kd,53,45,emg+fp,2,0.6666666666666666
rapid_embracenet_fasca_kd,53,51,emg+fp,2,1.0
rapid_embracenet_fasca_kd,53,54,emg+fp,2,1.0
rapid_embracenet_fasca_kd,53,56,emg+fp,2,1.0
rapid_embracenet_fasca_kd,53,20,emg+imu,2,1.0
rapid_embracenet_fasca_kd,53,22,emg+imu,2,1.0
rapid_embracenet_fasca_kd,53,23,emg+imu,2,1.0
rapid_embracenet_fasca_kd,53,28,emg+imu,2,1.0
rapid_embracenet_fasca_kd,53,34,emg+imu,2,1.0
rapid_embracenet_fasca_kd,53,41,emg+imu,2,1.0
rapid_embracenet_fasca_kd,53,42,emg+imu,2,1.0
rapid_embracenet_fasca_kd,53,45,emg+imu,2,0.6666666666666666
rapid_embracenet_fasca_kd,53,51,emg+imu,2,1.0
rapid_embracenet_fasca_kd,53,54,emg+imu,2,1.0
rapid_embracenet_fasca_kd,53,56,emg+imu,2,1.0
rapid_embracenet_fasca_kd,53,20,emg+imu+fp,3,1.0
rapid_embracenet_fasca_kd,53,22,emg+imu+fp,3,1.0
rapid_embracenet_fasca_kd,53,23,emg+imu+fp,3,1.0
rapid_embracenet_fasca_kd,53,28,emg+imu+fp,3,1.0
rapid_embracenet_fasca_kd,53,34,emg+imu+fp,3,1.0
rapid_embracenet_fasca_kd,53,41,emg+imu+fp,3,1.0
rapid_embracenet_fasca_kd,53,42,emg+imu+fp,3,1.0
rapid_embracenet_fasca_kd,53,45,emg+imu+fp,3,0.6666666666666666
rapid_embracenet_fasca_kd,53,51,emg+imu+fp,3,1.0
rapid_embracenet_fasca_kd,53,54,emg+imu+fp,3,1.0
rapid_embracenet_fasca_kd,53,56,emg+imu+fp,3,1.0
rapid_embracenet_fasca_kd,53,20,eeg,1,0.16666666666666666
rapid_embracenet_fasca_kd,53,22,eeg,1,0.16666666666666666
rapid_embracenet_fasca_kd,53,23,eeg,1,1.0
rapid_embracenet_fasca_kd,53,28,eeg,1,0.5555555555555555
rapid_embracenet_fasca_kd,53,34,eeg,1,0.2222222222222222
rapid_embracenet_fasca_kd,53,41,eeg,1,0.5555555555555555
rapid_embracenet_fasca_kd,53,42,eeg,1,0.16666666666666666
rapid_embracenet_fasca_kd,53,45,eeg,1,0.2222222222222222
rapid_embracenet_fasca_kd,53,51,eeg,1,0.5555555555555555
rapid_embracenet_fasca_kd,53,54,eeg,1,0.2222222222222222
rapid_embracenet_fasca_kd,53,56,eeg,1,0.16666666666666666
rapid_embracenet_fasca_kd,53,20,eeg+fp,2,1.0
rapid_embracenet_fasca_kd,53,22,eeg+fp,2,1.0
rapid_embracenet_fasca_kd,53,23,eeg+fp,2,1.0
rapid_embracenet_fasca_kd,53,28,eeg+fp,2,1.0
rapid_embracenet_fasca_kd,53,34,eeg+fp,2,1.0
rapid_embracenet_fasca_kd,53,41,eeg+fp,2,1.0
rapid_embracenet_fasca_kd,53,42,eeg+fp,2,1.0
rapid_embracenet_fasca_kd,53,45,eeg+fp,2,0.6666666666666666
rapid_embracenet_fasca_kd,53,51,eeg+fp,2,1.0
rapid_embracenet_fasca_kd,53,54,eeg+fp,2,1.0
rapid_embracenet_fasca_kd,53,56,eeg+fp,2,0.2222222222222222
rapid_embracenet_fasca_kd,53,20,eeg+imu,2,1.0
rapid_embracenet_fasca_kd,53,22,eeg+imu,2,1.0
rapid_embracenet_fasca_kd,53,23,eeg+imu,2,1.0
rapid_embracenet_fasca_kd,53,28,eeg+imu,2,1.0
rapid_embracenet_fasca_kd,53,34,eeg+imu,2,1.0
rapid_embracenet_fasca_kd,53,41,eeg+imu,2,1.0
rapid_embracenet_fasca_kd,53,42,eeg+imu,2,1.0
rapid_embracenet_fasca_kd,53,45,eeg+imu,2,0.6666666666666666
rapid_embracenet_fasca_kd,53,51,eeg+imu,2,1.0
rapid_embracenet_fasca_kd,53,54,eeg+imu,2,1.0
rapid_embracenet_fasca_kd,53,56,eeg+imu,2,1.0
rapid_embracenet_fasca_kd,53,20,eeg+imu+fp,3,1.0
rapid_embracenet_fasca_kd,53,22,eeg+imu+fp,3,1.0
rapid_embracenet_fasca_kd,53,23,eeg+imu+fp,3,1.0
rapid_embracenet_fasca_kd,53,28,eeg+imu+fp,3,1.0
rapid_embracenet_fasca_kd,53,34,eeg+imu+fp,3,1.0
rapid_embracenet_fasca_kd,53,41,eeg+imu+fp,3,1.0
rapid_embracenet_fasca_kd,53,42,eeg+imu+fp,3,1.0
rapid_embracenet_fasca_kd,53,45,eeg+imu+fp,3,0.6666666666666666
rapid_embracenet_fasca_kd,53,51,eeg+imu+fp,3,1.0
rapid_embracenet_fasca_kd,53,54,eeg+imu+fp,3,1.0
rapid_embracenet_fasca_kd,53,56,eeg+imu+fp,3,1.0
rapid_embracenet_fasca_kd,53,20,eeg+emg,2,1.0
rapid_embracenet_fasca_kd,53,22,eeg+emg,2,0.2222222222222222
rapid_embracenet_fasca_kd,53,23,eeg+emg,2,0.5555555555555555
rapid_embracenet_fasca_kd,53,28,eeg+emg,2,0.2222222222222222
rapid_embracenet_fasca_kd,53,34,eeg+emg,2,0.2222222222222222
rapid_embracenet_fasca_kd,53,41,eeg+emg,2,0.5555555555555555
rapid_embracenet_fasca_kd,53,42,eeg+emg,2,0.16666666666666666
rapid_embracenet_fasca_kd,53,45,eeg+emg,2,0.2222222222222222
rapid_embracenet_fasca_kd,53,51,eeg+emg,2,1.0
rapid_embracenet_fasca_kd,53,54,eeg+emg,2,0.2222222222222222
rapid_embracenet_fasca_kd,53,56,eeg+emg,2,0.2222222222222222
rapid_embracenet_fasca_kd,53,20,eeg+emg+fp,3,1.0
rapid_embracenet_fasca_kd,53,22,eeg+emg+fp,3,1.0
rapid_embracenet_fasca_kd,53,23,eeg+emg+fp,3,1.0
rapid_embracenet_fasca_kd,53,28,eeg+emg+fp,3,1.0
rapid_embracenet_fasca_kd,53,34,eeg+emg+fp,3,1.0
rapid_embracenet_fasca_kd,53,41,eeg+emg+fp,3,1.0
rapid_embracenet_fasca_kd,53,42,eeg+emg+fp,3,0.5555555555555555
rapid_embracenet_fasca_kd,53,45,eeg+emg+fp,3,0.6666666666666666
rapid_embracenet_fasca_kd,53,51,eeg+emg+fp,3,1.0
rapid_embracenet_fasca_kd,53,54,eeg+emg+fp,3,1.0
rapid_embracenet_fasca_kd,53,56,eeg+emg+fp,3,1.0
rapid_embracenet_fasca_kd,53,20,eeg+emg+imu,3,1.0
rapid_embracenet_fasca_kd,53,22,eeg+emg+imu,3,1.0
rapid_embracenet_fasca_kd,53,23,eeg+emg+imu,3,1.0
rapid_embracenet_fasca_kd,53,28,eeg+emg+imu,3,1.0
rapid_embracenet_fasca_kd,53,34,eeg+emg+imu,3,1.0
rapid_embracenet_fasca_kd,53,41,eeg+emg+imu,3,1.0
rapid_embracenet_fasca_kd,53,42,eeg+emg+imu,3,1.0
rapid_embracenet_fasca_kd,53,45,eeg+emg+imu,3,0.6666666666666666
rapid_embracenet_fasca_kd,53,51,eeg+emg+imu,3,1.0
rapid_embracenet_fasca_kd,53,54,eeg+emg+imu,3,1.0
rapid_embracenet_fasca_kd,53,56,eeg+emg+imu,3,1.0
rapid_embracenet_fasca_kd,53,20,eeg+emg+imu+fp,4,1.0
rapid_embracenet_fasca_kd,53,22,eeg+emg+imu+fp,4,1.0
rapid_embracenet_fasca_kd,53,23,eeg+emg+imu+fp,4,1.0
rapid_embracenet_fasca_kd,53,28,eeg+emg+imu+fp,4,1.0
rapid_embracenet_fasca_kd,53,34,eeg+emg+imu+fp,4,1.0
rapid_embracenet_fasca_kd,53,41,eeg+emg+imu+fp,4,1.0
rapid_embracenet_fasca_kd,53,42,eeg+emg+imu+fp,4,1.0
rapid_embracenet_fasca_kd,53,45,eeg+emg+imu+fp,4,0.6666666666666666
rapid_embracenet_fasca_kd,53,51,eeg+emg+imu+fp,4,1.0
rapid_embracenet_fasca_kd,53,54,eeg+emg+imu+fp,4,1.0
rapid_embracenet_fasca_kd,53,56,eeg+emg+imu+fp,4,1.0
rapid_embracenet_fasca_kd,51,8,fp,1,0.3333333333333333
rapid_embracenet_fasca_kd,51,11,fp,1,0.6666666666666666
rapid_embracenet_fasca_kd,51,12,fp,1,1.0
rapid_embracenet_fasca_kd,51,13,fp,1,0.5555555555555555
rapid_embracenet_fasca_kd,51,30,fp,1,1.0
rapid_embracenet_fasca_kd,51,31,fp,1,1.0
rapid_embracenet_fasca_kd,51,37,fp,1,1.0
rapid_embracenet_fasca_kd,51,52,fp,1,1.0
rapid_embracenet_fasca_kd,51,55,fp,1,0.2222222222222222
rapid_embracenet_fasca_kd,51,57,fp,1,1.0
rapid_embracenet_fasca_kd,51,58,fp,1,1.0
rapid_embracenet_fasca_kd,51,8,imu,1,0.3333333333333333
rapid_embracenet_fasca_kd,51,11,imu,1,0.6666666666666666
rapid_embracenet_fasca_kd,51,12,imu,1,1.0
rapid_embracenet_fasca_kd,51,13,imu,1,1.0
rapid_embracenet_fasca_kd,51,30,imu,1,0.5555555555555555
rapid_embracenet_fasca_kd,51,31,imu,1,1.0
rapid_embracenet_fasca_kd,51,37,imu,1,1.0
rapid_embracenet_fasca_kd,51,52,imu,1,1.0
rapid_embracenet_fasca_kd,51,55,imu,1,1.0
rapid_embracenet_fasca_kd,51,57,imu,1,1.0
rapid_embracenet_fasca_kd,51,58,imu,1,1.0
rapid_embracenet_fasca_kd,51,8,imu+fp,2,0.3333333333333333
rapid_embracenet_fasca_kd,51,11,imu+fp,2,0.6666666666666666
rapid_embracenet_fasca_kd,51,12,imu+fp,2,1.0
rapid_embracenet_fasca_kd,51,13,imu+fp,2,1.0
rapid_embracenet_fasca_kd,51,30,imu+fp,2,1.0
rapid_embracenet_fasca_kd,51,31,imu+fp,2,1.0
rapid_embracenet_fasca_kd,51,37,imu+fp,2,1.0
rapid_embracenet_fasca_kd,51,52,imu+fp,2,1.0
rapid_embracenet_fasca_kd,51,55,imu+fp,2,1.0
rapid_embracenet_fasca_kd,51,57,imu+fp,2,1.0
rapid_embracenet_fasca_kd,51,58,imu+fp,2,1.0
rapid_embracenet_fasca_kd,51,8,emg,1,0.0
rapid_embracenet_fasca_kd,51,11,emg,1,0.2222222222222222
rapid_embracenet_fasca_kd,51,12,emg,1,0.16666666666666666
rapid_embracenet_fasca_kd,51,13,emg,1,0.5555555555555555
rapid_embracenet_fasca_kd,51,30,emg,1,0.5555555555555555
rapid_embracenet_fasca_kd,51,31,emg,1,0.2222222222222222
rapid_embracenet_fasca_kd,51,37,emg,1,1.0
rapid_embracenet_fasca_kd,51,52,emg,1,0.2222222222222222
rapid_embracenet_fasca_kd,51,55,emg,1,0.5555555555555555
rapid_embracenet_fasca_kd,51,57,emg,1,0.2222222222222222
rapid_embracenet_fasca_kd,51,58,emg,1,0.5555555555555555
rapid_embracenet_fasca_kd,51,8,emg+fp,2,0.3333333333333333
rapid_embracenet_fasca_kd,51,11,emg+fp,2,0.6666666666666666
rapid_embracenet_fasca_kd,51,12,emg+fp,2,1.0
rapid_embracenet_fasca_kd,51,13,emg+fp,2,1.0
rapid_embracenet_fasca_kd,51,30,emg+fp,2,1.0
rapid_embracenet_fasca_kd,51,31,emg+fp,2,1.0
rapid_embracenet_fasca_kd,51,37,emg+fp,2,1.0
rapid_embracenet_fasca_kd,51,52,emg+fp,2,1.0
rapid_embracenet_fasca_kd,51,55,emg+fp,2,0.2222222222222222
rapid_embracenet_fasca_kd,51,57,emg+fp,2,0.5555555555555555
rapid_embracenet_fasca_kd,51,58,emg+fp,2,1.0
rapid_embracenet_fasca_kd,51,8,emg+imu,2,0.3333333333333333
rapid_embracenet_fasca_kd,51,11,emg+imu,2,0.6666666666666666
rapid_embracenet_fasca_kd,51,12,emg+imu,2,1.0
rapid_embracenet_fasca_kd,51,13,emg+imu,2,1.0
rapid_embracenet_fasca_kd,51,30,emg+imu,2,0.5555555555555555
rapid_embracenet_fasca_kd,51,31,emg+imu,2,1.0
rapid_embracenet_fasca_kd,51,37,emg+imu,2,1.0
rapid_embracenet_fasca_kd,51,52,emg+imu,2,1.0
rapid_embracenet_fasca_kd,51,55,emg+imu,2,1.0
rapid_embracenet_fasca_kd,51,57,emg+imu,2,1.0
rapid_embracenet_fasca_kd,51,58,emg+imu,2,1.0
rapid_embracenet_fasca_kd,51,8,emg+imu+fp,3,0.3333333333333333
rapid_embracenet_fasca_kd,51,11,emg+imu+fp,3,0.6666666666666666
rapid_embracenet_fasca_kd,51,12,emg+imu+fp,3,1.0
rapid_embracenet_fasca_kd,51,13,emg+imu+fp,3,1.0
rapid_embracenet_fasca_kd,51,30,emg+imu+fp,3,1.0
rapid_embracenet_fasca_kd,51,31,emg+imu+fp,3,1.0
rapid_embracenet_fasca_kd,51,37,emg+imu+fp,3,1.0
rapid_embracenet_fasca_kd,51,52,emg+imu+fp,3,1.0
rapid_embracenet_fasca_kd,51,55,emg+imu+fp,3,1.0
rapid_embracenet_fasca_kd,51,57,emg+imu+fp,3,1.0
rapid_embracenet_fasca_kd,51,58,emg+imu+fp,3,1.0
rapid_embracenet_fasca_kd,51,8,eeg,1,0.0
rapid_embracenet_fasca_kd,51,11,eeg,1,0.2222222222222222
rapid_embracenet_fasca_kd,51,12,eeg,1,0.2222222222222222
rapid_embracenet_fasca_kd,51,13,eeg,1,0.16666666666666666
rapid_embracenet_fasca_kd,51,30,eeg,1,0.5555555555555555
rapid_embracenet_fasca_kd,51,31,eeg,1,0.3333333333333333
rapid_embracenet_fasca_kd,51,37,eeg,1,0.16666666666666666
rapid_embracenet_fasca_kd,51,52,eeg,1,0.2222222222222222
rapid_embracenet_fasca_kd,51,55,eeg,1,0.2222222222222222
rapid_embracenet_fasca_kd,51,57,eeg,1,0.16666666666666666
rapid_embracenet_fasca_kd,51,58,eeg,1,0.5555555555555555
rapid_embracenet_fasca_kd,51,8,eeg+fp,2,0.3333333333333333
rapid_embracenet_fasca_kd,51,11,eeg+fp,2,0.6666666666666666
rapid_embracenet_fasca_kd,51,12,eeg+fp,2,1.0
rapid_embracenet_fasca_kd,51,13,eeg+fp,2,0.5555555555555555
rapid_embracenet_fasca_kd,51,30,eeg+fp,2,1.0
rapid_embracenet_fasca_kd,51,31,eeg+fp,2,1.0
rapid_embracenet_fasca_kd,51,37,eeg+fp,2,1.0
rapid_embracenet_fasca_kd,51,52,eeg+fp,2,1.0
rapid_embracenet_fasca_kd,51,55,eeg+fp,2,0.2222222222222222
rapid_embracenet_fasca_kd,51,57,eeg+fp,2,1.0
rapid_embracenet_fasca_kd,51,58,eeg+fp,2,1.0
rapid_embracenet_fasca_kd,51,8,eeg+imu,2,0.3333333333333333
rapid_embracenet_fasca_kd,51,11,eeg+imu,2,0.6666666666666666
rapid_embracenet_fasca_kd,51,12,eeg+imu,2,1.0
rapid_embracenet_fasca_kd,51,13,eeg+imu,2,1.0
rapid_embracenet_fasca_kd,51,30,eeg+imu,2,0.5555555555555555
rapid_embracenet_fasca_kd,51,31,eeg+imu,2,1.0
rapid_embracenet_fasca_kd,51,37,eeg+imu,2,1.0
rapid_embracenet_fasca_kd,51,52,eeg+imu,2,1.0
rapid_embracenet_fasca_kd,51,55,eeg+imu,2,1.0
rapid_embracenet_fasca_kd,51,57,eeg+imu,2,1.0
rapid_embracenet_fasca_kd,51,58,eeg+imu,2,1.0
rapid_embracenet_fasca_kd,51,8,eeg+imu+fp,3,0.3333333333333333
rapid_embracenet_fasca_kd,51,11,eeg+imu+fp,3,0.6666666666666666
rapid_embracenet_fasca_kd,51,12,eeg+imu+fp,3,1.0
rapid_embracenet_fasca_kd,51,13,eeg+imu+fp,3,1.0
rapid_embracenet_fasca_kd,51,30,eeg+imu+fp,3,1.0
rapid_embracenet_fasca_kd,51,31,eeg+imu+fp,3,1.0
rapid_embracenet_fasca_kd,51,37,eeg+imu+fp,3,1.0
rapid_embracenet_fasca_kd,51,52,eeg+imu+fp,3,1.0
rapid_embracenet_fasca_kd,51,55,eeg+imu+fp,3,1.0
rapid_embracenet_fasca_kd,51,57,eeg+imu+fp,3,1.0
rapid_embracenet_fasca_kd,51,58,eeg+imu+fp,3,1.0
rapid_embracenet_fasca_kd,51,8,eeg+emg,2,0.0
rapid_embracenet_fasca_kd,51,11,eeg+emg,2,0.2222222222222222
rapid_embracenet_fasca_kd,51,12,eeg+emg,2,0.16666666666666666
rapid_embracenet_fasca_kd,51,13,eeg+emg,2,1.0
rapid_embracenet_fasca_kd,51,30,eeg+emg,2,0.5555555555555555
rapid_embracenet_fasca_kd,51,31,eeg+emg,2,0.2222222222222222
rapid_embracenet_fasca_kd,51,37,eeg+emg,2,1.0
rapid_embracenet_fasca_kd,51,52,eeg+emg,2,0.2222222222222222
rapid_embracenet_fasca_kd,51,55,eeg+emg,2,0.5555555555555555
rapid_embracenet_fasca_kd,51,57,eeg+emg,2,0.5555555555555555
rapid_embracenet_fasca_kd,51,58,eeg+emg,2,0.5555555555555555
rapid_embracenet_fasca_kd,51,8,eeg+emg+fp,3,0.3333333333333333
rapid_embracenet_fasca_kd,51,11,eeg+emg+fp,3,0.6666666666666666
rapid_embracenet_fasca_kd,51,12,eeg+emg+fp,3,1.0
rapid_embracenet_fasca_kd,51,13,eeg+emg+fp,3,1.0
rapid_embracenet_fasca_kd,51,30,eeg+emg+fp,3,1.0
rapid_embracenet_fasca_kd,51,31,eeg+emg+fp,3,1.0
rapid_embracenet_fasca_kd,51,37,eeg+emg+fp,3,1.0
rapid_embracenet_fasca_kd,51,52,eeg+emg+fp,3,1.0
rapid_embracenet_fasca_kd,51,55,eeg+emg+fp,3,0.2222222222222222
rapid_embracenet_fasca_kd,51,57,eeg+emg+fp,3,1.0
rapid_embracenet_fasca_kd,51,58,eeg+emg+fp,3,1.0
rapid_embracenet_fasca_kd,51,8,eeg+emg+imu,3,0.3333333333333333
rapid_embracenet_fasca_kd,51,11,eeg+emg+imu,3,0.6666666666666666
rapid_embracenet_fasca_kd,51,12,eeg+emg+imu,3,1.0
rapid_embracenet_fasca_kd,51,13,eeg+emg+imu,3,1.0
rapid_embracenet_fasca_kd,51,30,eeg+emg+imu,3,0.5555555555555555
rapid_embracenet_fasca_kd,51,31,eeg+emg+imu,3,1.0
rapid_embracenet_fasca_kd,51,37,eeg+emg+imu,3,1.0
rapid_embracenet_fasca_kd,51,52,eeg+emg+imu,3,1.0
rapid_embracenet_fasca_kd,51,55,eeg+emg+imu,3,1.0
rapid_embracenet_fasca_kd,51,57,eeg+emg+imu,3,1.0
rapid_embracenet_fasca_kd,51,58,eeg+emg+imu,3,1.0
rapid_embracenet_fasca_kd,51,8,eeg+emg+imu+fp,4,0.3333333333333333
rapid_embracenet_fasca_kd,51,11,eeg+emg+imu+fp,4,0.6666666666666666
rapid_embracenet_fasca_kd,51,12,eeg+emg+imu+fp,4,1.0
rapid_embracenet_fasca_kd,51,13,eeg+emg+imu+fp,4,1.0
rapid_embracenet_fasca_kd,51,30,eeg+emg+imu+fp,4,1.0
rapid_embracenet_fasca_kd,51,31,eeg+emg+imu+fp,4,1.0
rapid_embracenet_fasca_kd,51,37,eeg+emg+imu+fp,4,1.0
rapid_embracenet_fasca_kd,51,52,eeg+emg+imu+fp,4,1.0
rapid_embracenet_fasca_kd,51,55,eeg+emg+imu+fp,4,1.0
rapid_embracenet_fasca_kd,51,57,eeg+emg+imu+fp,4,1.0
rapid_embracenet_fasca_kd,51,58,eeg+emg+imu+fp,4,1.0
rapid_embracenet_fasca_kd,52,8,fp,1,0.3333333333333333
rapid_embracenet_fasca_kd,52,11,fp,1,0.6666666666666666
rapid_embracenet_fasca_kd,52,12,fp,1,1.0
rapid_embracenet_fasca_kd,52,13,fp,1,1.0
rapid_embracenet_fasca_kd,52,30,fp,1,1.0
rapid_embracenet_fasca_kd,52,31,fp,1,1.0
rapid_embracenet_fasca_kd,52,37,fp,1,1.0
rapid_embracenet_fasca_kd,52,52,fp,1,1.0
rapid_embracenet_fasca_kd,52,55,fp,1,0.5555555555555555
rapid_embracenet_fasca_kd,52,57,fp,1,1.0
rapid_embracenet_fasca_kd,52,58,fp,1,1.0
rapid_embracenet_fasca_kd,52,8,imu,1,0.3333333333333333
rapid_embracenet_fasca_kd,52,11,imu,1,0.6666666666666666
rapid_embracenet_fasca_kd,52,12,imu,1,1.0
rapid_embracenet_fasca_kd,52,13,imu,1,1.0
rapid_embracenet_fasca_kd,52,30,imu,1,1.0
rapid_embracenet_fasca_kd,52,31,imu,1,1.0
rapid_embracenet_fasca_kd,52,37,imu,1,1.0
rapid_embracenet_fasca_kd,52,52,imu,1,1.0
rapid_embracenet_fasca_kd,52,55,imu,1,1.0
rapid_embracenet_fasca_kd,52,57,imu,1,1.0
rapid_embracenet_fasca_kd,52,58,imu,1,1.0
rapid_embracenet_fasca_kd,52,8,imu+fp,2,0.3333333333333333
rapid_embracenet_fasca_kd,52,11,imu+fp,2,0.6666666666666666
rapid_embracenet_fasca_kd,52,12,imu+fp,2,1.0
rapid_embracenet_fasca_kd,52,13,imu+fp,2,1.0
rapid_embracenet_fasca_kd,52,30,imu+fp,2,1.0
rapid_embracenet_fasca_kd,52,31,imu+fp,2,1.0
rapid_embracenet_fasca_kd,52,37,imu+fp,2,1.0
rapid_embracenet_fasca_kd,52,52,imu+fp,2,1.0
rapid_embracenet_fasca_kd,52,55,imu+fp,2,0.5555555555555555
rapid_embracenet_fasca_kd,52,57,imu+fp,2,1.0
rapid_embracenet_fasca_kd,52,58,imu+fp,2,1.0
rapid_embracenet_fasca_kd,52,8,emg,1,0.0
rapid_embracenet_fasca_kd,52,11,emg,1,0.2222222222222222
rapid_embracenet_fasca_kd,52,12,emg,1,0.16666666666666666
rapid_embracenet_fasca_kd,52,13,emg,1,0.5555555555555555
rapid_embracenet_fasca_kd,52,30,emg,1,0.5555555555555555
rapid_embracenet_fasca_kd,52,31,emg,1,0.5555555555555555
rapid_embracenet_fasca_kd,52,37,emg,1,1.0
rapid_embracenet_fasca_kd,52,52,emg,1,0.5555555555555555
rapid_embracenet_fasca_kd,52,55,emg,1,0.5555555555555555
rapid_embracenet_fasca_kd,52,57,emg,1,0.2222222222222222
rapid_embracenet_fasca_kd,52,58,emg,1,0.2222222222222222
rapid_embracenet_fasca_kd,52,8,emg+fp,2,0.3333333333333333
rapid_embracenet_fasca_kd,52,11,emg+fp,2,0.6666666666666666
rapid_embracenet_fasca_kd,52,12,emg+fp,2,1.0
rapid_embracenet_fasca_kd,52,13,emg+fp,2,1.0
rapid_embracenet_fasca_kd,52,30,emg+fp,2,1.0
rapid_embracenet_fasca_kd,52,31,emg+fp,2,1.0
rapid_embracenet_fasca_kd,52,37,emg+fp,2,1.0
rapid_embracenet_fasca_kd,52,52,emg+fp,2,1.0
rapid_embracenet_fasca_kd,52,55,emg+fp,2,0.5555555555555555
rapid_embracenet_fasca_kd,52,57,emg+fp,2,1.0
rapid_embracenet_fasca_kd,52,58,emg+fp,2,1.0
rapid_embracenet_fasca_kd,52,8,emg+imu,2,0.3333333333333333
rapid_embracenet_fasca_kd,52,11,emg+imu,2,0.6666666666666666
rapid_embracenet_fasca_kd,52,12,emg+imu,2,1.0
rapid_embracenet_fasca_kd,52,13,emg+imu,2,1.0
rapid_embracenet_fasca_kd,52,30,emg+imu,2,1.0
rapid_embracenet_fasca_kd,52,31,emg+imu,2,1.0
rapid_embracenet_fasca_kd,52,37,emg+imu,2,1.0
rapid_embracenet_fasca_kd,52,52,emg+imu,2,1.0
rapid_embracenet_fasca_kd,52,55,emg+imu,2,0.5555555555555555
rapid_embracenet_fasca_kd,52,57,emg+imu,2,1.0
rapid_embracenet_fasca_kd,52,58,emg+imu,2,1.0
rapid_embracenet_fasca_kd,52,8,emg+imu+fp,3,0.3333333333333333
rapid_embracenet_fasca_kd,52,11,emg+imu+fp,3,0.6666666666666666
rapid_embracenet_fasca_kd,52,12,emg+imu+fp,3,1.0
rapid_embracenet_fasca_kd,52,13,emg+imu+fp,3,1.0
rapid_embracenet_fasca_kd,52,30,emg+imu+fp,3,1.0
rapid_embracenet_fasca_kd,52,31,emg+imu+fp,3,1.0
rapid_embracenet_fasca_kd,52,37,emg+imu+fp,3,1.0
rapid_embracenet_fasca_kd,52,52,emg+imu+fp,3,1.0
rapid_embracenet_fasca_kd,52,55,emg+imu+fp,3,0.5555555555555555
rapid_embracenet_fasca_kd,52,57,emg+imu+fp,3,1.0
rapid_embracenet_fasca_kd,52,58,emg+imu+fp,3,1.0
rapid_embracenet_fasca_kd,52,8,eeg,1,0.0
rapid_embracenet_fasca_kd,52,11,eeg,1,0.2222222222222222
rapid_embracenet_fasca_kd,52,12,eeg,1,0.16666666666666666
rapid_embracenet_fasca_kd,52,13,eeg,1,0.16666666666666666
rapid_embracenet_fasca_kd,52,30,eeg,1,1.0
rapid_embracenet_fasca_kd,52,31,eeg,1,0.3333333333333333
rapid_embracenet_fasca_kd,52,37,eeg,1,0.16666666666666666
rapid_embracenet_fasca_kd,52,52,eeg,1,0.5555555555555555
rapid_embracenet_fasca_kd,52,55,eeg,1,0.2222222222222222
rapid_embracenet_fasca_kd,52,57,eeg,1,0.2222222222222222
rapid_embracenet_fasca_kd,52,58,eeg,1,1.0
rapid_embracenet_fasca_kd,52,8,eeg+fp,2,0.3333333333333333
rapid_embracenet_fasca_kd,52,11,eeg+fp,2,0.6666666666666666
rapid_embracenet_fasca_kd,52,12,eeg+fp,2,1.0
rapid_embracenet_fasca_kd,52,13,eeg+fp,2,1.0
rapid_embracenet_fasca_kd,52,30,eeg+fp,2,1.0
rapid_embracenet_fasca_kd,52,31,eeg+fp,2,1.0
rapid_embracenet_fasca_kd,52,37,eeg+fp,2,1.0
rapid_embracenet_fasca_kd,52,52,eeg+fp,2,1.0
rapid_embracenet_fasca_kd,52,55,eeg+fp,2,0.5555555555555555
rapid_embracenet_fasca_kd,52,57,eeg+fp,2,1.0
rapid_embracenet_fasca_kd,52,58,eeg+fp,2,1.0
rapid_embracenet_fasca_kd,52,8,eeg+imu,2,0.3333333333333333
rapid_embracenet_fasca_kd,52,11,eeg+imu,2,0.6666666666666666
rapid_embracenet_fasca_kd,52,12,eeg+imu,2,1.0
rapid_embracenet_fasca_kd,52,13,eeg+imu,2,1.0
rapid_embracenet_fasca_kd,52,30,eeg+imu,2,1.0
rapid_embracenet_fasca_kd,52,31,eeg+imu,2,1.0
rapid_embracenet_fasca_kd,52,37,eeg+imu,2,1.0
rapid_embracenet_fasca_kd,52,52,eeg+imu,2,1.0
rapid_embracenet_fasca_kd,52,55,eeg+imu,2,1.0
rapid_embracenet_fasca_kd,52,57,eeg+imu,2,1.0
rapid_embracenet_fasca_kd,52,58,eeg+imu,2,1.0
rapid_embracenet_fasca_kd,52,8,eeg+imu+fp,3,0.3333333333333333
rapid_embracenet_fasca_kd,52,11,eeg+imu+fp,3,0.6666666666666666
rapid_embracenet_fasca_kd,52,12,eeg+imu+fp,3,1.0
rapid_embracenet_fasca_kd,52,13,eeg+imu+fp,3,1.0
rapid_embracenet_fasca_kd,52,30,eeg+imu+fp,3,1.0
rapid_embracenet_fasca_kd,52,31,eeg+imu+fp,3,1.0
rapid_embracenet_fasca_kd,52,37,eeg+imu+fp,3,1.0
rapid_embracenet_fasca_kd,52,52,eeg+imu+fp,3,1.0
rapid_embracenet_fasca_kd,52,55,eeg+imu+fp,3,0.5555555555555555
rapid_embracenet_fasca_kd,52,57,eeg+imu+fp,3,1.0
rapid_embracenet_fasca_kd,52,58,eeg+imu+fp,3,1.0
rapid_embracenet_fasca_kd,52,8,eeg+emg,2,0.0
rapid_embracenet_fasca_kd,52,11,eeg+emg,2,0.2222222222222222
rapid_embracenet_fasca_kd,52,12,eeg+emg,2,0.16666666666666666
rapid_embracenet_fasca_kd,52,13,eeg+emg,2,1.0
rapid_embracenet_fasca_kd,52,30,eeg+emg,2,0.5555555555555555
rapid_embracenet_fasca_kd,52,31,eeg+emg,2,0.2222222222222222
rapid_embracenet_fasca_kd,52,37,eeg+emg,2,1.0
rapid_embracenet_fasca_kd,52,52,eeg+emg,2,0.5555555555555555
rapid_embracenet_fasca_kd,52,55,eeg+emg,2,0.5555555555555555
rapid_embracenet_fasca_kd,52,57,eeg+emg,2,0.2222222222222222
rapid_embracenet_fasca_kd,52,58,eeg+emg,2,0.2222222222222222
rapid_embracenet_fasca_kd,52,8,eeg+emg+fp,3,0.3333333333333333
rapid_embracenet_fasca_kd,52,11,eeg+emg+fp,3,0.6666666666666666
rapid_embracenet_fasca_kd,52,12,eeg+emg+fp,3,1.0
rapid_embracenet_fasca_kd,52,13,eeg+emg+fp,3,1.0
rapid_embracenet_fasca_kd,52,30,eeg+emg+fp,3,1.0
rapid_embracenet_fasca_kd,52,31,eeg+emg+fp,3,1.0
rapid_embracenet_fasca_kd,52,37,eeg+emg+fp,3,1.0
rapid_embracenet_fasca_kd,52,52,eeg+emg+fp,3,1.0
rapid_embracenet_fasca_kd,52,55,eeg+emg+fp,3,0.5555555555555555
rapid_embracenet_fasca_kd,52,57,eeg+emg+fp,3,1.0
rapid_embracenet_fasca_kd,52,58,eeg+emg+fp,3,1.0
rapid_embracenet_fasca_kd,52,8,eeg+emg+imu,3,0.3333333333333333
rapid_embracenet_fasca_kd,52,11,eeg+emg+imu,3,0.6666666666666666
rapid_embracenet_fasca_kd,52,12,eeg+emg+imu,3,1.0
rapid_embracenet_fasca_kd,52,13,eeg+emg+imu,3,1.0
rapid_embracenet_fasca_kd,52,30,eeg+emg+imu,3,1.0
rapid_embracenet_fasca_kd,52,31,eeg+emg+imu,3,1.0
rapid_embracenet_fasca_kd,52,37,eeg+emg+imu,3,1.0
rapid_embracenet_fasca_kd,52,52,eeg+emg+imu,3,1.0
rapid_embracenet_fasca_kd,52,55,eeg+emg+imu,3,0.5555555555555555
rapid_embracenet_fasca_kd,52,57,eeg+emg+imu,3,1.0
rapid_embracenet_fasca_kd,52,58,eeg+emg+imu,3,1.0
rapid_embracenet_fasca_kd,52,8,eeg+emg+imu+fp,4,0.3333333333333333
rapid_embracenet_fasca_kd,52,11,eeg+emg+imu+fp,4,0.6666666666666666
rapid_embracenet_fasca_kd,52,12,eeg+emg+imu+fp,4,1.0
rapid_embracenet_fasca_kd,52,13,eeg+emg+imu+fp,4,1.0
rapid_embracenet_fasca_kd,52,30,eeg+emg+imu+fp,4,1.0
rapid_embracenet_fasca_kd,52,31,eeg+emg+imu+fp,4,1.0
rapid_embracenet_fasca_kd,52,37,eeg+emg+imu+fp,4,1.0
rapid_embracenet_fasca_kd,52,52,eeg+emg+imu+fp,4,1.0
rapid_embracenet_fasca_kd,52,55,eeg+emg+imu+fp,4,0.5555555555555555
rapid_embracenet_fasca_kd,52,57,eeg+emg+imu+fp,4,1.0
rapid_embracenet_fasca_kd,52,58,eeg+emg+imu+fp,4,1.0
rapid_embracenet_fasca_kd,53,8,fp,1,0.3333333333333333
rapid_embracenet_fasca_kd,53,11,fp,1,0.6666666666666666
rapid_embracenet_fasca_kd,53,12,fp,1,1.0
rapid_embracenet_fasca_kd,53,13,fp,1,1.0
rapid_embracenet_fasca_kd,53,30,fp,1,1.0
rapid_embracenet_fasca_kd,53,31,fp,1,1.0
rapid_embracenet_fasca_kd,53,37,fp,1,1.0
rapid_embracenet_fasca_kd,53,52,fp,1,1.0
rapid_embracenet_fasca_kd,53,55,fp,1,0.2222222222222222
rapid_embracenet_fasca_kd,53,57,fp,1,1.0
rapid_embracenet_fasca_kd,53,58,fp,1,1.0
rapid_embracenet_fasca_kd,53,8,imu,1,0.3333333333333333
rapid_embracenet_fasca_kd,53,11,imu,1,0.6666666666666666
rapid_embracenet_fasca_kd,53,12,imu,1,1.0
rapid_embracenet_fasca_kd,53,13,imu,1,1.0
rapid_embracenet_fasca_kd,53,30,imu,1,1.0
rapid_embracenet_fasca_kd,53,31,imu,1,1.0
rapid_embracenet_fasca_kd,53,37,imu,1,0.5555555555555555
rapid_embracenet_fasca_kd,53,52,imu,1,1.0
rapid_embracenet_fasca_kd,53,55,imu,1,1.0
rapid_embracenet_fasca_kd,53,57,imu,1,1.0
rapid_embracenet_fasca_kd,53,58,imu,1,1.0
rapid_embracenet_fasca_kd,53,8,imu+fp,2,0.3333333333333333
rapid_embracenet_fasca_kd,53,11,imu+fp,2,0.6666666666666666
rapid_embracenet_fasca_kd,53,12,imu+fp,2,1.0
rapid_embracenet_fasca_kd,53,13,imu+fp,2,1.0
rapid_embracenet_fasca_kd,53,30,imu+fp,2,1.0
rapid_embracenet_fasca_kd,53,31,imu+fp,2,1.0
rapid_embracenet_fasca_kd,53,37,imu+fp,2,1.0
rapid_embracenet_fasca_kd,53,52,imu+fp,2,1.0
rapid_embracenet_fasca_kd,53,55,imu+fp,2,1.0
rapid_embracenet_fasca_kd,53,57,imu+fp,2,1.0
rapid_embracenet_fasca_kd,53,58,imu+fp,2,1.0
rapid_embracenet_fasca_kd,53,8,emg,1,0.0
rapid_embracenet_fasca_kd,53,11,emg,1,0.2222222222222222
rapid_embracenet_fasca_kd,53,12,emg,1,0.5555555555555555
rapid_embracenet_fasca_kd,53,13,emg,1,0.5555555555555555
rapid_embracenet_fasca_kd,53,30,emg,1,0.5555555555555555
rapid_embracenet_fasca_kd,53,31,emg,1,0.5555555555555555
rapid_embracenet_fasca_kd,53,37,emg,1,1.0
rapid_embracenet_fasca_kd,53,52,emg,1,0.2222222222222222
rapid_embracenet_fasca_kd,53,55,emg,1,1.0
rapid_embracenet_fasca_kd,53,57,emg,1,0.2222222222222222
rapid_embracenet_fasca_kd,53,58,emg,1,0.5555555555555555
rapid_embracenet_fasca_kd,53,8,emg+fp,2,0.3333333333333333
rapid_embracenet_fasca_kd,53,11,emg+fp,2,0.6666666666666666
rapid_embracenet_fasca_kd,53,12,emg+fp,2,1.0
rapid_embracenet_fasca_kd,53,13,emg+fp,2,1.0
rapid_embracenet_fasca_kd,53,30,emg+fp,2,1.0
rapid_embracenet_fasca_kd,53,31,emg+fp,2,1.0
rapid_embracenet_fasca_kd,53,37,emg+fp,2,1.0
rapid_embracenet_fasca_kd,53,52,emg+fp,2,1.0
rapid_embracenet_fasca_kd,53,55,emg+fp,2,0.5555555555555555
rapid_embracenet_fasca_kd,53,57,emg+fp,2,0.5555555555555555
rapid_embracenet_fasca_kd,53,58,emg+fp,2,1.0
rapid_embracenet_fasca_kd,53,8,emg+imu,2,0.3333333333333333
rapid_embracenet_fasca_kd,53,11,emg+imu,2,0.6666666666666666
rapid_embracenet_fasca_kd,53,12,emg+imu,2,1.0
rapid_embracenet_fasca_kd,53,13,emg+imu,2,1.0
rapid_embracenet_fasca_kd,53,30,emg+imu,2,1.0
rapid_embracenet_fasca_kd,53,31,emg+imu,2,1.0
rapid_embracenet_fasca_kd,53,37,emg+imu,2,0.5555555555555555
rapid_embracenet_fasca_kd,53,52,emg+imu,2,1.0
rapid_embracenet_fasca_kd,53,55,emg+imu,2,1.0
rapid_embracenet_fasca_kd,53,57,emg+imu,2,1.0
rapid_embracenet_fasca_kd,53,58,emg+imu,2,1.0
rapid_embracenet_fasca_kd,53,8,emg+imu+fp,3,0.3333333333333333
rapid_embracenet_fasca_kd,53,11,emg+imu+fp,3,0.6666666666666666
rapid_embracenet_fasca_kd,53,12,emg+imu+fp,3,1.0
rapid_embracenet_fasca_kd,53,13,emg+imu+fp,3,1.0
rapid_embracenet_fasca_kd,53,30,emg+imu+fp,3,1.0
rapid_embracenet_fasca_kd,53,31,emg+imu+fp,3,1.0
rapid_embracenet_fasca_kd,53,37,emg+imu+fp,3,1.0
rapid_embracenet_fasca_kd,53,52,emg+imu+fp,3,1.0
rapid_embracenet_fasca_kd,53,55,emg+imu+fp,3,1.0
rapid_embracenet_fasca_kd,53,57,emg+imu+fp,3,1.0
rapid_embracenet_fasca_kd,53,58,emg+imu+fp,3,1.0
rapid_embracenet_fasca_kd,53,8,eeg,1,0.0
rapid_embracenet_fasca_kd,53,11,eeg,1,0.2222222222222222
rapid_embracenet_fasca_kd,53,12,eeg,1,0.16666666666666666
rapid_embracenet_fasca_kd,53,13,eeg,1,0.16666666666666666
rapid_embracenet_fasca_kd,53,30,eeg,1,0.16666666666666666
rapid_embracenet_fasca_kd,53,31,eeg,1,0.0
rapid_embracenet_fasca_kd,53,37,eeg,1,0.16666666666666666
rapid_embracenet_fasca_kd,53,52,eeg,1,0.2222222222222222
rapid_embracenet_fasca_kd,53,55,eeg,1,0.5555555555555555
rapid_embracenet_fasca_kd,53,57,eeg,1,0.16666666666666666
rapid_embracenet_fasca_kd,53,58,eeg,1,0.5555555555555555
rapid_embracenet_fasca_kd,53,8,eeg+fp,2,0.3333333333333333
rapid_embracenet_fasca_kd,53,11,eeg+fp,2,0.6666666666666666
rapid_embracenet_fasca_kd,53,12,eeg+fp,2,1.0
rapid_embracenet_fasca_kd,53,13,eeg+fp,2,1.0
rapid_embracenet_fasca_kd,53,30,eeg+fp,2,1.0
rapid_embracenet_fasca_kd,53,31,eeg+fp,2,1.0
rapid_embracenet_fasca_kd,53,37,eeg+fp,2,1.0
rapid_embracenet_fasca_kd,53,52,eeg+fp,2,1.0
rapid_embracenet_fasca_kd,53,55,eeg+fp,2,0.2222222222222222
rapid_embracenet_fasca_kd,53,57,eeg+fp,2,1.0
rapid_embracenet_fasca_kd,53,58,eeg+fp,2,1.0
rapid_embracenet_fasca_kd,53,8,eeg+imu,2,0.3333333333333333
rapid_embracenet_fasca_kd,53,11,eeg+imu,2,0.6666666666666666
rapid_embracenet_fasca_kd,53,12,eeg+imu,2,1.0
rapid_embracenet_fasca_kd,53,13,eeg+imu,2,1.0
rapid_embracenet_fasca_kd,53,30,eeg+imu,2,1.0
rapid_embracenet_fasca_kd,53,31,eeg+imu,2,1.0
rapid_embracenet_fasca_kd,53,37,eeg+imu,2,0.5555555555555555
rapid_embracenet_fasca_kd,53,52,eeg+imu,2,1.0
rapid_embracenet_fasca_kd,53,55,eeg+imu,2,1.0
rapid_embracenet_fasca_kd,53,57,eeg+imu,2,1.0
rapid_embracenet_fasca_kd,53,58,eeg+imu,2,1.0
rapid_embracenet_fasca_kd,53,8,eeg+imu+fp,3,0.3333333333333333
rapid_embracenet_fasca_kd,53,11,eeg+imu+fp,3,0.6666666666666666
rapid_embracenet_fasca_kd,53,12,eeg+imu+fp,3,1.0
rapid_embracenet_fasca_kd,53,13,eeg+imu+fp,3,1.0
rapid_embracenet_fasca_kd,53,30,eeg+imu+fp,3,1.0
rapid_embracenet_fasca_kd,53,31,eeg+imu+fp,3,1.0
rapid_embracenet_fasca_kd,53,37,eeg+imu+fp,3,1.0
rapid_embracenet_fasca_kd,53,52,eeg+imu+fp,3,1.0
rapid_embracenet_fasca_kd,53,55,eeg+imu+fp,3,1.0
rapid_embracenet_fasca_kd,53,57,eeg+imu+fp,3,1.0
rapid_embracenet_fasca_kd,53,58,eeg+imu+fp,3,1.0
rapid_embracenet_fasca_kd,53,8,eeg+emg,2,0.0
rapid_embracenet_fasca_kd,53,11,eeg+emg,2,0.2222222222222222
rapid_embracenet_fasca_kd,53,12,eeg+emg,2,0.16666666666666666
rapid_embracenet_fasca_kd,53,13,eeg+emg,2,1.0
rapid_embracenet_fasca_kd,53,30,eeg+emg,2,0.5555555555555555
rapid_embracenet_fasca_kd,53,31,eeg+emg,2,0.5555555555555555
rapid_embracenet_fasca_kd,53,37,eeg+emg,2,1.0
rapid_embracenet_fasca_kd,53,52,eeg+emg,2,0.2222222222222222
rapid_embracenet_fasca_kd,53,55,eeg+emg,2,1.0
rapid_embracenet_fasca_kd,53,57,eeg+emg,2,0.2222222222222222
rapid_embracenet_fasca_kd,53,58,eeg+emg,2,0.5555555555555555
rapid_embracenet_fasca_kd,53,8,eeg+emg+fp,3,0.3333333333333333
rapid_embracenet_fasca_kd,53,11,eeg+emg+fp,3,0.6666666666666666
rapid_embracenet_fasca_kd,53,12,eeg+emg+fp,3,1.0
rapid_embracenet_fasca_kd,53,13,eeg+emg+fp,3,1.0
rapid_embracenet_fasca_kd,53,30,eeg+emg+fp,3,1.0
rapid_embracenet_fasca_kd,53,31,eeg+emg+fp,3,1.0
rapid_embracenet_fasca_kd,53,37,eeg+emg+fp,3,1.0
rapid_embracenet_fasca_kd,53,52,eeg+emg+fp,3,1.0
rapid_embracenet_fasca_kd,53,55,eeg+emg+fp,3,0.2222222222222222
rapid_embracenet_fasca_kd,53,57,eeg+emg+fp,3,1.0
rapid_embracenet_fasca_kd,53,58,eeg+emg+fp,3,1.0
rapid_embracenet_fasca_kd,53,8,eeg+emg+imu,3,0.3333333333333333
rapid_embracenet_fasca_kd,53,11,eeg+emg+imu,3,0.6666666666666666
rapid_embracenet_fasca_kd,53,12,eeg+emg+imu,3,1.0
rapid_embracenet_fasca_kd,53,13,eeg+emg+imu,3,1.0
rapid_embracenet_fasca_kd,53,30,eeg+emg+imu,3,1.0
rapid_embracenet_fasca_kd,53,31,eeg+emg+imu,3,1.0
rapid_embracenet_fasca_kd,53,37,eeg+emg+imu,3,0.5555555555555555
rapid_embracenet_fasca_kd,53,52,eeg+emg+imu,3,1.0
rapid_embracenet_fasca_kd,53,55,eeg+emg+imu,3,1.0
rapid_embracenet_fasca_kd,53,57,eeg+emg+imu,3,1.0
rapid_embracenet_fasca_kd,53,58,eeg+emg+imu,3,1.0
rapid_embracenet_fasca_kd,53,8,eeg+emg+imu+fp,4,0.3333333333333333
rapid_embracenet_fasca_kd,53,11,eeg+emg+imu+fp,4,0.6666666666666666
rapid_embracenet_fasca_kd,53,12,eeg+emg+imu+fp,4,1.0
rapid_embracenet_fasca_kd,53,13,eeg+emg+imu+fp,4,1.0
rapid_embracenet_fasca_kd,53,30,eeg+emg+imu+fp,4,1.0
rapid_embracenet_fasca_kd,53,31,eeg+emg+imu+fp,4,1.0
rapid_embracenet_fasca_kd,53,37,eeg+emg+imu+fp,4,1.0
rapid_embracenet_fasca_kd,53,52,eeg+emg+imu+fp,4,1.0
rapid_embracenet_fasca_kd,53,55,eeg+emg+imu+fp,4,1.0
rapid_embracenet_fasca_kd,53,57,eeg+emg+imu+fp,4,1.0
rapid_embracenet_fasca_kd,53,58,eeg+emg+imu+fp,4,1.0
