method,seed,subject,scenario,target,macro_f1,endpoint
embracenet_fasca_kd,51,1,clean,none,1.0,clean|none
embracenet_fasca_kd,51,10,clean,none,1.0,clean|none
embracenet_fasca_kd,51,15,clean,none,1.0,clean|none
embracenet_fasca_kd,51,19,clean,none,1.0,clean|none
embracenet_fasca_kd,51,36,clean,none,1.0,clean|none
embracenet_fasca_kd,51,39,clean,none,1.0,clean|none
embracenet_fasca_kd,51,40,clean,none,1.0,clean|none
embracenet_fasca_kd,51,43,clean,none,0.6666666666666666,clean|none
embracenet_fasca_kd,51,48,clean,none,1.0,clean|none
embracenet_fasca_kd,51,49,clean,none,1.0,clean|none
embracenet_fasca_kd,51,59,clean,none,1.0,clean|none
embracenet_fasca_kd,51,1,noise_10db,eeg,1.0,noise_10db|eeg
embracenet_fasca_kd,51,10,noise_10db,eeg,1.0,noise_10db|eeg
embracenet_fasca_kd,51,15,noise_10db,eeg,1.0,noise_10db|eeg
embracenet_fasca_kd,51,19,noise_10db,eeg,1.0,noise_10db|eeg
embracenet_fasca_kd,51,36,noise_10db,eeg,1.0,noise_10db|eeg
embracenet_fasca_kd,51,39,noise_10db,eeg,1.0,noise_10db|eeg
embracenet_fasca_kd,51,40,noise_10db,eeg,1.0,noise_10db|eeg
embracenet_fasca_kd,51,43,noise_10db,eeg,0.6666666666666666,noise_10db|eeg
embracenet_fasca_kd,51,48,noise_10db,eeg,1.0,noise_10db|eeg
embracenet_fasca_kd,51,49,noise_10db,eeg,1.0,noise_10db|eeg
embracenet_fasca_kd,51,59,noise_10db,eeg,1.0,noise_10db|eeg
embracenet_fasca_kd,51,1,noise_10db,emg,1.0,noise_10db|emg
embracenet_fasca_kd,51,10,noise_10db,emg,1.0,noise_10db|emg
embracenet_fasca_kd,51,15,noise_10db,emg,1.0,noise_10db|emg
embracenet_fasca_kd,51,19,noise_10db,emg,1.0,noise_10db|emg
embracenet_fasca_kd,51,36,noise_10db,emg,1.0,noise_10db|emg
embracenet_fasca_kd,51,39,noise_10db,emg,1.0,noise_10db|emg
embracenet_fasca_kd,51,40,noise_10db,emg,1.0,noise_10db|emg
embracenet_fasca_kd,51,43,noise_10db,emg,0.6666666666666666,noise_10db|emg
embracenet_fasca_kd,51,48,noise_10db,emg,1.0,noise_10db|emg
embracenet_fasca_kd,51,49,noise_10db,emg,1.0,noise_10db|emg
embracenet_fasca_kd,51,59,noise_10db,emg,1.0,noise_10db|emg
embracenet_fasca_kd,51,1,noise_10db,imu,1.0,noise_10db|imu
embracenet_fasca_kd,51,10,noise_10db,imu,1.0,noise_10db|imu
embracenet_fasca_kd,51,15,noise_10db,imu,1.0,noise_10db|imu
embracenet_fasca_kd,51,19,noise_10db,imu,1.0,noise_10db|imu
embracenet_fasca_kd,51,36,noise_10db,imu,1.0,noise_10db|imu
embracenet_fasca_kd,51,39,noise_10db,imu,1.0,noise_10db|imu
embracenet_fasca_kd,51,40,noise_10db,imu,1.0,noise_10db|imu
embracenet_fasca_kd,51,43,noise_10db,imu,0.6666666666666666,noise_10db|imu
embracenet_fasca_kd,51,48,noise_10db,imu,1.0,noise_10db|imu
embracenet_fasca_kd,51,49,noise_10db,imu,1.0,noise_10db|imu
embracenet_fasca_kd,51,59,noise_10db,imu,1.0,noise_10db|imu
embracenet_fasca_kd,51,1,noise_10db,fp,1.0,noise_10db|fp
embracenet_fasca_kd,51,10,noise_10db,fp,0.2222222222222222,noise_10db|fp
embracenet_fasca_kd,51,15,noise_10db,fp,1.0,noise_10db|fp
embracenet_fasca_kd,51,19,noise_10db,fp,1.0,noise_10db|fp
embracenet_fasca_kd,51,36,noise_10db,fp,1.0,noise_10db|fp
embracenet_fasca_kd,51,39,noise_10db,fp,1.0,noise_10db|fp
embracenet_fasca_kd,51,40,noise_10db,fp,1.0,noise_10db|fp
embracenet_fasca_kd,51,43,noise_10db,fp,0.6666666666666666,noise_10db|fp
embracenet_fasca_kd,51,48,noise_10db,fp,1.0,noise_10db|fp
embracenet_fasca_kd,51,49,noise_10db,fp,1.0,noise_10db|fp
embracenet_fasca_kd,51,59,noise_10db,fp,1.0,noise_10db|fp
embracenet_fasca_kd,51,1,noise_10db,eeg+emg+imu+fp,1.0,noise_10db|eeg+emg+imu+fp
embracenet_fasca_kd,51,10,noise_10db,eeg+emg+imu+fp,0.2222222222222222,noise_10db|eeg+emg+imu+fp
embracenet_fasca_kd,51,15,noise_10db,eeg+emg+imu+fp,1.0,noise_10db|eeg+emg+imu+fp
embracenet_fasca_kd,51,19,noise_10db,eeg+emg+imu+fp,1.0,noise_10db|eeg+emg+imu+fp
embracenet_fasca_kd,51,36,noise_10db,eeg+emg+imu+fp,1.0,noise_10db|eeg+emg+imu+fp
embracenet_fasca_kd,51,39,noise_10db,eeg+emg+imu+fp,1.0,noise_10db|eeg+emg+imu+fp
embracenet_fasca_kd,51,40,noise_10db,eeg+emg+imu+fp,1.0,noise_10db|eeg+emg+imu+fp
embracenet_fasca_kd,51,43,noise_10db,eeg+emg+imu+fp,0.6666666666666666,noise_10db|eeg+emg+imu+fp
embracenet_fasca_kd,51,48,noise_10db,eeg+emg+imu+fp,1.0,noise_10db|eeg+emg+imu+fp
embracenet_fasca_kd,51,49,noise_10db,eeg+emg+imu+fp,1.0,noise_10db|eeg+emg+imu+fp
embracenet_fasca_kd,51,59,noise_10db,eeg+emg+imu+fp,1.0,noise_10db|eeg+emg+imu+fp
embracenet_fasca_kd,51,1,channel_dropout_30,eeg,1.0,channel_dropout_30|eeg
embracenet_fasca_kd,51,10,channel_dropout_30,eeg,1.0,channel_dropout_30|eeg
embracenet_fasca_kd,51,15,channel_dropout_30,eeg,1.0,channel_dropout_30|eeg
embracenet_fasca_kd,51,19,channel_dropout_30,eeg,1.0,channel_dropout_30|eeg
embracenet_fasca_kd,51,36,channel_dropout_30,eeg,1.0,channel_dropout_30|eeg
embracenet_fasca_kd,51,39,channel_dropout_30,eeg,1.0,channel_dropout_30|eeg
embracenet_fasca_kd,51,40,channel_dropout_30,eeg,1.0,channel_dropout_30|eeg
embracenet_fasca_kd,51,43,channel_dropout_30,eeg,0.6666666666666666,channel_dropout_30|eeg
embracenet_fasca_kd,51,48,channel_dropout_30,eeg,1.0,channel_dropout_30|eeg
embracenet_fasca_kd,51,49,channel_dropout_30,eeg,1.0,channel_dropout_30|eeg
embracenet_fasca_kd,51,59,channel_dropout_30,eeg,1.0,channel_dropout_30|eeg
embracenet_fasca_kd,51,1,channel_dropout_30,emg,1.0,channel_dropout_30|emg
embracenet_fasca_kd,51,10,channel_dropout_30,emg,1.0,channel_dropout_30|emg
embracenet_fasca_kd,51,15,channel_dropout_30,emg,1.0,channel_dropout_30|emg
embracenet_fasca_kd,51,19,channel_dropout_30,emg,1.0,channel_dropout_30|emg
embracenet_fasca_kd,51,36,channel_dropout_30,emg,0.5555555555555555,channel_dropout_30|emg
embracenet_fasca_kd,51,39,channel_dropout_30,emg,1.0,channel_dropout_30|emg
embracenet_fasca_kd,51,40,channel_dropout_30,emg,1.0,channel_dropout_30|emg
embracenet_fasca_kd,51,43,channel_dropout_30,emg,0.6666666666666666,channel_dropout_30|emg
embracenet_fasca_kd,51,48,channel_dropout_30,emg,1.0,channel_dropout_30|emg
embracenet_fasca_kd,51,49,channel_dropout_30,emg,1.0,channel_dropout_30|emg
embracenet_fasca_kd,51,59,channel_dropout_30,emg,1.0,channel_dropout_30|emg
embracenet_fasca_kd,51,1,channel_dropout_30,imu,1.0,channel_dropout_30|imu
embracenet_fasca_kd,51,10,channel_dropout_30,imu,1.0,channel_dropout_30|imu
embracenet_fasca_kd,51,15,channel_dropout_30,imu,0.5555555555555555,channel_dropout_30|imu
embracenet_fasca_kd,51,19,channel_dropout_30,imu,1.0,channel_dropout_30|imu
embracenet_fasca_kd,51,36,channel_dropout_30,imu,0.5555555555555555,channel_dropout_30|imu
embracenet_fasca_kd,51,39,channel_dropout_30,imu,0.5555555555555555,channel_dropout_30|imu
embracenet_fasca_kd,51,40,channel_dropout_30,imu,0.5555555555555555,channel_dropout_30|imu
embracenet_fasca_kd,51,43,channel_dropout_30,imu,0.6666666666666666,channel_dropout_30|imu
embracenet_fasca_kd,51,48,channel_dropout_30,imu,1.0,channel_dropout_30|imu
embracenet_fasca_kd,51,49,channel_dropout_30,imu,0.5555555555555555,channel_dropout_30|imu
embracenet_fasca_kd,51,59,channel_dropout_30,imu,1.0,channel_dropout_30|imu
embracenet_fasca_kd,51,1,channel_dropout_30,fp,1.0,channel_dropout_30|fp
embracenet_fasca_kd,51,10,channel_dropout_30,fp,0.5555555555555555,channel_dropout_30|fp
embracenet_fasca_kd,51,15,channel_dropout_30,fp,1.0,channel_dropout_30|fp
embracenet_fasca_kd,51,19,channel_dropout_30,fp,1.0,channel_dropout_30|fp
embracenet_fasca_kd,51,36,channel_dropout_30,fp,0.2222222222222222,channel_dropout_30|fp
embracenet_fasca_kd,51,39,channel_dropout_30,fp,0.5555555555555555,channel_dropout_30|fp
embracenet_fasca_kd,51,40,channel_dropout_30,fp,1.0,channel_dropout_30|fp
embracenet_fasca_kd,51,43,channel_dropout_30,fp,0.6666666666666666,channel_dropout_30|fp
embracenet_fasca_kd,51,48,channel_dropout_30,fp,1.0,channel_dropout_30|fp
embracenet_fasca_kd,51,49,channel_dropout_30,fp,1.0,channel_dropout_30|fp
embracenet_fasca_kd,51,59,channel_dropout_30,fp,1.0,channel_dropout_30|fp
embracenet_fasca_kd,51,1,channel_dropout_30,eeg+emg+imu+fp,1.0,channel_dropout_30|eeg+emg+imu+fp
embracenet_fasca_kd,51,10,channel_dropout_30,eeg+emg+imu+fp,1.0,channel_dropout_30|eeg+emg+imu+fp
embracenet_fasca_kd,51,15,channel_dropout_30,eeg+emg+imu+fp,0.5555555555555555,channel_dropout_30|eeg+emg+imu+fp
embracenet_fasca_kd,51,19,channel_dropout_30,eeg+emg+imu+fp,1.0,channel_dropout_30|eeg+emg+imu+fp
embracenet_fasca_kd,51,36,channel_dropout_30,eeg+emg+imu+fp,0.2222222222222222,channel_dropout_30|eeg+emg+imu+fp
embracenet_fasca_kd,51,39,channel_dropout_30,eeg+emg+imu+fp,0.2222222222222222,channel_dropout_30|eeg+emg+imu+fp
embracenet_fasca_kd,51,40,channel_dropout_30,eeg+emg+imu+fp,0.2222222222222222,channel_dropout_30|eeg+emg+imu+fp
embracenet_fasca_kd,51,43,channel_dropout_30,eeg+emg+imu+fp,0.2222222222222222,channel_dropout_30|eeg+emg+imu+fp
embracenet_fasca_kd,51,48,channel_dropout_30,eeg+emg+imu+fp,1.0,channel_dropout_30|eeg+emg+imu+fp
embracenet_fasca_kd,51,49,channel_dropout_30,eeg+emg+imu+fp,0.2222222222222222,channel_dropout_30|eeg+emg+imu+fp
embracenet_fasca_kd,51,59,channel_dropout_30,eeg+emg+imu+fp,1.0,channel_dropout_30|eeg+emg+imu+fp
embracenet_fasca_kd,51,1,structured_dropout_30,eeg,1.0,structured_dropout_30|eeg
embracenet_fasca_kd,51,10,structured_dropout_30,eeg,1.0,structured_dropout_30|eeg
embracenet_fasca_kd,51,15,structured_dropout_30,eeg,1.0,structured_dropout_30|eeg
embracenet_fasca_kd,51,19,structured_dropout_30,eeg,1.0,structured_dropout_30|eeg
embracenet_fasca_kd,51,36,structured_dropout_30,eeg,1.0,structured_dropout_30|eeg
embracenet_fasca_kd,51,39,structured_dropout_30,eeg,1.0,structured_dropout_30|eeg
embracenet_fasca_kd,51,40,structured_dropout_30,eeg,1.0,structured_dropout_30|eeg
embracenet_fasca_kd,51,43,structured_dropout_30,eeg,0.6666666666666666,structured_dropout_30|eeg
embracenet_fasca_kd,51,48,structured_dropout_30,eeg,1.0,structured_dropout_30|eeg
embracenet_fasca_kd,51,49,structured_dropout_30,eeg,1.0,structured_dropout_30|eeg
embracenet_fasca_kd,51,59,structured_dropout_30,eeg,1.0,structured_dropout_30|eeg
embracenet_fasca_kd,51,1,structured_dropout_30,emg,1.0,structured_dropout_30|emg
embracenet_fasca_kd,51,10,structured_dropout_30,emg,1.0,structured_dropout_30|emg
embracenet_fasca_kd,51,15,structured_dropout_30,emg,1.0,structured_dropout_30|emg
embracenet_fasca_kd,51,19,structured_dropout_30,emg,1.0,structured_dropout_30|emg
embracenet_fasca_kd,51,36,structured_dropout_30,emg,0.5555555555555555,structured_dropout_30|emg
embracenet_fasca_kd,51,39,structured_dropout_30,emg,1.0,structured_dropout_30|emg
embracenet_fasca_kd,51,40,structured_dropout_30,emg,1.0,structured_dropout_30|emg
embracenet_fasca_kd,51,43,structured_dropout_30,emg,0.6666666666666666,structured_dropout_30|emg
embracenet_fasca_kd,51,48,structured_dropout_30,emg,1.0,structured_dropout_30|emg
embracenet_fasca_kd,51,49,structured_dropout_30,emg,1.0,structured_dropout_30|emg
embracenet_fasca_kd,51,59,structured_dropout_30,emg,1.0,structured_dropout_30|emg
embracenet_fasca_kd,51,1,structured_dropout_30,imu,1.0,structured_dropout_30|imu
embracenet_fasca_kd,51,10,structured_dropout_30,imu,1.0,structured_dropout_30|imu
embracenet_fasca_kd,51,15,structured_dropout_30,imu,0.5555555555555555,structured_dropout_30|imu
embracenet_fasca_kd,51,19,structured_dropout_30,imu,1.0,structured_dropout_30|imu
embracenet_fasca_kd,51,36,structured_dropout_30,imu,0.2222222222222222,structured_dropout_30|imu
embracenet_fasca_kd,51,39,structured_dropout_30,imu,0.5555555555555555,structured_dropout_30|imu
embracenet_fasca_kd,51,40,structured_dropout_30,imu,1.0,structured_dropout_30|imu
embracenet_fasca_kd,51,43,structured_dropout_30,imu,0.6666666666666666,structured_dropout_30|imu
embracenet_fasca_kd,51,48,structured_dropout_30,imu,1.0,structured_dropout_30|imu
embracenet_fasca_kd,51,49,structured_dropout_30,imu,0.5555555555555555,structured_dropout_30|imu
embracenet_fasca_kd,51,59,structured_dropout_30,imu,1.0,structured_dropout_30|imu
embracenet_fasca_kd,51,1,structured_dropout_30,fp,1.0,structured_dropout_30|fp
embracenet_fasca_kd,51,10,structured_dropout_30,fp,0.5555555555555555,structured_dropout_30|fp
embracenet_fasca_kd,51,15,structured_dropout_30,fp,1.0,structured_dropout_30|fp
embracenet_fasca_kd,51,19,structured_dropout_30,fp,1.0,structured_dropout_30|fp
embracenet_fasca_kd,51,36,structured_dropout_30,fp,0.5555555555555555,structured_dropout_30|fp
embracenet_fasca_kd,51,39,structured_dropout_30,fp,1.0,structured_dropout_30|fp
embracenet_fasca_kd,51,40,structured_dropout_30,fp,1.0,structured_dropout_30|fp
embracenet_fasca_kd,51,43,structured_dropout_30,fp,0.6666666666666666,structured_dropout_30|fp
embracenet_fasca_kd,51,48,structured_dropout_30,fp,1.0,structured_dropout_30|fp
embracenet_fasca_kd,51,49,structured_dropout_30,fp,1.0,structured_dropout_30|fp
embracenet_fasca_kd,51,59,structured_dropout_30,fp,1.0,structured_dropout_30|fp
embracenet_fasca_kd,51,1,structured_dropout_30,eeg+emg+imu+fp,0.16666666666666666,structured_dropout_30|eeg+emg+imu+fp
embracenet_fasca_kd,51,10,structured_dropout_30,eeg+emg+imu+fp,1.0,structured_dropout_30|eeg+emg+imu+fp
embracenet_fasca_kd,51,15,structured_dropout_30,eeg+emg+imu+fp,0.2222222222222222,structured_dropout_30|eeg+emg+imu+fp
embracenet_fasca_kd,51,19,structured_dropout_30,eeg+emg+imu+fp,1.0,structured_dropout_30|eeg+emg+imu+fp
embracenet_fasca_kd,51,36,structured_dropout_30,eeg+emg+imu+fp,0.2222222222222222,structured_dropout_30|eeg+emg+imu+fp
embracenet_fasca_kd,51,39,structured_dropout_30,eeg+emg+imu+fp,0.5555555555555555,structured_dropout_30|eeg+emg+imu+fp
embracenet_fasca_kd,51,40,structured_dropout_30,eeg+emg+imu+fp,1.0,structured_dropout_30|eeg+emg+imu+fp
embracenet_fasca_kd,51,43,structured_dropout_30,eeg+emg+imu+fp,0.6666666666666666,structured_dropout_30|eeg+emg+imu+fp
embracenet_fasca_kd,51,48,structured_dropout_30,eeg+emg+imu+fp,1.0,structured_dropout_30|eeg+emg+imu+fp
embracenet_fasca_kd,51,49,structured_dropout_30,eeg+emg+imu+fp,0.5555555555555555,structured_dropout_30|eeg+emg+imu+fp
embracenet_fasca_kd,51,59,structured_dropout_30,eeg+emg+imu+fp,1.0,structured_dropout_30|eeg+emg+imu+fp
embracenet_fasca_kd,51,1,packet_loss_30,eeg,1.0,packet_loss_30|eeg
embracenet_fasca_kd,51,10,packet_loss_30,eeg,1.0,packet_loss_30|eeg
embracenet_fasca_kd,51,15,packet_loss_30,eeg,1.0,packet_loss_30|eeg
embracenet_fasca_kd,51,19,packet_loss_30,eeg,1.0,packet_loss_30|eeg
embracenet_fasca_kd,51,36,packet_loss_30,eeg,1.0,packet_loss_30|eeg
embracenet_fasca_kd,51,39,packet_loss_30,eeg,1.0,packet_loss_30|eeg
embracenet_fasca_kd,51,40,packet_loss_30,eeg,1.0,packet_loss_30|eeg
embracenet_fasca_kd,51,43,packet_loss_30,eeg,0.6666666666666666,packet_loss_30|eeg
embracenet_fasca_kd,51,48,packet_loss_30,eeg,1.0,packet_loss_30|eeg
embracenet_fasca_kd,51,49,packet_loss_30,eeg,1.0,packet_loss_30|eeg
embracenet_fasca_kd,51,59,packet_loss_30,eeg,1.0,packet_loss_30|eeg
embracenet_fasca_kd,51,1,packet_loss_30,emg,1.0,packet_loss_30|emg
embracenet_fasca_kd,51,10,packet_loss_30,emg,1.0,packet_loss_30|emg
embracenet_fasca_kd,51,15,packet_loss_30,emg,1.0,packet_loss_30|emg
embracenet_fasca_kd,51,19,packet_loss_30,emg,1.0,packet_loss_30|emg
embracenet_fasca_kd,51,36,packet_loss_30,emg,1.0,packet_loss_30|emg
embracenet_fasca_kd,51,39,packet_loss_30,emg,1.0,packet_loss_30|emg
embracenet_fasca_kd,51,40,packet_loss_30,emg,1.0,packet_loss_30|emg
embracenet_fasca_kd,51,43,packet_loss_30,emg,0.6666666666666666,packet_loss_30|emg
embracenet_fasca_kd,51,48,packet_loss_30,emg,1.0,packet_loss_30|emg
embracenet_fasca_kd,51,49,packet_loss_30,emg,1.0,packet_loss_30|emg
embracenet_fasca_kd,51,59,packet_loss_30,emg,1.0,packet_loss_30|emg
embracenet_fasca_kd,51,1,packet_loss_30,imu,1.0,packet_loss_30|imu
embracenet_fasca_kd,51,10,packet_loss_30,imu,1.0,packet_loss_30|imu
embracenet_fasca_kd,51,15,packet_loss_30,imu,1.0,packet_loss_30|imu
embracenet_fasca_kd,51,19,packet_loss_30,imu,1.0,packet_loss_30|imu
embracenet_fasca_kd,51,36,packet_loss_30,imu,0.2222222222222222,packet_loss_30|imu
embracenet_fasca_kd,51,39,packet_loss_30,imu,1.0,packet_loss_30|imu
embracenet_fasca_kd,51,40,packet_loss_30,imu,1.0,packet_loss_30|imu
embracenet_fasca_kd,51,43,packet_loss_30,imu,0.6666666666666666,packet_loss_30|imu
embracenet_fasca_kd,51,48,packet_loss_30,imu,1.0,packet_loss_30|imu
embracenet_fasca_kd,51,49,packet_loss_30,imu,1.0,packet_loss_30|imu
embracenet_fasca_kd,51,59,packet_loss_30,imu,1.0,packet_loss_30|imu
embracenet_fasca_kd,51,1,packet_loss_30,fp,1.0,packet_loss_30|fp
embracenet_fasca_kd,51,10,packet_loss_30,fp,0.5555555555555555,packet_loss_30|fp
embracenet_fasca_kd,51,15,packet_loss_30,fp,1.0,packet_loss_30|fp
embracenet_fasca_kd,51,19,packet_loss_30,fp,1.0,packet_loss_30|fp
embracenet_fasca_kd,51,36,packet_loss_30,fp,1.0,packet_loss_30|fp
embracenet_fasca_kd,51,39,packet_loss_30,fp,1.0,packet_loss_30|fp
embracenet_fasca_kd,51,40,packet_loss_30,fp,1.0,packet_loss_30|fp
embracenet_fasca_kd,51,43,packet_loss_30,fp,0.6666666666666666,packet_loss_30|fp
embracenet_fasca_kd,51,48,packet_loss_30,fp,1.0,packet_loss_30|fp
embracenet_fasca_kd,51,49,packet_loss_30,fp,1.0,packet_loss_30|fp
embracenet_fasca_kd,51,59,packet_loss_30,fp,1.0,packet_loss_30|fp
embracenet_fasca_kd,51,1,packet_loss_30,eeg+emg+imu+fp,1.0,packet_loss_30|eeg+emg+imu+fp
embracenet_fasca_kd,51,10,packet_loss_30,eeg+emg+imu+fp,1.0,packet_loss_30|eeg+emg+imu+fp
embracenet_fasca_kd,51,15,packet_loss_30,eeg+emg+imu+fp,1.0,packet_loss_30|eeg+emg+imu+fp
embracenet_fasca_kd,51,19,packet_loss_30,eeg+emg+imu+fp,1.0,packet_loss_30|eeg+emg+imu+fp
embracenet_fasca_kd,51,36,packet_loss_30,eeg+emg+imu+fp,0.2222222222222222,packet_loss_30|eeg+emg+imu+fp
embracenet_fasca_kd,51,39,packet_loss_30,eeg+emg+imu+fp,1.0,packet_loss_30|eeg+emg+imu+fp
embracenet_fasca_kd,51,40,packet_loss_30,eeg+emg+imu+fp,1.0,packet_loss_30|eeg+emg+imu+fp
embracenet_fasca_kd,51,43,packet_loss_30,eeg+emg+imu+fp,0.6666666666666666,packet_loss_30|eeg+emg+imu+fp
embracenet_fasca_kd,51,48,packet_loss_30,eeg+emg+imu+fp,1.0,packet_loss_30|eeg+emg+imu+fp
embracenet_fasca_kd,51,49,packet_loss_30,eeg+emg+imu+fp,1.0,packet_loss_30|eeg+emg+imu+fp
embracenet_fasca_kd,51,59,packet_loss_30,eeg+emg+imu+fp,1.0,packet_loss_30|eeg+emg+imu+fp
embracenet_fasca_kd,51,1,shift_250ms,eeg,1.0,shift_250ms|eeg
embracenet_fasca_kd,51,10,shift_250ms,eeg,1.0,shift_250ms|eeg
embracenet_fasca_kd,51,15,shift_250ms,eeg,1.0,shift_250ms|eeg
embracenet_fasca_kd,51,19,shift_250ms,eeg,1.0,shift_250ms|eeg
embracenet_fasca_kd,51,36,shift_250ms,eeg,1.0,shift_250ms|eeg
embracenet_fasca_kd,51,39,shift_250ms,eeg,1.0,shift_250ms|eeg
embracenet_fasca_kd,51,40,shift_250ms,eeg,1.0,shift_250ms|eeg
embracenet_fasca_kd,51,43,shift_250ms,eeg,0.6666666666666666,shift_250ms|eeg
embracenet_fasca_kd,51,48,shift_250ms,eeg,1.0,shift_250ms|eeg
embracenet_fasca_kd,51,49,shift_250ms,eeg,1.0,shift_250ms|eeg
embracenet_fasca_kd,51,59,shift_250ms,eeg,1.0,shift_250ms|eeg
embracenet_fasca_kd,51,1,shift_250ms,emg,1.0,shift_250ms|emg
embracenet_fasca_kd,51,10,shift_250ms,emg,1.0,shift_250ms|emg
embracenet_fasca_kd,51,15,shift_250ms,emg,1.0,shift_250ms|emg
embracenet_fasca_kd,51,19,shift_250ms,emg,1.0,shift_250ms|emg
embracenet_fasca_kd,51,36,shift_250ms,emg,1.0,shift_250ms|emg
embracenet_fasca_kd,51,39,shift_250ms,emg,1.0,shift_250ms|emg
embracenet_fasca_kd,51,40,shift_250ms,emg,1.0,shift_250ms|emg
embracenet_fasca_kd,51,43,shift_250ms,emg,0.6666666666666666,shift_250ms|emg
embracenet_fasca_kd,51,48,shift_250ms,emg,1.0,shift_250ms|emg
embracenet_fasca_kd,51,49,shift_250ms,emg,1.0,shift_250ms|emg
embracenet_fasca_kd,51,59,shift_250ms,emg,1.0,shift_250ms|emg
embracenet_fasca_kd,51,1,shift_250ms,imu,1.0,shift_250ms|imu
embracenet_fasca_kd,51,10,shift_250ms,imu,1.0,shift_250ms|imu
embracenet_fasca_kd,51,15,shift_250ms,imu,1.0,shift_250ms|imu
embracenet_fasca_kd,51,19,shift_250ms,imu,1.0,shift_250ms|imu
embracenet_fasca_kd,51,36,shift_250ms,imu,0.5555555555555555,shift_250ms|imu
embracenet_fasca_kd,51,39,shift_250ms,imu,1.0,shift_250ms|imu
embracenet_fasca_kd,51,40,shift_250ms,imu,1.0,shift_250ms|imu
embracenet_fasca_kd,51,43,shift_250ms,imu,0.6666666666666666,shift_250ms|imu
embracenet_fasca_kd,51,48,shift_250ms,imu,1.0,shift_250ms|imu
embracenet_fasca_kd,51,49,shift_250ms,imu,1.0,shift_250ms|imu
embracenet_fasca_kd,51,59,shift_250ms,imu,1.0,shift_250ms|imu
embracenet_fasca_kd,51,1,shift_250ms,fp,1.0,shift_250ms|fp
embracenet_fasca_kd,51,10,shift_250ms,fp,1.0,shift_250ms|fp
embracenet_fasca_kd,51,15,shift_250ms,fp,1.0,shift_250ms|fp
embracenet_fasca_kd,51,19,shift_250ms,fp,1.0,shift_250ms|fp
embracenet_fasca_kd,51,36,shift_250ms,fp,1.0,shift_250ms|fp
embracenet_fasca_kd,51,39,shift_250ms,fp,1.0,shift_250ms|fp
embracenet_fasca_kd,51,40,shift_250ms,fp,1.0,shift_250ms|fp
embracenet_fasca_kd,51,43,shift_250ms,fp,0.6666666666666666,shift_250ms|fp
embracenet_fasca_kd,51,48,shift_250ms,fp,1.0,shift_250ms|fp
embracenet_fasca_kd,51,49,shift_250ms,fp,1.0,shift_250ms|fp
embracenet_fasca_kd,51,59,shift_250ms,fp,1.0,shift_250ms|fp
embracenet_fasca_kd,51,1,shift_250ms,eeg+emg+imu+fp,1.0,shift_250ms|eeg+emg+imu+fp
embracenet_fasca_kd,51,10,shift_250ms,eeg+emg+imu+fp,1.0,shift_250ms|eeg+emg+imu+fp
embracenet_fasca_kd,51,15,shift_250ms,eeg+emg+imu+fp,1.0,shift_250ms|eeg+emg+imu+fp
embracenet_fasca_kd,51,19,shift_250ms,eeg+emg+imu+fp,1.0,shift_250ms|eeg+emg+imu+fp
embracenet_fasca_kd,51,36,shift_250ms,eeg+emg+imu+fp,0.5555555555555555,shift_250ms|eeg+emg+imu+fp
embracenet_fasca_kd,51,39,shift_250ms,eeg+emg+imu+fp,1.0,shift_250ms|eeg+emg+imu+fp
embracenet_fasca_kd,51,40,shift_250ms,eeg+emg+imu+fp,1.0,shift_250ms|eeg+emg+imu+fp
embracenet_fasca_kd,51,43,shift_250ms,eeg+emg+imu+fp,0.6666666666666666,shift_250ms|eeg+emg+imu+fp
embracenet_fasca_kd,51,48,shift_250ms,eeg+emg+imu+fp,1.0,shift_250ms|eeg+emg+imu+fp
embracenet_fasca_kd,51,49,shift_250ms,eeg+emg+imu+fp,1.0,shift_250ms|eeg+emg+imu+fp
embracenet_fasca_kd,51,59,shift_250ms,eeg+emg+imu+fp,1.0,shift_250ms|eeg+emg+imu+fp
embracenet_fasca_kd,51,1,gain_1.5,eeg,1.0,gain_1.5|eeg
embracenet_fasca_kd,51,10,gain_1.5,eeg,1.0,gain_1.5|eeg
embracenet_fasca_kd,51,15,gain_1.5,eeg,1.0,gain_1.5|eeg
embracenet_fasca_kd,51,19,gain_1.5,eeg,1.0,gain_1.5|eeg
embracenet_fasca_kd,51,36,gain_1.5,eeg,1.0,gain_1.5|eeg
embracenet_fasca_kd,51,39,gain_1.5,eeg,1.0,gain_1.5|eeg
embracenet_fasca_kd,51,40,gain_1.5,eeg,1.0,gain_1.5|eeg
embracenet_fasca_kd,51,43,gain_1.5,eeg,0.6666666666666666,gain_1.5|eeg
embracenet_fasca_kd,51,48,gain_1.5,eeg,1.0,gain_1.5|eeg
embracenet_fasca_kd,51,49,gain_1.5,eeg,1.0,gain_1.5|eeg
embracenet_fasca_kd,51,59,gain_1.5,eeg,1.0,gain_1.5|eeg
embracenet_fasca_kd,51,1,gain_1.5,emg,1.0,gain_1.5|emg
embracenet_fasca_kd,51,10,gain_1.5,emg,1.0,gain_1.5|emg
embracenet_fasca_kd,51,15,gain_1.5,emg,1.0,gain_1.5|emg
embracenet_fasca_kd,51,19,gain_1.5,emg,1.0,gain_1.5|emg
embracenet_fasca_kd,51,36,gain_1.5,emg,1.0,gain_1.5|emg
embracenet_fasca_kd,51,39,gain_1.5,emg,1.0,gain_1.5|emg
embracenet_fasca_kd,51,40,gain_1.5,emg,1.0,gain_1.5|emg
embracenet_fasca_kd,51,43,gain_1.5,emg,0.6666666666666666,gain_1.5|emg
embracenet_fasca_kd,51,48,gain_1.5,emg,1.0,gain_1.5|emg
embracenet_fasca_kd,51,49,gain_1.5,emg,1.0,gain_1.5|emg
embracenet_fasca_kd,51,59,gain_1.5,emg,1.0,gain_1.5|emg
embracenet_fasca_kd,51,1,gain_1.5,imu,0.5555555555555555,gain_1.5|imu
embracenet_fasca_kd,51,10,gain_1.5,imu,0.16666666666666666,gain_1.5|imu
embracenet_fasca_kd,51,15,gain_1.5,imu,1.0,gain_1.5|imu
embracenet_fasca_kd,51,19,gain_1.5,imu,0.5555555555555555,gain_1.5|imu
embracenet_fasca_kd,51,36,gain_1.5,imu,1.0,gain_1.5|imu
embracenet_fasca_kd,51,39,gain_1.5,imu,0.5555555555555555,gain_1.5|imu
embracenet_fasca_kd,51,40,gain_1.5,imu,1.0,gain_1.5|imu
embracenet_fasca_kd,51,43,gain_1.5,imu,0.6666666666666666,gain_1.5|imu
embracenet_fasca_kd,51,48,gain_1.5,imu,0.2222222222222222,gain_1.5|imu
embracenet_fasca_kd,51,49,gain_1.5,imu,1.0,gain_1.5|imu
embracenet_fasca_kd,51,59,gain_1.5,imu,1.0,gain_1.5|imu
embracenet_fasca_kd,51,1,gain_1.5,fp,1.0,gain_1.5|fp
embracenet_fasca_kd,51,10,gain_1.5,fp,0.5555555555555555,gain_1.5|fp
embracenet_fasca_kd,51,15,gain_1.5,fp,1.0,gain_1.5|fp
embracenet_fasca_kd,51,19,gain_1.5,fp,1.0,gain_1.5|fp
embracenet_fasca_kd,51,36,gain_1.5,fp,1.0,gain_1.5|fp
embracenet_fasca_kd,51,39,gain_1.5,fp,1.0,gain_1.5|fp
embracenet_fasca_kd,51,40,gain_1.5,fp,1.0,gain_1.5|fp
embracenet_fasca_kd,51,43,gain_1.5,fp,0.6666666666666666,gain_1.5|fp
embracenet_fasca_kd,51,48,gain_1.5,fp,1.0,gain_1.5|fp
embracenet_fasca_kd,51,49,gain_1.5,fp,1.0,gain_1.5|fp
embracenet_fasca_kd,51,59,gain_1.5,fp,1.0,gain_1.5|fp
embracenet_fasca_kd,51,1,gain_1.5,eeg+emg+imu+fp,0.2222222222222222,gain_1.5|eeg+emg+imu+fp
embracenet_fasca_kd,51,10,gain_1.5,eeg+emg+imu+fp,0.16666666666666666,gain_1.5|eeg+emg+imu+fp
embracenet_fasca_kd,51,15,gain_1.5,eeg+emg+imu+fp,0.5555555555555555,gain_1.5|eeg+emg+imu+fp
embracenet_fasca_kd,51,19,gain_1.5,eeg+emg+imu+fp,0.5555555555555555,gain_1.5|eeg+emg+imu+fp
embracenet_fasca_kd,51,36,gain_1.5,eeg+emg+imu+fp,1.0,gain_1.5|eeg+emg+imu+fp
embracenet_fasca_kd,51,39,gain_1.5,eeg+emg+imu+fp,0.2222222222222222,gain_1.5|eeg+emg+imu+fp
embracenet_fasca_kd,51,40,gain_1.5,eeg+emg+imu+fp,0.5555555555555555,gain_1.5|eeg+emg+imu+fp
embracenet_fasca_kd,51,43,gain_1.5,eeg+emg+imu+fp,0.0,gain_1.5|eeg+emg+imu+fp
embracenet_fasca_kd,51,48,gain_1.5,eeg+emg+imu+fp,0.2222222222222222,gain_1.5|eeg+emg+imu+fp
embracenet_fasca_kd,51,49,gain_1.5,eeg+emg+imu+fp,0.2222222222222222,gain_1.5|eeg+emg+imu+fp
embracenet_fasca_kd,51,59,gain_1.5,eeg+emg+imu+fp,0.2222222222222222,gain_1.5|eeg+emg+imu+fp
embracenet_fasca_kd,52,1,clean,none,1.0,clean|none
embracenet_fasca_kd,52,10,clean,none,1.0,clean|none
embracenet_fasca_kd,52,15,clean,none,1.0,clean|none
embracenet_fasca_kd,52,19,clean,none,1.0,clean|none
embracenet_fasca_kd,52,36,clean,none,1.0,clean|none
embracenet_fasca_kd,52,39,clean,none,1.0,clean|none
embracenet_fasca_kd,52,40,clean,none,1.0,clean|none
embracenet_fasca_kd,52,43,clean,none,0.6666666666666666,clean|none
embracenet_fasca_kd,52,48,clean,none,1.0,clean|none
embracenet_fasca_kd,52,49,clean,none,1.0,clean|none
embracenet_fasca_kd,52,59,clean,none,1.0,clean|none
embracenet_fasca_kd,52,1,noise_10db,eeg,1.0,noise_10db|eeg
embracenet_fasca_kd,52,10,noise_10db,eeg,1.0,noise_10db|eeg
embracenet_fasca_kd,52,15,noise_10db,eeg,1.0,noise_10db|eeg
embracenet_fasca_kd,52,19,noise_10db,eeg,1.0,noise_10db|eeg
embracenet_fasca_kd,52,36,noise_10db,eeg,1.0,noise_10db|eeg
embracenet_fasca_kd,52,39,noise_10db,eeg,1.0,noise_10db|eeg
embracenet_fasca_kd,52,40,noise_10db,eeg,1.0,noise_10db|eeg
embracenet_fasca_kd,52,43,noise_10db,eeg,0.6666666666666666,noise_10db|eeg
embracenet_fasca_kd,52,48,noise_10db,eeg,1.0,noise_10db|eeg
embracenet_fasca_kd,52,49,noise_10db,eeg,1.0,noise_10db|eeg
embracenet_fasca_kd,52,59,noise_10db,eeg,1.0,noise_10db|eeg
embracenet_fasca_kd,52,1,noise_10db,emg,1.0,noise_10db|emg
embracenet_fasca_kd,52,10,noise_10db,emg,1.0,noise_10db|emg
embracenet_fasca_kd,52,15,noise_10db,emg,1.0,noise_10db|emg
embracenet_fasca_kd,52,19,noise_10db,emg,1.0,noise_10db|emg
embracenet_fasca_kd,52,36,noise_10db,emg,1.0,noise_10db|emg
embracenet_fasca_kd,52,39,noise_10db,emg,1.0,noise_10db|emg
embracenet_fasca_kd,52,40,noise_10db,emg,1.0,noise_10db|emg
embracenet_fasca_kd,52,43,noise_10db,emg,0.6666666666666666,noise_10db|emg
embracenet_fasca_kd,52,48,noise_10db,emg,1.0,noise_10db|emg
embracenet_fasca_kd,52,49,noise_10db,emg,1.0,noise_10db|emg
embracenet_fasca_kd,52,59,noise_10db,emg,1.0,noise_10db|emg
embracenet_fasca_kd,52,1,noise_10db,imu,1.0,noise_10db|imu
embracenet_fasca_kd,52,10,noise_10db,imu,1.0,noise_10db|imu
embracenet_fasca_kd,52,15,noise_10db,imu,1.0,noise_10db|imu
embracenet_fasca_kd,52,19,noise_10db,imu,1.0,noise_10db|imu
embracenet_fasca_kd,52,36,noise_10db,imu,1.0,noise_10db|imu
embracenet_fasca_kd,52,39,noise_10db,imu,1.0,noise_10db|imu
embracenet_fasca_kd,52,40,noise_10db,imu,1.0,noise_10db|imu
embracenet_fasca_kd,52,43,noise_10db,imu,0.6666666666666666,noise_10db|imu
embracenet_fasca_kd,52,48,noise_10db,imu,1.0,noise_10db|imu
embracenet_fasca_kd,52,49,noise_10db,imu,1.0,noise_10db|imu
embracenet_fasca_kd,52,59,noise_10db,imu,1.0,noise_10db|imu
embracenet_fasca_kd,52,1,noise_10db,fp,1.0,noise_10db|fp
embracenet_fasca_kd,52,10,noise_10db,fp,1.0,noise_10db|fp
embracenet_fasca_kd,52,15,noise_10db,fp,1.0,noise_10db|fp
embracenet_fasca_kd,52,19,noise_10db,fp,1.0,noise_10db|fp
embracenet_fasca_kd,52,36,noise_10db,fp,1.0,noise_10db|fp
embracenet_fasca_kd,52,39,noise_10db,fp,1.0,noise_10db|fp
embracenet_fasca_kd,52,40,noise_10db,fp,1.0,noise_10db|fp
embracenet_fasca_kd,52,43,noise_10db,fp,0.6666666666666666,noise_10db|fp
embracenet_fasca_kd,52,48,noise_10db,fp,1.0,noise_10db|fp
embracenet_fasca_kd,52,49,noise_10db,fp,1.0,noise_10db|fp
embracenet_fasca_kd,52,59,noise_10db,fp,1.0,noise_10db|fp
embracenet_fasca_kd,52,1,noise_10db,eeg+emg+imu+fp,1.0,noise_10db|eeg+emg+imu+fp
embracenet_fasca_kd,52,10,noise_10db,eeg+emg+imu+fp,1.0,noise_10db|eeg+emg+imu+fp
embracenet_fasca_kd,52,15,noise_10db,eeg+emg+imu+fp,1.0,noise_10db|eeg+emg+imu+fp
embracenet_fasca_kd,52,19,noise_10db,eeg+emg+imu+fp,1.0,noise_10db|eeg+emg+imu+fp
embracenet_fasca_kd,52,36,noise_10db,eeg+emg+imu+fp,1.0,noise_10db|eeg+emg+imu+fp
embracenet_fasca_kd,52,39,noise_10db,eeg+emg+imu+fp,1.0,noise_10db|eeg+emg+imu+fp
embracenet_fasca_kd,52,40,noise_10db,eeg+emg+imu+fp,1.0,noise_10db|eeg+emg+imu+fp
embracenet_fasca_kd,52,43,noise_10db,eeg+emg+imu+fp,0.6666666666666666,noise_10db|eeg+emg+imu+fp
embracenet_fasca_kd,52,48,noise_10db,eeg+emg+imu+fp,1.0,noise_10db|eeg+emg+imu+fp
embracenet_fasca_kd,52,49,noise_10db,eeg+emg+imu+fp,1.0,noise_10db|eeg+emg+imu+fp
embracenet_fasca_kd,52,59,noise_10db,eeg+emg+imu+fp,1.0,noise_10db|eeg+emg+imu+fp
embracenet_fasca_kd,52,1,channel_dropout_30,eeg,1.0,channel_dropout_30|eeg
embracenet_fasca_kd,52,10,channel_dropout_30,eeg,1.0,channel_dropout_30|eeg
embracenet_fasca_kd,52,15,channel_dropout_30,eeg,1.0,channel_dropout_30|eeg
embracenet_fasca_kd,52,19,channel_dropout_30,eeg,1.0,channel_dropout_30|eeg
embracenet_fasca_kd,52,36,channel_dropout_30,eeg,1.0,channel_dropout_30|eeg
embracenet_fasca_kd,52,39,channel_dropout_30,eeg,1.0,channel_dropout_30|eeg
embracenet_fasca_kd,52,40,channel_dropout_30,eeg,1.0,channel_dropout_30|eeg
embracenet_fasca_kd,52,43,channel_dropout_30,eeg,0.6666666666666666,channel_dropout_30|eeg
embracenet_fasca_kd,52,48,channel_dropout_30,eeg,1.0,channel_dropout_30|eeg
embracenet_fasca_kd,52,49,channel_dropout_30,eeg,1.0,channel_dropout_30|eeg
embracenet_fasca_kd,52,59,channel_dropout_30,eeg,1.0,channel_dropout_30|eeg
embracenet_fasca_kd,52,1,channel_dropout_30,emg,1.0,channel_dropout_30|emg
embracenet_fasca_kd,52,10,channel_dropout_30,emg,1.0,channel_dropout_30|emg
embracenet_fasca_kd,52,15,channel_dropout_30,emg,1.0,channel_dropout_30|emg
embracenet_fasca_kd,52,19,channel_dropout_30,emg,1.0,channel_dropout_30|emg
embracenet_fasca_kd,52,36,channel_dropout_30,emg,0.5555555555555555,channel_dropout_30|emg
embracenet_fasca_kd,52,39,channel_dropout_30,emg,1.0,channel_dropout_30|emg
embracenet_fasca_kd,52,40,channel_dropout_30,emg,1.0,channel_dropout_30|emg
embracenet_fasca_kd,52,43,channel_dropout_30,emg,0.6666666666666666,channel_dropout_30|emg
embracenet_fasca_kd,52,48,channel_dropout_30,emg,1.0,channel_dropout_30|emg
embracenet_fasca_kd,52,49,channel_dropout_30,emg,1.0,channel_dropout_30|emg
embracenet_fasca_kd,52,59,channel_dropout_30,emg,1.0,channel_dropout_30|emg
embracenet_fasca_kd,52,1,channel_dropout_30,imu,1.0,channel_dropout_30|imu
embracenet_fasca_kd,52,10,channel_dropout_30,imu,1.0,channel_dropout_30|imu
embracenet_fasca_kd,52,15,channel_dropout_30,imu,0.5555555555555555,channel_dropout_30|imu
embracenet_fasca_kd,52,19,channel_dropout_30,imu,1.0,channel_dropout_30|imu
embracenet_fasca_kd,52,36,channel_dropout_30,imu,0.5555555555555555,channel_dropout_30|imu
embracenet_fasca_kd,52,39,channel_dropout_30,imu,1.0,channel_dropout_30|imu
embracenet_fasca_kd,52,40,channel_dropout_30,imu,1.0,channel_dropout_30|imu
embracenet_fasca_kd,52,43,channel_dropout_30,imu,0.6666666666666666,channel_dropout_30|imu
embracenet_fasca_kd,52,48,channel_dropout_30,imu,1.0,channel_dropout_30|imu
embracenet_fasca_kd,52,49,channel_dropout_30,imu,0.5555555555555555,channel_dropout_30|imu
embracenet_fasca_kd,52,59,channel_dropout_30,imu,1.0,channel_dropout_30|imu
embracenet_fasca_kd,52,1,channel_dropout_30,fp,1.0,channel_dropout_30|fp
embracenet_fasca_kd,52,10,channel_dropout_30,fp,1.0,channel_dropout_30|fp
embracenet_fasca_kd,52,15,channel_dropout_30,fp,1.0,channel_dropout_30|fp
embracenet_fasca_kd,52,19,channel_dropout_30,fp,1.0,channel_dropout_30|fp
embracenet_fasca_kd,52,36,channel_dropout_30,fp,0.5555555555555555,channel_dropout_30|fp
embracenet_fasca_kd,52,39,channel_dropout_30,fp,0.5555555555555555,channel_dropout_30|fp
embracenet_fasca_kd,52,40,channel_dropout_30,fp,1.0,channel_dropout_30|fp
embracenet_fasca_kd,52,43,channel_dropout_30,fp,0.6666666666666666,channel_dropout_30|fp
embracenet_fasca_kd,52,48,channel_dropout_30,fp,1.0,channel_dropout_30|fp
embracenet_fasca_kd,52,49,channel_dropout_30,fp,1.0,channel_dropout_30|fp
embracenet_fasca_kd,52,59,channel_dropout_30,fp,1.0,channel_dropout_30|fp
embracenet_fasca_kd,52,1,channel_dropout_30,eeg+emg+imu+fp,1.0,channel_dropout_30|eeg+emg+imu+fp
embracenet_fasca_kd,52,10,channel_dropout_30,eeg+emg+imu+fp,1.0,channel_dropout_30|eeg+emg+imu+fp
embracenet_fasca_kd,52,15,channel_dropout_30,eeg+emg+imu+fp,0.2222222222222222,channel_dropout_30|eeg+emg+imu+fp
embracenet_fasca_kd,52,19,channel_dropout_30,eeg+emg+imu+fp,1.0,channel_dropout_30|eeg+emg+imu+fp
embracenet_fasca_kd,52,36,channel_dropout_30,eeg+emg+imu+fp,0.2222222222222222,channel_dropout_30|eeg+emg+imu+fp
embracenet_fasca_kd,52,39,channel_dropout_30,eeg+emg+imu+fp,0.2222222222222222,channel_dropout_30|eeg+emg+imu+fp
embracenet_fasca_kd,52,40,channel_dropout_30,eeg+emg+imu+fp,0.2222222222222222,channel_dropout_30|eeg+emg+imu+fp
embracenet_fasca_kd,52,43,channel_dropout_30,eeg+emg+imu+fp,0.2222222222222222,channel_dropout_30|eeg+emg+imu+fp
embracenet_fasca_kd,52,48,channel_dropout_30,eeg+emg+imu+fp,1.0,channel_dropout_30|eeg+emg+imu+fp
embracenet_fasca_kd,52,49,channel_dropout_30,eeg+emg+imu+fp,0.2222222222222222,channel_dropout_30|eeg+emg+imu+fp
embracenet_fasca_kd,52,59,channel_dropout_30,eeg+emg+imu+fp,0.5555555555555555,channel_dropout_30|eeg+emg+imu+fp
embracenet_fasca_kd,52,1,structured_dropout_30,eeg,1.0,structured_dropout_30|eeg
embracenet_fasca_kd,52,10,structured_dropout_30,eeg,1.0,structured_dropout_30|eeg
embracenet_fasca_kd,52,15,structured_dropout_30,eeg,1.0,structured_dropout_30|eeg
embracenet_fasca_kd,52,19,structured_dropout_30,eeg,1.0,structured_dropout_30|eeg
embracenet_fasca_kd,52,36,structured_dropout_30,eeg,1.0,structured_dropout_30|eeg
embracenet_fasca_kd,52,39,structured_dropout_30,eeg,1.0,structured_dropout_30|eeg
embracenet_fasca_kd,52,40,structured_dropout_30,eeg,1.0,structured_dropout_30|eeg
embracenet_fasca_kd,52,43,structured_dropout_30,eeg,0.6666666666666666,structured_dropout_30|eeg
embracenet_fasca_kd,52,48,structured_dropout_30,eeg,1.0,structured_dropout_30|eeg
embracenet_fasca_kd,52,49,structured_dropout_30,eeg,1.0,structured_dropout_30|eeg
embracenet_fasca_kd,52,59,structured_dropout_30,eeg,1.0,structured_dropout_30|eeg
embracenet_fasca_kd,52,1,structured_dropout_30,emg,1.0,structured_dropout_30|emg
embracenet_fasca_kd,52,10,structured_dropout_30,emg,1.0,structured_dropout_30|emg
embracenet_fasca_kd,52,15,structured_dropout_30,emg,1.0,structured_dropout_30|emg
embracenet_fasca_kd,52,19,structured_dropout_30,emg,1.0,structured_dropout_30|emg
embracenet_fasca_kd,52,36,structured_dropout_30,emg,0.5555555555555555,structured_dropout_30|emg
embracenet_fasca_kd,52,39,structured_dropout_30,emg,1.0,structured_dropout_30|emg
embracenet_fasca_kd,52,40,structured_dropout_30,emg,1.0,structured_dropout_30|emg
embracenet_fasca_kd,52,43,structured_dropout_30,emg,0.6666666666666666,structured_dropout_30|emg
embracenet_fasca_kd,52,48,structured_dropout_30,emg,1.0,structured_dropout_30|emg
embracenet_fasca_kd,52,49,structured_dropout_30,emg,1.0,structured_dropout_30|emg
embracenet_fasca_kd,52,59,structured_dropout_30,emg,1.0,structured_dropout_30|emg
embracenet_fasca_kd,52,1,structured_dropout_30,imu,1.0,structured_dropout_30|imu
embracenet_fasca_kd,52,10,structured_dropout_30,imu,1.0,structured_dropout_30|imu
embracenet_fasca_kd,52,15,structured_dropout_30,imu,1.0,structured_dropout_30|imu
embracenet_fasca_kd,52,19,structured_dropout_30,imu,1.0,structured_dropout_30|imu
embracenet_fasca_kd,52,36,structured_dropout_30,imu,0.5555555555555555,structured_dropout_30|imu
embracenet_fasca_kd,52,39,structured_dropout_30,imu,1.0,structured_dropout_30|imu
embracenet_fasca_kd,52,40,structured_dropout_30,imu,1.0,structured_dropout_30|imu
embracenet_fasca_kd,52,43,structured_dropout_30,imu,0.6666666666666666,structured_dropout_30|imu
embracenet_fasca_kd,52,48,structured_dropout_30,imu,1.0,structured_dropout_30|imu
embracenet_fasca_kd,52,49,structured_dropout_30,imu,0.5555555555555555,structured_dropout_30|imu
embracenet_fasca_kd,52,59,structured_dropout_30,imu,1.0,structured_dropout_30|imu
embracenet_fasca_kd,52,1,structured_dropout_30,fp,1.0,structured_dropout_30|fp
embracenet_fasca_kd,52,10,structured_dropout_30,fp,1.0,structured_dropout_30|fp
embracenet_fasca_kd,52,15,structured_dropout_30,fp,1.0,structured_dropout_30|fp
embracenet_fasca_kd,52,19,structured_dropout_30,fp,1.0,structured_dropout_30|fp
embracenet_fasca_kd,52,36,structured_dropout_30,fp,0.5555555555555555,structured_dropout_30|fp
embracenet_fasca_kd,52,39,structured_dropout_30,fp,1.0,structured_dropout_30|fp
embracenet_fasca_kd,52,40,structured_dropout_30,fp,1.0,structured_dropout_30|fp
embracenet_fasca_kd,52,43,structured_dropout_30,fp,0.6666666666666666,structured_dropout_30|fp
embracenet_fasca_kd,52,48,structured_dropout_30,fp,1.0,structured_dropout_30|fp
embracenet_fasca_kd,52,49,structured_dropout_30,fp,1.0,structured_dropout_30|fp
embracenet_fasca_kd,52,59,structured_dropout_30,fp,1.0,structured_dropout_30|fp
embracenet_fasca_kd,52,1,structured_dropout_30,eeg+emg+imu+fp,0.5555555555555555,structured_dropout_30|eeg+emg+imu+fp
embracenet_fasca_kd,52,10,structured_dropout_30,eeg+emg+imu+fp,0.5555555555555555,structured_dropout_30|eeg+emg+imu+fp
embracenet_fasca_kd,52,15,structured_dropout_30,eeg+emg+imu+fp,0.2222222222222222,structured_dropout_30|eeg+emg+imu+fp
embracenet_fasca_kd,52,19,structured_dropout_30,eeg+emg+imu+fp,1.0,structured_dropout_30|eeg+emg+imu+fp
embracenet_fasca_kd,52,36,structured_dropout_30,eeg+emg+imu+fp,0.2222222222222222,structured_dropout_30|eeg+emg+imu+fp
embracenet_fasca_kd,52,39,structured_dropout_30,eeg+emg+imu+fp,1.0,structured_dropout_30|eeg+emg+imu+fp
embracenet_fasca_kd,52,40,structured_dropout_30,eeg+emg+imu+fp,1.0,structured_dropout_30|eeg+emg+imu+fp
embracenet_fasca_kd,52,43,structured_dropout_30,eeg+emg+imu+fp,0.2222222222222222,structured_dropout_30|eeg+emg+imu+fp
embracenet_fasca_kd,52,48,structured_dropout_30,eeg+emg+imu+fp,1.0,structured_dropout_30|eeg+emg+imu+fp
embracenet_fasca_kd,52,49,structured_dropout_30,eeg+emg+imu+fp,0.2222222222222222,structured_dropout_30|eeg+emg+imu+fp
embracenet_fasca_kd,52,59,structured_dropout_30,eeg+emg+imu+fp,0.5555555555555555,structured_dropout_30|eeg+emg+imu+fp
embracenet_fasca_kd,52,1,packet_loss_30,eeg,1.0,packet_loss_30|eeg
embracenet_fasca_kd,52,10,packet_loss_30,eeg,1.0,packet_loss_30|eeg
embracenet_fasca_kd,52,15,packet_loss_30,eeg,1.0,packet_loss_30|eeg
embracenet_fasca_kd,52,19,packet_loss_30,eeg,1.0,packet_loss_30|eeg
embracenet_fasca_kd,52,36,packet_loss_30,eeg,1.0,packet_loss_30|eeg
embracenet_fasca_kd,52,39,packet_loss_30,eeg,1.0,packet_loss_30|eeg
embracenet_fasca_kd,52,40,packet_loss_30,eeg,1.0,packet_loss_30|eeg
embracenet_fasca_kd,52,43,packet_loss_30,eeg,0.6666666666666666,packet_loss_30|eeg
embracenet_fasca_kd,52,48,packet_loss_30,eeg,1.0,packet_loss_30|eeg
embracenet_fasca_kd,52,49,packet_loss_30,eeg,1.0,packet_loss_30|eeg
embracenet_fasca_kd,52,59,packet_loss_30,eeg,1.0,packet_loss_30|eeg
embracenet_fasca_kd,52,1,packet_loss_30,emg,1.0,packet_loss_30|emg
embracenet_fasca_kd,52,10,packet_loss_30,emg,1.0,packet_loss_30|emg
embracenet_fasca_kd,52,15,packet_loss_30,emg,1.0,packet_loss_30|emg
embracenet_fasca_kd,52,19,packet_loss_30,emg,1.0,packet_loss_30|emg
embracenet_fasca_kd,52,36,packet_loss_30,emg,1.0,packet_loss_30|emg
embracenet_fasca_kd,52,39,packet_loss_30,emg,1.0,packet_loss_30|emg
embracenet_fasca_kd,52,40,packet_loss_30,emg,1.0,packet_loss_30|emg
embracenet_fasca_kd,52,43,packet_loss_30,emg,0.6666666666666666,packet_loss_30|emg
embracenet_fasca_kd,52,48,packet_loss_30,emg,1.0,packet_loss_30|emg
embracenet_fasca_kd,52,49,packet_loss_30,emg,1.0,packet_loss_30|emg
embracenet_fasca_kd,52,59,packet_loss_30,emg,1.0,packet_loss_30|emg
embracenet_fasca_kd,52,1,packet_loss_30,imu,1.0,packet_loss_30|imu
embracenet_fasca_kd,52,10,packet_loss_30,imu,1.0,packet_loss_30|imu
embracenet_fasca_kd,52,15,packet_loss_30,imu,1.0,packet_loss_30|imu
embracenet_fasca_kd,52,19,packet_loss_30,imu,1.0,packet_loss_30|imu
embracenet_fasca_kd,52,36,packet_loss_30,imu,0.5555555555555555,packet_loss_30|imu
embracenet_fasca_kd,52,39,packet_loss_30,imu,1.0,packet_loss_30|imu
embracenet_fasca_kd,52,40,packet_loss_30,imu,1.0,packet_loss_30|imu
embracenet_fasca_kd,52,43,packet_loss_30,imu,0.6666666666666666,packet_loss_30|imu
embracenet_fasca_kd,52,48,packet_loss_30,imu,1.0,packet_loss_30|imu
embracenet_fasca_kd,52,49,packet_loss_30,imu,1.0,packet_loss_30|imu
embracenet_fasca_kd,52,59,packet_loss_30,imu,1.0,packet_loss_30|imu
embracenet_fasca_kd,52,1,packet_loss_30,fp,1.0,packet_loss_30|fp
embracenet_fasca_kd,52,10,packet_loss_30,fp,1.0,packet_loss_30|fp
embracenet_fasca_kd,52,15,packet_loss_30,fp,1.0,packet_loss_30|fp
embracenet_fasca_kd,52,19,packet_loss_30,fp,1.0,packet_loss_30|fp
embracenet_fasca_kd,52,36,packet_loss_30,fp,1.0,packet_loss_30|fp
embracenet_fasca_kd,52,39,packet_loss_30,fp,1.0,packet_loss_30|fp
embracenet_fasca_kd,52,40,packet_loss_30,fp,1.0,packet_loss_30|fp
embracenet_fasca_kd,52,43,packet_loss_30,fp,0.6666666666666666,packet_loss_30|fp
embracenet_fasca_kd,52,48,packet_loss_30,fp,1.0,packet_loss_30|fp
embracenet_fasca_kd,52,49,packet_loss_30,fp,1.0,packet_loss_30|fp
embracenet_fasca_kd,52,59,packet_loss_30,fp,1.0,packet_loss_30|fp
embracenet_fasca_kd,52,1,packet_loss_30,eeg+emg+imu+fp,1.0,packet_loss_30|eeg+emg+imu+fp
embracenet_fasca_kd,52,10,packet_loss_30,eeg+emg+imu+fp,1.0,packet_loss_30|eeg+emg+imu+fp
embracenet_fasca_kd,52,15,packet_loss_30,eeg+emg+imu+fp,1.0,packet_loss_30|eeg+emg+imu+fp
embracenet_fasca_kd,52,19,packet_loss_30,eeg+emg+imu+fp,1.0,packet_loss_30|eeg+emg+imu+fp
embracenet_fasca_kd,52,36,packet_loss_30,eeg+emg+imu+fp,0.5555555555555555,packet_loss_30|eeg+emg+imu+fp
embracenet_fasca_kd,52,39,packet_loss_30,eeg+emg+imu+fp,1.0,packet_loss_30|eeg+emg+imu+fp
embracenet_fasca_kd,52,40,packet_loss_30,eeg+emg+imu+fp,1.0,packet_loss_30|eeg+emg+imu+fp
embracenet_fasca_kd,52,43,packet_loss_30,eeg+emg+imu+fp,0.6666666666666666,packet_loss_30|eeg+emg+imu+fp
embracenet_fasca_kd,52,48,packet_loss_30,eeg+emg+imu+fp,1.0,packet_loss_30|eeg+emg+imu+fp
embracenet_fasca_kd,52,49,packet_loss_30,eeg+emg+imu+fp,1.0,packet_loss_30|eeg+emg+imu+fp
embracenet_fasca_kd,52,59,packet_loss_30,eeg+emg+imu+fp,1.0,packet_loss_30|eeg+emg+imu+fp
embracenet_fasca_kd,52,1,shift_250ms,eeg,1.0,shift_250ms|eeg
embracenet_fasca_kd,52,10,shift_250ms,eeg,1.0,shift_250ms|eeg
embracenet_fasca_kd,52,15,shift_250ms,eeg,1.0,shift_250ms|eeg
embracenet_fasca_kd,52,19,shift_250ms,eeg,1.0,shift_250ms|eeg
embracenet_fasca_kd,52,36,shift_250ms,eeg,1.0,shift_250ms|eeg
embracenet_fasca_kd,52,39,shift_250ms,eeg,1.0,shift_250ms|eeg
embracenet_fasca_kd,52,40,shift_250ms,eeg,1.0,shift_250ms|eeg
embracenet_fasca_kd,52,43,shift_250ms,eeg,0.6666666666666666,shift_250ms|eeg
embracenet_fasca_kd,52,48,shift_250ms,eeg,1.0,shift_250ms|eeg
embracenet_fasca_kd,52,49,shift_250ms,eeg,1.0,shift_250ms|eeg
embracenet_fasca_kd,52,59,shift_250ms,eeg,1.0,shift_250ms|eeg
embracenet_fasca_kd,52,1,shift_250ms,emg,1.0,shift_250ms|emg
embracenet_fasca_kd,52,10,shift_250ms,emg,1.0,shift_250ms|emg
embracenet_fasca_kd,52,15,shift_250ms,emg,1.0,shift_250ms|emg
embracenet_fasca_kd,52,19,shift_250ms,emg,1.0,shift_250ms|emg
embracenet_fasca_kd,52,36,shift_250ms,emg,1.0,shift_250ms|emg
embracenet_fasca_kd,52,39,shift_250ms,emg,1.0,shift_250ms|emg
embracenet_fasca_kd,52,40,shift_250ms,emg,1.0,shift_250ms|emg
embracenet_fasca_kd,52,43,shift_250ms,emg,0.6666666666666666,shift_250ms|emg
embracenet_fasca_kd,52,48,shift_250ms,emg,1.0,shift_250ms|emg
embracenet_fasca_kd,52,49,shift_250ms,emg,1.0,shift_250ms|emg
embracenet_fasca_kd,52,59,shift_250ms,emg,1.0,shift_250ms|emg
embracenet_fasca_kd,52,1,shift_250ms,imu,1.0,shift_250ms|imu
embracenet_fasca_kd,52,10,shift_250ms,imu,1.0,shift_250ms|imu
embracenet_fasca_kd,52,15,shift_250ms,imu,1.0,shift_250ms|imu
embracenet_fasca_kd,52,19,shift_250ms,imu,1.0,shift_250ms|imu
embracenet_fasca_kd,52,36,shift_250ms,imu,0.5555555555555555,shift_250ms|imu
embracenet_fasca_kd,52,39,shift_250ms,imu,1.0,shift_250ms|imu
embracenet_fasca_kd,52,40,shift_250ms,imu,1.0,shift_250ms|imu
embracenet_fasca_kd,52,43,shift_250ms,imu,0.6666666666666666,shift_250ms|imu
embracenet_fasca_kd,52,48,shift_250ms,imu,1.0,shift_250ms|imu
embracenet_fasca_kd,52,49,shift_250ms,imu,1.0,shift_250ms|imu
embracenet_fasca_kd,52,59,shift_250ms,imu,1.0,shift_250ms|imu
embracenet_fasca_kd,52,1,shift_250ms,fp,1.0,shift_250ms|fp
embracenet_fasca_kd,52,10,shift_250ms,fp,1.0,shift_250ms|fp
embracenet_fasca_kd,52,15,shift_250ms,fp,1.0,shift_250ms|fp
embracenet_fasca_kd,52,19,shift_250ms,fp,1.0,shift_250ms|fp
embracenet_fasca_kd,52,36,shift_250ms,fp,1.0,shift_250ms|fp
embracenet_fasca_kd,52,39,shift_250ms,fp,1.0,shift_250ms|fp
embracenet_fasca_kd,52,40,shift_250ms,fp,1.0,shift_250ms|fp
embracenet_fasca_kd,52,43,shift_250ms,fp,0.6666666666666666,shift_250ms|fp
embracenet_fasca_kd,52,48,shift_250ms,fp,1.0,shift_250ms|fp
embracenet_fasca_kd,52,49,shift_250ms,fp,1.0,shift_250ms|fp
embracenet_fasca_kd,52,59,shift_250ms,fp,1.0,shift_250ms|fp
embracenet_fasca_kd,52,1,shift_250ms,eeg+emg+imu+fp,1.0,shift_250ms|eeg+emg+imu+fp
embracenet_fasca_kd,52,10,shift_250ms,eeg+emg+imu+fp,1.0,shift_250ms|eeg+emg+imu+fp
embracenet_fasca_kd,52,15,shift_250ms,eeg+emg+imu+fp,1.0,shift_250ms|eeg+emg+imu+fp
embracenet_fasca_kd,52,19,shift_250ms,eeg+emg+imu+fp,1.0,shift_250ms|eeg+emg+imu+fp
embracenet_fasca_kd,52,36,shift_250ms,eeg+emg+imu+fp,1.0,shift_250ms|eeg+emg+imu+fp
embracenet_fasca_kd,52,39,shift_250ms,eeg+emg+imu+fp,1.0,shift_250ms|eeg+emg+imu+fp
embracenet_fasca_kd,52,40,shift_250ms,eeg+emg+imu+fp,1.0,shift_250ms|eeg+emg+imu+fp
embracenet_fasca_kd,52,43,shift_250ms,eeg+emg+imu+fp,0.6666666666666666,shift_250ms|eeg+emg+imu+fp
embracenet_fasca_kd,52,48,shift_250ms,eeg+emg+imu+fp,1.0,shift_250ms|eeg+emg+imu+fp
embracenet_fasca_kd,52,49,shift_250ms,eeg+emg+imu+fp,1.0,shift_250ms|eeg+emg+imu+fp
embracenet_fasca_kd,52,59,shift_250ms,eeg+emg+imu+fp,1.0,shift_250ms|eeg+emg+imu+fp
embracenet_fasca_kd,52,1,gain_1.5,eeg,1.0,gain_1.5|eeg
embracenet_fasca_kd,52,10,gain_1.5,eeg,1.0,gain_1.5|eeg
embracenet_fasca_kd,52,15,gain_1.5,eeg,1.0,gain_1.5|eeg
embracenet_fasca_kd,52,19,gain_1.5,eeg,1.0,gain_1.5|eeg
embracenet_fasca_kd,52,36,gain_1.5,eeg,1.0,gain_1.5|eeg
embracenet_fasca_kd,52,39,gain_1.5,eeg,1.0,gain_1.5|eeg
embracenet_fasca_kd,52,40,gain_1.5,eeg,1.0,gain_1.5|eeg
embracenet_fasca_kd,52,43,gain_1.5,eeg,0.6666666666666666,gain_1.5|eeg
embracenet_fasca_kd,52,48,gain_1.5,eeg,1.0,gain_1.5|eeg
embracenet_fasca_kd,52,49,gain_1.5,eeg,1.0,gain_1.5|eeg
embracenet_fasca_kd,52,59,gain_1.5,eeg,1.0,gain_1.5|eeg
embracenet_fasca_kd,52,1,gain_1.5,emg,1.0,gain_1.5|emg
embracenet_fasca_kd,52,10,gain_1.5,emg,1.0,gain_1.5|emg
embracenet_fasca_kd,52,15,gain_1.5,emg,1.0,gain_1.5|emg
embracenet_fasca_kd,52,19,gain_1.5,emg,1.0,gain_1.5|emg
embracenet_fasca_kd,52,36,gain_1.5,emg,1.0,gain_1.5|emg
embracenet_fasca_kd,52,39,gain_1.5,emg,1.0,gain_1.5|emg
embracenet_fasca_kd,52,40,gain_1.5,emg,1.0,gain_1.5|emg
embracenet_fasca_kd,52,43,gain_1.5,emg,0.6666666666666666,gain_1.5|emg
embracenet_fasca_kd,52,48,gain_1.5,emg,1.0,gain_1.5|emg
embracenet_fasca_kd,52,49,gain_1.5,emg,1.0,gain_1.5|emg
embracenet_fasca_kd,52,59,gain_1.5,emg,1.0,gain_1.5|emg
embracenet_fasca_kd,52,1,gain_1.5,imu,0.5555555555555555,gain_1.5|imu
embracenet_fasca_kd,52,10,gain_1.5,imu,0.16666666666666666,gain_1.5|imu
embracenet_fasca_kd,52,15,gain_1.5,imu,1.0,gain_1.5|imu
embracenet_fasca_kd,52,19,gain_1.5,imu,0.5555555555555555,gain_1.5|imu
embracenet_fasca_kd,52,36,gain_1.5,imu,1.0,gain_1.5|imu
embracenet_fasca_kd,52,39,gain_1.5,imu,0.5555555555555555,gain_1.5|imu
embracenet_fasca_kd,52,40,gain_1.5,imu,0.5555555555555555,gain_1.5|imu
embracenet_fasca_kd,52,43,gain_1.5,imu,0.3333333333333333,gain_1.5|imu
embracenet_fasca_kd,52,48,gain_1.5,imu,0.2222222222222222,gain_1.5|imu
embracenet_fasca_kd,52,49,gain_1.5,imu,1.0,gain_1.5|imu
embracenet_fasca_kd,52,59,gain_1.5,imu,1.0,gain_1.5|imu
embracenet_fasca_kd,52,1,gain_1.5,fp,1.0,gain_1.5|fp
embracenet_fasca_kd,52,10,gain_1.5,fp,1.0,gain_1.5|fp
embracenet_fasca_kd,52,15,gain_1.5,fp,1.0,gain_1.5|fp
embracenet_fasca_kd,52,19,gain_1.5,fp,1.0,gain_1.5|fp
embracenet_fasca_kd,52,36,gain_1.5,fp,1.0,gain_1.5|fp
embracenet_fasca_kd,52,39,gain_1.5,fp,1.0,gain_1.5|fp
embracenet_fasca_kd,52,40,gain_1.5,fp,1.0,gain_1.5|fp
embracenet_fasca_kd,52,43,gain_1.5,fp,0.6666666666666666,gain_1.5|fp
embracenet_fasca_kd,52,48,gain_1.5,fp,1.0,gain_1.5|fp
embracenet_fasca_kd,52,49,gain_1.5,fp,1.0,gain_1.5|fp
embracenet_fasca_kd,52,59,gain_1.5,fp,1.0,gain_1.5|fp
embracenet_fasca_kd,52,1,gain_1.5,eeg+emg+imu+fp,0.2222222222222222,gain_1.5|eeg+emg+imu+fp
embracenet_fasca_kd,52,10,gain_1.5,eeg+emg+imu+fp,0.16666666666666666,gain_1.5|eeg+emg+imu+fp
embracenet_fasca_kd,52,15,gain_1.5,eeg+emg+imu+fp,1.0,gain_1.5|eeg+emg+imu+fp
embracenet_fasca_kd,52,19,gain_1.5,eeg+emg+imu+fp,0.5555555555555555,gain_1.5|eeg+emg+imu+fp
embracenet_fasca_kd,52,36,gain_1.5,eeg+emg+imu+fp,1.0,gain_1.5|eeg+emg+imu+fp
embracenet_fasca_kd,52,39,gain_1.5,eeg+emg+imu+fp,0.5555555555555555,gain_1.5|eeg+emg+imu+fp
embracenet_fasca_kd,52,40,gain_1.5,eeg+emg+imu+fp,0.5555555555555555,gain_1.5|eeg+emg+imu+fp
embracenet_fasca_kd,52,43,gain_1.5,eeg+emg+imu+fp,0.6666666666666666,gain_1.5|eeg+emg+imu+fp
embracenet_fasca_kd,52,48,gain_1.5,eeg+emg+imu+fp,0.2222222222222222,gain_1.5|eeg+emg+imu+fp
embracenet_fasca_kd,52,49,gain_1.5,eeg+emg+imu+fp,0.5555555555555555,gain_1.5|eeg+emg+imu+fp
embracenet_fasca_kd,52,59,gain_1.5,eeg+emg+imu+fp,1.0,gain_1.5|eeg+emg+imu+fp
embracenet_fasca_kd,53,1,clean,none,1.0,clean|none
embracenet_fasca_kd,53,10,clean,none,1.0,clean|none
embracenet_fasca_kd,53,15,clean,none,1.0,clean|none
embracenet_fasca_kd,53,19,clean,none,1.0,clean|none
embracenet_fasca_kd,53,36,clean,none,1.0,clean|none
embracenet_fasca_kd,53,39,clean,none,1.0,clean|none
embracenet_fasca_kd,53,40,clean,none,1.0,clean|none
embracenet_fasca_kd,53,43,clean,none,0.6666666666666666,clean|none
embracenet_fasca_kd,53,48,clean,none,1.0,clean|none
embracenet_fasca_kd,53,49,clean,none,1.0,clean|none
embracenet_fasca_kd,53,59,clean,none,1.0,clean|none
embracenet_fasca_kd,53,1,noise_10db,eeg,1.0,noise_10db|eeg
embracenet_fasca_kd,53,10,noise_10db,eeg,1.0,noise_10db|eeg
embracenet_fasca_kd,53,15,noise_10db,eeg,1.0,noise_10db|eeg
embracenet_fasca_kd,53,19,noise_10db,eeg,1.0,noise_10db|eeg
embracenet_fasca_kd,53,36,noise_10db,eeg,1.0,noise_10db|eeg
embracenet_fasca_kd,53,39,noise_10db,eeg,1.0,noise_10db|eeg
embracenet_fasca_kd,53,40,noise_10db,eeg,1.0,noise_10db|eeg
embracenet_fasca_kd,53,43,noise_10db,eeg,0.6666666666666666,noise_10db|eeg
embracenet_fasca_kd,53,48,noise_10db,eeg,1.0,noise_10db|eeg
embracenet_fasca_kd,53,49,noise_10db,eeg,1.0,noise_10db|eeg
embracenet_fasca_kd,53,59,noise_10db,eeg,1.0,noise_10db|eeg
embracenet_fasca_kd,53,1,noise_10db,emg,1.0,noise_10db|emg
embracenet_fasca_kd,53,10,noise_10db,emg,1.0,noise_10db|emg
embracenet_fasca_kd,53,15,noise_10db,emg,1.0,noise_10db|emg
embracenet_fasca_kd,53,19,noise_10db,emg,1.0,noise_10db|emg
embracenet_fasca_kd,53,36,noise_10db,emg,1.0,noise_10db|emg
embracenet_fasca_kd,53,39,noise_10db,emg,1.0,noise_10db|emg
embracenet_fasca_kd,53,40,noise_10db,emg,1.0,noise_10db|emg
embracenet_fasca_kd,53,43,noise_10db,emg,0.6666666666666666,noise_10db|emg
embracenet_fasca_kd,53,48,noise_10db,emg,1.0,noise_10db|emg
embracenet_fasca_kd,53,49,noise_10db,emg,1.0,noise_10db|emg
embracenet_fasca_kd,53,59,noise_10db,emg,1.0,noise_10db|emg
embracenet_fasca_kd,53,1,noise_10db,imu,1.0,noise_10db|imu
embracenet_fasca_kd,53,10,noise_10db,imu,1.0,noise_10db|imu
embracenet_fasca_kd,53,15,noise_10db,imu,1.0,noise_10db|imu
embracenet_fasca_kd,53,19,noise_10db,imu,1.0,noise_10db|imu
embracenet_fasca_kd,53,36,noise_10db,imu,1.0,noise_10db|imu
embracenet_fasca_kd,53,39,noise_10db,imu,1.0,noise_10db|imu
embracenet_fasca_kd,53,40,noise_10db,imu,1.0,noise_10db|imu
embracenet_fasca_kd,53,43,noise_10db,imu,0.6666666666666666,noise_10db|imu
embracenet_fasca_kd,53,48,noise_10db,imu,1.0,noise_10db|imu
embracenet_fasca_kd,53,49,noise_10db,imu,1.0,noise_10db|imu
embracenet_fasca_kd,53,59,noise_10db,imu,1.0,noise_10db|imu
embracenet_fasca_kd,53,1,noise_10db,fp,1.0,noise_10db|fp
embracenet_fasca_kd,53,10,noise_10db,fp,0.5555555555555555,noise_10db|fp
embracenet_fasca_kd,53,15,noise_10db,fp,1.0,noise_10db|fp
embracenet_fasca_kd,53,19,noise_10db,fp,1.0,noise_10db|fp
embracenet_fasca_kd,53,36,noise_10db,fp,1.0,noise_10db|fp
embracenet_fasca_kd,53,39,noise_10db,fp,1.0,noise_10db|fp
embracenet_fasca_kd,53,40,noise_10db,fp,1.0,noise_10db|fp
embracenet_fasca_kd,53,43,noise_10db,fp,0.6666666666666666,noise_10db|fp
embracenet_fasca_kd,53,48,noise_10db,fp,1.0,noise_10db|fp
embracenet_fasca_kd,53,49,noise_10db,fp,1.0,noise_10db|fp
embracenet_fasca_kd,53,59,noise_10db,fp,1.0,noise_10db|fp
embracenet_fasca_kd,53,1,noise_10db,eeg+emg+imu+fp,1.0,noise_10db|eeg+emg+imu+fp
embracenet_fasca_kd,53,10,noise_10db,eeg+emg+imu+fp,0.5555555555555555,noise_10db|eeg+emg+imu+fp
embracenet_fasca_kd,53,15,noise_10db,eeg+emg+imu+fp,1.0,noise_10db|eeg+emg+imu+fp
embracenet_fasca_kd,53,19,noise_10db,eeg+emg+imu+fp,1.0,noise_10db|eeg+emg+imu+fp
embracenet_fasca_kd,53,36,noise_10db,eeg+emg+imu+fp,1.0,noise_10db|eeg+emg+imu+fp
embracenet_fasca_kd,53,39,noise_10db,eeg+emg+imu+fp,1.0,noise_10db|eeg+emg+imu+fp
embracenet_fasca_kd,53,40,noise_10db,eeg+emg+imu+fp,1.0,noise_10db|eeg+emg+imu+fp
embracenet_fasca_kd,53,43,noise_10db,eeg+emg+imu+fp,0.6666666666666666,noise_10db|eeg+emg+imu+fp
embracenet_fasca_kd,53,48,noise_10db,eeg+emg+imu+fp,1.0,noise_10db|eeg+emg+imu+fp
embracenet_fasca_kd,53,49,noise_10db,eeg+emg+imu+fp,1.0,noise_10db|eeg+emg+imu+fp
embracenet_fasca_kd,53,59,noise_10db,eeg+emg+imu+fp,1.0,noise_10db|eeg+emg+imu+fp
embracenet_fasca_kd,53,1,channel_dropout_30,eeg,1.0,channel_dropout_30|eeg
embracenet_fasca_kd,53,10,channel_dropout_30,eeg,1.0,channel_dropout_30|eeg
embracenet_fasca_kd,53,15,channel_dropout_30,eeg,1.0,channel_dropout_30|eeg
embracenet_fasca_kd,53,19,channel_dropout_30,eeg,1.0,channel_dropout_30|eeg
embracenet_fasca_kd,53,36,channel_dropout_30,eeg,1.0,channel_dropout_30|eeg
embracenet_fasca_kd,53,39,channel_dropout_30,eeg,1.0,channel_dropout_30|eeg
embracenet_fasca_kd,53,40,channel_dropout_30,eeg,1.0,channel_dropout_30|eeg
embracenet_fasca_kd,53,43,channel_dropout_30,eeg,0.6666666666666666,channel_dropout_30|eeg
embracenet_fasca_kd,53,48,channel_dropout_30,eeg,1.0,channel_dropout_30|eeg
embracenet_fasca_kd,53,49,channel_dropout_30,eeg,1.0,channel_dropout_30|eeg
embracenet_fasca_kd,53,59,channel_dropout_30,eeg,1.0,channel_dropout_30|eeg
embracenet_fasca_kd,53,1,channel_dropout_30,emg,1.0,channel_dropout_30|emg
embracenet_fasca_kd,53,10,channel_dropout_30,emg,1.0,channel_dropout_30|emg
embracenet_fasca_kd,53,15,channel_dropout_30,emg,1.0,channel_dropout_30|emg
embracenet_fasca_kd,53,19,channel_dropout_30,emg,1.0,channel_dropout_30|emg
embracenet_fasca_kd,53,36,channel_dropout_30,emg,1.0,channel_dropout_30|emg
embracenet_fasca_kd,53,39,channel_dropout_30,emg,1.0,channel_dropout_30|emg
embracenet_fasca_kd,53,40,channel_dropout_30,emg,1.0,channel_dropout_30|emg
embracenet_fasca_kd,53,43,channel_dropout_30,emg,0.6666666666666666,channel_dropout_30|emg
embracenet_fasca_kd,53,48,channel_dropout_30,emg,1.0,channel_dropout_30|emg
embracenet_fasca_kd,53,49,channel_dropout_30,emg,1.0,channel_dropout_30|emg
embracenet_fasca_kd,53,59,channel_dropout_30,emg,1.0,channel_dropout_30|emg
embracenet_fasca_kd,53,1,channel_dropout_30,imu,1.0,channel_dropout_30|imu
embracenet_fasca_kd,53,10,channel_dropout_30,imu,1.0,channel_dropout_30|imu
embracenet_fasca_kd,53,15,channel_dropout_30,imu,0.5555555555555555,channel_dropout_30|imu
embracenet_fasca_kd,53,19,channel_dropout_30,imu,0.5555555555555555,channel_dropout_30|imu
embracenet_fasca_kd,53,36,channel_dropout_30,imu,0.5555555555555555,channel_dropout_30|imu
embracenet_fasca_kd,53,39,channel_dropout_30,imu,1.0,channel_dropout_30|imu
embracenet_fasca_kd,53,40,channel_dropout_30,imu,1.0,channel_dropout_30|imu
embracenet_fasca_kd,53,43,channel_dropout_30,imu,0.2222222222222222,channel_dropout_30|imu
embracenet_fasca_kd,53,48,channel_dropout_30,imu,1.0,channel_dropout_30|imu
embracenet_fasca_kd,53,49,channel_dropout_30,imu,0.2222222222222222,channel_dropout_30|imu
embracenet_fasca_kd,53,59,channel_dropout_30,imu,1.0,channel_dropout_30|imu
embracenet_fasca_kd,53,1,channel_dropout_30,fp,1.0,channel_dropout_30|fp
embracenet_fasca_kd,53,10,channel_dropout_30,fp,1.0,channel_dropout_30|fp
embracenet_fasca_kd,53,15,channel_dropout_30,fp,1.0,channel_dropout_30|fp
embracenet_fasca_kd,53,19,channel_dropout_30,fp,1.0,channel_dropout_30|fp
embracenet_fasca_kd,53,36,channel_dropout_30,fp,0.16666666666666666,channel_dropout_30|fp
embracenet_fasca_kd,53,39,channel_dropout_30,fp,0.5555555555555555,channel_dropout_30|fp
embracenet_fasca_kd,53,40,channel_dropout_30,fp,1.0,channel_dropout_30|fp
embracenet_fasca_kd,53,43,channel_dropout_30,fp,0.6666666666666666,channel_dropout_30|fp
embracenet_fasca_kd,53,48,channel_dropout_30,fp,1.0,channel_dropout_30|fp
embracenet_fasca_kd,53,49,channel_dropout_30,fp,1.0,channel_dropout_30|fp
embracenet_fasca_kd,53,59,channel_dropout_30,fp,1.0,channel_dropout_30|fp
embracenet_fasca_kd,53,1,channel_dropout_30,eeg+emg+imu+fp,0.5555555555555555,channel_dropout_30|eeg+emg+imu+fp
embracenet_fasca_kd,53,10,channel_dropout_30,eeg+emg+imu+fp,0.5555555555555555,channel_dropout_30|eeg+emg+imu+fp
embracenet_fasca_kd,53,15,channel_dropout_30,eeg+emg+imu+fp,0.5555555555555555,channel_dropout_30|eeg+emg+imu+fp
embracenet_fasca_kd,53,19,channel_dropout_30,eeg+emg+imu+fp,1.0,channel_dropout_30|eeg+emg+imu+fp
embracenet_fasca_kd,53,36,channel_dropout_30,eeg+emg+imu+fp,0.2222222222222222,channel_dropout_30|eeg+emg+imu+fp
embracenet_fasca_kd,53,39,channel_dropout_30,eeg+emg+imu+fp,0.2222222222222222,channel_dropout_30|eeg+emg+imu+fp
embracenet_fasca_kd,53,40,channel_dropout_30,eeg+emg+imu+fp,0.2222222222222222,channel_dropout_30|eeg+emg+imu+fp
embracenet_fasca_kd,53,43,channel_dropout_30,eeg+emg+imu+fp,0.2222222222222222,channel_dropout_30|eeg+emg+imu+fp
embracenet_fasca_kd,53,48,channel_dropout_30,eeg+emg+imu+fp,0.5555555555555555,channel_dropout_30|eeg+emg+imu+fp
embracenet_fasca_kd,53,49,channel_dropout_30,eeg+emg+imu+fp,0.2222222222222222,channel_dropout_30|eeg+emg+imu+fp
embracenet_fasca_kd,53,59,channel_dropout_30,eeg+emg+imu+fp,0.5555555555555555,channel_dropout_30|eeg+emg+imu+fp
embracenet_fasca_kd,53,1,structured_dropout_30,eeg,1.0,structured_dropout_30|eeg
embracenet_fasca_kd,53,10,structured_dropout_30,eeg,1.0,structured_dropout_30|eeg
embracenet_fasca_kd,53,15,structured_dropout_30,eeg,1.0,structured_dropout_30|eeg
embracenet_fasca_kd,53,19,structured_dropout_30,eeg,1.0,structured_dropout_30|eeg
embracenet_fasca_kd,53,36,structured_dropout_30,eeg,1.0,structured_dropout_30|eeg
embracenet_fasca_kd,53,39,structured_dropout_30,eeg,1.0,structured_dropout_30|eeg
embracenet_fasca_kd,53,40,structured_dropout_30,eeg,1.0,structured_dropout_30|eeg
embracenet_fasca_kd,53,43,structured_dropout_30,eeg,0.6666666666666666,structured_dropout_30|eeg
embracenet_fasca_kd,53,48,structured_dropout_30,eeg,1.0,structured_dropout_30|eeg
embracenet_fasca_kd,53,49,structured_dropout_30,eeg,1.0,structured_dropout_30|eeg
embracenet_fasca_kd,53,59,structured_dropout_30,eeg,1.0,structured_dropout_30|eeg
embracenet_fasca_kd,53,1,structured_dropout_30,emg,1.0,structured_dropout_30|emg
embracenet_fasca_kd,53,10,structured_dropout_30,emg,1.0,structured_dropout_30|emg
embracenet_fasca_kd,53,15,structured_dropout_30,emg,1.0,structured_dropout_30|emg
embracenet_fasca_kd,53,19,structured_dropout_30,emg,1.0,structured_dropout_30|emg
embracenet_fasca_kd,53,36,structured_dropout_30,emg,1.0,structured_dropout_30|emg
embracenet_fasca_kd,53,39,structured_dropout_30,emg,1.0,structured_dropout_30|emg
embracenet_fasca_kd,53,40,structured_dropout_30,emg,1.0,structured_dropout_30|emg
embracenet_fasca_kd,53,43,structured_dropout_30,emg,0.6666666666666666,structured_dropout_30|emg
embracenet_fasca_kd,53,48,structured_dropout_30,emg,1.0,structured_dropout_30|emg
embracenet_fasca_kd,53,49,structured_dropout_30,emg,1.0,structured_dropout_30|emg
embracenet_fasca_kd,53,59,structured_dropout_30,emg,1.0,structured_dropout_30|emg
embracenet_fasca_kd,53,1,structured_dropout_30,imu,1.0,structured_dropout_30|imu
embracenet_fasca_kd,53,10,structured_dropout_30,imu,1.0,structured_dropout_30|imu
embracenet_fasca_kd,53,15,structured_dropout_30,imu,1.0,structured_dropout_30|imu
embracenet_fasca_kd,53,19,structured_dropout_30,imu,1.0,structured_dropout_30|imu
embracenet_fasca_kd,53,36,structured_dropout_30,imu,0.5555555555555555,structured_dropout_30|imu
embracenet_fasca_kd,53,39,structured_dropout_30,imu,0.5555555555555555,structured_dropout_30|imu
embracenet_fasca_kd,53,40,structured_dropout_30,imu,1.0,structured_dropout_30|imu
embracenet_fasca_kd,53,43,structured_dropout_30,imu,0.6666666666666666,structured_dropout_30|imu
embracenet_fasca_kd,53,48,structured_dropout_30,imu,1.0,structured_dropout_30|imu
embracenet_fasca_kd,53,49,structured_dropout_30,imu,0.5555555555555555,structured_dropout_30|imu
embracenet_fasca_kd,53,59,structured_dropout_30,imu,1.0,structured_dropout_30|imu
embracenet_fasca_kd,53,1,structured_dropout_30,fp,1.0,structured_dropout_30|fp
embracenet_fasca_kd,53,10,structured_dropout_30,fp,1.0,structured_dropout_30|fp
embracenet_fasca_kd,53,15,structured_dropout_30,fp,1.0,structured_dropout_30|fp
embracenet_fasca_kd,53,19,structured_dropout_30,fp,1.0,structured_dropout_30|fp
embracenet_fasca_kd,53,36,structured_dropout_30,fp,1.0,structured_dropout_30|fp
embracenet_fasca_kd,53,39,structured_dropout_30,fp,1.0,structured_dropout_30|fp
embracenet_fasca_kd,53,40,structured_dropout_30,fp,1.0,structured_dropout_30|fp
embracenet_fasca_kd,53,43,structured_dropout_30,fp,0.6666666666666666,structured_dropout_30|fp
embracenet_fasca_kd,53,48,structured_dropout_30,fp,1.0,structured_dropout_30|fp
embracenet_fasca_kd,53,49,structured_dropout_30,fp,1.0,structured_dropout_30|fp
embracenet_fasca_kd,53,59,structured_dropout_30,fp,1.0,structured_dropout_30|fp
embracenet_fasca_kd,53,1,structured_dropout_30,eeg+emg+imu+fp,0.5555555555555555,structured_dropout_30|eeg+emg+imu+fp
embracenet_fasca_kd,53,10,structured_dropout_30,eeg+emg+imu+fp,0.5555555555555555,structured_dropout_30|eeg+emg+imu+fp
embracenet_fasca_kd,53,15,structured_dropout_30,eeg+emg+imu+fp,0.5555555555555555,structured_dropout_30|eeg+emg+imu+fp
embracenet_fasca_kd,53,19,structured_dropout_30,eeg+emg+imu+fp,1.0,structured_dropout_30|eeg+emg+imu+fp
embracenet_fasca_kd,53,36,structured_dropout_30,eeg+emg+imu+fp,0.2222222222222222,structured_dropout_30|eeg+emg+imu+fp
embracenet_fasca_kd,53,39,structured_dropout_30,eeg+emg+imu+fp,0.5555555555555555,structured_dropout_30|eeg+emg+imu+fp
embracenet_fasca_kd,53,40,structured_dropout_30,eeg+emg+imu+fp,0.5555555555555555,structured_dropout_30|eeg+emg+imu+fp
embracenet_fasca_kd,53,43,structured_dropout_30,eeg+emg+imu+fp,0.2222222222222222,structured_dropout_30|eeg+emg+imu+fp
embracenet_fasca_kd,53,48,structured_dropout_30,eeg+emg+imu+fp,1.0,structured_dropout_30|eeg+emg+imu+fp
embracenet_fasca_kd,53,49,structured_dropout_30,eeg+emg+imu+fp,0.2222222222222222,structured_dropout_30|eeg+emg+imu+fp
embracenet_fasca_kd,53,59,structured_dropout_30,eeg+emg+imu+fp,0.5555555555555555,structured_dropout_30|eeg+emg+imu+fp
embracenet_fasca_kd,53,1,packet_loss_30,eeg,1.0,packet_loss_30|eeg
embracenet_fasca_kd,53,10,packet_loss_30,eeg,1.0,packet_loss_30|eeg
embracenet_fasca_kd,53,15,packet_loss_30,eeg,1.0,packet_loss_30|eeg
embracenet_fasca_kd,53,19,packet_loss_30,eeg,1.0,packet_loss_30|eeg
embracenet_fasca_kd,53,36,packet_loss_30,eeg,1.0,packet_loss_30|eeg
embracenet_fasca_kd,53,39,packet_loss_30,eeg,1.0,packet_loss_30|eeg
embracenet_fasca_kd,53,40,packet_loss_30,eeg,1.0,packet_loss_30|eeg
embracenet_fasca_kd,53,43,packet_loss_30,eeg,0.6666666666666666,packet_loss_30|eeg
embracenet_fasca_kd,53,48,packet_loss_30,eeg,1.0,packet_loss_30|eeg
embracenet_fasca_kd,53,49,packet_loss_30,eeg,1.0,packet_loss_30|eeg
embracenet_fasca_kd,53,59,packet_loss_30,eeg,1.0,packet_loss_30|eeg
embracenet_fasca_kd,53,1,packet_loss_30,emg,1.0,packet_loss_30|emg
embracenet_fasca_kd,53,10,packet_loss_30,emg,1.0,packet_loss_30|emg
embracenet_fasca_kd,53,15,packet_loss_30,emg,1.0,packet_loss_30|emg
embracenet_fasca_kd,53,19,packet_loss_30,emg,1.0,packet_loss_30|emg
embracenet_fasca_kd,53,36,packet_loss_30,emg,1.0,packet_loss_30|emg
embracenet_fasca_kd,53,39,packet_loss_30,emg,1.0,packet_loss_30|emg
embracenet_fasca_kd,53,40,packet_loss_30,emg,1.0,packet_loss_30|emg
embracenet_fasca_kd,53,43,packet_loss_30,emg,0.6666666666666666,packet_loss_30|emg
embracenet_fasca_kd,53,48,packet_loss_30,emg,1.0,packet_loss_30|emg
embracenet_fasca_kd,53,49,packet_loss_30,emg,1.0,packet_loss_30|emg
embracenet_fasca_kd,53,59,packet_loss_30,emg,1.0,packet_loss_30|emg
embracenet_fasca_kd,53,1,packet_loss_30,imu,1.0,packet_loss_30|imu
embracenet_fasca_kd,53,10,packet_loss_30,imu,1.0,packet_loss_30|imu
embracenet_fasca_kd,53,15,packet_loss_30,imu,1.0,packet_loss_30|imu
embracenet_fasca_kd,53,19,packet_loss_30,imu,1.0,packet_loss_30|imu
embracenet_fasca_kd,53,36,packet_loss_30,imu,1.0,packet_loss_30|imu
embracenet_fasca_kd,53,39,packet_loss_30,imu,1.0,packet_loss_30|imu
embracenet_fasca_kd,53,40,packet_loss_30,imu,1.0,packet_loss_30|imu
embracenet_fasca_kd,53,43,packet_loss_30,imu,0.6666666666666666,packet_loss_30|imu
embracenet_fasca_kd,53,48,packet_loss_30,imu,1.0,packet_loss_30|imu
embracenet_fasca_kd,53,49,packet_loss_30,imu,1.0,packet_loss_30|imu
embracenet_fasca_kd,53,59,packet_loss_30,imu,1.0,packet_loss_30|imu
embracenet_fasca_kd,53,1,packet_loss_30,fp,1.0,packet_loss_30|fp
embracenet_fasca_kd,53,10,packet_loss_30,fp,1.0,packet_loss_30|fp
embracenet_fasca_kd,53,15,packet_loss_30,fp,1.0,packet_loss_30|fp
embracenet_fasca_kd,53,19,packet_loss_30,fp,1.0,packet_loss_30|fp
embracenet_fasca_kd,53,36,packet_loss_30,fp,1.0,packet_loss_30|fp
embracenet_fasca_kd,53,39,packet_loss_30,fp,1.0,packet_loss_30|fp
embracenet_fasca_kd,53,40,packet_loss_30,fp,1.0,packet_loss_30|fp
embracenet_fasca_kd,53,43,packet_loss_30,fp,0.6666666666666666,packet_loss_30|fp
embracenet_fasca_kd,53,48,packet_loss_30,fp,1.0,packet_loss_30|fp
embracenet_fasca_kd,53,49,packet_loss_30,fp,1.0,packet_loss_30|fp
embracenet_fasca_kd,53,59,packet_loss_30,fp,1.0,packet_loss_30|fp
embracenet_fasca_kd,53,1,packet_loss_30,eeg+emg+imu+fp,1.0,packet_loss_30|eeg+emg+imu+fp
embracenet_fasca_kd,53,10,packet_loss_30,eeg+emg+imu+fp,1.0,packet_loss_30|eeg+emg+imu+fp
embracenet_fasca_kd,53,15,packet_loss_30,eeg+emg+imu+fp,1.0,packet_loss_30|eeg+emg+imu+fp
embracenet_fasca_kd,53,19,packet_loss_30,eeg+emg+imu+fp,1.0,packet_loss_30|eeg+emg+imu+fp
embracenet_fasca_kd,53,36,packet_loss_30,eeg+emg+imu+fp,0.5555555555555555,packet_loss_30|eeg+emg+imu+fp
embracenet_fasca_kd,53,39,packet_loss_30,eeg+emg+imu+fp,1.0,packet_loss_30|eeg+emg+imu+fp
embracenet_fasca_kd,53,40,packet_loss_30,eeg+emg+imu+fp,1.0,packet_loss_30|eeg+emg+imu+fp
embracenet_fasca_kd,53,43,packet_loss_30,eeg+emg+imu+fp,0.6666666666666666,packet_loss_30|eeg+emg+imu+fp
embracenet_fasca_kd,53,48,packet_loss_30,eeg+emg+imu+fp,1.0,packet_loss_30|eeg+emg+imu+fp
embracenet_fasca_kd,53,49,packet_loss_30,eeg+emg+imu+fp,1.0,packet_loss_30|eeg+emg+imu+fp
embracenet_fasca_kd,53,59,packet_loss_30,eeg+emg+imu+fp,1.0,packet_loss_30|eeg+emg+imu+fp
embracenet_fasca_kd,53,1,shift_250ms,eeg,1.0,shift_250ms|eeg
embracenet_fasca_kd,53,10,shift_250ms,eeg,1.0,shift_250ms|eeg
embracenet_fasca_kd,53,15,shift_250ms,eeg,1.0,shift_250ms|eeg
embracenet_fasca_kd,53,19,shift_250ms,eeg,1.0,shift_250ms|eeg
embracenet_fasca_kd,53,36,shift_250ms,eeg,1.0,shift_250ms|eeg
embracenet_fasca_kd,53,39,shift_250ms,eeg,1.0,shift_250ms|eeg
embracenet_fasca_kd,53,40,shift_250ms,eeg,1.0,shift_250ms|eeg
embracenet_fasca_kd,53,43,shift_250ms,eeg,0.6666666666666666,shift_250ms|eeg
embracenet_fasca_kd,53,48,shift_250ms,eeg,1.0,shift_250ms|eeg
embracenet_fasca_kd,53,49,shift_250ms,eeg,1.0,shift_250ms|eeg
embracenet_fasca_kd,53,59,shift_250ms,eeg,1.0,shift_250ms|eeg
embracenet_fasca_kd,53,1,shift_250ms,emg,1.0,shift_250ms|emg
embracenet_fasca_kd,53,10,shift_250ms,emg,1.0,shift_250ms|emg
embracenet_fasca_kd,53,15,shift_250ms,emg,1.0,shift_250ms|emg
embracenet_fasca_kd,53,19,shift_250ms,emg,1.0,shift_250ms|emg
embracenet_fasca_kd,53,36,shift_250ms,emg,1.0,shift_250ms|emg
embracenet_fasca_kd,53,39,shift_250ms,emg,1.0,shift_250ms|emg
embracenet_fasca_kd,53,40,shift_250ms,emg,1.0,shift_250ms|emg
embracenet_fasca_kd,53,43,shift_250ms,emg,0.6666666666666666,shift_250ms|emg
embracenet_fasca_kd,53,48,shift_250ms,emg,1.0,shift_250ms|emg
embracenet_fasca_kd,53,49,shift_250ms,emg,1.0,shift_250ms|emg
embracenet_fasca_kd,53,59,shift_250ms,emg,1.0,shift_250ms|emg
embracenet_fasca_kd,53,1,shift_250ms,imu,1.0,shift_250ms|imu
embracenet_fasca_kd,53,10,shift_250ms,imu,1.0,shift_250ms|imu
embracenet_fasca_kd,53,15,shift_250ms,imu,1.0,shift_250ms|imu
embracenet_fasca_kd,53,19,shift_250ms,imu,1.0,shift_250ms|imu
embracenet_fasca_kd,53,36,shift_250ms,imu,1.0,shift_250ms|imu
embracenet_fasca_kd,53,39,shift_250ms,imu,1.0,shift_250ms|imu
embracenet_fasca_kd,53,40,shift_250ms,imu,1.0,shift_250ms|imu
embracenet_fasca_kd,53,43,shift_250ms,imu,0.6666666666666666,shift_250ms|imu
embracenet_fasca_kd,53,48,shift_250ms,imu,1.0,shift_250ms|imu
embracenet_fasca_kd,53,49,shift_250ms,imu,1.0,shift_250ms|imu
embracenet_fasca_kd,53,59,shift_250ms,imu,1.0,shift_250ms|imu
embracenet_fasca_kd,53,1,shift_250ms,fp,1.0,shift_250ms|fp
embracenet_fasca_kd,53,10,shift_250ms,fp,1.0,shift_250ms|fp
embracenet_fasca_kd,53,15,shift_250ms,fp,1.0,shift_250ms|fp
embracenet_fasca_kd,53,19,shift_250ms,fp,1.0,shift_250ms|fp
embracenet_fasca_kd,53,36,shift_250ms,fp,1.0,shift_250ms|fp
embracenet_fasca_kd,53,39,shift_250ms,fp,1.0,shift_250ms|fp
embracenet_fasca_kd,53,40,shift_250ms,fp,1.0,shift_250ms|fp
embracenet_fasca_kd,53,43,shift_250ms,fp,0.6666666666666666,shift_250ms|fp
embracenet_fasca_kd,53,48,shift_250ms,fp,1.0,shift_250ms|fp
embracenet_fasca_kd,53,49,shift_250ms,fp,1.0,shift_250ms|fp
embracenet_fasca_kd,53,59,shift_250ms,fp,1.0,shift_250ms|fp
embracenet_fasca_kd,53,1,shift_250ms,eeg+emg+imu+fp,1.0,shift_250ms|eeg+emg+imu+fp
embracenet_fasca_kd,53,10,shift_250ms,eeg+emg+imu+fp,1.0,shift_250ms|eeg+emg+imu+fp
embracenet_fasca_kd,53,15,shift_250ms,eeg+emg+imu+fp,1.0,shift_250ms|eeg+emg+imu+fp
embracenet_fasca_kd,53,19,shift_250ms,eeg+emg+imu+fp,1.0,shift_250ms|eeg+emg+imu+fp
embracenet_fasca_kd,53,36,shift_250ms,eeg+emg+imu+fp,1.0,shift_250ms|eeg+emg+imu+fp
embracenet_fasca_kd,53,39,shift_250ms,eeg+emg+imu+fp,1.0,shift_250ms|eeg+emg+imu+fp
embracenet_fasca_kd,53,40,shift_250ms,eeg+emg+imu+fp,1.0,shift_250ms|eeg+emg+imu+fp
embracenet_fasca_kd,53,43,shift_250ms,eeg+emg+imu+fp,0.6666666666666666,shift_250ms|eeg+emg+imu+fp
embracenet_fasca_kd,53,48,shift_250ms,eeg+emg+imu+fp,1.0,shift_250ms|eeg+emg+imu+fp
embracenet_fasca_kd,53,49,shift_250ms,eeg+emg+imu+fp,1.0,shift_250ms|eeg+emg+imu+fp
embracenet_fasca_kd,53,59,shift_250ms,eeg+emg+imu+fp,1.0,shift_250ms|eeg+emg+imu+fp
embracenet_fasca_kd,53,1,gain_1.5,eeg,1.0,gain_1.5|eeg
embracenet_fasca_kd,53,10,gain_1.5,eeg,1.0,gain_1.5|eeg
embracenet_fasca_kd,53,15,gain_1.5,eeg,1.0,gain_1.5|eeg
embracenet_fasca_kd,53,19,gain_1.5,eeg,1.0,gain_1.5|eeg
embracenet_fasca_kd,53,36,gain_1.5,eeg,1.0,gain_1.5|eeg
embracenet_fasca_kd,53,39,gain_1.5,eeg,1.0,gain_1.5|eeg
embracenet_fasca_kd,53,40,gain_1.5,eeg,1.0,gain_1.5|eeg
embracenet_fasca_kd,53,43,gain_1.5,eeg,0.6666666666666666,gain_1.5|eeg
embracenet_fasca_kd,53,48,gain_1.5,eeg,1.0,gain_1.5|eeg
embracenet_fasca_kd,53,49,gain_1.5,eeg,1.0,gain_1.5|eeg
embracenet_fasca_kd,53,59,gain_1.5,eeg,1.0,gain_1.5|eeg
embracenet_fasca_kd,53,1,gain_1.5,emg,1.0,gain_1.5|emg
embracenet_fasca_kd,53,10,gain_1.5,emg,1.0,gain_1.5|emg
embracenet_fasca_kd,53,15,gain_1.5,emg,1.0,gain_1.5|emg
embracenet_fasca_kd,53,19,gain_1.5,emg,1.0,gain_1.5|emg
embracenet_fasca_kd,53,36,gain_1.5,emg,1.0,gain_1.5|emg
embracenet_fasca_kd,53,39,gain_1.5,emg,1.0,gain_1.5|emg
embracenet_fasca_kd,53,40,gain_1.5,emg,1.0,gain_1.5|emg
embracenet_fasca_kd,53,43,gain_1.5,emg,0.6666666666666666,gain_1.5|emg
embracenet_fasca_kd,53,48,gain_1.5,emg,1.0,gain_1.5|emg
embracenet_fasca_kd,53,49,gain_1.5,emg,1.0,gain_1.5|emg
embracenet_fasca_kd,53,59,gain_1.5,emg,1.0,gain_1.5|emg
embracenet_fasca_kd,53,1,gain_1.5,imu,0.5555555555555555,gain_1.5|imu
embracenet_fasca_kd,53,10,gain_1.5,imu,0.5555555555555555,gain_1.5|imu
embracenet_fasca_kd,53,15,gain_1.5,imu,1.0,gain_1.5|imu
embracenet_fasca_kd,53,19,gain_1.5,imu,0.5555555555555555,gain_1.5|imu
embracenet_fasca_kd,53,36,gain_1.5,imu,1.0,gain_1.5|imu
embracenet_fasca_kd,53,39,gain_1.5,imu,0.5555555555555555,gain_1.5|imu
embracenet_fasca_kd,53,40,gain_1.5,imu,1.0,gain_1.5|imu
embracenet_fasca_kd,53,43,gain_1.5,imu,0.6666666666666666,gain_1.5|imu
embracenet_fasca_kd,53,48,gain_1.5,imu,0.2222222222222222,gain_1.5|imu
embracenet_fasca_kd,53,49,gain_1.5,imu,1.0,gain_1.5|imu
embracenet_fasca_kd,53,59,gain_1.5,imu,0.5555555555555555,gain_1.5|imu
embracenet_fasca_kd,53,1,gain_1.5,fp,1.0,gain_1.5|fp
embracenet_fasca_kd,53,10,gain_1.5,fp,0.5555555555555555,gain_1.5|fp
embracenet_fasca_kd,53,15,gain_1.5,fp,1.0,gain_1.5|fp
embracenet_fasca_kd,53,19,gain_1.5,fp,1.0,gain_1.5|fp
embracenet_fasca_kd,53,36,gain_1.5,fp,1.0,gain_1.5|fp
embracenet_fasca_kd,53,39,gain_1.5,fp,1.0,gain_1.5|fp
embracenet_fasca_kd,53,40,gain_1.5,fp,1.0,gain_1.5|fp
embracenet_fasca_kd,53,43,gain_1.5,fp,0.6666666666666666,gain_1.5|fp
embracenet_fasca_kd,53,48,gain_1.5,fp,1.0,gain_1.5|fp
embracenet_fasca_kd,53,49,gain_1.5,fp,1.0,gain_1.5|fp
embracenet_fasca_kd,53,59,gain_1.5,fp,1.0,gain_1.5|fp
embracenet_fasca_kd,53,1,gain_1.5,eeg+emg+imu+fp,0.2222222222222222,gain_1.5|eeg+emg+imu+fp
embracenet_fasca_kd,53,10,gain_1.5,eeg+emg+imu+fp,0.16666666666666666,gain_1.5|eeg+emg+imu+fp
embracenet_fasca_kd,53,15,gain_1.5,eeg+emg+imu+fp,1.0,gain_1.5|eeg+emg+imu+fp
embracenet_fasca_kd,53,19,gain_1.5,eeg+emg+imu+fp,0.5555555555555555,gain_1.5|eeg+emg+imu+fp
embracenet_fasca_kd,53,36,gain_1.5,eeg+emg+imu+fp,1.0,gain_1.5|eeg+emg+imu+fp
embracenet_fasca_kd,53,39,gain_1.5,eeg+emg+imu+fp,0.2222222222222222,gain_1.5|eeg+emg+imu+fp
embracenet_fasca_kd,53,40,gain_1.5,eeg+emg+imu+fp,0.5555555555555555,gain_1.5|eeg+emg+imu+fp
embracenet_fasca_kd,53,43,gain_1.5,eeg+emg+imu+fp,0.2222222222222222,gain_1.5|eeg+emg+imu+fp
embracenet_fasca_kd,53,48,gain_1.5,eeg+emg+imu+fp,0.2222222222222222,gain_1.5|eeg+emg+imu+fp
embracenet_fasca_kd,53,49,gain_1.5,eeg+emg+imu+fp,0.5555555555555555,gain_1.5|eeg+emg+imu+fp
embracenet_fasca_kd,53,59,gain_1.5,eeg+emg+imu+fp,0.2222222222222222,gain_1.5|eeg+emg+imu+fp
embracenet_fasca_kd,51,3,clean,none,0.3333333333333333,clean|none
embracenet_fasca_kd,51,7,clean,none,1.0,clean|none
embracenet_fasca_kd,51,14,clean,none,1.0,clean|none
embracenet_fasca_kd,51,16,clean,none,1.0,clean|none
embracenet_fasca_kd,51,21,clean,none,1.0,clean|none
embracenet_fasca_kd,51,25,clean,none,1.0,clean|none
embracenet_fasca_kd,51,26,clean,none,0.2222222222222222,clean|none
embracenet_fasca_kd,51,27,clean,none,1.0,clean|none
embracenet_fasca_kd,51,29,clean,none,0.2222222222222222,clean|none
embracenet_fasca_kd,51,38,clean,none,1.0,clean|none
embracenet_fasca_kd,51,46,clean,none,1.0,clean|none
embracenet_fasca_kd,51,3,noise_10db,eeg,0.3333333333333333,noise_10db|eeg
embracenet_fasca_kd,51,7,noise_10db,eeg,1.0,noise_10db|eeg
embracenet_fasca_kd,51,14,noise_10db,eeg,1.0,noise_10db|eeg
embracenet_fasca_kd,51,16,noise_10db,eeg,1.0,noise_10db|eeg
embracenet_fasca_kd,51,21,noise_10db,eeg,1.0,noise_10db|eeg
embracenet_fasca_kd,51,25,noise_10db,eeg,1.0,noise_10db|eeg
embracenet_fasca_kd,51,26,noise_10db,eeg,0.2222222222222222,noise_10db|eeg
embracenet_fasca_kd,51,27,noise_10db,eeg,1.0,noise_10db|eeg
embracenet_fasca_kd,51,29,noise_10db,eeg,0.2222222222222222,noise_10db|eeg
embracenet_fasca_kd,51,38,noise_10db,eeg,1.0,noise_10db|eeg
embracenet_fasca_kd,51,46,noise_10db,eeg,1.0,noise_10db|eeg
embracenet_fasca_kd,51,3,noise_10db,emg,0.3333333333333333,noise_10db|emg
embracenet_fasca_kd,51,7,noise_10db,emg,1.0,noise_10db|emg
embracenet_fasca_kd,51,14,noise_10db,emg,1.0,noise_10db|emg
embracenet_fasca_kd,51,16,noise_10db,emg,1.0,noise_10db|emg
embracenet_fasca_kd,51,21,noise_10db,emg,1.0,noise_10db|emg
embracenet_fasca_kd,51,25,noise_10db,emg,1.0,noise_10db|emg
embracenet_fasca_kd,51,26,noise_10db,emg,0.2222222222222222,noise_10db|emg
embracenet_fasca_kd,51,27,noise_10db,emg,1.0,noise_10db|emg
embracenet_fasca_kd,51,29,noise_10db,emg,0.2222222222222222,noise_10db|emg
embracenet_fasca_kd,51,38,noise_10db,emg,1.0,noise_10db|emg
embracenet_fasca_kd,51,46,noise_10db,emg,1.0,noise_10db|emg
embracenet_fasca_kd,51,3,noise_10db,imu,0.3333333333333333,noise_10db|imu
embracenet_fasca_kd,51,7,noise_10db,imu,1.0,noise_10db|imu
embracenet_fasca_kd,51,14,noise_10db,imu,1.0,noise_10db|imu
embracenet_fasca_kd,51,16,noise_10db,imu,1.0,noise_10db|imu
embracenet_fasca_kd,51,21,noise_10db,imu,1.0,noise_10db|imu
embracenet_fasca_kd,51,25,noise_10db,imu,0.5555555555555555,noise_10db|imu
embracenet_fasca_kd,51,26,noise_10db,imu,0.2222222222222222,noise_10db|imu
embracenet_fasca_kd,51,27,noise_10db,imu,1.0,noise_10db|imu
embracenet_fasca_kd,51,29,noise_10db,imu,0.5555555555555555,noise_10db|imu
embracenet_fasca_kd,51,38,noise_10db,imu,1.0,noise_10db|imu
embracenet_fasca_kd,51,46,noise_10db,imu,1.0,noise_10db|imu
embracenet_fasca_kd,51,3,noise_10db,fp,0.3333333333333333,noise_10db|fp
embracenet_fasca_kd,51,7,noise_10db,fp,1.0,noise_10db|fp
embracenet_fasca_kd,51,14,noise_10db,fp,1.0,noise_10db|fp
embracenet_fasca_kd,51,16,noise_10db,fp,1.0,noise_10db|fp
embracenet_fasca_kd,51,21,noise_10db,fp,1.0,noise_10db|fp
embracenet_fasca_kd,51,25,noise_10db,fp,0.5555555555555555,noise_10db|fp
embracenet_fasca_kd,51,26,noise_10db,fp,0.2222222222222222,noise_10db|fp
embracenet_fasca_kd,51,27,noise_10db,fp,1.0,noise_10db|fp
embracenet_fasca_kd,51,29,noise_10db,fp,0.5555555555555555,noise_10db|fp
embracenet_fasca_kd,51,38,noise_10db,fp,1.0,noise_10db|fp
embracenet_fasca_kd,51,46,noise_10db,fp,1.0,noise_10db|fp
embracenet_fasca_kd,51,3,noise_10db,eeg+emg+imu+fp,0.3333333333333333,noise_10db|eeg+emg+imu+fp
embracenet_fasca_kd,51,7,noise_10db,eeg+emg+imu+fp,1.0,noise_10db|eeg+emg+imu+fp
embracenet_fasca_kd,51,14,noise_10db,eeg+emg+imu+fp,1.0,noise_10db|eeg+emg+imu+fp
embracenet_fasca_kd,51,16,noise_10db,eeg+emg+imu+fp,1.0,noise_10db|eeg+emg+imu+fp
embracenet_fasca_kd,51,21,noise_10db,eeg+emg+imu+fp,0.5555555555555555,noise_10db|eeg+emg+imu+fp
embracenet_fasca_kd,51,25,noise_10db,eeg+emg+imu+fp,0.5555555555555555,noise_10db|eeg+emg+imu+fp
embracenet_fasca_kd,51,26,noise_10db,eeg+emg+imu+fp,0.5555555555555555,noise_10db|eeg+emg+imu+fp
embracenet_fasca_kd,51,27,noise_10db,eeg+emg+imu+fp,1.0,noise_10db|eeg+emg+imu+fp
embracenet_fasca_kd,51,29,noise_10db,eeg+emg+imu+fp,1.0,noise_10db|eeg+emg+imu+fp
embracenet_fasca_kd,51,38,noise_10db,eeg+emg+imu+fp,1.0,noise_10db|eeg+emg+imu+fp
embracenet_fasca_kd,51,46,noise_10db,eeg+emg+imu+fp,1.0,noise_10db|eeg+emg+imu+fp
embracenet_fasca_kd,51,3,channel_dropout_30,eeg,0.3333333333333333,channel_dropout_30|eeg
embracenet_fasca_kd,51,7,channel_dropout_30,eeg,1.0,channel_dropout_30|eeg
embracenet_fasca_kd,51,14,channel_dropout_30,eeg,1.0,channel_dropout_30|eeg
embracenet_fasca_kd,51,16,channel_dropout_30,eeg,1.0,channel_dropout_30|eeg
embracenet_fasca_kd,51,21,channel_dropout_30,eeg,1.0,channel_dropout_30|eeg
embracenet_fasca_kd,51,25,channel_dropout_30,eeg,1.0,channel_dropout_30|eeg
embracenet_fasca_kd,51,26,channel_dropout_30,eeg,0.2222222222222222,channel_dropout_30|eeg
embracenet_fasca_kd,51,27,channel_dropout_30,eeg,1.0,channel_dropout_30|eeg
embracenet_fasca_kd,51,29,channel_dropout_30,eeg,0.2222222222222222,channel_dropout_30|eeg
embracenet_fasca_kd,51,38,channel_dropout_30,eeg,1.0,channel_dropout_30|eeg
embracenet_fasca_kd,51,46,channel_dropout_30,eeg,1.0,channel_dropout_30|eeg
embracenet_fasca_kd,51,3,channel_dropout_30,emg,0.3333333333333333,channel_dropout_30|emg
embracenet_fasca_kd,51,7,channel_dropout_30,emg,1.0,channel_dropout_30|emg
embracenet_fasca_kd,51,14,channel_dropout_30,emg,1.0,channel_dropout_30|emg
embracenet_fasca_kd,51,16,channel_dropout_30,emg,1.0,channel_dropout_30|emg
embracenet_fasca_kd,51,21,channel_dropout_30,emg,1.0,channel_dropout_30|emg
embracenet_fasca_kd,51,25,channel_dropout_30,emg,1.0,channel_dropout_30|emg
embracenet_fasca_kd,51,26,channel_dropout_30,emg,0.2222222222222222,channel_dropout_30|emg
embracenet_fasca_kd,51,27,channel_dropout_30,emg,1.0,channel_dropout_30|emg
embracenet_fasca_kd,51,29,channel_dropout_30,emg,0.2222222222222222,channel_dropout_30|emg
embracenet_fasca_kd,51,38,channel_dropout_30,emg,1.0,channel_dropout_30|emg
embracenet_fasca_kd,51,46,channel_dropout_30,emg,1.0,channel_dropout_30|emg
embracenet_fasca_kd,51,3,channel_dropout_30,imu,0.3333333333333333,channel_dropout_30|imu
embracenet_fasca_kd,51,7,channel_dropout_30,imu,1.0,channel_dropout_30|imu
embracenet_fasca_kd,51,14,channel_dropout_30,imu,0.5555555555555555,channel_dropout_30|imu
embracenet_fasca_kd,51,16,channel_dropout_30,imu,0.5555555555555555,channel_dropout_30|imu
embracenet_fasca_kd,51,21,channel_dropout_30,imu,0.5555555555555555,channel_dropout_30|imu
embracenet_fasca_kd,51,25,channel_dropout_30,imu,1.0,channel_dropout_30|imu
embracenet_fasca_kd,51,26,channel_dropout_30,imu,0.2222222222222222,channel_dropout_30|imu
embracenet_fasca_kd,51,27,channel_dropout_30,imu,0.5555555555555555,channel_dropout_30|imu
embracenet_fasca_kd,51,29,channel_dropout_30,imu,0.2222222222222222,channel_dropout_30|imu
embracenet_fasca_kd,51,38,channel_dropout_30,imu,1.0,channel_dropout_30|imu
embracenet_fasca_kd,51,46,channel_dropout_30,imu,1.0,channel_dropout_30|imu
embracenet_fasca_kd,51,3,channel_dropout_30,fp,0.3333333333333333,channel_dropout_30|fp
embracenet_fasca_kd,51,7,channel_dropout_30,fp,1.0,channel_dropout_30|fp
embracenet_fasca_kd,51,14,channel_dropout_30,fp,1.0,channel_dropout_30|fp
embracenet_fasca_kd,51,16,channel_dropout_30,fp,1.0,channel_dropout_30|fp
embracenet_fasca_kd,51,21,channel_dropout_30,fp,1.0,channel_dropout_30|fp
embracenet_fasca_kd,51,25,channel_dropout_30,fp,1.0,channel_dropout_30|fp
embracenet_fasca_kd,51,26,channel_dropout_30,fp,0.2222222222222222,channel_dropout_30|fp
embracenet_fasca_kd,51,27,channel_dropout_30,fp,1.0,channel_dropout_30|fp
embracenet_fasca_kd,51,29,channel_dropout_30,fp,0.2222222222222222,channel_dropout_30|fp
embracenet_fasca_kd,51,38,channel_dropout_30,fp,1.0,channel_dropout_30|fp
embracenet_fasca_kd,51,46,channel_dropout_30,fp,1.0,channel_dropout_30|fp
embracenet_fasca_kd,51,3,channel_dropout_30,eeg+emg+imu+fp,0.3333333333333333,channel_dropout_30|eeg+emg+imu+fp
embracenet_fasca_kd,51,7,channel_dropout_30,eeg+emg+imu+fp,0.2222222222222222,channel_dropout_30|eeg+emg+imu+fp
embracenet_fasca_kd,51,14,channel_dropout_30,eeg+emg+imu+fp,1.0,channel_dropout_30|eeg+emg+imu+fp
embracenet_fasca_kd,51,16,channel_dropout_30,eeg+emg+imu+fp,0.5555555555555555,channel_dropout_30|eeg+emg+imu+fp
embracenet_fasca_kd,51,21,channel_dropout_30,eeg+emg+imu+fp,1.0,channel_dropout_30|eeg+emg+imu+fp
embracenet_fasca_kd,51,25,channel_dropout_30,eeg+emg+imu+fp,1.0,channel_dropout_30|eeg+emg+imu+fp
embracenet_fasca_kd,51,26,channel_dropout_30,eeg+emg+imu+fp,0.2222222222222222,channel_dropout_30|eeg+emg+imu+fp
embracenet_fasca_kd,51,27,channel_dropout_30,eeg+emg+imu+fp,0.5555555555555555,channel_dropout_30|eeg+emg+imu+fp
embracenet_fasca_kd,51,29,channel_dropout_30,eeg+emg+imu+fp,0.2222222222222222,channel_dropout_30|eeg+emg+imu+fp
embracenet_fasca_kd,51,38,channel_dropout_30,eeg+emg+imu+fp,0.5555555555555555,channel_dropout_30|eeg+emg+imu+fp
embracenet_fasca_kd,51,46,channel_dropout_30,eeg+emg+imu+fp,0.2222222222222222,channel_dropout_30|eeg+emg+imu+fp
embracenet_fasca_kd,51,3,structured_dropout_30,eeg,0.3333333333333333,structured_dropout_30|eeg
embracenet_fasca_kd,51,7,structured_dropout_30,eeg,1.0,structured_dropout_30|eeg
embracenet_fasca_kd,51,14,structured_dropout_30,eeg,1.0,structured_dropout_30|eeg
embracenet_fasca_kd,51,16,structured_dropout_30,eeg,1.0,structured_dropout_30|eeg
embracenet_fasca_kd,51,21,structured_dropout_30,eeg,1.0,structured_dropout_30|eeg
embracenet_fasca_kd,51,25,structured_dropout_30,eeg,1.0,structured_dropout_30|eeg
embracenet_fasca_kd,51,26,structured_dropout_30,eeg,0.2222222222222222,structured_dropout_30|eeg
embracenet_fasca_kd,51,27,structured_dropout_30,eeg,1.0,structured_dropout_30|eeg
embracenet_fasca_kd,51,29,structured_dropout_30,eeg,0.2222222222222222,structured_dropout_30|eeg
embracenet_fasca_kd,51,38,structured_dropout_30,eeg,1.0,structured_dropout_30|eeg
embracenet_fasca_kd,51,46,structured_dropout_30,eeg,1.0,structured_dropout_30|eeg
embracenet_fasca_kd,51,3,structured_dropout_30,emg,0.3333333333333333,structured_dropout_30|emg
embracenet_fasca_kd,51,7,structured_dropout_30,emg,1.0,structured_dropout_30|emg
embracenet_fasca_kd,51,14,structured_dropout_30,emg,1.0,structured_dropout_30|emg
embracenet_fasca_kd,51,16,structured_dropout_30,emg,1.0,structured_dropout_30|emg
embracenet_fasca_kd,51,21,structured_dropout_30,emg,1.0,structured_dropout_30|emg
embracenet_fasca_kd,51,25,structured_dropout_30,emg,1.0,structured_dropout_30|emg
embracenet_fasca_kd,51,26,structured_dropout_30,emg,0.2222222222222222,structured_dropout_30|emg
embracenet_fasca_kd,51,27,structured_dropout_30,emg,1.0,structured_dropout_30|emg
embracenet_fasca_kd,51,29,structured_dropout_30,emg,0.2222222222222222,structured_dropout_30|emg
embracenet_fasca_kd,51,38,structured_dropout_30,emg,1.0,structured_dropout_30|emg
embracenet_fasca_kd,51,46,structured_dropout_30,emg,1.0,structured_dropout_30|emg
embracenet_fasca_kd,51,3,structured_dropout_30,imu,0.3333333333333333,structured_dropout_30|imu
embracenet_fasca_kd,51,7,structured_dropout_30,imu,1.0,structured_dropout_30|imu
embracenet_fasca_kd,51,14,structured_dropout_30,imu,0.2222222222222222,structured_dropout_30|imu
embracenet_fasca_kd,51,16,structured_dropout_30,imu,0.2222222222222222,structured_dropout_30|imu
embracenet_fasca_kd,51,21,structured_dropout_30,imu,0.5555555555555555,structured_dropout_30|imu
embracenet_fasca_kd,51,25,structured_dropout_30,imu,1.0,structured_dropout_30|imu
embracenet_fasca_kd,51,26,structured_dropout_30,imu,0.2222222222222222,structured_dropout_30|imu
embracenet_fasca_kd,51,27,structured_dropout_30,imu,1.0,structured_dropout_30|imu
embracenet_fasca_kd,51,29,structured_dropout_30,imu,0.2222222222222222,structured_dropout_30|imu
embracenet_fasca_kd,51,38,structured_dropout_30,imu,1.0,structured_dropout_30|imu
embracenet_fasca_kd,51,46,structured_dropout_30,imu,1.0,structured_dropout_30|imu
embracenet_fasca_kd,51,3,structured_dropout_30,fp,0.3333333333333333,structured_dropout_30|fp
embracenet_fasca_kd,51,7,structured_dropout_30,fp,1.0,structured_dropout_30|fp
embracenet_fasca_kd,51,14,structured_dropout_30,fp,1.0,structured_dropout_30|fp
embracenet_fasca_kd,51,16,structured_dropout_30,fp,1.0,structured_dropout_30|fp
embracenet_fasca_kd,51,21,structured_dropout_30,fp,1.0,structured_dropout_30|fp
embracenet_fasca_kd,51,25,structured_dropout_30,fp,1.0,structured_dropout_30|fp
embracenet_fasca_kd,51,26,structured_dropout_30,fp,0.2222222222222222,structured_dropout_30|fp
embracenet_fasca_kd,51,27,structured_dropout_30,fp,1.0,structured_dropout_30|fp
embracenet_fasca_kd,51,29,structured_dropout_30,fp,0.5555555555555555,structured_dropout_30|fp
embracenet_fasca_kd,51,38,structured_dropout_30,fp,1.0,structured_dropout_30|fp
embracenet_fasca_kd,51,46,structured_dropout_30,fp,1.0,structured_dropout_30|fp
embracenet_fasca_kd,51,3,structured_dropout_30,eeg+emg+imu+fp,0.3333333333333333,structured_dropout_30|eeg+emg+imu+fp
embracenet_fasca_kd,51,7,structured_dropout_30,eeg+emg+imu+fp,0.5555555555555555,structured_dropout_30|eeg+emg+imu+fp
embracenet_fasca_kd,51,14,structured_dropout_30,eeg+emg+imu+fp,0.5555555555555555,structured_dropout_30|eeg+emg+imu+fp
embracenet_fasca_kd,51,16,structured_dropout_30,eeg+emg+imu+fp,0.2222222222222222,structured_dropout_30|eeg+emg+imu+fp
embracenet_fasca_kd,51,21,structured_dropout_30,eeg+emg+imu+fp,1.0,structured_dropout_30|eeg+emg+imu+fp
embracenet_fasca_kd,51,25,structured_dropout_30,eeg+emg+imu+fp,1.0,structured_dropout_30|eeg+emg+imu+fp
embracenet_fasca_kd,51,26,structured_dropout_30,eeg+emg+imu+fp,0.2222222222222222,structured_dropout_30|eeg+emg+imu+fp
embracenet_fasca_kd,51,27,structured_dropout_30,eeg+emg+imu+fp,0.5555555555555555,structured_dropout_30|eeg+emg+imu+fp
embracenet_fasca_kd,51,29,structured_dropout_30,eeg+emg+imu+fp,0.2222222222222222,structured_dropout_30|eeg+emg+imu+fp
embracenet_fasca_kd,51,38,structured_dropout_30,eeg+emg+imu+fp,0.2222222222222222,structured_dropout_30|eeg+emg+imu+fp
embracenet_fasca_kd,51,46,structured_dropout_30,eeg+emg+imu+fp,0.5555555555555555,structured_dropout_30|eeg+emg+imu+fp
embracenet_fasca_kd,51,3,packet_loss_30,eeg,0.3333333333333333,packet_loss_30|eeg
embracenet_fasca_kd,51,7,packet_loss_30,eeg,1.0,packet_loss_30|eeg
embracenet_fasca_kd,51,14,packet_loss_30,eeg,1.0,packet_loss_30|eeg
embracenet_fasca_kd,51,16,packet_loss_30,eeg,1.0,packet_loss_30|eeg
embracenet_fasca_kd,51,21,packet_loss_30,eeg,1.0,packet_loss_30|eeg
embracenet_fasca_kd,51,25,packet_loss_30,eeg,1.0,packet_loss_30|eeg
embracenet_fasca_kd,51,26,packet_loss_30,eeg,0.2222222222222222,packet_loss_30|eeg
embracenet_fasca_kd,51,27,packet_loss_30,eeg,1.0,packet_loss_30|eeg
embracenet_fasca_kd,51,29,packet_loss_30,eeg,0.2222222222222222,packet_loss_30|eeg
embracenet_fasca_kd,51,38,packet_loss_30,eeg,1.0,packet_loss_30|eeg
embracenet_fasca_kd,51,46,packet_loss_30,eeg,1.0,packet_loss_30|eeg
embracenet_fasca_kd,51,3,packet_loss_30,emg,0.3333333333333333,packet_loss_30|emg
embracenet_fasca_kd,51,7,packet_loss_30,emg,1.0,packet_loss_30|emg
embracenet_fasca_kd,51,14,packet_loss_30,emg,1.0,packet_loss_30|emg
embracenet_fasca_kd,51,16,packet_loss_30,emg,1.0,packet_loss_30|emg
embracenet_fasca_kd,51,21,packet_loss_30,emg,1.0,packet_loss_30|emg
embracenet_fasca_kd,51,25,packet_loss_30,emg,1.0,packet_loss_30|emg
embracenet_fasca_kd,51,26,packet_loss_30,emg,0.2222222222222222,packet_loss_30|emg
embracenet_fasca_kd,51,27,packet_loss_30,emg,1.0,packet_loss_30|emg
embracenet_fasca_kd,51,29,packet_loss_30,emg,0.2222222222222222,packet_loss_30|emg
embracenet_fasca_kd,51,38,packet_loss_30,emg,1.0,packet_loss_30|emg
embracenet_fasca_kd,51,46,packet_loss_30,emg,1.0,packet_loss_30|emg
embracenet_fasca_kd,51,3,packet_loss_30,imu,0.3333333333333333,packet_loss_30|imu
embracenet_fasca_kd,51,7,packet_loss_30,imu,1.0,packet_loss_30|imu
embracenet_fasca_kd,51,14,packet_loss_30,imu,1.0,packet_loss_30|imu
embracenet_fasca_kd,51,16,packet_loss_30,imu,1.0,packet_loss_30|imu
embracenet_fasca_kd,51,21,packet_loss_30,imu,0.5555555555555555,packet_loss_30|imu
embracenet_fasca_kd,51,25,packet_loss_30,imu,1.0,packet_loss_30|imu
embracenet_fasca_kd,51,26,packet_loss_30,imu,0.2222222222222222,packet_loss_30|imu
embracenet_fasca_kd,51,27,packet_loss_30,imu,1.0,packet_loss_30|imu
embracenet_fasca_kd,51,29,packet_loss_30,imu,0.2222222222222222,packet_loss_30|imu
embracenet_fasca_kd,51,38,packet_loss_30,imu,1.0,packet_loss_30|imu
embracenet_fasca_kd,51,46,packet_loss_30,imu,1.0,packet_loss_30|imu
embracenet_fasca_kd,51,3,packet_loss_30,fp,0.3333333333333333,packet_loss_30|fp
embracenet_fasca_kd,51,7,packet_loss_30,fp,1.0,packet_loss_30|fp
embracenet_fasca_kd,51,14,packet_loss_30,fp,1.0,packet_loss_30|fp
embracenet_fasca_kd,51,16,packet_loss_30,fp,1.0,packet_loss_30|fp
embracenet_fasca_kd,51,21,packet_loss_30,fp,1.0,packet_loss_30|fp
embracenet_fasca_kd,51,25,packet_loss_30,fp,1.0,packet_loss_30|fp
embracenet_fasca_kd,51,26,packet_loss_30,fp,0.2222222222222222,packet_loss_30|fp
embracenet_fasca_kd,51,27,packet_loss_30,fp,1.0,packet_loss_30|fp
embracenet_fasca_kd,51,29,packet_loss_30,fp,0.2222222222222222,packet_loss_30|fp
embracenet_fasca_kd,51,38,packet_loss_30,fp,1.0,packet_loss_30|fp
embracenet_fasca_kd,51,46,packet_loss_30,fp,1.0,packet_loss_30|fp
embracenet_fasca_kd,51,3,packet_loss_30,eeg+emg+imu+fp,0.3333333333333333,packet_loss_30|eeg+emg+imu+fp
embracenet_fasca_kd,51,7,packet_loss_30,eeg+emg+imu+fp,1.0,packet_loss_30|eeg+emg+imu+fp
embracenet_fasca_kd,51,14,packet_loss_30,eeg+emg+imu+fp,0.5555555555555555,packet_loss_30|eeg+emg+imu+fp
embracenet_fasca_kd,51,16,packet_loss_30,eeg+emg+imu+fp,0.5555555555555555,packet_loss_30|eeg+emg+imu+fp
embracenet_fasca_kd,51,21,packet_loss_30,eeg+emg+imu+fp,1.0,packet_loss_30|eeg+emg+imu+fp
embracenet_fasca_kd,51,25,packet_loss_30,eeg+emg+imu+fp,1.0,packet_loss_30|eeg+emg+imu+fp
embracenet_fasca_kd,51,26,packet_loss_30,eeg+emg+imu+fp,0.2222222222222222,packet_loss_30|eeg+emg+imu+fp
embracenet_fasca_kd,51,27,packet_loss_30,eeg+emg+imu+fp,1.0,packet_loss_30|eeg+emg+imu+fp
embracenet_fasca_kd,51,29,packet_loss_30,eeg+emg+imu+fp,0.2222222222222222,packet_loss_30|eeg+emg+imu+fp
embracenet_fasca_kd,51,38,packet_loss_30,eeg+emg+imu+fp,1.0,packet_loss_30|eeg+emg+imu+fp
embracenet_fasca_kd,51,46,packet_loss_30,eeg+emg+imu+fp,1.0,packet_loss_30|eeg+emg+imu+fp
embracenet_fasca_kd,51,3,shift_250ms,eeg,0.3333333333333333,shift_250ms|eeg
embracenet_fasca_kd,51,7,shift_250ms,eeg,1.0,shift_250ms|eeg
embracenet_fasca_kd,51,14,shift_250ms,eeg,1.0,shift_250ms|eeg
embracenet_fasca_kd,51,16,shift_250ms,eeg,1.0,shift_250ms|eeg
embracenet_fasca_kd,51,21,shift_250ms,eeg,1.0,shift_250ms|eeg
embracenet_fasca_kd,51,25,shift_250ms,eeg,1.0,shift_250ms|eeg
embracenet_fasca_kd,51,26,shift_250ms,eeg,0.2222222222222222,shift_250ms|eeg
embracenet_fasca_kd,51,27,shift_250ms,eeg,1.0,shift_250ms|eeg
embracenet_fasca_kd,51,29,shift_250ms,eeg,0.2222222222222222,shift_250ms|eeg
embracenet_fasca_kd,51,38,shift_250ms,eeg,1.0,shift_250ms|eeg
embracenet_fasca_kd,51,46,shift_250ms,eeg,1.0,shift_250ms|eeg
embracenet_fasca_kd,51,3,shift_250ms,emg,0.3333333333333333,shift_250ms|emg
embracenet_fasca_kd,51,7,shift_250ms,emg,1.0,shift_250ms|emg
embracenet_fasca_kd,51,14,shift_250ms,emg,1.0,shift_250ms|emg
embracenet_fasca_kd,51,16,shift_250ms,emg,1.0,shift_250ms|emg
embracenet_fasca_kd,51,21,shift_250ms,emg,1.0,shift_250ms|emg
embracenet_fasca_kd,51,25,shift_250ms,emg,1.0,shift_250ms|emg
embracenet_fasca_kd,51,26,shift_250ms,emg,0.2222222222222222,shift_250ms|emg
embracenet_fasca_kd,51,27,shift_250ms,emg,1.0,shift_250ms|emg
embracenet_fasca_kd,51,29,shift_250ms,emg,0.2222222222222222,shift_250ms|emg
embracenet_fasca_kd,51,38,shift_250ms,emg,1.0,shift_250ms|emg
embracenet_fasca_kd,51,46,shift_250ms,emg,1.0,shift_250ms|emg
embracenet_fasca_kd,51,3,shift_250ms,imu,0.3333333333333333,shift_250ms|imu
embracenet_fasca_kd,51,7,shift_250ms,imu,1.0,shift_250ms|imu
embracenet_fasca_kd,51,14,shift_250ms,imu,1.0,shift_250ms|imu
embracenet_fasca_kd,51,16,shift_250ms,imu,1.0,shift_250ms|imu
embracenet_fasca_kd,51,21,shift_250ms,imu,1.0,shift_250ms|imu
embracenet_fasca_kd,51,25,shift_250ms,imu,1.0,shift_250ms|imu
embracenet_fasca_kd,51,26,shift_250ms,imu,0.2222222222222222,shift_250ms|imu
embracenet_fasca_kd,51,27,shift_250ms,imu,1.0,shift_250ms|imu
embracenet_fasca_kd,51,29,shift_250ms,imu,0.2222222222222222,shift_250ms|imu
embracenet_fasca_kd,51,38,shift_250ms,imu,1.0,shift_250ms|imu
embracenet_fasca_kd,51,46,shift_250ms,imu,1.0,shift_250ms|imu
embracenet_fasca_kd,51,3,shift_250ms,fp,0.3333333333333333,shift_250ms|fp
embracenet_fasca_kd,51,7,shift_250ms,fp,1.0,shift_250ms|fp
embracenet_fasca_kd,51,14,shift_250ms,fp,1.0,shift_250ms|fp
embracenet_fasca_kd,51,16,shift_250ms,fp,1.0,shift_250ms|fp
embracenet_fasca_kd,51,21,shift_250ms,fp,1.0,shift_250ms|fp
embracenet_fasca_kd,51,25,shift_250ms,fp,1.0,shift_250ms|fp
embracenet_fasca_kd,51,26,shift_250ms,fp,0.2222222222222222,shift_250ms|fp
embracenet_fasca_kd,51,27,shift_250ms,fp,1.0,shift_250ms|fp
embracenet_fasca_kd,51,29,shift_250ms,fp,0.2222222222222222,shift_250ms|fp
embracenet_fasca_kd,51,38,shift_250ms,fp,1.0,shift_250ms|fp
embracenet_fasca_kd,51,46,shift_250ms,fp,1.0,shift_250ms|fp
embracenet_fasca_kd,51,3,shift_250ms,eeg+emg+imu+fp,0.3333333333333333,shift_250ms|eeg+emg+imu+fp
embracenet_fasca_kd,51,7,shift_250ms,eeg+emg+imu+fp,1.0,shift_250ms|eeg+emg+imu+fp
embracenet_fasca_kd,51,14,shift_250ms,eeg+emg+imu+fp,1.0,shift_250ms|eeg+emg+imu+fp
embracenet_fasca_kd,51,16,shift_250ms,eeg+emg+imu+fp,1.0,shift_250ms|eeg+emg+imu+fp
embracenet_fasca_kd,51,21,shift_250ms,eeg+emg+imu+fp,1.0,shift_250ms|eeg+emg+imu+fp
embracenet_fasca_kd,51,25,shift_250ms,eeg+emg+imu+fp,1.0,shift_250ms|eeg+emg+imu+fp
embracenet_fasca_kd,51,26,shift_250ms,eeg+emg+imu+fp,0.2222222222222222,shift_250ms|eeg+emg+imu+fp
embracenet_fasca_kd,51,27,shift_250ms,eeg+emg+imu+fp,1.0,shift_250ms|eeg+emg+imu+fp
embracenet_fasca_kd,51,29,shift_250ms,eeg+emg+imu+fp,0.2222222222222222,shift_250ms|eeg+emg+imu+fp
embracenet_fasca_kd,51,38,shift_250ms,eeg+emg+imu+fp,1.0,shift_250ms|eeg+emg+imu+fp
embracenet_fasca_kd,51,46,shift_250ms,eeg+emg+imu+fp,1.0,shift_250ms|eeg+emg+imu+fp
embracenet_fasca_kd,51,3,gain_1.5,eeg,0.3333333333333333,gain_1.5|eeg
embracenet_fasca_kd,51,7,gain_1.5,eeg,1.0,gain_1.5|eeg
embracenet_fasca_kd,51,14,gain_1.5,eeg,1.0,gain_1.5|eeg
embracenet_fasca_kd,51,16,gain_1.5,eeg,1.0,gain_1.5|eeg
embracenet_fasca_kd,51,21,gain_1.5,eeg,1.0,gain_1.5|eeg
embracenet_fasca_kd,51,25,gain_1.5,eeg,1.0,gain_1.5|eeg
embracenet_fasca_kd,51,26,gain_1.5,eeg,0.2222222222222222,gain_1.5|eeg
embracenet_fasca_kd,51,27,gain_1.5,eeg,1.0,gain_1.5|eeg
embracenet_fasca_kd,51,29,gain_1.5,eeg,0.2222222222222222,gain_1.5|eeg
embracenet_fasca_kd,51,38,gain_1.5,eeg,1.0,gain_1.5|eeg
embracenet_fasca_kd,51,46,gain_1.5,eeg,1.0,gain_1.5|eeg
embracenet_fasca_kd,51,3,gain_1.5,emg,0.3333333333333333,gain_1.5|emg
embracenet_fasca_kd,51,7,gain_1.5,emg,1.0,gain_1.5|emg
embracenet_fasca_kd,51,14,gain_1.5,emg,1.0,gain_1.5|emg
embracenet_fasca_kd,51,16,gain_1.5,emg,1.0,gain_1.5|emg
embracenet_fasca_kd,51,21,gain_1.5,emg,1.0,gain_1.5|emg
embracenet_fasca_kd,51,25,gain_1.5,emg,1.0,gain_1.5|emg
embracenet_fasca_kd,51,26,gain_1.5,emg,0.2222222222222222,gain_1.5|emg
embracenet_fasca_kd,51,27,gain_1.5,emg,1.0,gain_1.5|emg
embracenet_fasca_kd,51,29,gain_1.5,emg,0.2222222222222222,gain_1.5|emg
embracenet_fasca_kd,51,38,gain_1.5,emg,1.0,gain_1.5|emg
embracenet_fasca_kd,51,46,gain_1.5,emg,1.0,gain_1.5|emg
embracenet_fasca_kd,51,3,gain_1.5,imu,0.3333333333333333,gain_1.5|imu
embracenet_fasca_kd,51,7,gain_1.5,imu,0.5555555555555555,gain_1.5|imu
embracenet_fasca_kd,51,14,gain_1.5,imu,0.5555555555555555,gain_1.5|imu
embracenet_fasca_kd,51,16,gain_1.5,imu,1.0,gain_1.5|imu
embracenet_fasca_kd,51,21,gain_1.5,imu,0.2222222222222222,gain_1.5|imu
embracenet_fasca_kd,51,25,gain_1.5,imu,0.2222222222222222,gain_1.5|imu
embracenet_fasca_kd,51,26,gain_1.5,imu,1.0,gain_1.5|imu
embracenet_fasca_kd,51,27,gain_1.5,imu,0.5555555555555555,gain_1.5|imu
embracenet_fasca_kd,51,29,gain_1.5,imu,1.0,gain_1.5|imu
embracenet_fasca_kd,51,38,gain_1.5,imu,0.5555555555555555,gain_1.5|imu
embracenet_fasca_kd,51,46,gain_1.5,imu,0.5555555555555555,gain_1.5|imu
embracenet_fasca_kd,51,3,gain_1.5,fp,0.3333333333333333,gain_1.5|fp
embracenet_fasca_kd,51,7,gain_1.5,fp,1.0,gain_1.5|fp
embracenet_fasca_kd,51,14,gain_1.5,fp,1.0,gain_1.5|fp
embracenet_fasca_kd,51,16,gain_1.5,fp,1.0,gain_1.5|fp
embracenet_fasca_kd,51,21,gain_1.5,fp,0.5555555555555555,gain_1.5|fp
embracenet_fasca_kd,51,25,gain_1.5,fp,0.5555555555555555,gain_1.5|fp
embracenet_fasca_kd,51,26,gain_1.5,fp,0.2222222222222222,gain_1.5|fp
embracenet_fasca_kd,51,27,gain_1.5,fp,1.0,gain_1.5|fp
embracenet_fasca_kd,51,29,gain_1.5,fp,0.5555555555555555,gain_1.5|fp
embracenet_fasca_kd,51,38,gain_1.5,fp,1.0,gain_1.5|fp
embracenet_fasca_kd,51,46,gain_1.5,fp,1.0,gain_1.5|fp
embracenet_fasca_kd,51,3,gain_1.5,eeg+emg+imu+fp,0.0,gain_1.5|eeg+emg+imu+fp
embracenet_fasca_kd,51,7,gain_1.5,eeg+emg+imu+fp,0.2222222222222222,gain_1.5|eeg+emg+imu+fp
embracenet_fasca_kd,51,14,gain_1.5,eeg+emg+imu+fp,0.2222222222222222,gain_1.5|eeg+emg+imu+fp
embracenet_fasca_kd,51,16,gain_1.5,eeg+emg+imu+fp,0.5555555555555555,gain_1.5|eeg+emg+imu+fp
embracenet_fasca_kd,51,21,gain_1.5,eeg+emg+imu+fp,0.2222222222222222,gain_1.5|eeg+emg+imu+fp
embracenet_fasca_kd,51,25,gain_1.5,eeg+emg+imu+fp,0.2222222222222222,gain_1.5|eeg+emg+imu+fp
embracenet_fasca_kd,51,26,gain_1.5,eeg+emg+imu+fp,1.0,gain_1.5|eeg+emg+imu+fp
embracenet_fasca_kd,51,27,gain_1.5,eeg+emg+imu+fp,0.2222222222222222,gain_1.5|eeg+emg+imu+fp
embracenet_fasca_kd,51,29,gain_1.5,eeg+emg+imu+fp,1.0,gain_1.5|eeg+emg+imu+fp
embracenet_fasca_kd,51,38,gain_1.5,eeg+emg+imu+fp,0.2222222222222222,gain_1.5|eeg+emg+imu+fp
embracenet_fasca_kd,51,46,gain_1.5,eeg+emg+imu+fp,0.5555555555555555,gain_1.5|eeg+emg+imu+fp
embracenet_fasca_kd,52,3,clean,none,0.3333333333333333,clean|none
embracenet_fasca_kd,52,7,clean,none,1.0,clean|none
embracenet_fasca_kd,52,14,clean,none,1.0,clean|none
embracenet_fasca_kd,52,16,clean,none,1.0,clean|none
embracenet_fasca_kd,52,21,clean,none,1.0,clean|none
embracenet_fasca_kd,52,25,clean,none,1.0,clean|none
embracenet_fasca_kd,52,26,clean,none,0.5555555555555555,clean|none
embracenet_fasca_kd,52,27,clean,none,1.0,clean|none
embracenet_fasca_kd,52,29,clean,none,0.5555555555555555,clean|none
embracenet_fasca_kd,52,38,clean,none,1.0,clean|none
embracenet_fasca_kd,52,46,clean,none,1.0,clean|none
embracenet_fasca_kd,52,3,noise_10db,eeg,0.3333333333333333,noise_10db|eeg
embracenet_fasca_kd,52,7,noise_10db,eeg,1.0,noise_10db|eeg
embracenet_fasca_kd,52,14,noise_10db,eeg,1.0,noise_10db|eeg
embracenet_fasca_kd,52,16,noise_10db,eeg,1.0,noise_10db|eeg
embracenet_fasca_kd,52,21,noise_10db,eeg,1.0,noise_10db|eeg
embracenet_fasca_kd,52,25,noise_10db,eeg,1.0,noise_10db|eeg
embracenet_fasca_kd,52,26,noise_10db,eeg,0.5555555555555555,noise_10db|eeg
embracenet_fasca_kd,52,27,noise_10db,eeg,1.0,noise_10db|eeg
embracenet_fasca_kd,52,29,noise_10db,eeg,0.5555555555555555,noise_10db|eeg
embracenet_fasca_kd,52,38,noise_10db,eeg,1.0,noise_10db|eeg
embracenet_fasca_kd,52,46,noise_10db,eeg,1.0,noise_10db|eeg
embracenet_fasca_kd,52,3,noise_10db,emg,0.3333333333333333,noise_10db|emg
embracenet_fasca_kd,52,7,noise_10db,emg,1.0,noise_10db|emg
embracenet_fasca_kd,52,14,noise_10db,emg,1.0,noise_10db|emg
embracenet_fasca_kd,52,16,noise_10db,emg,1.0,noise_10db|emg
embracenet_fasca_kd,52,21,noise_10db,emg,1.0,noise_10db|emg
embracenet_fasca_kd,52,25,noise_10db,emg,0.5555555555555555,noise_10db|emg
embracenet_fasca_kd,52,26,noise_10db,emg,0.5555555555555555,noise_10db|emg
embracenet_fasca_kd,52,27,noise_10db,emg,1.0,noise_10db|emg
embracenet_fasca_kd,52,29,noise_10db,emg,0.5555555555555555,noise_10db|emg
embracenet_fasca_kd,52,38,noise_10db,emg,1.0,noise_10db|emg
embracenet_fasca_kd,52,46,noise_10db,emg,1.0,noise_10db|emg
embracenet_fasca_kd,52,3,noise_10db,imu,0.3333333333333333,noise_10db|imu
embracenet_fasca_kd,52,7,noise_10db,imu,1.0,noise_10db|imu
embracenet_fasca_kd,52,14,noise_10db,imu,1.0,noise_10db|imu
embracenet_fasca_kd,52,16,noise_10db,imu,1.0,noise_10db|imu
embracenet_fasca_kd,52,21,noise_10db,imu,1.0,noise_10db|imu
embracenet_fasca_kd,52,25,noise_10db,imu,0.5555555555555555,noise_10db|imu
embracenet_fasca_kd,52,26,noise_10db,imu,0.5555555555555555,noise_10db|imu
embracenet_fasca_kd,52,27,noise_10db,imu,1.0,noise_10db|imu
embracenet_fasca_kd,52,29,noise_10db,imu,0.5555555555555555,noise_10db|imu
embracenet_fasca_kd,52,38,noise_10db,imu,1.0,noise_10db|imu
embracenet_fasca_kd,52,46,noise_10db,imu,1.0,noise_10db|imu
embracenet_fasca_kd,52,3,noise_10db,fp,0.3333333333333333,noise_10db|fp
embracenet_fasca_kd,52,7,noise_10db,fp,1.0,noise_10db|fp
embracenet_fasca_kd,52,14,noise_10db,fp,1.0,noise_10db|fp
embracenet_fasca_kd,52,16,noise_10db,fp,1.0,noise_10db|fp
embracenet_fasca_kd,52,21,noise_10db,fp,1.0,noise_10db|fp
embracenet_fasca_kd,52,25,noise_10db,fp,0.5555555555555555,noise_10db|fp
embracenet_fasca_kd,52,26,noise_10db,fp,0.5555555555555555,noise_10db|fp
embracenet_fasca_kd,52,27,noise_10db,fp,1.0,noise_10db|fp
embracenet_fasca_kd,52,29,noise_10db,fp,0.5555555555555555,noise_10db|fp
embracenet_fasca_kd,52,38,noise_10db,fp,1.0,noise_10db|fp
embracenet_fasca_kd,52,46,noise_10db,fp,1.0,noise_10db|fp
embracenet_fasca_kd,52,3,noise_10db,eeg+emg+imu+fp,0.3333333333333333,noise_10db|eeg+emg+imu+fp
embracenet_fasca_kd,52,7,noise_10db,eeg+emg+imu+fp,1.0,noise_10db|eeg+emg+imu+fp
embracenet_fasca_kd,52,14,noise_10db,eeg+emg+imu+fp,1.0,noise_10db|eeg+emg+imu+fp
embracenet_fasca_kd,52,16,noise_10db,eeg+emg+imu+fp,1.0,noise_10db|eeg+emg+imu+fp
embracenet_fasca_kd,52,21,noise_10db,eeg+emg+imu+fp,1.0,noise_10db|eeg+emg+imu+fp
embracenet_fasca_kd,52,25,noise_10db,eeg+emg+imu+fp,0.5555555555555555,noise_10db|eeg+emg+imu+fp
embracenet_fasca_kd,52,26,noise_10db,eeg+emg+imu+fp,1.0,noise_10db|eeg+emg+imu+fp
embracenet_fasca_kd,52,27,noise_10db,eeg+emg+imu+fp,1.0,noise_10db|eeg+emg+imu+fp
embracenet_fasca_kd,52,29,noise_10db,eeg+emg+imu+fp,0.5555555555555555,noise_10db|eeg+emg+imu+fp
embracenet_fasca_kd,52,38,noise_10db,eeg+emg+imu+fp,1.0,noise_10db|eeg+emg+imu+fp
embracenet_fasca_kd,52,46,noise_10db,eeg+emg+imu+fp,1.0,noise_10db|eeg+emg+imu+fp
embracenet_fasca_kd,52,3,channel_dropout_30,eeg,0.3333333333333333,channel_dropout_30|eeg
embracenet_fasca_kd,52,7,channel_dropout_30,eeg,1.0,channel_dropout_30|eeg
embracenet_fasca_kd,52,14,channel_dropout_30,eeg,1.0,channel_dropout_30|eeg
embracenet_fasca_kd,52,16,channel_dropout_30,eeg,1.0,channel_dropout_30|eeg
embracenet_fasca_kd,52,21,channel_dropout_30,eeg,1.0,channel_dropout_30|eeg
embracenet_fasca_kd,52,25,channel_dropout_30,eeg,1.0,channel_dropout_30|eeg
embracenet_fasca_kd,52,26,channel_dropout_30,eeg,0.5555555555555555,channel_dropout_30|eeg
embracenet_fasca_kd,52,27,channel_dropout_30,eeg,1.0,channel_dropout_30|eeg
embracenet_fasca_kd,52,29,channel_dropout_30,eeg,0.5555555555555555,channel_dropout_30|eeg
embracenet_fasca_kd,52,38,channel_dropout_30,eeg,1.0,channel_dropout_30|eeg
embracenet_fasca_kd,52,46,channel_dropout_30,eeg,1.0,channel_dropout_30|eeg
embracenet_fasca_kd,52,3,channel_dropout_30,emg,0.3333333333333333,channel_dropout_30|emg
embracenet_fasca_kd,52,7,channel_dropout_30,emg,1.0,channel_dropout_30|emg
embracenet_fasca_kd,52,14,channel_dropout_30,emg,1.0,channel_dropout_30|emg
embracenet_fasca_kd,52,16,channel_dropout_30,emg,1.0,channel_dropout_30|emg
embracenet_fasca_kd,52,21,channel_dropout_30,emg,1.0,channel_dropout_30|emg
embracenet_fasca_kd,52,25,channel_dropout_30,emg,1.0,channel_dropout_30|emg
embracenet_fasca_kd,52,26,channel_dropout_30,emg,0.5555555555555555,channel_dropout_30|emg
embracenet_fasca_kd,52,27,channel_dropout_30,emg,1.0,channel_dropout_30|emg
embracenet_fasca_kd,52,29,channel_dropout_30,emg,0.5555555555555555,channel_dropout_30|emg
embracenet_fasca_kd,52,38,channel_dropout_30,emg,1.0,channel_dropout_30|emg
embracenet_fasca_kd,52,46,channel_dropout_30,emg,1.0,channel_dropout_30|emg
embracenet_fasca_kd,52,3,channel_dropout_30,imu,0.3333333333333333,channel_dropout_30|imu
embracenet_fasca_kd,52,7,channel_dropout_30,imu,0.5555555555555555,channel_dropout_30|imu
embracenet_fasca_kd,52,14,channel_dropout_30,imu,1.0,channel_dropout_30|imu
embracenet_fasca_kd,52,16,channel_dropout_30,imu,0.5555555555555555,channel_dropout_30|imu
embracenet_fasca_kd,52,21,channel_dropout_30,imu,0.5555555555555555,channel_dropout_30|imu
embracenet_fasca_kd,52,25,channel_dropout_30,imu,1.0,channel_dropout_30|imu
embracenet_fasca_kd,52,26,channel_dropout_30,imu,0.16666666666666666,channel_dropout_30|imu
embracenet_fasca_kd,52,27,channel_dropout_30,imu,1.0,channel_dropout_30|imu
embracenet_fasca_kd,52,29,channel_dropout_30,imu,0.2222222222222222,channel_dropout_30|imu
embracenet_fasca_kd,52,38,channel_dropout_30,imu,1.0,channel_dropout_30|imu
embracenet_fasca_kd,52,46,channel_dropout_30,imu,1.0,channel_dropout_30|imu
embracenet_fasca_kd,52,3,channel_dropout_30,fp,0.3333333333333333,channel_dropout_30|fp
embracenet_fasca_kd,52,7,channel_dropout_30,fp,1.0,channel_dropout_30|fp
embracenet_fasca_kd,52,14,channel_dropout_30,fp,1.0,channel_dropout_30|fp
embracenet_fasca_kd,52,16,channel_dropout_30,fp,1.0,channel_dropout_30|fp
embracenet_fasca_kd,52,21,channel_dropout_30,fp,1.0,channel_dropout_30|fp
embracenet_fasca_kd,52,25,channel_dropout_30,fp,1.0,channel_dropout_30|fp
embracenet_fasca_kd,52,26,channel_dropout_30,fp,0.5555555555555555,channel_dropout_30|fp
embracenet_fasca_kd,52,27,channel_dropout_30,fp,1.0,channel_dropout_30|fp
embracenet_fasca_kd,52,29,channel_dropout_30,fp,0.2222222222222222,channel_dropout_30|fp
embracenet_fasca_kd,52,38,channel_dropout_30,fp,1.0,channel_dropout_30|fp
embracenet_fasca_kd,52,46,channel_dropout_30,fp,1.0,channel_dropout_30|fp
embracenet_fasca_kd,52,3,channel_dropout_30,eeg+emg+imu+fp,0.3333333333333333,channel_dropout_30|eeg+emg+imu+fp
embracenet_fasca_kd,52,7,channel_dropout_30,eeg+emg+imu+fp,0.2222222222222222,channel_dropout_30|eeg+emg+imu+fp
embracenet_fasca_kd,52,14,channel_dropout_30,eeg+emg+imu+fp,1.0,channel_dropout_30|eeg+emg+imu+fp
embracenet_fasca_kd,52,16,channel_dropout_30,eeg+emg+imu+fp,0.5555555555555555,channel_dropout_30|eeg+emg+imu+fp
embracenet_fasca_kd,52,21,channel_dropout_30,eeg+emg+imu+fp,1.0,channel_dropout_30|eeg+emg+imu+fp
embracenet_fasca_kd,52,25,channel_dropout_30,eeg+emg+imu+fp,0.5555555555555555,channel_dropout_30|eeg+emg+imu+fp
embracenet_fasca_kd,52,26,channel_dropout_30,eeg+emg+imu+fp,0.5555555555555555,channel_dropout_30|eeg+emg+imu+fp
embracenet_fasca_kd,52,27,channel_dropout_30,eeg+emg+imu+fp,1.0,channel_dropout_30|eeg+emg+imu+fp
embracenet_fasca_kd,52,29,channel_dropout_30,eeg+emg+imu+fp,0.2222222222222222,channel_dropout_30|eeg+emg+imu+fp
embracenet_fasca_kd,52,38,channel_dropout_30,eeg+emg+imu+fp,0.5555555555555555,channel_dropout_30|eeg+emg+imu+fp
embracenet_fasca_kd,52,46,channel_dropout_30,eeg+emg+imu+fp,0.5555555555555555,channel_dropout_30|eeg+emg+imu+fp
embracenet_fasca_kd,52,3,structured_dropout_30,eeg,0.3333333333333333,structured_dropout_30|eeg
embracenet_fasca_kd,52,7,structured_dropout_30,eeg,1.0,structured_dropout_30|eeg
embracenet_fasca_kd,52,14,structured_dropout_30,eeg,1.0,structured_dropout_30|eeg
embracenet_fasca_kd,52,16,structured_dropout_30,eeg,1.0,structured_dropout_30|eeg
embracenet_fasca_kd,52,21,structured_dropout_30,eeg,1.0,structured_dropout_30|eeg
embracenet_fasca_kd,52,25,structured_dropout_30,eeg,1.0,structured_dropout_30|eeg
embracenet_fasca_kd,52,26,structured_dropout_30,eeg,0.5555555555555555,structured_dropout_30|eeg
embracenet_fasca_kd,52,27,structured_dropout_30,eeg,1.0,structured_dropout_30|eeg
embracenet_fasca_kd,52,29,structured_dropout_30,eeg,0.5555555555555555,structured_dropout_30|eeg
embracenet_fasca_kd,52,38,structured_dropout_30,eeg,1.0,structured_dropout_30|eeg
embracenet_fasca_kd,52,46,structured_dropout_30,eeg,1.0,structured_dropout_30|eeg
embracenet_fasca_kd,52,3,structured_dropout_30,emg,0.3333333333333333,structured_dropout_30|emg
embracenet_fasca_kd,52,7,structured_dropout_30,emg,1.0,structured_dropout_30|emg
embracenet_fasca_kd,52,14,structured_dropout_30,emg,1.0,structured_dropout_30|emg
embracenet_fasca_kd,52,16,structured_dropout_30,emg,1.0,structured_dropout_30|emg
embracenet_fasca_kd,52,21,structured_dropout_30,emg,1.0,structured_dropout_30|emg
embracenet_fasca_kd,52,25,structured_dropout_30,emg,1.0,structured_dropout_30|emg
embracenet_fasca_kd,52,26,structured_dropout_30,emg,0.5555555555555555,structured_dropout_30|emg
embracenet_fasca_kd,52,27,structured_dropout_30,emg,1.0,structured_dropout_30|emg
embracenet_fasca_kd,52,29,structured_dropout_30,emg,0.2222222222222222,structured_dropout_30|emg
embracenet_fasca_kd,52,38,structured_dropout_30,emg,1.0,structured_dropout_30|emg
embracenet_fasca_kd,52,46,structured_dropout_30,emg,1.0,structured_dropout_30|emg
embracenet_fasca_kd,52,3,structured_dropout_30,imu,0.3333333333333333,structured_dropout_30|imu
embracenet_fasca_kd,52,7,structured_dropout_30,imu,0.5555555555555555,structured_dropout_30|imu
embracenet_fasca_kd,52,14,structured_dropout_30,imu,1.0,structured_dropout_30|imu
embracenet_fasca_kd,52,16,structured_dropout_30,imu,0.2222222222222222,structured_dropout_30|imu
embracenet_fasca_kd,52,21,structured_dropout_30,imu,0.5555555555555555,structured_dropout_30|imu
embracenet_fasca_kd,52,25,structured_dropout_30,imu,1.0,structured_dropout_30|imu
embracenet_fasca_kd,52,26,structured_dropout_30,imu,0.5555555555555555,structured_dropout_30|imu
embracenet_fasca_kd,52,27,structured_dropout_30,imu,1.0,structured_dropout_30|imu
embracenet_fasca_kd,52,29,structured_dropout_30,imu,0.2222222222222222,structured_dropout_30|imu
embracenet_fasca_kd,52,38,structured_dropout_30,imu,1.0,structured_dropout_30|imu
embracenet_fasca_kd,52,46,structured_dropout_30,imu,1.0,structured_dropout_30|imu
embracenet_fasca_kd,52,3,structured_dropout_30,fp,0.3333333333333333,structured_dropout_30|fp
embracenet_fasca_kd,52,7,structured_dropout_30,fp,1.0,structured_dropout_30|fp
embracenet_fasca_kd,52,14,structured_dropout_30,fp,1.0,structured_dropout_30|fp
embracenet_fasca_kd,52,16,structured_dropout_30,fp,1.0,structured_dropout_30|fp
embracenet_fasca_kd,52,21,structured_dropout_30,fp,1.0,structured_dropout_30|fp
embracenet_fasca_kd,52,25,structured_dropout_30,fp,1.0,structured_dropout_30|fp
embracenet_fasca_kd,52,26,structured_dropout_30,fp,0.5555555555555555,structured_dropout_30|fp
embracenet_fasca_kd,52,27,structured_dropout_30,fp,1.0,structured_dropout_30|fp
embracenet_fasca_kd,52,29,structured_dropout_30,fp,0.2222222222222222,structured_dropout_30|fp
embracenet_fasca_kd,52,38,structured_dropout_30,fp,1.0,structured_dropout_30|fp
embracenet_fasca_kd,52,46,structured_dropout_30,fp,1.0,structured_dropout_30|fp
embracenet_fasca_kd,52,3,structured_dropout_30,eeg+emg+imu+fp,0.3333333333333333,structured_dropout_30|eeg+emg+imu+fp
embracenet_fasca_kd,52,7,structured_dropout_30,eeg+emg+imu+fp,0.2222222222222222,structured_dropout_30|eeg+emg+imu+fp
embracenet_fasca_kd,52,14,structured_dropout_30,eeg+emg+imu+fp,0.2222222222222222,structured_dropout_30|eeg+emg+imu+fp
embracenet_fasca_kd,52,16,structured_dropout_30,eeg+emg+imu+fp,0.2222222222222222,structured_dropout_30|eeg+emg+imu+fp
embracenet_fasca_kd,52,21,structured_dropout_30,eeg+emg+imu+fp,1.0,structured_dropout_30|eeg+emg+imu+fp
embracenet_fasca_kd,52,25,structured_dropout_30,eeg+emg+imu+fp,1.0,structured_dropout_30|eeg+emg+imu+fp
embracenet_fasca_kd,52,26,structured_dropout_30,eeg+emg+imu+fp,0.2222222222222222,structured_dropout_30|eeg+emg+imu+fp
embracenet_fasca_kd,52,27,structured_dropout_30,eeg+emg+imu+fp,1.0,structured_dropout_30|eeg+emg+imu+fp
embracenet_fasca_kd,52,29,structured_dropout_30,eeg+emg+imu+fp,0.2222222222222222,structured_dropout_30|eeg+emg+imu+fp
embracenet_fasca_kd,52,38,structured_dropout_30,eeg+emg+imu+fp,0.2222222222222222,structured_dropout_30|eeg+emg+imu+fp
embracenet_fasca_kd,52,46,structured_dropout_30,eeg+emg+imu+fp,0.5555555555555555,structured_dropout_30|eeg+emg+imu+fp
embracenet_fasca_kd,52,3,packet_loss_30,eeg,0.3333333333333333,packet_loss_30|eeg
embracenet_fasca_kd,52,7,packet_loss_30,eeg,1.0,packet_loss_30|eeg
embracenet_fasca_kd,52,14,packet_loss_30,eeg,1.0,packet_loss_30|eeg
embracenet_fasca_kd,52,16,packet_loss_30,eeg,1.0,packet_loss_30|eeg
embracenet_fasca_kd,52,21,packet_loss_30,eeg,1.0,packet_loss_30|eeg
embracenet_fasca_kd,52,25,packet_loss_30,eeg,1.0,packet_loss_30|eeg
embracenet_fasca_kd,52,26,packet_loss_30,eeg,0.5555555555555555,packet_loss_30|eeg
embracenet_fasca_kd,52,27,packet_loss_30,eeg,1.0,packet_loss_30|eeg
embracenet_fasca_kd,52,29,packet_loss_30,eeg,0.5555555555555555,packet_loss_30|eeg
embracenet_fasca_kd,52,38,packet_loss_30,eeg,1.0,packet_loss_30|eeg
embracenet_fasca_kd,52,46,packet_loss_30,eeg,1.0,packet_loss_30|eeg
embracenet_fasca_kd,52,3,packet_loss_30,emg,0.3333333333333333,packet_loss_30|emg
embracenet_fasca_kd,52,7,packet_loss_30,emg,1.0,packet_loss_30|emg
embracenet_fasca_kd,52,14,packet_loss_30,emg,1.0,packet_loss_30|emg
embracenet_fasca_kd,52,16,packet_loss_30,emg,1.0,packet_loss_30|emg
embracenet_fasca_kd,52,21,packet_loss_30,emg,1.0,packet_loss_30|emg
embracenet_fasca_kd,52,25,packet_loss_30,emg,1.0,packet_loss_30|emg
embracenet_fasca_kd,52,26,packet_loss_30,emg,0.5555555555555555,packet_loss_30|emg
embracenet_fasca_kd,52,27,packet_loss_30,emg,1.0,packet_loss_30|emg
embracenet_fasca_kd,52,29,packet_loss_30,emg,0.5555555555555555,packet_loss_30|emg
embracenet_fasca_kd,52,38,packet_loss_30,emg,1.0,packet_loss_30|emg
embracenet_fasca_kd,52,46,packet_loss_30,emg,1.0,packet_loss_30|emg
embracenet_fasca_kd,52,3,packet_loss_30,imu,0.3333333333333333,packet_loss_30|imu
embracenet_fasca_kd,52,7,packet_loss_30,imu,1.0,packet_loss_30|imu
embracenet_fasca_kd,52,14,packet_loss_30,imu,1.0,packet_loss_30|imu
embracenet_fasca_kd,52,16,packet_loss_30,imu,1.0,packet_loss_30|imu
embracenet_fasca_kd,52,21,packet_loss_30,imu,0.5555555555555555,packet_loss_30|imu
embracenet_fasca_kd,52,25,packet_loss_30,imu,1.0,packet_loss_30|imu
embracenet_fasca_kd,52,26,packet_loss_30,imu,0.5555555555555555,packet_loss_30|imu
embracenet_fasca_kd,52,27,packet_loss_30,imu,1.0,packet_loss_30|imu
embracenet_fasca_kd,52,29,packet_loss_30,imu,0.2222222222222222,packet_loss_30|imu
embracenet_fasca_kd,52,38,packet_loss_30,imu,1.0,packet_loss_30|imu
embracenet_fasca_kd,52,46,packet_loss_30,imu,1.0,packet_loss_30|imu
embracenet_fasca_kd,52,3,packet_loss_30,fp,0.3333333333333333,packet_loss_30|fp
embracenet_fasca_kd,52,7,packet_loss_30,fp,1.0,packet_loss_30|fp
embracenet_fasca_kd,52,14,packet_loss_30,fp,1.0,packet_loss_30|fp
embracenet_fasca_kd,52,16,packet_loss_30,fp,1.0,packet_loss_30|fp
embracenet_fasca_kd,52,21,packet_loss_30,fp,1.0,packet_loss_30|fp
embracenet_fasca_kd,52,25,packet_loss_30,fp,1.0,packet_loss_30|fp
embracenet_fasca_kd,52,26,packet_loss_30,fp,0.5555555555555555,packet_loss_30|fp
embracenet_fasca_kd,52,27,packet_loss_30,fp,1.0,packet_loss_30|fp
embracenet_fasca_kd,52,29,packet_loss_30,fp,0.5555555555555555,packet_loss_30|fp
embracenet_fasca_kd,52,38,packet_loss_30,fp,1.0,packet_loss_30|fp
embracenet_fasca_kd,52,46,packet_loss_30,fp,1.0,packet_loss_30|fp
embracenet_fasca_kd,52,3,packet_loss_30,eeg+emg+imu+fp,0.3333333333333333,packet_loss_30|eeg+emg+imu+fp
embracenet_fasca_kd,52,7,packet_loss_30,eeg+emg+imu+fp,1.0,packet_loss_30|eeg+emg+imu+fp
embracenet_fasca_kd,52,14,packet_loss_30,eeg+emg+imu+fp,1.0,packet_loss_30|eeg+emg+imu+fp
embracenet_fasca_kd,52,16,packet_loss_30,eeg+emg+imu+fp,0.5555555555555555,packet_loss_30|eeg+emg+imu+fp
embracenet_fasca_kd,52,21,packet_loss_30,eeg+emg+imu+fp,1.0,packet_loss_30|eeg+emg+imu+fp
embracenet_fasca_kd,52,25,packet_loss_30,eeg+emg+imu+fp,1.0,packet_loss_30|eeg+emg+imu+fp
embracenet_fasca_kd,52,26,packet_loss_30,eeg+emg+imu+fp,0.5555555555555555,packet_loss_30|eeg+emg+imu+fp
embracenet_fasca_kd,52,27,packet_loss_30,eeg+emg+imu+fp,1.0,packet_loss_30|eeg+emg+imu+fp
embracenet_fasca_kd,52,29,packet_loss_30,eeg+emg+imu+fp,0.2222222222222222,packet_loss_30|eeg+emg+imu+fp
embracenet_fasca_kd,52,38,packet_loss_30,eeg+emg+imu+fp,1.0,packet_loss_30|eeg+emg+imu+fp
embracenet_fasca_kd,52,46,packet_loss_30,eeg+emg+imu+fp,1.0,packet_loss_30|eeg+emg+imu+fp
embracenet_fasca_kd,52,3,shift_250ms,eeg,0.3333333333333333,shift_250ms|eeg
embracenet_fasca_kd,52,7,shift_250ms,eeg,1.0,shift_250ms|eeg
embracenet_fasca_kd,52,14,shift_250ms,eeg,1.0,shift_250ms|eeg
embracenet_fasca_kd,52,16,shift_250ms,eeg,1.0,shift_250ms|eeg
embracenet_fasca_kd,52,21,shift_250ms,eeg,1.0,shift_250ms|eeg
embracenet_fasca_kd,52,25,shift_250ms,eeg,1.0,shift_250ms|eeg
embracenet_fasca_kd,52,26,shift_250ms,eeg,0.5555555555555555,shift_250ms|eeg
embracenet_fasca_kd,52,27,shift_250ms,eeg,1.0,shift_250ms|eeg
embracenet_fasca_kd,52,29,shift_250ms,eeg,0.5555555555555555,shift_250ms|eeg
embracenet_fasca_kd,52,38,shift_250ms,eeg,1.0,shift_250ms|eeg
embracenet_fasca_kd,52,46,shift_250ms,eeg,1.0,shift_250ms|eeg
embracenet_fasca_kd,52,3,shift_250ms,emg,0.3333333333333333,shift_250ms|emg
embracenet_fasca_kd,52,7,shift_250ms,emg,1.0,shift_250ms|emg
embracenet_fasca_kd,52,14,shift_250ms,emg,1.0,shift_250ms|emg
embracenet_fasca_kd,52,16,shift_250ms,emg,1.0,shift_250ms|emg
embracenet_fasca_kd,52,21,shift_250ms,emg,1.0,shift_250ms|emg
embracenet_fasca_kd,52,25,shift_250ms,emg,1.0,shift_250ms|emg
embracenet_fasca_kd,52,26,shift_250ms,emg,0.5555555555555555,shift_250ms|emg
embracenet_fasca_kd,52,27,shift_250ms,emg,1.0,shift_250ms|emg
embracenet_fasca_kd,52,29,shift_250ms,emg,0.5555555555555555,shift_250ms|emg
embracenet_fasca_kd,52,38,shift_250ms,emg,1.0,shift_250ms|emg
embracenet_fasca_kd,52,46,shift_250ms,emg,1.0,shift_250ms|emg
embracenet_fasca_kd,52,3,shift_250ms,imu,0.3333333333333333,shift_250ms|imu
embracenet_fasca_kd,52,7,shift_250ms,imu,1.0,shift_250ms|imu
embracenet_fasca_kd,52,14,shift_250ms,imu,1.0,shift_250ms|imu
embracenet_fasca_kd,52,16,shift_250ms,imu,1.0,shift_250ms|imu
embracenet_fasca_kd,52,21,shift_250ms,imu,1.0,shift_250ms|imu
embracenet_fasca_kd,52,25,shift_250ms,imu,1.0,shift_250ms|imu
embracenet_fasca_kd,52,26,shift_250ms,imu,0.5555555555555555,shift_250ms|imu
embracenet_fasca_kd,52,27,shift_250ms,imu,1.0,shift_250ms|imu
embracenet_fasca_kd,52,29,shift_250ms,imu,0.2222222222222222,shift_250ms|imu
embracenet_fasca_kd,52,38,shift_250ms,imu,1.0,shift_250ms|imu
embracenet_fasca_kd,52,46,shift_250ms,imu,1.0,shift_250ms|imu
embracenet_fasca_kd,52,3,shift_250ms,fp,0.3333333333333333,shift_250ms|fp
embracenet_fasca_kd,52,7,shift_250ms,fp,1.0,shift_250ms|fp
embracenet_fasca_kd,52,14,shift_250ms,fp,1.0,shift_250ms|fp
embracenet_fasca_kd,52,16,shift_250ms,fp,1.0,shift_250ms|fp
embracenet_fasca_kd,52,21,shift_250ms,fp,1.0,shift_250ms|fp
embracenet_fasca_kd,52,25,shift_250ms,fp,1.0,shift_250ms|fp
embracenet_fasca_kd,52,26,shift_250ms,fp,0.5555555555555555,shift_250ms|fp
embracenet_fasca_kd,52,27,shift_250ms,fp,1.0,shift_250ms|fp
embracenet_fasca_kd,52,29,shift_250ms,fp,0.5555555555555555,shift_250ms|fp
embracenet_fasca_kd,52,38,shift_250ms,fp,1.0,shift_250ms|fp
embracenet_fasca_kd,52,46,shift_250ms,fp,1.0,shift_250ms|fp
embracenet_fasca_kd,52,3,shift_250ms,eeg+emg+imu+fp,0.3333333333333333,shift_250ms|eeg+emg+imu+fp
embracenet_fasca_kd,52,7,shift_250ms,eeg+emg+imu+fp,1.0,shift_250ms|eeg+emg+imu+fp
embracenet_fasca_kd,52,14,shift_250ms,eeg+emg+imu+fp,1.0,shift_250ms|eeg+emg+imu+fp
embracenet_fasca_kd,52,16,shift_250ms,eeg+emg+imu+fp,1.0,shift_250ms|eeg+emg+imu+fp
embracenet_fasca_kd,52,21,shift_250ms,eeg+emg+imu+fp,1.0,shift_250ms|eeg+emg+imu+fp
embracenet_fasca_kd,52,25,shift_250ms,eeg+emg+imu+fp,1.0,shift_250ms|eeg+emg+imu+fp
embracenet_fasca_kd,52,26,shift_250ms,eeg+emg+imu+fp,0.5555555555555555,shift_250ms|eeg+emg+imu+fp
embracenet_fasca_kd,52,27,shift_250ms,eeg+emg+imu+fp,1.0,shift_250ms|eeg+emg+imu+fp
embracenet_fasca_kd,52,29,shift_250ms,eeg+emg+imu+fp,0.2222222222222222,shift_250ms|eeg+emg+imu+fp
embracenet_fasca_kd,52,38,shift_250ms,eeg+emg+imu+fp,1.0,shift_250ms|eeg+emg+imu+fp
embracenet_fasca_kd,52,46,shift_250ms,eeg+emg+imu+fp,1.0,shift_250ms|eeg+emg+imu+fp
embracenet_fasca_kd,52,3,gain_1.5,eeg,0.3333333333333333,gain_1.5|eeg
embracenet_fasca_kd,52,7,gain_1.5,eeg,1.0,gain_1.5|eeg
embracenet_fasca_kd,52,14,gain_1.5,eeg,1.0,gain_1.5|eeg
embracenet_fasca_kd,52,16,gain_1.5,eeg,1.0,gain_1.5|eeg
embracenet_fasca_kd,52,21,gain_1.5,eeg,1.0,gain_1.5|eeg
embracenet_fasca_kd,52,25,gain_1.5,eeg,1.0,gain_1.5|eeg
embracenet_fasca_kd,52,26,gain_1.5,eeg,0.5555555555555555,gain_1.5|eeg
embracenet_fasca_kd,52,27,gain_1.5,eeg,1.0,gain_1.5|eeg
embracenet_fasca_kd,52,29,gain_1.5,eeg,0.5555555555555555,gain_1.5|eeg
embracenet_fasca_kd,52,38,gain_1.5,eeg,1.0,gain_1.5|eeg
embracenet_fasca_kd,52,46,gain_1.5,eeg,1.0,gain_1.5|eeg
embracenet_fasca_kd,52,3,gain_1.5,emg,0.3333333333333333,gain_1.5|emg
embracenet_fasca_kd,52,7,gain_1.5,emg,1.0,gain_1.5|emg
embracenet_fasca_kd,52,14,gain_1.5,emg,1.0,gain_1.5|emg
embracenet_fasca_kd,52,16,gain_1.5,emg,1.0,gain_1.5|emg
embracenet_fasca_kd,52,21,gain_1.5,emg,1.0,gain_1.5|emg
embracenet_fasca_kd,52,25,gain_1.5,emg,1.0,gain_1.5|emg
embracenet_fasca_kd,52,26,gain_1.5,emg,0.5555555555555555,gain_1.5|emg
embracenet_fasca_kd,52,27,gain_1.5,emg,1.0,gain_1.5|emg
embracenet_fasca_kd,52,29,gain_1.5,emg,0.5555555555555555,gain_1.5|emg
embracenet_fasca_kd,52,38,gain_1.5,emg,1.0,gain_1.5|emg
embracenet_fasca_kd,52,46,gain_1.5,emg,1.0,gain_1.5|emg
embracenet_fasca_kd,52,3,gain_1.5,imu,0.3333333333333333,gain_1.5|imu
embracenet_fasca_kd,52,7,gain_1.5,imu,0.5555555555555555,gain_1.5|imu
embracenet_fasca_kd,52,14,gain_1.5,imu,1.0,gain_1.5|imu
embracenet_fasca_kd,52,16,gain_1.5,imu,1.0,gain_1.5|imu
embracenet_fasca_kd,52,21,gain_1.5,imu,0.2222222222222222,gain_1.5|imu
embracenet_fasca_kd,52,25,gain_1.5,imu,0.2222222222222222,gain_1.5|imu
embracenet_fasca_kd,52,26,gain_1.5,imu,1.0,gain_1.5|imu
embracenet_fasca_kd,52,27,gain_1.5,imu,1.0,gain_1.5|imu
embracenet_fasca_kd,52,29,gain_1.5,imu,1.0,gain_1.5|imu
embracenet_fasca_kd,52,38,gain_1.5,imu,1.0,gain_1.5|imu
embracenet_fasca_kd,52,46,gain_1.5,imu,1.0,gain_1.5|imu
embracenet_fasca_kd,52,3,gain_1.5,fp,0.3333333333333333,gain_1.5|fp
embracenet_fasca_kd,52,7,gain_1.5,fp,1.0,gain_1.5|fp
embracenet_fasca_kd,52,14,gain_1.5,fp,1.0,gain_1.5|fp
embracenet_fasca_kd,52,16,gain_1.5,fp,1.0,gain_1.5|fp
embracenet_fasca_kd,52,21,gain_1.5,fp,0.5555555555555555,gain_1.5|fp
embracenet_fasca_kd,52,25,gain_1.5,fp,1.0,gain_1.5|fp
embracenet_fasca_kd,52,26,gain_1.5,fp,0.5555555555555555,gain_1.5|fp
embracenet_fasca_kd,52,27,gain_1.5,fp,1.0,gain_1.5|fp
embracenet_fasca_kd,52,29,gain_1.5,fp,0.5555555555555555,gain_1.5|fp
embracenet_fasca_kd,52,38,gain_1.5,fp,1.0,gain_1.5|fp
embracenet_fasca_kd,52,46,gain_1.5,fp,1.0,gain_1.5|fp
embracenet_fasca_kd,52,3,gain_1.5,eeg+emg+imu+fp,0.0,gain_1.5|eeg+emg+imu+fp
embracenet_fasca_kd,52,7,gain_1.5,eeg+emg+imu+fp,0.2222222222222222,gain_1.5|eeg+emg+imu+fp
embracenet_fasca_kd,52,14,gain_1.5,eeg+emg+imu+fp,0.2222222222222222,gain_1.5|eeg+emg+imu+fp
embracenet_fasca_kd,52,16,gain_1.5,eeg+emg+imu+fp,1.0,gain_1.5|eeg+emg+imu+fp
embracenet_fasca_kd,52,21,gain_1.5,eeg+emg+imu+fp,0.2222222222222222,gain_1.5|eeg+emg+imu+fp
embracenet_fasca_kd,52,25,gain_1.5,eeg+emg+imu+fp,0.2222222222222222,gain_1.5|eeg+emg+imu+fp
embracenet_fasca_kd,52,26,gain_1.5,eeg+emg+imu+fp,0.5555555555555555,gain_1.5|eeg+emg+imu+fp
embracenet_fasca_kd,52,27,gain_1.5,eeg+emg+imu+fp,0.2222222222222222,gain_1.5|eeg+emg+imu+fp
embracenet_fasca_kd,52,29,gain_1.5,eeg+emg+imu+fp,1.0,gain_1.5|eeg+emg+imu+fp
embracenet_fasca_kd,52,38,gain_1.5,eeg+emg+imu+fp,0.2222222222222222,gain_1.5|eeg+emg+imu+fp
embracenet_fasca_kd,52,46,gain_1.5,eeg+emg+imu+fp,0.5555555555555555,gain_1.5|eeg+emg+imu+fp
embracenet_fasca_kd,53,3,clean,none,0.3333333333333333,clean|none
embracenet_fasca_kd,53,7,clean,none,1.0,clean|none
embracenet_fasca_kd,53,14,clean,none,1.0,clean|none
embracenet_fasca_kd,53,16,clean,none,1.0,clean|none
embracenet_fasca_kd,53,21,clean,none,0.5555555555555555,clean|none
embracenet_fasca_kd,53,25,clean,none,0.5555555555555555,clean|none
embracenet_fasca_kd,53,26,clean,none,0.2222222222222222,clean|none
embracenet_fasca_kd,53,27,clean,none,1.0,clean|none
embracenet_fasca_kd,53,29,clean,none,1.0,clean|none
embracenet_fasca_kd,53,38,clean,none,1.0,clean|none
embracenet_fasca_kd,53,46,clean,none,1.0,clean|none
embracenet_fasca_kd,53,3,noise_10db,eeg,0.3333333333333333,noise_10db|eeg
embracenet_fasca_kd,53,7,noise_10db,eeg,1.0,noise_10db|eeg
embracenet_fasca_kd,53,14,noise_10db,eeg,1.0,noise_10db|eeg
embracenet_fasca_kd,53,16,noise_10db,eeg,1.0,noise_10db|eeg
embracenet_fasca_kd,53,21,noise_10db,eeg,0.5555555555555555,noise_10db|eeg
embracenet_fasca_kd,53,25,noise_10db,eeg,0.5555555555555555,noise_10db|eeg
embracenet_fasca_kd,53,26,noise_10db,eeg,0.2222222222222222,noise_10db|eeg
embracenet_fasca_kd,53,27,noise_10db,eeg,1.0,noise_10db|eeg
embracenet_fasca_kd,53,29,noise_10db,eeg,1.0,noise_10db|eeg
embracenet_fasca_kd,53,38,noise_10db,eeg,1.0,noise_10db|eeg
embracenet_fasca_kd,53,46,noise_10db,eeg,1.0,noise_10db|eeg
embracenet_fasca_kd,53,3,noise_10db,emg,0.3333333333333333,noise_10db|emg
embracenet_fasca_kd,53,7,noise_10db,emg,1.0,noise_10db|emg
embracenet_fasca_kd,53,14,noise_10db,emg,1.0,noise_10db|emg
embracenet_fasca_kd,53,16,noise_10db,emg,1.0,noise_10db|emg
embracenet_fasca_kd,53,21,noise_10db,emg,0.5555555555555555,noise_10db|emg
embracenet_fasca_kd,53,25,noise_10db,emg,0.5555555555555555,noise_10db|emg
embracenet_fasca_kd,53,26,noise_10db,emg,0.2222222222222222,noise_10db|emg
embracenet_fasca_kd,53,27,noise_10db,emg,1.0,noise_10db|emg
embracenet_fasca_kd,53,29,noise_10db,emg,1.0,noise_10db|emg
embracenet_fasca_kd,53,38,noise_10db,emg,1.0,noise_10db|emg
embracenet_fasca_kd,53,46,noise_10db,emg,1.0,noise_10db|emg
embracenet_fasca_kd,53,3,noise_10db,imu,0.3333333333333333,noise_10db|imu
embracenet_fasca_kd,53,7,noise_10db,imu,1.0,noise_10db|imu
embracenet_fasca_kd,53,14,noise_10db,imu,1.0,noise_10db|imu
embracenet_fasca_kd,53,16,noise_10db,imu,1.0,noise_10db|imu
embracenet_fasca_kd,53,21,noise_10db,imu,0.5555555555555555,noise_10db|imu
embracenet_fasca_kd,53,25,noise_10db,imu,0.5555555555555555,noise_10db|imu
embracenet_fasca_kd,53,26,noise_10db,imu,0.5555555555555555,noise_10db|imu
embracenet_fasca_kd,53,27,noise_10db,imu,1.0,noise_10db|imu
embracenet_fasca_kd,53,29,noise_10db,imu,1.0,noise_10db|imu
embracenet_fasca_kd,53,38,noise_10db,imu,1.0,noise_10db|imu
embracenet_fasca_kd,53,46,noise_10db,imu,1.0,noise_10db|imu
embracenet_fasca_kd,53,3,noise_10db,fp,0.3333333333333333,noise_10db|fp
embracenet_fasca_kd,53,7,noise_10db,fp,1.0,noise_10db|fp
embracenet_fasca_kd,53,14,noise_10db,fp,1.0,noise_10db|fp
embracenet_fasca_kd,53,16,noise_10db,fp,1.0,noise_10db|fp
embracenet_fasca_kd,53,21,noise_10db,fp,0.16666666666666666,noise_10db|fp
embracenet_fasca_kd,53,25,noise_10db,fp,0.5555555555555555,noise_10db|fp
embracenet_fasca_kd,53,26,noise_10db,fp,0.5555555555555555,noise_10db|fp
embracenet_fasca_kd,53,27,noise_10db,fp,1.0,noise_10db|fp
embracenet_fasca_kd,53,29,noise_10db,fp,1.0,noise_10db|fp
embracenet_fasca_kd,53,38,noise_10db,fp,1.0,noise_10db|fp
embracenet_fasca_kd,53,46,noise_10db,fp,1.0,noise_10db|fp
embracenet_fasca_kd,53,3,noise_10db,eeg+emg+imu+fp,0.3333333333333333,noise_10db|eeg+emg+imu+fp
embracenet_fasca_kd,53,7,noise_10db,eeg+emg+imu+fp,1.0,noise_10db|eeg+emg+imu+fp
embracenet_fasca_kd,53,14,noise_10db,eeg+emg+imu+fp,1.0,noise_10db|eeg+emg+imu+fp
embracenet_fasca_kd,53,16,noise_10db,eeg+emg+imu+fp,1.0,noise_10db|eeg+emg+imu+fp
embracenet_fasca_kd,53,21,noise_10db,eeg+emg+imu+fp,0.16666666666666666,noise_10db|eeg+emg+imu+fp
embracenet_fasca_kd,53,25,noise_10db,eeg+emg+imu+fp,0.5555555555555555,noise_10db|eeg+emg+imu+fp
embracenet_fasca_kd,53,26,noise_10db,eeg+emg+imu+fp,0.5555555555555555,noise_10db|eeg+emg+imu+fp
embracenet_fasca_kd,53,27,noise_10db,eeg+emg+imu+fp,1.0,noise_10db|eeg+emg+imu+fp
embracenet_fasca_kd,53,29,noise_10db,eeg+emg+imu+fp,1.0,noise_10db|eeg+emg+imu+fp
embracenet_fasca_kd,53,38,noise_10db,eeg+emg+imu+fp,1.0,noise_10db|eeg+emg+imu+fp
embracenet_fasca_kd,53,46,noise_10db,eeg+emg+imu+fp,1.0,noise_10db|eeg+emg+imu+fp
embracenet_fasca_kd,53,3,channel_dropout_30,eeg,0.3333333333333333,channel_dropout_30|eeg
embracenet_fasca_kd,53,7,channel_dropout_30,eeg,1.0,channel_dropout_30|eeg
embracenet_fasca_kd,53,14,channel_dropout_30,eeg,1.0,channel_dropout_30|eeg
embracenet_fasca_kd,53,16,channel_dropout_30,eeg,1.0,channel_dropout_30|eeg
embracenet_fasca_kd,53,21,channel_dropout_30,eeg,0.5555555555555555,channel_dropout_30|eeg
embracenet_fasca_kd,53,25,channel_dropout_30,eeg,0.5555555555555555,channel_dropout_30|eeg
embracenet_fasca_kd,53,26,channel_dropout_30,eeg,0.2222222222222222,channel_dropout_30|eeg
embracenet_fasca_kd,53,27,channel_dropout_30,eeg,1.0,channel_dropout_30|eeg
embracenet_fasca_kd,53,29,channel_dropout_30,eeg,1.0,channel_dropout_30|eeg
embracenet_fasca_kd,53,38,channel_dropout_30,eeg,1.0,channel_dropout_30|eeg
embracenet_fasca_kd,53,46,channel_dropout_30,eeg,1.0,channel_dropout_30|eeg
embracenet_fasca_kd,53,3,channel_dropout_30,emg,0.3333333333333333,channel_dropout_30|emg
embracenet_fasca_kd,53,7,channel_dropout_30,emg,1.0,channel_dropout_30|emg
embracenet_fasca_kd,53,14,channel_dropout_30,emg,1.0,channel_dropout_30|emg
embracenet_fasca_kd,53,16,channel_dropout_30,emg,1.0,channel_dropout_30|emg
embracenet_fasca_kd,53,21,channel_dropout_30,emg,0.5555555555555555,channel_dropout_30|emg
embracenet_fasca_kd,53,25,channel_dropout_30,emg,0.5555555555555555,channel_dropout_30|emg
embracenet_fasca_kd,53,26,channel_dropout_30,emg,0.5555555555555555,channel_dropout_30|emg
embracenet_fasca_kd,53,27,channel_dropout_30,emg,1.0,channel_dropout_30|emg
embracenet_fasca_kd,53,29,channel_dropout_30,emg,1.0,channel_dropout_30|emg
embracenet_fasca_kd,53,38,channel_dropout_30,emg,1.0,channel_dropout_30|emg
embracenet_fasca_kd,53,46,channel_dropout_30,emg,1.0,channel_dropout_30|emg
embracenet_fasca_kd,53,3,channel_dropout_30,imu,0.3333333333333333,channel_dropout_30|imu
embracenet_fasca_kd,53,7,channel_dropout_30,imu,0.5555555555555555,channel_dropout_30|imu
embracenet_fasca_kd,53,14,channel_dropout_30,imu,0.5555555555555555,channel_dropout_30|imu
embracenet_fasca_kd,53,16,channel_dropout_30,imu,0.2222222222222222,channel_dropout_30|imu
embracenet_fasca_kd,53,21,channel_dropout_30,imu,0.5555555555555555,channel_dropout_30|imu
embracenet_fasca_kd,53,25,channel_dropout_30,imu,1.0,channel_dropout_30|imu
embracenet_fasca_kd,53,26,channel_dropout_30,imu,0.2222222222222222,channel_dropout_30|imu
embracenet_fasca_kd,53,27,channel_dropout_30,imu,0.5555555555555555,channel_dropout_30|imu
embracenet_fasca_kd,53,29,channel_dropout_30,imu,0.5555555555555555,channel_dropout_30|imu
embracenet_fasca_kd,53,38,channel_dropout_30,imu,1.0,channel_dropout_30|imu
embracenet_fasca_kd,53,46,channel_dropout_30,imu,1.0,channel_dropout_30|imu
embracenet_fasca_kd,53,3,channel_dropout_30,fp,0.3333333333333333,channel_dropout_30|fp
embracenet_fasca_kd,53,7,channel_dropout_30,fp,1.0,channel_dropout_30|fp
embracenet_fasca_kd,53,14,channel_dropout_30,fp,1.0,channel_dropout_30|fp
embracenet_fasca_kd,53,16,channel_dropout_30,fp,1.0,channel_dropout_30|fp
embracenet_fasca_kd,53,21,channel_dropout_30,fp,1.0,channel_dropout_30|fp
embracenet_fasca_kd,53,25,channel_dropout_30,fp,0.5555555555555555,channel_dropout_30|fp
embracenet_fasca_kd,53,26,channel_dropout_30,fp,0.2222222222222222,channel_dropout_30|fp
embracenet_fasca_kd,53,27,channel_dropout_30,fp,1.0,channel_dropout_30|fp
embracenet_fasca_kd,53,29,channel_dropout_30,fp,1.0,channel_dropout_30|fp
embracenet_fasca_kd,53,38,channel_dropout_30,fp,1.0,channel_dropout_30|fp
embracenet_fasca_kd,53,46,channel_dropout_30,fp,1.0,channel_dropout_30|fp
embracenet_fasca_kd,53,3,channel_dropout_30,eeg+emg+imu+fp,0.3333333333333333,channel_dropout_30|eeg+emg+imu+fp
embracenet_fasca_kd,53,7,channel_dropout_30,eeg+emg+imu+fp,0.2222222222222222,channel_dropout_30|eeg+emg+imu+fp
embracenet_fasca_kd,53,14,channel_dropout_30,eeg+emg+imu+fp,1.0,channel_dropout_30|eeg+emg+imu+fp
embracenet_fasca_kd,53,16,channel_dropout_30,eeg+emg+imu+fp,0.2222222222222222,channel_dropout_30|eeg+emg+imu+fp
embracenet_fasca_kd,53,21,channel_dropout_30,eeg+emg+imu+fp,0.5555555555555555,channel_dropout_30|eeg+emg+imu+fp
embracenet_fasca_kd,53,25,channel_dropout_30,eeg+emg+imu+fp,0.5555555555555555,channel_dropout_30|eeg+emg+imu+fp
embracenet_fasca_kd,53,26,channel_dropout_30,eeg+emg+imu+fp,0.2222222222222222,channel_dropout_30|eeg+emg+imu+fp
embracenet_fasca_kd,53,27,channel_dropout_30,eeg+emg+imu+fp,1.0,channel_dropout_30|eeg+emg+imu+fp
embracenet_fasca_kd,53,29,channel_dropout_30,eeg+emg+imu+fp,0.2222222222222222,channel_dropout_30|eeg+emg+imu+fp
embracenet_fasca_kd,53,38,channel_dropout_30,eeg+emg+imu+fp,0.5555555555555555,channel_dropout_30|eeg+emg+imu+fp
embracenet_fasca_kd,53,46,channel_dropout_30,eeg+emg+imu+fp,0.2222222222222222,channel_dropout_30|eeg+emg+imu+fp
embracenet_fasca_kd,53,3,structured_dropout_30,eeg,0.3333333333333333,structured_dropout_30|eeg
embracenet_fasca_kd,53,7,structured_dropout_30,eeg,1.0,structured_dropout_30|eeg
embracenet_fasca_kd,53,14,structured_dropout_30,eeg,1.0,structured_dropout_30|eeg
embracenet_fasca_kd,53,16,structured_dropout_30,eeg,1.0,structured_dropout_30|eeg
embracenet_fasca_kd,53,21,structured_dropout_30,eeg,0.5555555555555555,structured_dropout_30|eeg
embracenet_fasca_kd,53,25,structured_dropout_30,eeg,0.5555555555555555,structured_dropout_30|eeg
embracenet_fasca_kd,53,26,structured_dropout_30,eeg,0.2222222222222222,structured_dropout_30|eeg
embracenet_fasca_kd,53,27,structured_dropout_30,eeg,1.0,structured_dropout_30|eeg
embracenet_fasca_kd,53,29,structured_dropout_30,eeg,1.0,structured_dropout_30|eeg
embracenet_fasca_kd,53,38,structured_dropout_30,eeg,1.0,structured_dropout_30|eeg
embracenet_fasca_kd,53,46,structured_dropout_30,eeg,1.0,structured_dropout_30|eeg
embracenet_fasca_kd,53,3,structured_dropout_30,emg,0.3333333333333333,structured_dropout_30|emg
embracenet_fasca_kd,53,7,structured_dropout_30,emg,1.0,structured_dropout_30|emg
embracenet_fasca_kd,53,14,structured_dropout_30,emg,1.0,structured_dropout_30|emg
embracenet_fasca_kd,53,16,structured_dropout_30,emg,1.0,structured_dropout_30|emg
embracenet_fasca_kd,53,21,structured_dropout_30,emg,0.5555555555555555,structured_dropout_30|emg
embracenet_fasca_kd,53,25,structured_dropout_30,emg,0.5555555555555555,structured_dropout_30|emg
embracenet_fasca_kd,53,26,structured_dropout_30,emg,0.2222222222222222,structured_dropout_30|emg
embracenet_fasca_kd,53,27,structured_dropout_30,emg,1.0,structured_dropout_30|emg
embracenet_fasca_kd,53,29,structured_dropout_30,emg,0.5555555555555555,structured_dropout_30|emg
embracenet_fasca_kd,53,38,structured_dropout_30,emg,1.0,structured_dropout_30|emg
embracenet_fasca_kd,53,46,structured_dropout_30,emg,1.0,structured_dropout_30|emg
embracenet_fasca_kd,53,3,structured_dropout_30,imu,0.3333333333333333,structured_dropout_30|imu
embracenet_fasca_kd,53,7,structured_dropout_30,imu,1.0,structured_dropout_30|imu
embracenet_fasca_kd,53,14,structured_dropout_30,imu,0.2222222222222222,structured_dropout_30|imu
embracenet_fasca_kd,53,16,structured_dropout_30,imu,0.2222222222222222,structured_dropout_30|imu
embracenet_fasca_kd,53,21,structured_dropout_30,imu,0.5555555555555555,structured_dropout_30|imu
embracenet_fasca_kd,53,25,structured_dropout_30,imu,1.0,structured_dropout_30|imu
embracenet_fasca_kd,53,26,structured_dropout_30,imu,0.2222222222222222,structured_dropout_30|imu
embracenet_fasca_kd,53,27,structured_dropout_30,imu,1.0,structured_dropout_30|imu
embracenet_fasca_kd,53,29,structured_dropout_30,imu,0.2222222222222222,structured_dropout_30|imu
embracenet_fasca_kd,53,38,structured_dropout_30,imu,1.0,structured_dropout_30|imu
embracenet_fasca_kd,53,46,structured_dropout_30,imu,1.0,structured_dropout_30|imu
embracenet_fasca_kd,53,3,structured_dropout_30,fp,0.3333333333333333,structured_dropout_30|fp
embracenet_fasca_kd,53,7,structured_dropout_30,fp,1.0,structured_dropout_30|fp
embracenet_fasca_kd,53,14,structured_dropout_30,fp,1.0,structured_dropout_30|fp
embracenet_fasca_kd,53,16,structured_dropout_30,fp,1.0,structured_dropout_30|fp
embracenet_fasca_kd,53,21,structured_dropout_30,fp,1.0,structured_dropout_30|fp
embracenet_fasca_kd,53,25,structured_dropout_30,fp,0.5555555555555555,structured_dropout_30|fp
embracenet_fasca_kd,53,26,structured_dropout_30,fp,0.2222222222222222,structured_dropout_30|fp
embracenet_fasca_kd,53,27,structured_dropout_30,fp,1.0,structured_dropout_30|fp
embracenet_fasca_kd,53,29,structured_dropout_30,fp,0.5555555555555555,structured_dropout_30|fp
embracenet_fasca_kd,53,38,structured_dropout_30,fp,1.0,structured_dropout_30|fp
embracenet_fasca_kd,53,46,structured_dropout_30,fp,1.0,structured_dropout_30|fp
embracenet_fasca_kd,53,3,structured_dropout_30,eeg+emg+imu+fp,0.3333333333333333,structured_dropout_30|eeg+emg+imu+fp
embracenet_fasca_kd,53,7,structured_dropout_30,eeg+emg+imu+fp,1.0,structured_dropout_30|eeg+emg+imu+fp
embracenet_fasca_kd,53,14,structured_dropout_30,eeg+emg+imu+fp,0.5555555555555555,structured_dropout_30|eeg+emg+imu+fp
embracenet_fasca_kd,53,16,structured_dropout_30,eeg+emg+imu+fp,0.2222222222222222,structured_dropout_30|eeg+emg+imu+fp
embracenet_fasca_kd,53,21,structured_dropout_30,eeg+emg+imu+fp,1.0,structured_dropout_30|eeg+emg+imu+fp
embracenet_fasca_kd,53,25,structured_dropout_30,eeg+emg+imu+fp,1.0,structured_dropout_30|eeg+emg+imu+fp
embracenet_fasca_kd,53,26,structured_dropout_30,eeg+emg+imu+fp,0.16666666666666666,structured_dropout_30|eeg+emg+imu+fp
embracenet_fasca_kd,53,27,structured_dropout_30,eeg+emg+imu+fp,1.0,structured_dropout_30|eeg+emg+imu+fp
embracenet_fasca_kd,53,29,structured_dropout_30,eeg+emg+imu+fp,0.2222222222222222,structured_dropout_30|eeg+emg+imu+fp
embracenet_fasca_kd,53,38,structured_dropout_30,eeg+emg+imu+fp,0.2222222222222222,structured_dropout_30|eeg+emg+imu+fp
embracenet_fasca_kd,53,46,structured_dropout_30,eeg+emg+imu+fp,0.5555555555555555,structured_dropout_30|eeg+emg+imu+fp
embracenet_fasca_kd,53,3,packet_loss_30,eeg,0.3333333333333333,packet_loss_30|eeg
embracenet_fasca_kd,53,7,packet_loss_30,eeg,1.0,packet_loss_30|eeg
embracenet_fasca_kd,53,14,packet_loss_30,eeg,1.0,packet_loss_30|eeg
embracenet_fasca_kd,53,16,packet_loss_30,eeg,1.0,packet_loss_30|eeg
embracenet_fasca_kd,53,21,packet_loss_30,eeg,0.5555555555555555,packet_loss_30|eeg
embracenet_fasca_kd,53,25,packet_loss_30,eeg,0.5555555555555555,packet_loss_30|eeg
embracenet_fasca_kd,53,26,packet_loss_30,eeg,0.2222222222222222,packet_loss_30|eeg
embracenet_fasca_kd,53,27,packet_loss_30,eeg,1.0,packet_loss_30|eeg
embracenet_fasca_kd,53,29,packet_loss_30,eeg,1.0,packet_loss_30|eeg
embracenet_fasca_kd,53,38,packet_loss_30,eeg,1.0,packet_loss_30|eeg
embracenet_fasca_kd,53,46,packet_loss_30,eeg,1.0,packet_loss_30|eeg
embracenet_fasca_kd,53,3,packet_loss_30,emg,0.3333333333333333,packet_loss_30|emg
embracenet_fasca_kd,53,7,packet_loss_30,emg,1.0,packet_loss_30|emg
embracenet_fasca_kd,53,14,packet_loss_30,emg,1.0,packet_loss_30|emg
embracenet_fasca_kd,53,16,packet_loss_30,emg,1.0,packet_loss_30|emg
embracenet_fasca_kd,53,21,packet_loss_30,emg,0.5555555555555555,packet_loss_30|emg
embracenet_fasca_kd,53,25,packet_loss_30,emg,0.5555555555555555,packet_loss_30|emg
embracenet_fasca_kd,53,26,packet_loss_30,emg,0.2222222222222222,packet_loss_30|emg
embracenet_fasca_kd,53,27,packet_loss_30,emg,1.0,packet_loss_30|emg
embracenet_fasca_kd,53,29,packet_loss_30,emg,1.0,packet_loss_30|emg
embracenet_fasca_kd,53,38,packet_loss_30,emg,1.0,packet_loss_30|emg
embracenet_fasca_kd,53,46,packet_loss_30,emg,1.0,packet_loss_30|emg
embracenet_fasca_kd,53,3,packet_loss_30,imu,0.3333333333333333,packet_loss_30|imu
embracenet_fasca_kd,53,7,packet_loss_30,imu,1.0,packet_loss_30|imu
embracenet_fasca_kd,53,14,packet_loss_30,imu,1.0,packet_loss_30|imu
embracenet_fasca_kd,53,16,packet_loss_30,imu,1.0,packet_loss_30|imu
embracenet_fasca_kd,53,21,packet_loss_30,imu,0.5555555555555555,packet_loss_30|imu
embracenet_fasca_kd,53,25,packet_loss_30,imu,1.0,packet_loss_30|imu
embracenet_fasca_kd,53,26,packet_loss_30,imu,0.16666666666666666,packet_loss_30|imu
embracenet_fasca_kd,53,27,packet_loss_30,imu,1.0,packet_loss_30|imu
embracenet_fasca_kd,53,29,packet_loss_30,imu,0.2222222222222222,packet_loss_30|imu
embracenet_fasca_kd,53,38,packet_loss_30,imu,1.0,packet_loss_30|imu
embracenet_fasca_kd,53,46,packet_loss_30,imu,1.0,packet_loss_30|imu
embracenet_fasca_kd,53,3,packet_loss_30,fp,0.3333333333333333,packet_loss_30|fp
embracenet_fasca_kd,53,7,packet_loss_30,fp,1.0,packet_loss_30|fp
embracenet_fasca_kd,53,14,packet_loss_30,fp,1.0,packet_loss_30|fp
embracenet_fasca_kd,53,16,packet_loss_30,fp,1.0,packet_loss_30|fp
embracenet_fasca_kd,53,21,packet_loss_30,fp,0.5555555555555555,packet_loss_30|fp
embracenet_fasca_kd,53,25,packet_loss_30,fp,0.5555555555555555,packet_loss_30|fp
embracenet_fasca_kd,53,26,packet_loss_30,fp,0.2222222222222222,packet_loss_30|fp
embracenet_fasca_kd,53,27,packet_loss_30,fp,1.0,packet_loss_30|fp
embracenet_fasca_kd,53,29,packet_loss_30,fp,1.0,packet_loss_30|fp
embracenet_fasca_kd,53,38,packet_loss_30,fp,1.0,packet_loss_30|fp
embracenet_fasca_kd,53,46,packet_loss_30,fp,1.0,packet_loss_30|fp
embracenet_fasca_kd,53,3,packet_loss_30,eeg+emg+imu+fp,0.3333333333333333,packet_loss_30|eeg+emg+imu+fp
embracenet_fasca_kd,53,7,packet_loss_30,eeg+emg+imu+fp,1.0,packet_loss_30|eeg+emg+imu+fp
embracenet_fasca_kd,53,14,packet_loss_30,eeg+emg+imu+fp,1.0,packet_loss_30|eeg+emg+imu+fp
embracenet_fasca_kd,53,16,packet_loss_30,eeg+emg+imu+fp,0.5555555555555555,packet_loss_30|eeg+emg+imu+fp
embracenet_fasca_kd,53,21,packet_loss_30,eeg+emg+imu+fp,0.5555555555555555,packet_loss_30|eeg+emg+imu+fp
embracenet_fasca_kd,53,25,packet_loss_30,eeg+emg+imu+fp,1.0,packet_loss_30|eeg+emg+imu+fp
embracenet_fasca_kd,53,26,packet_loss_30,eeg+emg+imu+fp,0.16666666666666666,packet_loss_30|eeg+emg+imu+fp
embracenet_fasca_kd,53,27,packet_loss_30,eeg+emg+imu+fp,1.0,packet_loss_30|eeg+emg+imu+fp
embracenet_fasca_kd,53,29,packet_loss_30,eeg+emg+imu+fp,0.2222222222222222,packet_loss_30|eeg+emg+imu+fp
embracenet_fasca_kd,53,38,packet_loss_30,eeg+emg+imu+fp,1.0,packet_loss_30|eeg+emg+imu+fp
embracenet_fasca_kd,53,46,packet_loss_30,eeg+emg+imu+fp,1.0,packet_loss_30|eeg+emg+imu+fp
embracenet_fasca_kd,53,3,shift_250ms,eeg,0.3333333333333333,shift_250ms|eeg
embracenet_fasca_kd,53,7,shift_250ms,eeg,1.0,shift_250ms|eeg
embracenet_fasca_kd,53,14,shift_250ms,eeg,1.0,shift_250ms|eeg
embracenet_fasca_kd,53,16,shift_250ms,eeg,1.0,shift_250ms|eeg
embracenet_fasca_kd,53,21,shift_250ms,eeg,0.5555555555555555,shift_250ms|eeg
embracenet_fasca_kd,53,25,shift_250ms,eeg,0.5555555555555555,shift_250ms|eeg
embracenet_fasca_kd,53,26,shift_250ms,eeg,0.2222222222222222,shift_250ms|eeg
embracenet_fasca_kd,53,27,shift_250ms,eeg,1.0,shift_250ms|eeg
embracenet_fasca_kd,53,29,shift_250ms,eeg,1.0,shift_250ms|eeg
embracenet_fasca_kd,53,38,shift_250ms,eeg,1.0,shift_250ms|eeg
embracenet_fasca_kd,53,46,shift_250ms,eeg,1.0,shift_250ms|eeg
embracenet_fasca_kd,53,3,shift_250ms,emg,0.3333333333333333,shift_250ms|emg
embracenet_fasca_kd,53,7,shift_250ms,emg,1.0,shift_250ms|emg
embracenet_fasca_kd,53,14,shift_250ms,emg,1.0,shift_250ms|emg
embracenet_fasca_kd,53,16,shift_250ms,emg,1.0,shift_250ms|emg
embracenet_fasca_kd,53,21,shift_250ms,emg,0.5555555555555555,shift_250ms|emg
embracenet_fasca_kd,53,25,shift_250ms,emg,0.5555555555555555,shift_250ms|emg
embracenet_fasca_kd,53,26,shift_250ms,emg,0.2222222222222222,shift_250ms|emg
embracenet_fasca_kd,53,27,shift_250ms,emg,1.0,shift_250ms|emg
embracenet_fasca_kd,53,29,shift_250ms,emg,1.0,shift_250ms|emg
embracenet_fasca_kd,53,38,shift_250ms,emg,1.0,shift_250ms|emg
embracenet_fasca_kd,53,46,shift_250ms,emg,1.0,shift_250ms|emg
embracenet_fasca_kd,53,3,shift_250ms,imu,0.3333333333333333,shift_250ms|imu
embracenet_fasca_kd,53,7,shift_250ms,imu,1.0,shift_250ms|imu
embracenet_fasca_kd,53,14,shift_250ms,imu,1.0,shift_250ms|imu
embracenet_fasca_kd,53,16,shift_250ms,imu,1.0,shift_250ms|imu
embracenet_fasca_kd,53,21,shift_250ms,imu,0.5555555555555555,shift_250ms|imu
embracenet_fasca_kd,53,25,shift_250ms,imu,1.0,shift_250ms|imu
embracenet_fasca_kd,53,26,shift_250ms,imu,0.2222222222222222,shift_250ms|imu
embracenet_fasca_kd,53,27,shift_250ms,imu,1.0,shift_250ms|imu
embracenet_fasca_kd,53,29,shift_250ms,imu,1.0,shift_250ms|imu
embracenet_fasca_kd,53,38,shift_250ms,imu,1.0,shift_250ms|imu
embracenet_fasca_kd,53,46,shift_250ms,imu,1.0,shift_250ms|imu
embracenet_fasca_kd,53,3,shift_250ms,fp,0.3333333333333333,shift_250ms|fp
embracenet_fasca_kd,53,7,shift_250ms,fp,1.0,shift_250ms|fp
embracenet_fasca_kd,53,14,shift_250ms,fp,1.0,shift_250ms|fp
embracenet_fasca_kd,53,16,shift_250ms,fp,1.0,shift_250ms|fp
embracenet_fasca_kd,53,21,shift_250ms,fp,0.5555555555555555,shift_250ms|fp
embracenet_fasca_kd,53,25,shift_250ms,fp,0.5555555555555555,shift_250ms|fp
embracenet_fasca_kd,53,26,shift_250ms,fp,0.2222222222222222,shift_250ms|fp
embracenet_fasca_kd,53,27,shift_250ms,fp,1.0,shift_250ms|fp
embracenet_fasca_kd,53,29,shift_250ms,fp,1.0,shift_250ms|fp
embracenet_fasca_kd,53,38,shift_250ms,fp,1.0,shift_250ms|fp
embracenet_fasca_kd,53,46,shift_250ms,fp,1.0,shift_250ms|fp
embracenet_fasca_kd,53,3,shift_250ms,eeg+emg+imu+fp,0.3333333333333333,shift_250ms|eeg+emg+imu+fp
embracenet_fasca_kd,53,7,shift_250ms,eeg+emg+imu+fp,1.0,shift_250ms|eeg+emg+imu+fp
embracenet_fasca_kd,53,14,shift_250ms,eeg+emg+imu+fp,1.0,shift_250ms|eeg+emg+imu+fp
embracenet_fasca_kd,53,16,shift_250ms,eeg+emg+imu+fp,1.0,shift_250ms|eeg+emg+imu+fp
embracenet_fasca_kd,53,21,shift_250ms,eeg+emg+imu+fp,0.5555555555555555,shift_250ms|eeg+emg+imu+fp
embracenet_fasca_kd,53,25,shift_250ms,eeg+emg+imu+fp,1.0,shift_250ms|eeg+emg+imu+fp
embracenet_fasca_kd,53,26,shift_250ms,eeg+emg+imu+fp,0.2222222222222222,shift_250ms|eeg+emg+imu+fp
embracenet_fasca_kd,53,27,shift_250ms,eeg+emg+imu+fp,1.0,shift_250ms|eeg+emg+imu+fp
embracenet_fasca_kd,53,29,shift_250ms,eeg+emg+imu+fp,1.0,shift_250ms|eeg+emg+imu+fp
embracenet_fasca_kd,53,38,shift_250ms,eeg+emg+imu+fp,1.0,shift_250ms|eeg+emg+imu+fp
embracenet_fasca_kd,53,46,shift_250ms,eeg+emg+imu+fp,1.0,shift_250ms|eeg+emg+imu+fp
embracenet_fasca_kd,53,3,gain_1.5,eeg,0.3333333333333333,gain_1.5|eeg
embracenet_fasca_kd,53,7,gain_1.5,eeg,1.0,gain_1.5|eeg
embracenet_fasca_kd,53,14,gain_1.5,eeg,1.0,gain_1.5|eeg
embracenet_fasca_kd,53,16,gain_1.5,eeg,1.0,gain_1.5|eeg
embracenet_fasca_kd,53,21,gain_1.5,eeg,0.5555555555555555,gain_1.5|eeg
embracenet_fasca_kd,53,25,gain_1.5,eeg,0.5555555555555555,gain_1.5|eeg
embracenet_fasca_kd,53,26,gain_1.5,eeg,0.5555555555555555,gain_1.5|eeg
embracenet_fasca_kd,53,27,gain_1.5,eeg,1.0,gain_1.5|eeg
embracenet_fasca_kd,53,29,gain_1.5,eeg,1.0,gain_1.5|eeg
embracenet_fasca_kd,53,38,gain_1.5,eeg,1.0,gain_1.5|eeg
embracenet_fasca_kd,53,46,gain_1.5,eeg,1.0,gain_1.5|eeg
embracenet_fasca_kd,53,3,gain_1.5,emg,0.3333333333333333,gain_1.5|emg
embracenet_fasca_kd,53,7,gain_1.5,emg,1.0,gain_1.5|emg
embracenet_fasca_kd,53,14,gain_1.5,emg,1.0,gain_1.5|emg
embracenet_fasca_kd,53,16,gain_1.5,emg,1.0,gain_1.5|emg
embracenet_fasca_kd,53,21,gain_1.5,emg,0.5555555555555555,gain_1.5|emg
embracenet_fasca_kd,53,25,gain_1.5,emg,0.5555555555555555,gain_1.5|emg
embracenet_fasca_kd,53,26,gain_1.5,emg,0.5555555555555555,gain_1.5|emg
embracenet_fasca_kd,53,27,gain_1.5,emg,1.0,gain_1.5|emg
embracenet_fasca_kd,53,29,gain_1.5,emg,1.0,gain_1.5|emg
embracenet_fasca_kd,53,38,gain_1.5,emg,1.0,gain_1.5|emg
embracenet_fasca_kd,53,46,gain_1.5,emg,1.0,gain_1.5|emg
embracenet_fasca_kd,53,3,gain_1.5,imu,0.0,gain_1.5|imu
embracenet_fasca_kd,53,7,gain_1.5,imu,0.2222222222222222,gain_1.5|imu
embracenet_fasca_kd,53,14,gain_1.5,imu,0.2222222222222222,gain_1.5|imu
embracenet_fasca_kd,53,16,gain_1.5,imu,0.5555555555555555,gain_1.5|imu
embracenet_fasca_kd,53,21,gain_1.5,imu,0.2222222222222222,gain_1.5|imu
embracenet_fasca_kd,53,25,gain_1.5,imu,0.2222222222222222,gain_1.5|imu
embracenet_fasca_kd,53,26,gain_1.5,imu,1.0,gain_1.5|imu
embracenet_fasca_kd,53,27,gain_1.5,imu,0.5555555555555555,gain_1.5|imu
embracenet_fasca_kd,53,29,gain_1.5,imu,1.0,gain_1.5|imu
embracenet_fasca_kd,53,38,gain_1.5,imu,0.2222222222222222,gain_1.5|imu
embracenet_fasca_kd,53,46,gain_1.5,imu,0.5555555555555555,gain_1.5|imu
embracenet_fasca_kd,53,3,gain_1.5,fp,0.3333333333333333,gain_1.5|fp
embracenet_fasca_kd,53,7,gain_1.5,fp,1.0,gain_1.5|fp
embracenet_fasca_kd,53,14,gain_1.5,fp,1.0,gain_1.5|fp
embracenet_fasca_kd,53,16,gain_1.5,fp,1.0,gain_1.5|fp
embracenet_fasca_kd,53,21,gain_1.5,fp,0.16666666666666666,gain_1.5|fp
embracenet_fasca_kd,53,25,gain_1.5,fp,0.5555555555555555,gain_1.5|fp
embracenet_fasca_kd,53,26,gain_1.5,fp,0.2222222222222222,gain_1.5|fp
embracenet_fasca_kd,53,27,gain_1.5,fp,1.0,gain_1.5|fp
embracenet_fasca_kd,53,29,gain_1.5,fp,1.0,gain_1.5|fp
embracenet_fasca_kd,53,38,gain_1.5,fp,1.0,gain_1.5|fp
embracenet_fasca_kd,53,46,gain_1.5,fp,1.0,gain_1.5|fp
embracenet_fasca_kd,53,3,gain_1.5,eeg+emg+imu+fp,0.0,gain_1.5|eeg+emg+imu+fp
embracenet_fasca_kd,53,7,gain_1.5,eeg+emg+imu+fp,0.2222222222222222,gain_1.5|eeg+emg+imu+fp
embracenet_fasca_kd,53,14,gain_1.5,eeg+emg+imu+fp,0.2222222222222222,gain_1.5|eeg+emg+imu+fp
embracenet_fasca_kd,53,16,gain_1.5,eeg+emg+imu+fp,0.2222222222222222,gain_1.5|eeg+emg+imu+fp
embracenet_fasca_kd,53,21,gain_1.5,eeg+emg+imu+fp,0.16666666666666666,gain_1.5|eeg+emg+imu+fp
embracenet_fasca_kd,53,25,gain_1.5,eeg+emg+imu+fp,0.2222222222222222,gain_1.5|eeg+emg+imu+fp
embracenet_fasca_kd,53,26,gain_1.5,eeg+emg+imu+fp,1.0,gain_1.5|eeg+emg+imu+fp
embracenet_fasca_kd,53,27,gain_1.5,eeg+emg+imu+fp,0.2222222222222222,gain_1.5|eeg+emg+imu+fp
embracenet_fasca_kd,53,29,gain_1.5,eeg+emg+imu+fp,1.0,gain_1.5|eeg+emg+imu+fp
embracenet_fasca_kd,53,38,gain_1.5,eeg+emg+imu+fp,0.2222222222222222,gain_1.5|eeg+emg+imu+fp
embracenet_fasca_kd,53,46,gain_1.5,eeg+emg+imu+fp,0.2222222222222222,gain_1.5|eeg+emg+imu+fp
embracenet_fasca_kd,51,4,clean,none,1.0,clean|none
embracenet_fasca_kd,51,5,clean,none,1.0,clean|none
embracenet_fasca_kd,51,6,clean,none,1.0,clean|none
embracenet_fasca_kd,51,9,clean,none,1.0,clean|none
embracenet_fasca_kd,51,17,clean,none,1.0,clean|none
embracenet_fasca_kd,51,18,clean,none,1.0,clean|none
embracenet_fasca_kd,51,32,clean,none,0.6666666666666666,clean|none
embracenet_fasca_kd,51,33,clean,none,1.0,clean|none
embracenet_fasca_kd,51,35,clean,none,1.0,clean|none
embracenet_fasca_kd,51,44,clean,none,1.0,clean|none
embracenet_fasca_kd,51,53,clean,none,1.0,clean|none
embracenet_fasca_kd,51,4,noise_10db,eeg,1.0,noise_10db|eeg
embracenet_fasca_kd,51,5,noise_10db,eeg,1.0,noise_10db|eeg
embracenet_fasca_kd,51,6,noise_10db,eeg,1.0,noise_10db|eeg
embracenet_fasca_kd,51,9,noise_10db,eeg,1.0,noise_10db|eeg
embracenet_fasca_kd,51,17,noise_10db,eeg,1.0,noise_10db|eeg
embracenet_fasca_kd,51,18,noise_10db,eeg,1.0,noise_10db|eeg
embracenet_fasca_kd,51,32,noise_10db,eeg,0.6666666666666666,noise_10db|eeg
embracenet_fasca_kd,51,33,noise_10db,eeg,1.0,noise_10db|eeg
embracenet_fasca_kd,51,35,noise_10db,eeg,1.0,noise_10db|eeg
embracenet_fasca_kd,51,44,noise_10db,eeg,1.0,noise_10db|eeg
embracenet_fasca_kd,51,53,noise_10db,eeg,1.0,noise_10db|eeg
embracenet_fasca_kd,51,4,noise_10db,emg,1.0,noise_10db|emg
embracenet_fasca_kd,51,5,noise_10db,emg,1.0,noise_10db|emg
embracenet_fasca_kd,51,6,noise_10db,emg,1.0,noise_10db|emg
embracenet_fasca_kd,51,9,noise_10db,emg,1.0,noise_10db|emg
embracenet_fasca_kd,51,17,noise_10db,emg,1.0,noise_10db|emg
embracenet_fasca_kd,51,18,noise_10db,emg,1.0,noise_10db|emg
embracenet_fasca_kd,51,32,noise_10db,emg,0.6666666666666666,noise_10db|emg
embracenet_fasca_kd,51,33,noise_10db,emg,1.0,noise_10db|emg
embracenet_fasca_kd,51,35,noise_10db,emg,1.0,noise_10db|emg
embracenet_fasca_kd,51,44,noise_10db,emg,1.0,noise_10db|emg
embracenet_fasca_kd,51,53,noise_10db,emg,1.0,noise_10db|emg
embracenet_fasca_kd,51,4,noise_10db,imu,1.0,noise_10db|imu
embracenet_fasca_kd,51,5,noise_10db,imu,1.0,noise_10db|imu
embracenet_fasca_kd,51,6,noise_10db,imu,1.0,noise_10db|imu
embracenet_fasca_kd,51,9,noise_10db,imu,1.0,noise_10db|imu
embracenet_fasca_kd,51,17,noise_10db,imu,1.0,noise_10db|imu
embracenet_fasca_kd,51,18,noise_10db,imu,1.0,noise_10db|imu
embracenet_fasca_kd,51,32,noise_10db,imu,0.6666666666666666,noise_10db|imu
embracenet_fasca_kd,51,33,noise_10db,imu,1.0,noise_10db|imu
embracenet_fasca_kd,51,35,noise_10db,imu,1.0,noise_10db|imu
embracenet_fasca_kd,51,44,noise_10db,imu,1.0,noise_10db|imu
embracenet_fasca_kd,51,53,noise_10db,imu,1.0,noise_10db|imu
embracenet_fasca_kd,51,4,noise_10db,fp,1.0,noise_10db|fp
embracenet_fasca_kd,51,5,noise_10db,fp,1.0,noise_10db|fp
embracenet_fasca_kd,51,6,noise_10db,fp,1.0,noise_10db|fp
embracenet_fasca_kd,51,9,noise_10db,fp,1.0,noise_10db|fp
embracenet_fasca_kd,51,17,noise_10db,fp,1.0,noise_10db|fp
embracenet_fasca_kd,51,18,noise_10db,fp,1.0,noise_10db|fp
embracenet_fasca_kd,51,32,noise_10db,fp,0.6666666666666666,noise_10db|fp
embracenet_fasca_kd,51,33,noise_10db,fp,1.0,noise_10db|fp
embracenet_fasca_kd,51,35,noise_10db,fp,1.0,noise_10db|fp
embracenet_fasca_kd,51,44,noise_10db,fp,1.0,noise_10db|fp
embracenet_fasca_kd,51,53,noise_10db,fp,1.0,noise_10db|fp
embracenet_fasca_kd,51,4,noise_10db,eeg+emg+imu+fp,1.0,noise_10db|eeg+emg+imu+fp
embracenet_fasca_kd,51,5,noise_10db,eeg+emg+imu+fp,0.5555555555555555,noise_10db|eeg+emg+imu+fp
embracenet_fasca_kd,51,6,noise_10db,eeg+emg+imu+fp,1.0,noise_10db|eeg+emg+imu+fp
embracenet_fasca_kd,51,9,noise_10db,eeg+emg+imu+fp,1.0,noise_10db|eeg+emg+imu+fp
embracenet_fasca_kd,51,17,noise_10db,eeg+emg+imu+fp,1.0,noise_10db|eeg+emg+imu+fp
embracenet_fasca_kd,51,18,noise_10db,eeg+emg+imu+fp,1.0,noise_10db|eeg+emg+imu+fp
embracenet_fasca_kd,51,32,noise_10db,eeg+emg+imu+fp,0.6666666666666666,noise_10db|eeg+emg+imu+fp
embracenet_fasca_kd,51,33,noise_10db,eeg+emg+imu+fp,1.0,noise_10db|eeg+emg+imu+fp
embracenet_fasca_kd,51,35,noise_10db,eeg+emg+imu+fp,1.0,noise_10db|eeg+emg+imu+fp
embracenet_fasca_kd,51,44,noise_10db,eeg+emg+imu+fp,1.0,noise_10db|eeg+emg+imu+fp
embracenet_fasca_kd,51,53,noise_10db,eeg+emg+imu+fp,1.0,noise_10db|eeg+emg+imu+fp
embracenet_fasca_kd,51,4,channel_dropout_30,eeg,1.0,channel_dropout_30|eeg
embracenet_fasca_kd,51,5,channel_dropout_30,eeg,1.0,channel_dropout_30|eeg
embracenet_fasca_kd,51,6,channel_dropout_30,eeg,1.0,channel_dropout_30|eeg
embracenet_fasca_kd,51,9,channel_dropout_30,eeg,1.0,channel_dropout_30|eeg
embracenet_fasca_kd,51,17,channel_dropout_30,eeg,1.0,channel_dropout_30|eeg
embracenet_fasca_kd,51,18,channel_dropout_30,eeg,1.0,channel_dropout_30|eeg
embracenet_fasca_kd,51,32,channel_dropout_30,eeg,0.6666666666666666,channel_dropout_30|eeg
embracenet_fasca_kd,51,33,channel_dropout_30,eeg,1.0,channel_dropout_30|eeg
embracenet_fasca_kd,51,35,channel_dropout_30,eeg,1.0,channel_dropout_30|eeg
embracenet_fasca_kd,51,44,channel_dropout_30,eeg,1.0,channel_dropout_30|eeg
embracenet_fasca_kd,51,53,channel_dropout_30,eeg,1.0,channel_dropout_30|eeg
embracenet_fasca_kd,51,4,channel_dropout_30,emg,1.0,channel_dropout_30|emg
embracenet_fasca_kd,51,5,channel_dropout_30,emg,1.0,channel_dropout_30|emg
embracenet_fasca_kd,51,6,channel_dropout_30,emg,1.0,channel_dropout_30|emg
embracenet_fasca_kd,51,9,channel_dropout_30,emg,1.0,channel_dropout_30|emg
embracenet_fasca_kd,51,17,channel_dropout_30,emg,1.0,channel_dropout_30|emg
embracenet_fasca_kd,51,18,channel_dropout_30,emg,1.0,channel_dropout_30|emg
embracenet_fasca_kd,51,32,channel_dropout_30,emg,0.6666666666666666,channel_dropout_30|emg
embracenet_fasca_kd,51,33,channel_dropout_30,emg,1.0,channel_dropout_30|emg
embracenet_fasca_kd,51,35,channel_dropout_30,emg,1.0,channel_dropout_30|emg
embracenet_fasca_kd,51,44,channel_dropout_30,emg,1.0,channel_dropout_30|emg
embracenet_fasca_kd,51,53,channel_dropout_30,emg,1.0,channel_dropout_30|emg
embracenet_fasca_kd,51,4,channel_dropout_30,imu,0.5555555555555555,channel_dropout_30|imu
embracenet_fasca_kd,51,5,channel_dropout_30,imu,1.0,channel_dropout_30|imu
embracenet_fasca_kd,51,6,channel_dropout_30,imu,0.2222222222222222,channel_dropout_30|imu
embracenet_fasca_kd,51,9,channel_dropout_30,imu,1.0,channel_dropout_30|imu
embracenet_fasca_kd,51,17,channel_dropout_30,imu,0.2222222222222222,channel_dropout_30|imu
embracenet_fasca_kd,51,18,channel_dropout_30,imu,0.2222222222222222,channel_dropout_30|imu
embracenet_fasca_kd,51,32,channel_dropout_30,imu,0.6666666666666666,channel_dropout_30|imu
embracenet_fasca_kd,51,33,channel_dropout_30,imu,1.0,channel_dropout_30|imu
embracenet_fasca_kd,51,35,channel_dropout_30,imu,1.0,channel_dropout_30|imu
embracenet_fasca_kd,51,44,channel_dropout_30,imu,0.5555555555555555,channel_dropout_30|imu
embracenet_fasca_kd,51,53,channel_dropout_30,imu,1.0,channel_dropout_30|imu
embracenet_fasca_kd,51,4,channel_dropout_30,fp,1.0,channel_dropout_30|fp
embracenet_fasca_kd,51,5,channel_dropout_30,fp,1.0,channel_dropout_30|fp
embracenet_fasca_kd,51,6,channel_dropout_30,fp,1.0,channel_dropout_30|fp
embracenet_fasca_kd,51,9,channel_dropout_30,fp,1.0,channel_dropout_30|fp
embracenet_fasca_kd,51,17,channel_dropout_30,fp,1.0,channel_dropout_30|fp
embracenet_fasca_kd,51,18,channel_dropout_30,fp,1.0,channel_dropout_30|fp
embracenet_fasca_kd,51,32,channel_dropout_30,fp,0.6666666666666666,channel_dropout_30|fp
embracenet_fasca_kd,51,33,channel_dropout_30,fp,1.0,channel_dropout_30|fp
embracenet_fasca_kd,51,35,channel_dropout_30,fp,1.0,channel_dropout_30|fp
embracenet_fasca_kd,51,44,channel_dropout_30,fp,1.0,channel_dropout_30|fp
embracenet_fasca_kd,51,53,channel_dropout_30,fp,1.0,channel_dropout_30|fp
embracenet_fasca_kd,51,4,channel_dropout_30,eeg+emg+imu+fp,0.5555555555555555,channel_dropout_30|eeg+emg+imu+fp
embracenet_fasca_kd,51,5,channel_dropout_30,eeg+emg+imu+fp,0.5555555555555555,channel_dropout_30|eeg+emg+imu+fp
embracenet_fasca_kd,51,6,channel_dropout_30,eeg+emg+imu+fp,0.2222222222222222,channel_dropout_30|eeg+emg+imu+fp
embracenet_fasca_kd,51,9,channel_dropout_30,eeg+emg+imu+fp,0.2222222222222222,channel_dropout_30|eeg+emg+imu+fp
embracenet_fasca_kd,51,17,channel_dropout_30,eeg+emg+imu+fp,0.2222222222222222,channel_dropout_30|eeg+emg+imu+fp
embracenet_fasca_kd,51,18,channel_dropout_30,eeg+emg+imu+fp,0.2222222222222222,channel_dropout_30|eeg+emg+imu+fp
embracenet_fasca_kd,51,32,channel_dropout_30,eeg+emg+imu+fp,0.6666666666666666,channel_dropout_30|eeg+emg+imu+fp
embracenet_fasca_kd,51,33,channel_dropout_30,eeg+emg+imu+fp,0.5555555555555555,channel_dropout_30|eeg+emg+imu+fp
embracenet_fasca_kd,51,35,channel_dropout_30,eeg+emg+imu+fp,0.2222222222222222,channel_dropout_30|eeg+emg+imu+fp
embracenet_fasca_kd,51,44,channel_dropout_30,eeg+emg+imu+fp,0.5555555555555555,channel_dropout_30|eeg+emg+imu+fp
embracenet_fasca_kd,51,53,channel_dropout_30,eeg+emg+imu+fp,0.5555555555555555,channel_dropout_30|eeg+emg+imu+fp
embracenet_fasca_kd,51,4,structured_dropout_30,eeg,1.0,structured_dropout_30|eeg
embracenet_fasca_kd,51,5,structured_dropout_30,eeg,1.0,structured_dropout_30|eeg
embracenet_fasca_kd,51,6,structured_dropout_30,eeg,1.0,structured_dropout_30|eeg
embracenet_fasca_kd,51,9,structured_dropout_30,eeg,1.0,structured_dropout_30|eeg
embracenet_fasca_kd,51,17,structured_dropout_30,eeg,1.0,structured_dropout_30|eeg
embracenet_fasca_kd,51,18,structured_dropout_30,eeg,1.0,structured_dropout_30|eeg
embracenet_fasca_kd,51,32,structured_dropout_30,eeg,0.6666666666666666,structured_dropout_30|eeg
embracenet_fasca_kd,51,33,structured_dropout_30,eeg,1.0,structured_dropout_30|eeg
embracenet_fasca_kd,51,35,structured_dropout_30,eeg,1.0,structured_dropout_30|eeg
embracenet_fasca_kd,51,44,structured_dropout_30,eeg,1.0,structured_dropout_30|eeg
embracenet_fasca_kd,51,53,structured_dropout_30,eeg,1.0,structured_dropout_30|eeg
embracenet_fasca_kd,51,4,structured_dropout_30,emg,1.0,structured_dropout_30|emg
embracenet_fasca_kd,51,5,structured_dropout_30,emg,1.0,structured_dropout_30|emg
embracenet_fasca_kd,51,6,structured_dropout_30,emg,1.0,structured_dropout_30|emg
embracenet_fasca_kd,51,9,structured_dropout_30,emg,1.0,structured_dropout_30|emg
embracenet_fasca_kd,51,17,structured_dropout_30,emg,1.0,structured_dropout_30|emg
embracenet_fasca_kd,51,18,structured_dropout_30,emg,1.0,structured_dropout_30|emg
embracenet_fasca_kd,51,32,structured_dropout_30,emg,0.6666666666666666,structured_dropout_30|emg
embracenet_fasca_kd,51,33,structured_dropout_30,emg,1.0,structured_dropout_30|emg
embracenet_fasca_kd,51,35,structured_dropout_30,emg,1.0,structured_dropout_30|emg
embracenet_fasca_kd,51,44,structured_dropout_30,emg,1.0,structured_dropout_30|emg
embracenet_fasca_kd,51,53,structured_dropout_30,emg,1.0,structured_dropout_30|emg
embracenet_fasca_kd,51,4,structured_dropout_30,imu,1.0,structured_dropout_30|imu
embracenet_fasca_kd,51,5,structured_dropout_30,imu,1.0,structured_dropout_30|imu
embracenet_fasca_kd,51,6,structured_dropout_30,imu,0.5555555555555555,structured_dropout_30|imu
embracenet_fasca_kd,51,9,structured_dropout_30,imu,1.0,structured_dropout_30|imu
embracenet_fasca_kd,51,17,structured_dropout_30,imu,0.2222222222222222,structured_dropout_30|imu
embracenet_fasca_kd,51,18,structured_dropout_30,imu,0.5555555555555555,structured_dropout_30|imu
embracenet_fasca_kd,51,32,structured_dropout_30,imu,0.6666666666666666,structured_dropout_30|imu
embracenet_fasca_kd,51,33,structured_dropout_30,imu,0.5555555555555555,structured_dropout_30|imu
embracenet_fasca_kd,51,35,structured_dropout_30,imu,0.5555555555555555,structured_dropout_30|imu
embracenet_fasca_kd,51,44,structured_dropout_30,imu,0.5555555555555555,structured_dropout_30|imu
embracenet_fasca_kd,51,53,structured_dropout_30,imu,1.0,structured_dropout_30|imu
embracenet_fasca_kd,51,4,structured_dropout_30,fp,1.0,structured_dropout_30|fp
embracenet_fasca_kd,51,5,structured_dropout_30,fp,1.0,structured_dropout_30|fp
embracenet_fasca_kd,51,6,structured_dropout_30,fp,1.0,structured_dropout_30|fp
embracenet_fasca_kd,51,9,structured_dropout_30,fp,1.0,structured_dropout_30|fp
embracenet_fasca_kd,51,17,structured_dropout_30,fp,1.0,structured_dropout_30|fp
embracenet_fasca_kd,51,18,structured_dropout_30,fp,1.0,structured_dropout_30|fp
embracenet_fasca_kd,51,32,structured_dropout_30,fp,0.6666666666666666,structured_dropout_30|fp
embracenet_fasca_kd,51,33,structured_dropout_30,fp,1.0,structured_dropout_30|fp
embracenet_fasca_kd,51,35,structured_dropout_30,fp,1.0,structured_dropout_30|fp
embracenet_fasca_kd,51,44,structured_dropout_30,fp,1.0,structured_dropout_30|fp
embracenet_fasca_kd,51,53,structured_dropout_30,fp,1.0,structured_dropout_30|fp
embracenet_fasca_kd,51,4,structured_dropout_30,eeg+emg+imu+fp,1.0,structured_dropout_30|eeg+emg+imu+fp
embracenet_fasca_kd,51,5,structured_dropout_30,eeg+emg+imu+fp,1.0,structured_dropout_30|eeg+emg+imu+fp
embracenet_fasca_kd,51,6,structured_dropout_30,eeg+emg+imu+fp,0.2222222222222222,structured_dropout_30|eeg+emg+imu+fp
embracenet_fasca_kd,51,9,structured_dropout_30,eeg+emg+imu+fp,1.0,structured_dropout_30|eeg+emg+imu+fp
embracenet_fasca_kd,51,17,structured_dropout_30,eeg+emg+imu+fp,0.2222222222222222,structured_dropout_30|eeg+emg+imu+fp
embracenet_fasca_kd,51,18,structured_dropout_30,eeg+emg+imu+fp,0.2222222222222222,structured_dropout_30|eeg+emg+imu+fp
embracenet_fasca_kd,51,32,structured_dropout_30,eeg+emg+imu+fp,0.6666666666666666,structured_dropout_30|eeg+emg+imu+fp
embracenet_fasca_kd,51,33,structured_dropout_30,eeg+emg+imu+fp,0.5555555555555555,structured_dropout_30|eeg+emg+imu+fp
embracenet_fasca_kd,51,35,structured_dropout_30,eeg+emg+imu+fp,0.5555555555555555,structured_dropout_30|eeg+emg+imu+fp
embracenet_fasca_kd,51,44,structured_dropout_30,eeg+emg+imu+fp,0.5555555555555555,structured_dropout_30|eeg+emg+imu+fp
embracenet_fasca_kd,51,53,structured_dropout_30,eeg+emg+imu+fp,0.5555555555555555,structured_dropout_30|eeg+emg+imu+fp
embracenet_fasca_kd,51,4,packet_loss_30,eeg,1.0,packet_loss_30|eeg
embracenet_fasca_kd,51,5,packet_loss_30,eeg,1.0,packet_loss_30|eeg
embracenet_fasca_kd,51,6,packet_loss_30,eeg,1.0,packet_loss_30|eeg
embracenet_fasca_kd,51,9,packet_loss_30,eeg,1.0,packet_loss_30|eeg
embracenet_fasca_kd,51,17,packet_loss_30,eeg,1.0,packet_loss_30|eeg
embracenet_fasca_kd,51,18,packet_loss_30,eeg,1.0,packet_loss_30|eeg
embracenet_fasca_kd,51,32,packet_loss_30,eeg,0.6666666666666666,packet_loss_30|eeg
embracenet_fasca_kd,51,33,packet_loss_30,eeg,1.0,packet_loss_30|eeg
embracenet_fasca_kd,51,35,packet_loss_30,eeg,1.0,packet_loss_30|eeg
embracenet_fasca_kd,51,44,packet_loss_30,eeg,1.0,packet_loss_30|eeg
embracenet_fasca_kd,51,53,packet_loss_30,eeg,1.0,packet_loss_30|eeg
embracenet_fasca_kd,51,4,packet_loss_30,emg,1.0,packet_loss_30|emg
embracenet_fasca_kd,51,5,packet_loss_30,emg,1.0,packet_loss_30|emg
embracenet_fasca_kd,51,6,packet_loss_30,emg,1.0,packet_loss_30|emg
embracenet_fasca_kd,51,9,packet_loss_30,emg,1.0,packet_loss_30|emg
embracenet_fasca_kd,51,17,packet_loss_30,emg,1.0,packet_loss_30|emg
embracenet_fasca_kd,51,18,packet_loss_30,emg,1.0,packet_loss_30|emg
embracenet_fasca_kd,51,32,packet_loss_30,emg,0.6666666666666666,packet_loss_30|emg
embracenet_fasca_kd,51,33,packet_loss_30,emg,1.0,packet_loss_30|emg
embracenet_fasca_kd,51,35,packet_loss_30,emg,1.0,packet_loss_30|emg
embracenet_fasca_kd,51,44,packet_loss_30,emg,1.0,packet_loss_30|emg
embracenet_fasca_kd,51,53,packet_loss_30,emg,1.0,packet_loss_30|emg
embracenet_fasca_kd,51,4,packet_loss_30,imu,1.0,packet_loss_30|imu
embracenet_fasca_kd,51,5,packet_loss_30,imu,1.0,packet_loss_30|imu
embracenet_fasca_kd,51,6,packet_loss_30,imu,0.5555555555555555,packet_loss_30|imu
embracenet_fasca_kd,51,9,packet_loss_30,imu,1.0,packet_loss_30|imu
embracenet_fasca_kd,51,17,packet_loss_30,imu,0.5555555555555555,packet_loss_30|imu
embracenet_fasca_kd,51,18,packet_loss_30,imu,0.5555555555555555,packet_loss_30|imu
embracenet_fasca_kd,51,32,packet_loss_30,imu,0.6666666666666666,packet_loss_30|imu
embracenet_fasca_kd,51,33,packet_loss_30,imu,1.0,packet_loss_30|imu
embracenet_fasca_kd,51,35,packet_loss_30,imu,1.0,packet_loss_30|imu
embracenet_fasca_kd,51,44,packet_loss_30,imu,1.0,packet_loss_30|imu
embracenet_fasca_kd,51,53,packet_loss_30,imu,1.0,packet_loss_30|imu
embracenet_fasca_kd,51,4,packet_loss_30,fp,1.0,packet_loss_30|fp
embracenet_fasca_kd,51,5,packet_loss_30,fp,1.0,packet_loss_30|fp
embracenet_fasca_kd,51,6,packet_loss_30,fp,1.0,packet_loss_30|fp
embracenet_fasca_kd,51,9,packet_loss_30,fp,1.0,packet_loss_30|fp
embracenet_fasca_kd,51,17,packet_loss_30,fp,1.0,packet_loss_30|fp
embracenet_fasca_kd,51,18,packet_loss_30,fp,1.0,packet_loss_30|fp
embracenet_fasca_kd,51,32,packet_loss_30,fp,0.6666666666666666,packet_loss_30|fp
embracenet_fasca_kd,51,33,packet_loss_30,fp,1.0,packet_loss_30|fp
embracenet_fasca_kd,51,35,packet_loss_30,fp,1.0,packet_loss_30|fp
embracenet_fasca_kd,51,44,packet_loss_30,fp,1.0,packet_loss_30|fp
embracenet_fasca_kd,51,53,packet_loss_30,fp,1.0,packet_loss_30|fp
embracenet_fasca_kd,51,4,packet_loss_30,eeg+emg+imu+fp,1.0,packet_loss_30|eeg+emg+imu+fp
embracenet_fasca_kd,51,5,packet_loss_30,eeg+emg+imu+fp,1.0,packet_loss_30|eeg+emg+imu+fp
embracenet_fasca_kd,51,6,packet_loss_30,eeg+emg+imu+fp,1.0,packet_loss_30|eeg+emg+imu+fp
embracenet_fasca_kd,51,9,packet_loss_30,eeg+emg+imu+fp,1.0,packet_loss_30|eeg+emg+imu+fp
embracenet_fasca_kd,51,17,packet_loss_30,eeg+emg+imu+fp,0.5555555555555555,packet_loss_30|eeg+emg+imu+fp
embracenet_fasca_kd,51,18,packet_loss_30,eeg+emg+imu+fp,0.5555555555555555,packet_loss_30|eeg+emg+imu+fp
embracenet_fasca_kd,51,32,packet_loss_30,eeg+emg+imu+fp,0.6666666666666666,packet_loss_30|eeg+emg+imu+fp
embracenet_fasca_kd,51,33,packet_loss_30,eeg+emg+imu+fp,1.0,packet_loss_30|eeg+emg+imu+fp
embracenet_fasca_kd,51,35,packet_loss_30,eeg+emg+imu+fp,0.5555555555555555,packet_loss_30|eeg+emg+imu+fp
embracenet_fasca_kd,51,44,packet_loss_30,eeg+emg+imu+fp,0.5555555555555555,packet_loss_30|eeg+emg+imu+fp
embracenet_fasca_kd,51,53,packet_loss_30,eeg+emg+imu+fp,1.0,packet_loss_30|eeg+emg+imu+fp
embracenet_fasca_kd,51,4,shift_250ms,eeg,1.0,shift_250ms|eeg
embracenet_fasca_kd,51,5,shift_250ms,eeg,1.0,shift_250ms|eeg
embracenet_fasca_kd,51,6,shift_250ms,eeg,1.0,shift_250ms|eeg
embracenet_fasca_kd,51,9,shift_250ms,eeg,1.0,shift_250ms|eeg
embracenet_fasca_kd,51,17,shift_250ms,eeg,1.0,shift_250ms|eeg
embracenet_fasca_kd,51,18,shift_250ms,eeg,1.0,shift_250ms|eeg
embracenet_fasca_kd,51,32,shift_250ms,eeg,0.6666666666666666,shift_250ms|eeg
embracenet_fasca_kd,51,33,shift_250ms,eeg,1.0,shift_250ms|eeg
embracenet_fasca_kd,51,35,shift_250ms,eeg,1.0,shift_250ms|eeg
embracenet_fasca_kd,51,44,shift_250ms,eeg,1.0,shift_250ms|eeg
embracenet_fasca_kd,51,53,shift_250ms,eeg,1.0,shift_250ms|eeg
embracenet_fasca_kd,51,4,shift_250ms,emg,1.0,shift_250ms|emg
embracenet_fasca_kd,51,5,shift_250ms,emg,1.0,shift_250ms|emg
embracenet_fasca_kd,51,6,shift_250ms,emg,1.0,shift_250ms|emg
embracenet_fasca_kd,51,9,shift_250ms,emg,1.0,shift_250ms|emg
embracenet_fasca_kd,51,17,shift_250ms,emg,1.0,shift_250ms|emg
embracenet_fasca_kd,51,18,shift_250ms,emg,1.0,shift_250ms|emg
embracenet_fasca_kd,51,32,shift_250ms,emg,0.6666666666666666,shift_250ms|emg
embracenet_fasca_kd,51,33,shift_250ms,emg,1.0,shift_250ms|emg
embracenet_fasca_kd,51,35,shift_250ms,emg,1.0,shift_250ms|emg
embracenet_fasca_kd,51,44,shift_250ms,emg,1.0,shift_250ms|emg
embracenet_fasca_kd,51,53,shift_250ms,emg,1.0,shift_250ms|emg
embracenet_fasca_kd,51,4,shift_250ms,imu,1.0,shift_250ms|imu
embracenet_fasca_kd,51,5,shift_250ms,imu,1.0,shift_250ms|imu
embracenet_fasca_kd,51,6,shift_250ms,imu,1.0,shift_250ms|imu
embracenet_fasca_kd,51,9,shift_250ms,imu,1.0,shift_250ms|imu
embracenet_fasca_kd,51,17,shift_250ms,imu,1.0,shift_250ms|imu
embracenet_fasca_kd,51,18,shift_250ms,imu,1.0,shift_250ms|imu
embracenet_fasca_kd,51,32,shift_250ms,imu,0.6666666666666666,shift_250ms|imu
embracenet_fasca_kd,51,33,shift_250ms,imu,1.0,shift_250ms|imu
embracenet_fasca_kd,51,35,shift_250ms,imu,1.0,shift_250ms|imu
embracenet_fasca_kd,51,44,shift_250ms,imu,1.0,shift_250ms|imu
embracenet_fasca_kd,51,53,shift_250ms,imu,1.0,shift_250ms|imu
embracenet_fasca_kd,51,4,shift_250ms,fp,1.0,shift_250ms|fp
embracenet_fasca_kd,51,5,shift_250ms,fp,1.0,shift_250ms|fp
embracenet_fasca_kd,51,6,shift_250ms,fp,1.0,shift_250ms|fp
embracenet_fasca_kd,51,9,shift_250ms,fp,1.0,shift_250ms|fp
embracenet_fasca_kd,51,17,shift_250ms,fp,1.0,shift_250ms|fp
embracenet_fasca_kd,51,18,shift_250ms,fp,1.0,shift_250ms|fp
embracenet_fasca_kd,51,32,shift_250ms,fp,0.6666666666666666,shift_250ms|fp
embracenet_fasca_kd,51,33,shift_250ms,fp,1.0,shift_250ms|fp
embracenet_fasca_kd,51,35,shift_250ms,fp,1.0,shift_250ms|fp
embracenet_fasca_kd,51,44,shift_250ms,fp,1.0,shift_250ms|fp
embracenet_fasca_kd,51,53,shift_250ms,fp,1.0,shift_250ms|fp
embracenet_fasca_kd,51,4,shift_250ms,eeg+emg+imu+fp,1.0,shift_250ms|eeg+emg+imu+fp
embracenet_fasca_kd,51,5,shift_250ms,eeg+emg+imu+fp,1.0,shift_250ms|eeg+emg+imu+fp
embracenet_fasca_kd,51,6,shift_250ms,eeg+emg+imu+fp,1.0,shift_250ms|eeg+emg+imu+fp
embracenet_fasca_kd,51,9,shift_250ms,eeg+emg+imu+fp,1.0,shift_250ms|eeg+emg+imu+fp
embracenet_fasca_kd,51,17,shift_250ms,eeg+emg+imu+fp,1.0,shift_250ms|eeg+emg+imu+fp
embracenet_fasca_kd,51,18,shift_250ms,eeg+emg+imu+fp,1.0,shift_250ms|eeg+emg+imu+fp
embracenet_fasca_kd,51,32,shift_250ms,eeg+emg+imu+fp,0.6666666666666666,shift_250ms|eeg+emg+imu+fp
embracenet_fasca_kd,51,33,shift_250ms,eeg+emg+imu+fp,1.0,shift_250ms|eeg+emg+imu+fp
embracenet_fasca_kd,51,35,shift_250ms,eeg+emg+imu+fp,1.0,shift_250ms|eeg+emg+imu+fp
embracenet_fasca_kd,51,44,shift_250ms,eeg+emg+imu+fp,1.0,shift_250ms|eeg+emg+imu+fp
embracenet_fasca_kd,51,53,shift_250ms,eeg+emg+imu+fp,1.0,shift_250ms|eeg+emg+imu+fp
embracenet_fasca_kd,51,4,gain_1.5,eeg,1.0,gain_1.5|eeg
embracenet_fasca_kd,51,5,gain_1.5,eeg,1.0,gain_1.5|eeg
embracenet_fasca_kd,51,6,gain_1.5,eeg,1.0,gain_1.5|eeg
embracenet_fasca_kd,51,9,gain_1.5,eeg,1.0,gain_1.5|eeg
embracenet_fasca_kd,51,17,gain_1.5,eeg,1.0,gain_1.5|eeg
embracenet_fasca_kd,51,18,gain_1.5,eeg,1.0,gain_1.5|eeg
embracenet_fasca_kd,51,32,gain_1.5,eeg,0.6666666666666666,gain_1.5|eeg
embracenet_fasca_kd,51,33,gain_1.5,eeg,1.0,gain_1.5|eeg
embracenet_fasca_kd,51,35,gain_1.5,eeg,1.0,gain_1.5|eeg
embracenet_fasca_kd,51,44,gain_1.5,eeg,1.0,gain_1.5|eeg
embracenet_fasca_kd,51,53,gain_1.5,eeg,1.0,gain_1.5|eeg
embracenet_fasca_kd,51,4,gain_1.5,emg,1.0,gain_1.5|emg
embracenet_fasca_kd,51,5,gain_1.5,emg,1.0,gain_1.5|emg
embracenet_fasca_kd,51,6,gain_1.5,emg,1.0,gain_1.5|emg
embracenet_fasca_kd,51,9,gain_1.5,emg,1.0,gain_1.5|emg
embracenet_fasca_kd,51,17,gain_1.5,emg,1.0,gain_1.5|emg
embracenet_fasca_kd,51,18,gain_1.5,emg,1.0,gain_1.5|emg
embracenet_fasca_kd,51,32,gain_1.5,emg,0.6666666666666666,gain_1.5|emg
embracenet_fasca_kd,51,33,gain_1.5,emg,1.0,gain_1.5|emg
embracenet_fasca_kd,51,35,gain_1.5,emg,1.0,gain_1.5|emg
embracenet_fasca_kd,51,44,gain_1.5,emg,1.0,gain_1.5|emg
embracenet_fasca_kd,51,53,gain_1.5,emg,1.0,gain_1.5|emg
embracenet_fasca_kd,51,4,gain_1.5,imu,1.0,gain_1.5|imu
embracenet_fasca_kd,51,5,gain_1.5,imu,0.2222222222222222,gain_1.5|imu
embracenet_fasca_kd,51,6,gain_1.5,imu,1.0,gain_1.5|imu
embracenet_fasca_kd,51,9,gain_1.5,imu,0.5555555555555555,gain_1.5|imu
embracenet_fasca_kd,51,17,gain_1.5,imu,1.0,gain_1.5|imu
embracenet_fasca_kd,51,18,gain_1.5,imu,1.0,gain_1.5|imu
embracenet_fasca_kd,51,32,gain_1.5,imu,0.3333333333333333,gain_1.5|imu
embracenet_fasca_kd,51,33,gain_1.5,imu,0.2222222222222222,gain_1.5|imu
embracenet_fasca_kd,51,35,gain_1.5,imu,0.5555555555555555,gain_1.5|imu
embracenet_fasca_kd,51,44,gain_1.5,imu,0.5555555555555555,gain_1.5|imu
embracenet_fasca_kd,51,53,gain_1.5,imu,0.2222222222222222,gain_1.5|imu
embracenet_fasca_kd,51,4,gain_1.5,fp,1.0,gain_1.5|fp
embracenet_fasca_kd,51,5,gain_1.5,fp,1.0,gain_1.5|fp
embracenet_fasca_kd,51,6,gain_1.5,fp,1.0,gain_1.5|fp
embracenet_fasca_kd,51,9,gain_1.5,fp,1.0,gain_1.5|fp
embracenet_fasca_kd,51,17,gain_1.5,fp,1.0,gain_1.5|fp
embracenet_fasca_kd,51,18,gain_1.5,fp,1.0,gain_1.5|fp
embracenet_fasca_kd,51,32,gain_1.5,fp,0.6666666666666666,gain_1.5|fp
embracenet_fasca_kd,51,33,gain_1.5,fp,1.0,gain_1.5|fp
embracenet_fasca_kd,51,35,gain_1.5,fp,1.0,gain_1.5|fp
embracenet_fasca_kd,51,44,gain_1.5,fp,1.0,gain_1.5|fp
embracenet_fasca_kd,51,53,gain_1.5,fp,1.0,gain_1.5|fp
embracenet_fasca_kd,51,4,gain_1.5,eeg+emg+imu+fp,0.2222222222222222,gain_1.5|eeg+emg+imu+fp
embracenet_fasca_kd,51,5,gain_1.5,eeg+emg+imu+fp,0.2222222222222222,gain_1.5|eeg+emg+imu+fp
embracenet_fasca_kd,51,6,gain_1.5,eeg+emg+imu+fp,1.0,gain_1.5|eeg+emg+imu+fp
embracenet_fasca_kd,51,9,gain_1.5,eeg+emg+imu+fp,0.2222222222222222,gain_1.5|eeg+emg+imu+fp
embracenet_fasca_kd,51,17,gain_1.5,eeg+emg+imu+fp,1.0,gain_1.5|eeg+emg+imu+fp
embracenet_fasca_kd,51,18,gain_1.5,eeg+emg+imu+fp,1.0,gain_1.5|eeg+emg+imu+fp
embracenet_fasca_kd,51,32,gain_1.5,eeg+emg+imu+fp,0.0,gain_1.5|eeg+emg+imu+fp
embracenet_fasca_kd,51,33,gain_1.5,eeg+emg+imu+fp,0.2222222222222222,gain_1.5|eeg+emg+imu+fp
embracenet_fasca_kd,51,35,gain_1.5,eeg+emg+imu+fp,0.5555555555555555,gain_1.5|eeg+emg+imu+fp
embracenet_fasca_kd,51,44,gain_1.5,eeg+emg+imu+fp,0.2222222222222222,gain_1.5|eeg+emg+imu+fp
embracenet_fasca_kd,51,53,gain_1.5,eeg+emg+imu+fp,0.2222222222222222,gain_1.5|eeg+emg+imu+fp
embracenet_fasca_kd,52,4,clean,none,1.0,clean|none
embracenet_fasca_kd,52,5,clean,none,1.0,clean|none
embracenet_fasca_kd,52,6,clean,none,1.0,clean|none
embracenet_fasca_kd,52,9,clean,none,1.0,clean|none
embracenet_fasca_kd,52,17,clean,none,1.0,clean|none
embracenet_fasca_kd,52,18,clean,none,1.0,clean|none
embracenet_fasca_kd,52,32,clean,none,0.6666666666666666,clean|none
embracenet_fasca_kd,52,33,clean,none,1.0,clean|none
embracenet_fasca_kd,52,35,clean,none,1.0,clean|none
embracenet_fasca_kd,52,44,clean,none,1.0,clean|none
embracenet_fasca_kd,52,53,clean,none,1.0,clean|none
embracenet_fasca_kd,52,4,noise_10db,eeg,1.0,noise_10db|eeg
embracenet_fasca_kd,52,5,noise_10db,eeg,1.0,noise_10db|eeg
embracenet_fasca_kd,52,6,noise_10db,eeg,1.0,noise_10db|eeg
embracenet_fasca_kd,52,9,noise_10db,eeg,1.0,noise_10db|eeg
embracenet_fasca_kd,52,17,noise_10db,eeg,1.0,noise_10db|eeg
embracenet_fasca_kd,52,18,noise_10db,eeg,1.0,noise_10db|eeg
embracenet_fasca_kd,52,32,noise_10db,eeg,0.6666666666666666,noise_10db|eeg
embracenet_fasca_kd,52,33,noise_10db,eeg,1.0,noise_10db|eeg
embracenet_fasca_kd,52,35,noise_10db,eeg,1.0,noise_10db|eeg
embracenet_fasca_kd,52,44,noise_10db,eeg,1.0,noise_10db|eeg
embracenet_fasca_kd,52,53,noise_10db,eeg,1.0,noise_10db|eeg
embracenet_fasca_kd,52,4,noise_10db,emg,1.0,noise_10db|emg
embracenet_fasca_kd,52,5,noise_10db,emg,1.0,noise_10db|emg
embracenet_fasca_kd,52,6,noise_10db,emg,1.0,noise_10db|emg
embracenet_fasca_kd,52,9,noise_10db,emg,1.0,noise_10db|emg
embracenet_fasca_kd,52,17,noise_10db,emg,1.0,noise_10db|emg
embracenet_fasca_kd,52,18,noise_10db,emg,1.0,noise_10db|emg
embracenet_fasca_kd,52,32,noise_10db,emg,0.6666666666666666,noise_10db|emg
embracenet_fasca_kd,52,33,noise_10db,emg,1.0,noise_10db|emg
embracenet_fasca_kd,52,35,noise_10db,emg,1.0,noise_10db|emg
embracenet_fasca_kd,52,44,noise_10db,emg,1.0,noise_10db|emg
embracenet_fasca_kd,52,53,noise_10db,emg,1.0,noise_10db|emg
embracenet_fasca_kd,52,4,noise_10db,imu,1.0,noise_10db|imu
embracenet_fasca_kd,52,5,noise_10db,imu,1.0,noise_10db|imu
embracenet_fasca_kd,52,6,noise_10db,imu,1.0,noise_10db|imu
embracenet_fasca_kd,52,9,noise_10db,imu,1.0,noise_10db|imu
embracenet_fasca_kd,52,17,noise_10db,imu,1.0,noise_10db|imu
embracenet_fasca_kd,52,18,noise_10db,imu,1.0,noise_10db|imu
embracenet_fasca_kd,52,32,noise_10db,imu,0.6666666666666666,noise_10db|imu
embracenet_fasca_kd,52,33,noise_10db,imu,1.0,noise_10db|imu
embracenet_fasca_kd,52,35,noise_10db,imu,1.0,noise_10db|imu
embracenet_fasca_kd,52,44,noise_10db,imu,1.0,noise_10db|imu
embracenet_fasca_kd,52,53,noise_10db,imu,1.0,noise_10db|imu
embracenet_fasca_kd,52,4,noise_10db,fp,1.0,noise_10db|fp
embracenet_fasca_kd,52,5,noise_10db,fp,1.0,noise_10db|fp
embracenet_fasca_kd,52,6,noise_10db,fp,1.0,noise_10db|fp
embracenet_fasca_kd,52,9,noise_10db,fp,1.0,noise_10db|fp
embracenet_fasca_kd,52,17,noise_10db,fp,1.0,noise_10db|fp
embracenet_fasca_kd,52,18,noise_10db,fp,1.0,noise_10db|fp
embracenet_fasca_kd,52,32,noise_10db,fp,0.6666666666666666,noise_10db|fp
embracenet_fasca_kd,52,33,noise_10db,fp,1.0,noise_10db|fp
embracenet_fasca_kd,52,35,noise_10db,fp,1.0,noise_10db|fp
embracenet_fasca_kd,52,44,noise_10db,fp,1.0,noise_10db|fp
embracenet_fasca_kd,52,53,noise_10db,fp,1.0,noise_10db|fp
embracenet_fasca_kd,52,4,noise_10db,eeg+emg+imu+fp,1.0,noise_10db|eeg+emg+imu+fp
embracenet_fasca_kd,52,5,noise_10db,eeg+emg+imu+fp,0.5555555555555555,noise_10db|eeg+emg+imu+fp
embracenet_fasca_kd,52,6,noise_10db,eeg+emg+imu+fp,1.0,noise_10db|eeg+emg+imu+fp
embracenet_fasca_kd,52,9,noise_10db,eeg+emg+imu+fp,1.0,noise_10db|eeg+emg+imu+fp
embracenet_fasca_kd,52,17,noise_10db,eeg+emg+imu+fp,1.0,noise_10db|eeg+emg+imu+fp
embracenet_fasca_kd,52,18,noise_10db,eeg+emg+imu+fp,1.0,noise_10db|eeg+emg+imu+fp
embracenet_fasca_kd,52,32,noise_10db,eeg+emg+imu+fp,0.6666666666666666,noise_10db|eeg+emg+imu+fp
embracenet_fasca_kd,52,33,noise_10db,eeg+emg+imu+fp,1.0,noise_10db|eeg+emg+imu+fp
embracenet_fasca_kd,52,35,noise_10db,eeg+emg+imu+fp,1.0,noise_10db|eeg+emg+imu+fp
embracenet_fasca_kd,52,44,noise_10db,eeg+emg+imu+fp,1.0,noise_10db|eeg+emg+imu+fp
embracenet_fasca_kd,52,53,noise_10db,eeg+emg+imu+fp,1.0,noise_10db|eeg+emg+imu+fp
embracenet_fasca_kd,52,4,channel_dropout_30,eeg,1.0,channel_dropout_30|eeg
embracenet_fasca_kd,52,5,channel_dropout_30,eeg,1.0,channel_dropout_30|eeg
embracenet_fasca_kd,52,6,channel_dropout_30,eeg,1.0,channel_dropout_30|eeg
embracenet_fasca_kd,52,9,channel_dropout_30,eeg,1.0,channel_dropout_30|eeg
embracenet_fasca_kd,52,17,channel_dropout_30,eeg,1.0,channel_dropout_30|eeg
embracenet_fasca_kd,52,18,channel_dropout_30,eeg,1.0,channel_dropout_30|eeg
embracenet_fasca_kd,52,32,channel_dropout_30,eeg,0.6666666666666666,channel_dropout_30|eeg
embracenet_fasca_kd,52,33,channel_dropout_30,eeg,1.0,channel_dropout_30|eeg
embracenet_fasca_kd,52,35,channel_dropout_30,eeg,1.0,channel_dropout_30|eeg
embracenet_fasca_kd,52,44,channel_dropout_30,eeg,1.0,channel_dropout_30|eeg
embracenet_fasca_kd,52,53,channel_dropout_30,eeg,1.0,channel_dropout_30|eeg
embracenet_fasca_kd,52,4,channel_dropout_30,emg,1.0,channel_dropout_30|emg
embracenet_fasca_kd,52,5,channel_dropout_30,emg,1.0,channel_dropout_30|emg
embracenet_fasca_kd,52,6,channel_dropout_30,emg,1.0,channel_dropout_30|emg
embracenet_fasca_kd,52,9,channel_dropout_30,emg,1.0,channel_dropout_30|emg
embracenet_fasca_kd,52,17,channel_dropout_30,emg,1.0,channel_dropout_30|emg
embracenet_fasca_kd,52,18,channel_dropout_30,emg,1.0,channel_dropout_30|emg
embracenet_fasca_kd,52,32,channel_dropout_30,emg,0.6666666666666666,channel_dropout_30|emg
embracenet_fasca_kd,52,33,channel_dropout_30,emg,1.0,channel_dropout_30|emg
embracenet_fasca_kd,52,35,channel_dropout_30,emg,1.0,channel_dropout_30|emg
embracenet_fasca_kd,52,44,channel_dropout_30,emg,1.0,channel_dropout_30|emg
embracenet_fasca_kd,52,53,channel_dropout_30,emg,1.0,channel_dropout_30|emg
embracenet_fasca_kd,52,4,channel_dropout_30,imu,0.5555555555555555,channel_dropout_30|imu
embracenet_fasca_kd,52,5,channel_dropout_30,imu,1.0,channel_dropout_30|imu
embracenet_fasca_kd,52,6,channel_dropout_30,imu,0.2222222222222222,channel_dropout_30|imu
embracenet_fasca_kd,52,9,channel_dropout_30,imu,1.0,channel_dropout_30|imu
embracenet_fasca_kd,52,17,channel_dropout_30,imu,0.2222222222222222,channel_dropout_30|imu
embracenet_fasca_kd,52,18,channel_dropout_30,imu,0.5555555555555555,channel_dropout_30|imu
embracenet_fasca_kd,52,32,channel_dropout_30,imu,0.6666666666666666,channel_dropout_30|imu
embracenet_fasca_kd,52,33,channel_dropout_30,imu,1.0,channel_dropout_30|imu
embracenet_fasca_kd,52,35,channel_dropout_30,imu,1.0,channel_dropout_30|imu
embracenet_fasca_kd,52,44,channel_dropout_30,imu,1.0,channel_dropout_30|imu
embracenet_fasca_kd,52,53,channel_dropout_30,imu,1.0,channel_dropout_30|imu
embracenet_fasca_kd,52,4,channel_dropout_30,fp,1.0,channel_dropout_30|fp
embracenet_fasca_kd,52,5,channel_dropout_30,fp,1.0,channel_dropout_30|fp
embracenet_fasca_kd,52,6,channel_dropout_30,fp,1.0,channel_dropout_30|fp
embracenet_fasca_kd,52,9,channel_dropout_30,fp,1.0,channel_dropout_30|fp
embracenet_fasca_kd,52,17,channel_dropout_30,fp,1.0,channel_dropout_30|fp
embracenet_fasca_kd,52,18,channel_dropout_30,fp,1.0,channel_dropout_30|fp
embracenet_fasca_kd,52,32,channel_dropout_30,fp,0.6666666666666666,channel_dropout_30|fp
embracenet_fasca_kd,52,33,channel_dropout_30,fp,1.0,channel_dropout_30|fp
embracenet_fasca_kd,52,35,channel_dropout_30,fp,1.0,channel_dropout_30|fp
embracenet_fasca_kd,52,44,channel_dropout_30,fp,1.0,channel_dropout_30|fp
embracenet_fasca_kd,52,53,channel_dropout_30,fp,1.0,channel_dropout_30|fp
embracenet_fasca_kd,52,4,channel_dropout_30,eeg+emg+imu+fp,0.2222222222222222,channel_dropout_30|eeg+emg+imu+fp
embracenet_fasca_kd,52,5,channel_dropout_30,eeg+emg+imu+fp,0.5555555555555555,channel_dropout_30|eeg+emg+imu+fp
embracenet_fasca_kd,52,6,channel_dropout_30,eeg+emg+imu+fp,0.5555555555555555,channel_dropout_30|eeg+emg+imu+fp
embracenet_fasca_kd,52,9,channel_dropout_30,eeg+emg+imu+fp,1.0,channel_dropout_30|eeg+emg+imu+fp
embracenet_fasca_kd,52,17,channel_dropout_30,eeg+emg+imu+fp,0.2222222222222222,channel_dropout_30|eeg+emg+imu+fp
embracenet_fasca_kd,52,18,channel_dropout_30,eeg+emg+imu+fp,0.2222222222222222,channel_dropout_30|eeg+emg+imu+fp
embracenet_fasca_kd,52,32,channel_dropout_30,eeg+emg+imu+fp,0.6666666666666666,channel_dropout_30|eeg+emg+imu+fp
embracenet_fasca_kd,52,33,channel_dropout_30,eeg+emg+imu+fp,1.0,channel_dropout_30|eeg+emg+imu+fp
embracenet_fasca_kd,52,35,channel_dropout_30,eeg+emg+imu+fp,0.2222222222222222,channel_dropout_30|eeg+emg+imu+fp
embracenet_fasca_kd,52,44,channel_dropout_30,eeg+emg+imu+fp,1.0,channel_dropout_30|eeg+emg+imu+fp
embracenet_fasca_kd,52,53,channel_dropout_30,eeg+emg+imu+fp,1.0,channel_dropout_30|eeg+emg+imu+fp
embracenet_fasca_kd,52,4,structured_dropout_30,eeg,1.0,structured_dropout_30|eeg
embracenet_fasca_kd,52,5,structured_dropout_30,eeg,1.0,structured_dropout_30|eeg
embracenet_fasca_kd,52,6,structured_dropout_30,eeg,1.0,structured_dropout_30|eeg
embracenet_fasca_kd,52,9,structured_dropout_30,eeg,1.0,structured_dropout_30|eeg
embracenet_fasca_kd,52,17,structured_dropout_30,eeg,1.0,structured_dropout_30|eeg
embracenet_fasca_kd,52,18,structured_dropout_30,eeg,1.0,structured_dropout_30|eeg
embracenet_fasca_kd,52,32,structured_dropout_30,eeg,0.6666666666666666,structured_dropout_30|eeg
embracenet_fasca_kd,52,33,structured_dropout_30,eeg,1.0,structured_dropout_30|eeg
embracenet_fasca_kd,52,35,structured_dropout_30,eeg,1.0,structured_dropout_30|eeg
embracenet_fasca_kd,52,44,structured_dropout_30,eeg,1.0,structured_dropout_30|eeg
embracenet_fasca_kd,52,53,structured_dropout_30,eeg,1.0,structured_dropout_30|eeg
embracenet_fasca_kd,52,4,structured_dropout_30,emg,1.0,structured_dropout_30|emg
embracenet_fasca_kd,52,5,structured_dropout_30,emg,1.0,structured_dropout_30|emg
embracenet_fasca_kd,52,6,structured_dropout_30,emg,0.5555555555555555,structured_dropout_30|emg
embracenet_fasca_kd,52,9,structured_dropout_30,emg,1.0,structured_dropout_30|emg
embracenet_fasca_kd,52,17,structured_dropout_30,emg,1.0,structured_dropout_30|emg
embracenet_fasca_kd,52,18,structured_dropout_30,emg,1.0,structured_dropout_30|emg
embracenet_fasca_kd,52,32,structured_dropout_30,emg,0.6666666666666666,structured_dropout_30|emg
embracenet_fasca_kd,52,33,structured_dropout_30,emg,1.0,structured_dropout_30|emg
embracenet_fasca_kd,52,35,structured_dropout_30,emg,1.0,structured_dropout_30|emg
embracenet_fasca_kd,52,44,structured_dropout_30,emg,1.0,structured_dropout_30|emg
embracenet_fasca_kd,52,53,structured_dropout_30,emg,1.0,structured_dropout_30|emg
embracenet_fasca_kd,52,4,structured_dropout_30,imu,1.0,structured_dropout_30|imu
embracenet_fasca_kd,52,5,structured_dropout_30,imu,1.0,structured_dropout_30|imu
embracenet_fasca_kd,52,6,structured_dropout_30,imu,0.5555555555555555,structured_dropout_30|imu
embracenet_fasca_kd,52,9,structured_dropout_30,imu,1.0,structured_dropout_30|imu
embracenet_fasca_kd,52,17,structured_dropout_30,imu,1.0,structured_dropout_30|imu
embracenet_fasca_kd,52,18,structured_dropout_30,imu,1.0,structured_dropout_30|imu
embracenet_fasca_kd,52,32,structured_dropout_30,imu,0.6666666666666666,structured_dropout_30|imu
embracenet_fasca_kd,52,33,structured_dropout_30,imu,1.0,structured_dropout_30|imu
embracenet_fasca_kd,52,35,structured_dropout_30,imu,1.0,structured_dropout_30|imu
embracenet_fasca_kd,52,44,structured_dropout_30,imu,1.0,structured_dropout_30|imu
embracenet_fasca_kd,52,53,structured_dropout_30,imu,1.0,structured_dropout_30|imu
embracenet_fasca_kd,52,4,structured_dropout_30,fp,1.0,structured_dropout_30|fp
embracenet_fasca_kd,52,5,structured_dropout_30,fp,1.0,structured_dropout_30|fp
embracenet_fasca_kd,52,6,structured_dropout_30,fp,1.0,structured_dropout_30|fp
embracenet_fasca_kd,52,9,structured_dropout_30,fp,1.0,structured_dropout_30|fp
embracenet_fasca_kd,52,17,structured_dropout_30,fp,1.0,structured_dropout_30|fp
embracenet_fasca_kd,52,18,structured_dropout_30,fp,1.0,structured_dropout_30|fp
embracenet_fasca_kd,52,32,structured_dropout_30,fp,0.6666666666666666,structured_dropout_30|fp
embracenet_fasca_kd,52,33,structured_dropout_30,fp,1.0,structured_dropout_30|fp
embracenet_fasca_kd,52,35,structured_dropout_30,fp,1.0,structured_dropout_30|fp
embracenet_fasca_kd,52,44,structured_dropout_30,fp,1.0,structured_dropout_30|fp
embracenet_fasca_kd,52,53,structured_dropout_30,fp,1.0,structured_dropout_30|fp
embracenet_fasca_kd,52,4,structured_dropout_30,eeg+emg+imu+fp,1.0,structured_dropout_30|eeg+emg+imu+fp
embracenet_fasca_kd,52,5,structured_dropout_30,eeg+emg+imu+fp,1.0,structured_dropout_30|eeg+emg+imu+fp
embracenet_fasca_kd,52,6,structured_dropout_30,eeg+emg+imu+fp,0.2222222222222222,structured_dropout_30|eeg+emg+imu+fp
embracenet_fasca_kd,52,9,structured_dropout_30,eeg+emg+imu+fp,1.0,structured_dropout_30|eeg+emg+imu+fp
embracenet_fasca_kd,52,17,structured_dropout_30,eeg+emg+imu+fp,0.2222222222222222,structured_dropout_30|eeg+emg+imu+fp
embracenet_fasca_kd,52,18,structured_dropout_30,eeg+emg+imu+fp,0.2222222222222222,structured_dropout_30|eeg+emg+imu+fp
embracenet_fasca_kd,52,32,structured_dropout_30,eeg+emg+imu+fp,0.6666666666666666,structured_dropout_30|eeg+emg+imu+fp
embracenet_fasca_kd,52,33,structured_dropout_30,eeg+emg+imu+fp,0.5555555555555555,structured_dropout_30|eeg+emg+imu+fp
embracenet_fasca_kd,52,35,structured_dropout_30,eeg+emg+imu+fp,1.0,structured_dropout_30|eeg+emg+imu+fp
embracenet_fasca_kd,52,44,structured_dropout_30,eeg+emg+imu+fp,1.0,structured_dropout_30|eeg+emg+imu+fp
embracenet_fasca_kd,52,53,structured_dropout_30,eeg+emg+imu+fp,1.0,structured_dropout_30|eeg+emg+imu+fp
embracenet_fasca_kd,52,4,packet_loss_30,eeg,1.0,packet_loss_30|eeg
embracenet_fasca_kd,52,5,packet_loss_30,eeg,1.0,packet_loss_30|eeg
embracenet_fasca_kd,52,6,packet_loss_30,eeg,1.0,packet_loss_30|eeg
embracenet_fasca_kd,52,9,packet_loss_30,eeg,1.0,packet_loss_30|eeg
embracenet_fasca_kd,52,17,packet_loss_30,eeg,1.0,packet_loss_30|eeg
embracenet_fasca_kd,52,18,packet_loss_30,eeg,1.0,packet_loss_30|eeg
embracenet_fasca_kd,52,32,packet_loss_30,eeg,0.6666666666666666,packet_loss_30|eeg
embracenet_fasca_kd,52,33,packet_loss_30,eeg,1.0,packet_loss_30|eeg
embracenet_fasca_kd,52,35,packet_loss_30,eeg,1.0,packet_loss_30|eeg
embracenet_fasca_kd,52,44,packet_loss_30,eeg,1.0,packet_loss_30|eeg
embracenet_fasca_kd,52,53,packet_loss_30,eeg,1.0,packet_loss_30|eeg
embracenet_fasca_kd,52,4,packet_loss_30,emg,1.0,packet_loss_30|emg
embracenet_fasca_kd,52,5,packet_loss_30,emg,1.0,packet_loss_30|emg
embracenet_fasca_kd,52,6,packet_loss_30,emg,1.0,packet_loss_30|emg
embracenet_fasca_kd,52,9,packet_loss_30,emg,1.0,packet_loss_30|emg
embracenet_fasca_kd,52,17,packet_loss_30,emg,1.0,packet_loss_30|emg
embracenet_fasca_kd,52,18,packet_loss_30,emg,1.0,packet_loss_30|emg
embracenet_fasca_kd,52,32,packet_loss_30,emg,0.6666666666666666,packet_loss_30|emg
embracenet_fasca_kd,52,33,packet_loss_30,emg,1.0,packet_loss_30|emg
embracenet_fasca_kd,52,35,packet_loss_30,emg,1.0,packet_loss_30|emg
embracenet_fasca_kd,52,44,packet_loss_30,emg,1.0,packet_loss_30|emg
embracenet_fasca_kd,52,53,packet_loss_30,emg,1.0,packet_loss_30|emg
embracenet_fasca_kd,52,4,packet_loss_30,imu,1.0,packet_loss_30|imu
embracenet_fasca_kd,52,5,packet_loss_30,imu,1.0,packet_loss_30|imu
embracenet_fasca_kd,52,6,packet_loss_30,imu,1.0,packet_loss_30|imu
embracenet_fasca_kd,52,9,packet_loss_30,imu,1.0,packet_loss_30|imu
embracenet_fasca_kd,52,17,packet_loss_30,imu,1.0,packet_loss_30|imu
embracenet_fasca_kd,52,18,packet_loss_30,imu,1.0,packet_loss_30|imu
embracenet_fasca_kd,52,32,packet_loss_30,imu,0.6666666666666666,packet_loss_30|imu
embracenet_fasca_kd,52,33,packet_loss_30,imu,1.0,packet_loss_30|imu
embracenet_fasca_kd,52,35,packet_loss_30,imu,1.0,packet_loss_30|imu
embracenet_fasca_kd,52,44,packet_loss_30,imu,1.0,packet_loss_30|imu
embracenet_fasca_kd,52,53,packet_loss_30,imu,1.0,packet_loss_30|imu
embracenet_fasca_kd,52,4,packet_loss_30,fp,1.0,packet_loss_30|fp
embracenet_fasca_kd,52,5,packet_loss_30,fp,1.0,packet_loss_30|fp
embracenet_fasca_kd,52,6,packet_loss_30,fp,1.0,packet_loss_30|fp
embracenet_fasca_kd,52,9,packet_loss_30,fp,1.0,packet_loss_30|fp
embracenet_fasca_kd,52,17,packet_loss_30,fp,1.0,packet_loss_30|fp
embracenet_fasca_kd,52,18,packet_loss_30,fp,1.0,packet_loss_30|fp
embracenet_fasca_kd,52,32,packet_loss_30,fp,0.6666666666666666,packet_loss_30|fp
embracenet_fasca_kd,52,33,packet_loss_30,fp,1.0,packet_loss_30|fp
embracenet_fasca_kd,52,35,packet_loss_30,fp,1.0,packet_loss_30|fp
embracenet_fasca_kd,52,44,packet_loss_30,fp,1.0,packet_loss_30|fp
embracenet_fasca_kd,52,53,packet_loss_30,fp,1.0,packet_loss_30|fp
embracenet_fasca_kd,52,4,packet_loss_30,eeg+emg+imu+fp,1.0,packet_loss_30|eeg+emg+imu+fp
embracenet_fasca_kd,52,5,packet_loss_30,eeg+emg+imu+fp,1.0,packet_loss_30|eeg+emg+imu+fp
embracenet_fasca_kd,52,6,packet_loss_30,eeg+emg+imu+fp,1.0,packet_loss_30|eeg+emg+imu+fp
embracenet_fasca_kd,52,9,packet_loss_30,eeg+emg+imu+fp,1.0,packet_loss_30|eeg+emg+imu+fp
embracenet_fasca_kd,52,17,packet_loss_30,eeg+emg+imu+fp,0.5555555555555555,packet_loss_30|eeg+emg+imu+fp
embracenet_fasca_kd,52,18,packet_loss_30,eeg+emg+imu+fp,1.0,packet_loss_30|eeg+emg+imu+fp
embracenet_fasca_kd,52,32,packet_loss_30,eeg+emg+imu+fp,0.6666666666666666,packet_loss_30|eeg+emg+imu+fp
embracenet_fasca_kd,52,33,packet_loss_30,eeg+emg+imu+fp,1.0,packet_loss_30|eeg+emg+imu+fp
embracenet_fasca_kd,52,35,packet_loss_30,eeg+emg+imu+fp,1.0,packet_loss_30|eeg+emg+imu+fp
embracenet_fasca_kd,52,44,packet_loss_30,eeg+emg+imu+fp,1.0,packet_loss_30|eeg+emg+imu+fp
embracenet_fasca_kd,52,53,packet_loss_30,eeg+emg+imu+fp,1.0,packet_loss_30|eeg+emg+imu+fp
embracenet_fasca_kd,52,4,shift_250ms,eeg,1.0,shift_250ms|eeg
embracenet_fasca_kd,52,5,shift_250ms,eeg,1.0,shift_250ms|eeg
embracenet_fasca_kd,52,6,shift_250ms,eeg,1.0,shift_250ms|eeg
embracenet_fasca_kd,52,9,shift_250ms,eeg,1.0,shift_250ms|eeg
embracenet_fasca_kd,52,17,shift_250ms,eeg,1.0,shift_250ms|eeg
embracenet_fasca_kd,52,18,shift_250ms,eeg,1.0,shift_250ms|eeg
embracenet_fasca_kd,52,32,shift_250ms,eeg,0.6666666666666666,shift_250ms|eeg
embracenet_fasca_kd,52,33,shift_250ms,eeg,1.0,shift_250ms|eeg
embracenet_fasca_kd,52,35,shift_250ms,eeg,1.0,shift_250ms|eeg
embracenet_fasca_kd,52,44,shift_250ms,eeg,1.0,shift_250ms|eeg
embracenet_fasca_kd,52,53,shift_250ms,eeg,1.0,shift_250ms|eeg
embracenet_fasca_kd,52,4,shift_250ms,emg,1.0,shift_250ms|emg
embracenet_fasca_kd,52,5,shift_250ms,emg,1.0,shift_250ms|emg
embracenet_fasca_kd,52,6,shift_250ms,emg,1.0,shift_250ms|emg
embracenet_fasca_kd,52,9,shift_250ms,emg,1.0,shift_250ms|emg
embracenet_fasca_kd,52,17,shift_250ms,emg,1.0,shift_250ms|emg
embracenet_fasca_kd,52,18,shift_250ms,emg,1.0,shift_250ms|emg
embracenet_fasca_kd,52,32,shift_250ms,emg,0.6666666666666666,shift_250ms|emg
embracenet_fasca_kd,52,33,shift_250ms,emg,1.0,shift_250ms|emg
embracenet_fasca_kd,52,35,shift_250ms,emg,1.0,shift_250ms|emg
embracenet_fasca_kd,52,44,shift_250ms,emg,1.0,shift_250ms|emg
embracenet_fasca_kd,52,53,shift_250ms,emg,1.0,shift_250ms|emg
embracenet_fasca_kd,52,4,shift_250ms,imu,1.0,shift_250ms|imu
embracenet_fasca_kd,52,5,shift_250ms,imu,1.0,shift_250ms|imu
embracenet_fasca_kd,52,6,shift_250ms,imu,1.0,shift_250ms|imu
embracenet_fasca_kd,52,9,shift_250ms,imu,1.0,shift_250ms|imu
embracenet_fasca_kd,52,17,shift_250ms,imu,1.0,shift_250ms|imu
embracenet_fasca_kd,52,18,shift_250ms,imu,1.0,shift_250ms|imu
embracenet_fasca_kd,52,32,shift_250ms,imu,0.6666666666666666,shift_250ms|imu
embracenet_fasca_kd,52,33,shift_250ms,imu,1.0,shift_250ms|imu
embracenet_fasca_kd,52,35,shift_250ms,imu,1.0,shift_250ms|imu
embracenet_fasca_kd,52,44,shift_250ms,imu,1.0,shift_250ms|imu
embracenet_fasca_kd,52,53,shift_250ms,imu,1.0,shift_250ms|imu
embracenet_fasca_kd,52,4,shift_250ms,fp,1.0,shift_250ms|fp
embracenet_fasca_kd,52,5,shift_250ms,fp,1.0,shift_250ms|fp
embracenet_fasca_kd,52,6,shift_250ms,fp,1.0,shift_250ms|fp
embracenet_fasca_kd,52,9,shift_250ms,fp,1.0,shift_250ms|fp
embracenet_fasca_kd,52,17,shift_250ms,fp,1.0,shift_250ms|fp
embracenet_fasca_kd,52,18,shift_250ms,fp,1.0,shift_250ms|fp
embracenet_fasca_kd,52,32,shift_250ms,fp,0.6666666666666666,shift_250ms|fp
embracenet_fasca_kd,52,33,shift_250ms,fp,1.0,shift_250ms|fp
embracenet_fasca_kd,52,35,shift_250ms,fp,1.0,shift_250ms|fp
embracenet_fasca_kd,52,44,shift_250ms,fp,1.0,shift_250ms|fp
embracenet_fasca_kd,52,53,shift_250ms,fp,1.0,shift_250ms|fp
embracenet_fasca_kd,52,4,shift_250ms,eeg+emg+imu+fp,1.0,shift_250ms|eeg+emg+imu+fp
embracenet_fasca_kd,52,5,shift_250ms,eeg+emg+imu+fp,1.0,shift_250ms|eeg+emg+imu+fp
embracenet_fasca_kd,52,6,shift_250ms,eeg+emg+imu+fp,1.0,shift_250ms|eeg+emg+imu+fp
embracenet_fasca_kd,52,9,shift_250ms,eeg+emg+imu+fp,1.0,shift_250ms|eeg+emg+imu+fp
embracenet_fasca_kd,52,17,shift_250ms,eeg+emg+imu+fp,1.0,shift_250ms|eeg+emg+imu+fp
embracenet_fasca_kd,52,18,shift_250ms,eeg+emg+imu+fp,1.0,shift_250ms|eeg+emg+imu+fp
embracenet_fasca_kd,52,32,shift_250ms,eeg+emg+imu+fp,0.6666666666666666,shift_250ms|eeg+emg+imu+fp
embracenet_fasca_kd,52,33,shift_250ms,eeg+emg+imu+fp,1.0,shift_250ms|eeg+emg+imu+fp
embracenet_fasca_kd,52,35,shift_250ms,eeg+emg+imu+fp,1.0,shift_250ms|eeg+emg+imu+fp
embracenet_fasca_kd,52,44,shift_250ms,eeg+emg+imu+fp,1.0,shift_250ms|eeg+emg+imu+fp
embracenet_fasca_kd,52,53,shift_250ms,eeg+emg+imu+fp,1.0,shift_250ms|eeg+emg+imu+fp
embracenet_fasca_kd,52,4,gain_1.5,eeg,1.0,gain_1.5|eeg
embracenet_fasca_kd,52,5,gain_1.5,eeg,1.0,gain_1.5|eeg
embracenet_fasca_kd,52,6,gain_1.5,eeg,1.0,gain_1.5|eeg
embracenet_fasca_kd,52,9,gain_1.5,eeg,1.0,gain_1.5|eeg
embracenet_fasca_kd,52,17,gain_1.5,eeg,1.0,gain_1.5|eeg
embracenet_fasca_kd,52,18,gain_1.5,eeg,1.0,gain_1.5|eeg
embracenet_fasca_kd,52,32,gain_1.5,eeg,0.6666666666666666,gain_1.5|eeg
embracenet_fasca_kd,52,33,gain_1.5,eeg,1.0,gain_1.5|eeg
embracenet_fasca_kd,52,35,gain_1.5,eeg,1.0,gain_1.5|eeg
embracenet_fasca_kd,52,44,gain_1.5,eeg,1.0,gain_1.5|eeg
embracenet_fasca_kd,52,53,gain_1.5,eeg,1.0,gain_1.5|eeg
embracenet_fasca_kd,52,4,gain_1.5,emg,1.0,gain_1.5|emg
embracenet_fasca_kd,52,5,gain_1.5,emg,1.0,gain_1.5|emg
embracenet_fasca_kd,52,6,gain_1.5,emg,1.0,gain_1.5|emg
embracenet_fasca_kd,52,9,gain_1.5,emg,1.0,gain_1.5|emg
embracenet_fasca_kd,52,17,gain_1.5,emg,1.0,gain_1.5|emg
embracenet_fasca_kd,52,18,gain_1.5,emg,1.0,gain_1.5|emg
embracenet_fasca_kd,52,32,gain_1.5,emg,0.6666666666666666,gain_1.5|emg
embracenet_fasca_kd,52,33,gain_1.5,emg,1.0,gain_1.5|emg
embracenet_fasca_kd,52,35,gain_1.5,emg,1.0,gain_1.5|emg
embracenet_fasca_kd,52,44,gain_1.5,emg,1.0,gain_1.5|emg
embracenet_fasca_kd,52,53,gain_1.5,emg,1.0,gain_1.5|emg
embracenet_fasca_kd,52,4,gain_1.5,imu,1.0,gain_1.5|imu
embracenet_fasca_kd,52,5,gain_1.5,imu,0.2222222222222222,gain_1.5|imu
embracenet_fasca_kd,52,6,gain_1.5,imu,1.0,gain_1.5|imu
embracenet_fasca_kd,52,9,gain_1.5,imu,0.5555555555555555,gain_1.5|imu
embracenet_fasca_kd,52,17,gain_1.5,imu,1.0,gain_1.5|imu
embracenet_fasca_kd,52,18,gain_1.5,imu,1.0,gain_1.5|imu
embracenet_fasca_kd,52,32,gain_1.5,imu,0.6666666666666666,gain_1.5|imu
embracenet_fasca_kd,52,33,gain_1.5,imu,0.2222222222222222,gain_1.5|imu
embracenet_fasca_kd,52,35,gain_1.5,imu,0.5555555555555555,gain_1.5|imu
embracenet_fasca_kd,52,44,gain_1.5,imu,0.5555555555555555,gain_1.5|imu
embracenet_fasca_kd,52,53,gain_1.5,imu,0.2222222222222222,gain_1.5|imu
embracenet_fasca_kd,52,4,gain_1.5,fp,1.0,gain_1.5|fp
embracenet_fasca_kd,52,5,gain_1.5,fp,1.0,gain_1.5|fp
embracenet_fasca_kd,52,6,gain_1.5,fp,1.0,gain_1.5|fp
embracenet_fasca_kd,52,9,gain_1.5,fp,1.0,gain_1.5|fp
embracenet_fasca_kd,52,17,gain_1.5,fp,1.0,gain_1.5|fp
embracenet_fasca_kd,52,18,gain_1.5,fp,1.0,gain_1.5|fp
embracenet_fasca_kd,52,32,gain_1.5,fp,0.6666666666666666,gain_1.5|fp
embracenet_fasca_kd,52,33,gain_1.5,fp,1.0,gain_1.5|fp
embracenet_fasca_kd,52,35,gain_1.5,fp,1.0,gain_1.5|fp
embracenet_fasca_kd,52,44,gain_1.5,fp,1.0,gain_1.5|fp
embracenet_fasca_kd,52,53,gain_1.5,fp,1.0,gain_1.5|fp
embracenet_fasca_kd,52,4,gain_1.5,eeg+emg+imu+fp,1.0,gain_1.5|eeg+emg+imu+fp
embracenet_fasca_kd,52,5,gain_1.5,eeg+emg+imu+fp,0.2222222222222222,gain_1.5|eeg+emg+imu+fp
embracenet_fasca_kd,52,6,gain_1.5,eeg+emg+imu+fp,1.0,gain_1.5|eeg+emg+imu+fp
embracenet_fasca_kd,52,9,gain_1.5,eeg+emg+imu+fp,0.2222222222222222,gain_1.5|eeg+emg+imu+fp
embracenet_fasca_kd,52,17,gain_1.5,eeg+emg+imu+fp,1.0,gain_1.5|eeg+emg+imu+fp
embracenet_fasca_kd,52,18,gain_1.5,eeg+emg+imu+fp,1.0,gain_1.5|eeg+emg+imu+fp
embracenet_fasca_kd,52,32,gain_1.5,eeg+emg+imu+fp,0.6666666666666666,gain_1.5|eeg+emg+imu+fp
embracenet_fasca_kd,52,33,gain_1.5,eeg+emg+imu+fp,0.2222222222222222,gain_1.5|eeg+emg+imu+fp
embracenet_fasca_kd,52,35,gain_1.5,eeg+emg+imu+fp,0.2222222222222222,gain_1.5|eeg+emg+imu+fp
embracenet_fasca_kd,52,44,gain_1.5,eeg+emg+imu+fp,0.5555555555555555,gain_1.5|eeg+emg+imu+fp
embracenet_fasca_kd,52,53,gain_1.5,eeg+emg+imu+fp,0.2222222222222222,gain_1.5|eeg+emg+imu+fp
embracenet_fasca_kd,53,4,clean,none,1.0,clean|none
embracenet_fasca_kd,53,5,clean,none,1.0,clean|none
embracenet_fasca_kd,53,6,clean,none,1.0,clean|none
embracenet_fasca_kd,53,9,clean,none,1.0,clean|none
embracenet_fasca_kd,53,17,clean,none,1.0,clean|none
embracenet_fasca_kd,53,18,clean,none,1.0,clean|none
embracenet_fasca_kd,53,32,clean,none,0.6666666666666666,clean|none
embracenet_fasca_kd,53,33,clean,none,1.0,clean|none
embracenet_fasca_kd,53,35,clean,none,1.0,clean|none
embracenet_fasca_kd,53,44,clean,none,1.0,clean|none
embracenet_fasca_kd,53,53,clean,none,1.0,clean|none
embracenet_fasca_kd,53,4,noise_10db,eeg,1.0,noise_10db|eeg
embracenet_fasca_kd,53,5,noise_10db,eeg,1.0,noise_10db|eeg
embracenet_fasca_kd,53,6,noise_10db,eeg,1.0,noise_10db|eeg
embracenet_fasca_kd,53,9,noise_10db,eeg,1.0,noise_10db|eeg
embracenet_fasca_kd,53,17,noise_10db,eeg,1.0,noise_10db|eeg
embracenet_fasca_kd,53,18,noise_10db,eeg,1.0,noise_10db|eeg
embracenet_fasca_kd,53,32,noise_10db,eeg,0.6666666666666666,noise_10db|eeg
embracenet_fasca_kd,53,33,noise_10db,eeg,1.0,noise_10db|eeg
embracenet_fasca_kd,53,35,noise_10db,eeg,1.0,noise_10db|eeg
embracenet_fasca_kd,53,44,noise_10db,eeg,1.0,noise_10db|eeg
embracenet_fasca_kd,53,53,noise_10db,eeg,1.0,noise_10db|eeg
embracenet_fasca_kd,53,4,noise_10db,emg,1.0,noise_10db|emg
embracenet_fasca_kd,53,5,noise_10db,emg,1.0,noise_10db|emg
embracenet_fasca_kd,53,6,noise_10db,emg,1.0,noise_10db|emg
embracenet_fasca_kd,53,9,noise_10db,emg,1.0,noise_10db|emg
embracenet_fasca_kd,53,17,noise_10db,emg,1.0,noise_10db|emg
embracenet_fasca_kd,53,18,noise_10db,emg,1.0,noise_10db|emg
embracenet_fasca_kd,53,32,noise_10db,emg,0.6666666666666666,noise_10db|emg
embracenet_fasca_kd,53,33,noise_10db,emg,1.0,noise_10db|emg
embracenet_fasca_kd,53,35,noise_10db,emg,1.0,noise_10db|emg
embracenet_fasca_kd,53,44,noise_10db,emg,1.0,noise_10db|emg
embracenet_fasca_kd,53,53,noise_10db,emg,1.0,noise_10db|emg
embracenet_fasca_kd,53,4,noise_10db,imu,1.0,noise_10db|imu
embracenet_fasca_kd,53,5,noise_10db,imu,1.0,noise_10db|imu
embracenet_fasca_kd,53,6,noise_10db,imu,1.0,noise_10db|imu
embracenet_fasca_kd,53,9,noise_10db,imu,1.0,noise_10db|imu
embracenet_fasca_kd,53,17,noise_10db,imu,1.0,noise_10db|imu
embracenet_fasca_kd,53,18,noise_10db,imu,1.0,noise_10db|imu
embracenet_fasca_kd,53,32,noise_10db,imu,0.6666666666666666,noise_10db|imu
embracenet_fasca_kd,53,33,noise_10db,imu,1.0,noise_10db|imu
embracenet_fasca_kd,53,35,noise_10db,imu,1.0,noise_10db|imu
embracenet_fasca_kd,53,44,noise_10db,imu,1.0,noise_10db|imu
embracenet_fasca_kd,53,53,noise_10db,imu,1.0,noise_10db|imu
embracenet_fasca_kd,53,4,noise_10db,fp,1.0,noise_10db|fp
embracenet_fasca_kd,53,5,noise_10db,fp,1.0,noise_10db|fp
embracenet_fasca_kd,53,6,noise_10db,fp,1.0,noise_10db|fp
embracenet_fasca_kd,53,9,noise_10db,fp,1.0,noise_10db|fp
embracenet_fasca_kd,53,17,noise_10db,fp,1.0,noise_10db|fp
embracenet_fasca_kd,53,18,noise_10db,fp,1.0,noise_10db|fp
embracenet_fasca_kd,53,32,noise_10db,fp,0.6666666666666666,noise_10db|fp
embracenet_fasca_kd,53,33,noise_10db,fp,1.0,noise_10db|fp
embracenet_fasca_kd,53,35,noise_10db,fp,1.0,noise_10db|fp
embracenet_fasca_kd,53,44,noise_10db,fp,1.0,noise_10db|fp
embracenet_fasca_kd,53,53,noise_10db,fp,1.0,noise_10db|fp
embracenet_fasca_kd,53,4,noise_10db,eeg+emg+imu+fp,1.0,noise_10db|eeg+emg+imu+fp
embracenet_fasca_kd,53,5,noise_10db,eeg+emg+imu+fp,1.0,noise_10db|eeg+emg+imu+fp
embracenet_fasca_kd,53,6,noise_10db,eeg+emg+imu+fp,1.0,noise_10db|eeg+emg+imu+fp
embracenet_fasca_kd,53,9,noise_10db,eeg+emg+imu+fp,1.0,noise_10db|eeg+emg+imu+fp
embracenet_fasca_kd,53,17,noise_10db,eeg+emg+imu+fp,1.0,noise_10db|eeg+emg+imu+fp
embracenet_fasca_kd,53,18,noise_10db,eeg+emg+imu+fp,1.0,noise_10db|eeg+emg+imu+fp
embracenet_fasca_kd,53,32,noise_10db,eeg+emg+imu+fp,0.6666666666666666,noise_10db|eeg+emg+imu+fp
embracenet_fasca_kd,53,33,noise_10db,eeg+emg+imu+fp,1.0,noise_10db|eeg+emg+imu+fp
embracenet_fasca_kd,53,35,noise_10db,eeg+emg+imu+fp,1.0,noise_10db|eeg+emg+imu+fp
embracenet_fasca_kd,53,44,noise_10db,eeg+emg+imu+fp,1.0,noise_10db|eeg+emg+imu+fp
embracenet_fasca_kd,53,53,noise_10db,eeg+emg+imu+fp,1.0,noise_10db|eeg+emg+imu+fp
embracenet_fasca_kd,53,4,channel_dropout_30,eeg,1.0,channel_dropout_30|eeg
embracenet_fasca_kd,53,5,channel_dropout_30,eeg,1.0,channel_dropout_30|eeg
embracenet_fasca_kd,53,6,channel_dropout_30,eeg,1.0,channel_dropout_30|eeg
embracenet_fasca_kd,53,9,channel_dropout_30,eeg,1.0,channel_dropout_30|eeg
embracenet_fasca_kd,53,17,channel_dropout_30,eeg,1.0,channel_dropout_30|eeg
embracenet_fasca_kd,53,18,channel_dropout_30,eeg,1.0,channel_dropout_30|eeg
embracenet_fasca_kd,53,32,channel_dropout_30,eeg,0.6666666666666666,channel_dropout_30|eeg
embracenet_fasca_kd,53,33,channel_dropout_30,eeg,1.0,channel_dropout_30|eeg
embracenet_fasca_kd,53,35,channel_dropout_30,eeg,1.0,channel_dropout_30|eeg
embracenet_fasca_kd,53,44,channel_dropout_30,eeg,1.0,channel_dropout_30|eeg
embracenet_fasca_kd,53,53,channel_dropout_30,eeg,1.0,channel_dropout_30|eeg
embracenet_fasca_kd,53,4,channel_dropout_30,emg,1.0,channel_dropout_30|emg
embracenet_fasca_kd,53,5,channel_dropout_30,emg,1.0,channel_dropout_30|emg
embracenet_fasca_kd,53,6,channel_dropout_30,emg,0.5555555555555555,channel_dropout_30|emg
embracenet_fasca_kd,53,9,channel_dropout_30,emg,1.0,channel_dropout_30|emg
embracenet_fasca_kd,53,17,channel_dropout_30,emg,1.0,channel_dropout_30|emg
embracenet_fasca_kd,53,18,channel_dropout_30,emg,1.0,channel_dropout_30|emg
embracenet_fasca_kd,53,32,channel_dropout_30,emg,0.6666666666666666,channel_dropout_30|emg
embracenet_fasca_kd,53,33,channel_dropout_30,emg,1.0,channel_dropout_30|emg
embracenet_fasca_kd,53,35,channel_dropout_30,emg,1.0,channel_dropout_30|emg
embracenet_fasca_kd,53,44,channel_dropout_30,emg,1.0,channel_dropout_30|emg
embracenet_fasca_kd,53,53,channel_dropout_30,emg,1.0,channel_dropout_30|emg
embracenet_fasca_kd,53,4,channel_dropout_30,imu,0.5555555555555555,channel_dropout_30|imu
embracenet_fasca_kd,53,5,channel_dropout_30,imu,1.0,channel_dropout_30|imu
embracenet_fasca_kd,53,6,channel_dropout_30,imu,0.2222222222222222,channel_dropout_30|imu
embracenet_fasca_kd,53,9,channel_dropout_30,imu,1.0,channel_dropout_30|imu
embracenet_fasca_kd,53,17,channel_dropout_30,imu,0.5555555555555555,channel_dropout_30|imu
embracenet_fasca_kd,53,18,channel_dropout_30,imu,0.5555555555555555,channel_dropout_30|imu
embracenet_fasca_kd,53,32,channel_dropout_30,imu,0.6666666666666666,channel_dropout_30|imu
embracenet_fasca_kd,53,33,channel_dropout_30,imu,1.0,channel_dropout_30|imu
embracenet_fasca_kd,53,35,channel_dropout_30,imu,1.0,channel_dropout_30|imu
embracenet_fasca_kd,53,44,channel_dropout_30,imu,1.0,channel_dropout_30|imu
embracenet_fasca_kd,53,53,channel_dropout_30,imu,1.0,channel_dropout_30|imu
embracenet_fasca_kd,53,4,channel_dropout_30,fp,1.0,channel_dropout_30|fp
embracenet_fasca_kd,53,5,channel_dropout_30,fp,1.0,channel_dropout_30|fp
embracenet_fasca_kd,53,6,channel_dropout_30,fp,1.0,channel_dropout_30|fp
embracenet_fasca_kd,53,9,channel_dropout_30,fp,1.0,channel_dropout_30|fp
embracenet_fasca_kd,53,17,channel_dropout_30,fp,1.0,channel_dropout_30|fp
embracenet_fasca_kd,53,18,channel_dropout_30,fp,1.0,channel_dropout_30|fp
embracenet_fasca_kd,53,32,channel_dropout_30,fp,0.6666666666666666,channel_dropout_30|fp
embracenet_fasca_kd,53,33,channel_dropout_30,fp,1.0,channel_dropout_30|fp
embracenet_fasca_kd,53,35,channel_dropout_30,fp,1.0,channel_dropout_30|fp
embracenet_fasca_kd,53,44,channel_dropout_30,fp,1.0,channel_dropout_30|fp
embracenet_fasca_kd,53,53,channel_dropout_30,fp,1.0,channel_dropout_30|fp
embracenet_fasca_kd,53,4,channel_dropout_30,eeg+emg+imu+fp,0.5555555555555555,channel_dropout_30|eeg+emg+imu+fp
embracenet_fasca_kd,53,5,channel_dropout_30,eeg+emg+imu+fp,0.5555555555555555,channel_dropout_30|eeg+emg+imu+fp
embracenet_fasca_kd,53,6,channel_dropout_30,eeg+emg+imu+fp,0.2222222222222222,channel_dropout_30|eeg+emg+imu+fp
embracenet_fasca_kd,53,9,channel_dropout_30,eeg+emg+imu+fp,0.5555555555555555,channel_dropout_30|eeg+emg+imu+fp
embracenet_fasca_kd,53,17,channel_dropout_30,eeg+emg+imu+fp,0.2222222222222222,channel_dropout_30|eeg+emg+imu+fp
embracenet_fasca_kd,53,18,channel_dropout_30,eeg+emg+imu+fp,0.2222222222222222,channel_dropout_30|eeg+emg+imu+fp
embracenet_fasca_kd,53,32,channel_dropout_30,eeg+emg+imu+fp,0.6666666666666666,channel_dropout_30|eeg+emg+imu+fp
embracenet_fasca_kd,53,33,channel_dropout_30,eeg+emg+imu+fp,0.5555555555555555,channel_dropout_30|eeg+emg+imu+fp
embracenet_fasca_kd,53,35,channel_dropout_30,eeg+emg+imu+fp,0.2222222222222222,channel_dropout_30|eeg+emg+imu+fp
embracenet_fasca_kd,53,44,channel_dropout_30,eeg+emg+imu+fp,1.0,channel_dropout_30|eeg+emg+imu+fp
embracenet_fasca_kd,53,53,channel_dropout_30,eeg+emg+imu+fp,0.5555555555555555,channel_dropout_30|eeg+emg+imu+fp
embracenet_fasca_kd,53,4,structured_dropout_30,eeg,1.0,structured_dropout_30|eeg
embracenet_fasca_kd,53,5,structured_dropout_30,eeg,1.0,structured_dropout_30|eeg
embracenet_fasca_kd,53,6,structured_dropout_30,eeg,1.0,structured_dropout_30|eeg
embracenet_fasca_kd,53,9,structured_dropout_30,eeg,1.0,structured_dropout_30|eeg
embracenet_fasca_kd,53,17,structured_dropout_30,eeg,1.0,structured_dropout_30|eeg
embracenet_fasca_kd,53,18,structured_dropout_30,eeg,1.0,structured_dropout_30|eeg
embracenet_fasca_kd,53,32,structured_dropout_30,eeg,0.6666666666666666,structured_dropout_30|eeg
embracenet_fasca_kd,53,33,structured_dropout_30,eeg,1.0,structured_dropout_30|eeg
embracenet_fasca_kd,53,35,structured_dropout_30,eeg,1.0,structured_dropout_30|eeg
embracenet_fasca_kd,53,44,structured_dropout_30,eeg,1.0,structured_dropout_30|eeg
embracenet_fasca_kd,53,53,structured_dropout_30,eeg,1.0,structured_dropout_30|eeg
embracenet_fasca_kd,53,4,structured_dropout_30,emg,1.0,structured_dropout_30|emg
embracenet_fasca_kd,53,5,structured_dropout_30,emg,1.0,structured_dropout_30|emg
embracenet_fasca_kd,53,6,structured_dropout_30,emg,0.5555555555555555,structured_dropout_30|emg
embracenet_fasca_kd,53,9,structured_dropout_30,emg,1.0,structured_dropout_30|emg
embracenet_fasca_kd,53,17,structured_dropout_30,emg,1.0,structured_dropout_30|emg
embracenet_fasca_kd,53,18,structured_dropout_30,emg,1.0,structured_dropout_30|emg
embracenet_fasca_kd,53,32,structured_dropout_30,emg,0.6666666666666666,structured_dropout_30|emg
embracenet_fasca_kd,53,33,structured_dropout_30,emg,1.0,structured_dropout_30|emg
embracenet_fasca_kd,53,35,structured_dropout_30,emg,1.0,structured_dropout_30|emg
embracenet_fasca_kd,53,44,structured_dropout_30,emg,1.0,structured_dropout_30|emg
embracenet_fasca_kd,53,53,structured_dropout_30,emg,1.0,structured_dropout_30|emg
embracenet_fasca_kd,53,4,structured_dropout_30,imu,1.0,structured_dropout_30|imu
embracenet_fasca_kd,53,5,structured_dropout_30,imu,1.0,structured_dropout_30|imu
embracenet_fasca_kd,53,6,structured_dropout_30,imu,0.5555555555555555,structured_dropout_30|imu
embracenet_fasca_kd,53,9,structured_dropout_30,imu,1.0,structured_dropout_30|imu
embracenet_fasca_kd,53,17,structured_dropout_30,imu,0.5555555555555555,structured_dropout_30|imu
embracenet_fasca_kd,53,18,structured_dropout_30,imu,0.5555555555555555,structured_dropout_30|imu
embracenet_fasca_kd,53,32,structured_dropout_30,imu,0.6666666666666666,structured_dropout_30|imu
embracenet_fasca_kd,53,33,structured_dropout_30,imu,1.0,structured_dropout_30|imu
embracenet_fasca_kd,53,35,structured_dropout_30,imu,1.0,structured_dropout_30|imu
embracenet_fasca_kd,53,44,structured_dropout_30,imu,1.0,structured_dropout_30|imu
embracenet_fasca_kd,53,53,structured_dropout_30,imu,1.0,structured_dropout_30|imu
embracenet_fasca_kd,53,4,structured_dropout_30,fp,1.0,structured_dropout_30|fp
embracenet_fasca_kd,53,5,structured_dropout_30,fp,1.0,structured_dropout_30|fp
embracenet_fasca_kd,53,6,structured_dropout_30,fp,1.0,structured_dropout_30|fp
embracenet_fasca_kd,53,9,structured_dropout_30,fp,1.0,structured_dropout_30|fp
embracenet_fasca_kd,53,17,structured_dropout_30,fp,0.5555555555555555,structured_dropout_30|fp
embracenet_fasca_kd,53,18,structured_dropout_30,fp,1.0,structured_dropout_30|fp
embracenet_fasca_kd,53,32,structured_dropout_30,fp,0.6666666666666666,structured_dropout_30|fp
embracenet_fasca_kd,53,33,structured_dropout_30,fp,1.0,structured_dropout_30|fp
embracenet_fasca_kd,53,35,structured_dropout_30,fp,1.0,structured_dropout_30|fp
embracenet_fasca_kd,53,44,structured_dropout_30,fp,1.0,structured_dropout_30|fp
embracenet_fasca_kd,53,53,structured_dropout_30,fp,1.0,structured_dropout_30|fp
embracenet_fasca_kd,53,4,structured_dropout_30,eeg+emg+imu+fp,0.5555555555555555,structured_dropout_30|eeg+emg+imu+fp
embracenet_fasca_kd,53,5,structured_dropout_30,eeg+emg+imu+fp,1.0,structured_dropout_30|eeg+emg+imu+fp
embracenet_fasca_kd,53,6,structured_dropout_30,eeg+emg+imu+fp,0.2222222222222222,structured_dropout_30|eeg+emg+imu+fp
embracenet_fasca_kd,53,9,structured_dropout_30,eeg+emg+imu+fp,1.0,structured_dropout_30|eeg+emg+imu+fp
embracenet_fasca_kd,53,17,structured_dropout_30,eeg+emg+imu+fp,0.2222222222222222,structured_dropout_30|eeg+emg+imu+fp
embracenet_fasca_kd,53,18,structured_dropout_30,eeg+emg+imu+fp,0.2222222222222222,structured_dropout_30|eeg+emg+imu+fp
embracenet_fasca_kd,53,32,structured_dropout_30,eeg+emg+imu+fp,0.6666666666666666,structured_dropout_30|eeg+emg+imu+fp
embracenet_fasca_kd,53,33,structured_dropout_30,eeg+emg+imu+fp,0.5555555555555555,structured_dropout_30|eeg+emg+imu+fp
embracenet_fasca_kd,53,35,structured_dropout_30,eeg+emg+imu+fp,0.5555555555555555,structured_dropout_30|eeg+emg+imu+fp
embracenet_fasca_kd,53,44,structured_dropout_30,eeg+emg+imu+fp,0.5555555555555555,structured_dropout_30|eeg+emg+imu+fp
embracenet_fasca_kd,53,53,structured_dropout_30,eeg+emg+imu+fp,0.5555555555555555,structured_dropout_30|eeg+emg+imu+fp
embracenet_fasca_kd,53,4,packet_loss_30,eeg,1.0,packet_loss_30|eeg
embracenet_fasca_kd,53,5,packet_loss_30,eeg,1.0,packet_loss_30|eeg
embracenet_fasca_kd,53,6,packet_loss_30,eeg,1.0,packet_loss_30|eeg
embracenet_fasca_kd,53,9,packet_loss_30,eeg,1.0,packet_loss_30|eeg
embracenet_fasca_kd,53,17,packet_loss_30,eeg,1.0,packet_loss_30|eeg
embracenet_fasca_kd,53,18,packet_loss_30,eeg,1.0,packet_loss_30|eeg
embracenet_fasca_kd,53,32,packet_loss_30,eeg,0.6666666666666666,packet_loss_30|eeg
embracenet_fasca_kd,53,33,packet_loss_30,eeg,1.0,packet_loss_30|eeg
embracenet_fasca_kd,53,35,packet_loss_30,eeg,1.0,packet_loss_30|eeg
embracenet_fasca_kd,53,44,packet_loss_30,eeg,1.0,packet_loss_30|eeg
embracenet_fasca_kd,53,53,packet_loss_30,eeg,1.0,packet_loss_30|eeg
embracenet_fasca_kd,53,4,packet_loss_30,emg,1.0,packet_loss_30|emg
embracenet_fasca_kd,53,5,packet_loss_30,emg,1.0,packet_loss_30|emg
embracenet_fasca_kd,53,6,packet_loss_30,emg,1.0,packet_loss_30|emg
embracenet_fasca_kd,53,9,packet_loss_30,emg,1.0,packet_loss_30|emg
embracenet_fasca_kd,53,17,packet_loss_30,emg,1.0,packet_loss_30|emg
embracenet_fasca_kd,53,18,packet_loss_30,emg,1.0,packet_loss_30|emg
embracenet_fasca_kd,53,32,packet_loss_30,emg,0.6666666666666666,packet_loss_30|emg
embracenet_fasca_kd,53,33,packet_loss_30,emg,1.0,packet_loss_30|emg
embracenet_fasca_kd,53,35,packet_loss_30,emg,1.0,packet_loss_30|emg
embracenet_fasca_kd,53,44,packet_loss_30,emg,1.0,packet_loss_30|emg
embracenet_fasca_kd,53,53,packet_loss_30,emg,1.0,packet_loss_30|emg
embracenet_fasca_kd,53,4,packet_loss_30,imu,1.0,packet_loss_30|imu
embracenet_fasca_kd,53,5,packet_loss_30,imu,1.0,packet_loss_30|imu
embracenet_fasca_kd,53,6,packet_loss_30,imu,0.5555555555555555,packet_loss_30|imu
embracenet_fasca_kd,53,9,packet_loss_30,imu,1.0,packet_loss_30|imu
embracenet_fasca_kd,53,17,packet_loss_30,imu,0.5555555555555555,packet_loss_30|imu
embracenet_fasca_kd,53,18,packet_loss_30,imu,1.0,packet_loss_30|imu
embracenet_fasca_kd,53,32,packet_loss_30,imu,0.6666666666666666,packet_loss_30|imu
embracenet_fasca_kd,53,33,packet_loss_30,imu,1.0,packet_loss_30|imu
embracenet_fasca_kd,53,35,packet_loss_30,imu,1.0,packet_loss_30|imu
embracenet_fasca_kd,53,44,packet_loss_30,imu,1.0,packet_loss_30|imu
embracenet_fasca_kd,53,53,packet_loss_30,imu,1.0,packet_loss_30|imu
embracenet_fasca_kd,53,4,packet_loss_30,fp,1.0,packet_loss_30|fp
embracenet_fasca_kd,53,5,packet_loss_30,fp,1.0,packet_loss_30|fp
embracenet_fasca_kd,53,6,packet_loss_30,fp,1.0,packet_loss_30|fp
embracenet_fasca_kd,53,9,packet_loss_30,fp,1.0,packet_loss_30|fp
embracenet_fasca_kd,53,17,packet_loss_30,fp,1.0,packet_loss_30|fp
embracenet_fasca_kd,53,18,packet_loss_30,fp,1.0,packet_loss_30|fp
embracenet_fasca_kd,53,32,packet_loss_30,fp,0.6666666666666666,packet_loss_30|fp
embracenet_fasca_kd,53,33,packet_loss_30,fp,1.0,packet_loss_30|fp
embracenet_fasca_kd,53,35,packet_loss_30,fp,1.0,packet_loss_30|fp
embracenet_fasca_kd,53,44,packet_loss_30,fp,1.0,packet_loss_30|fp
embracenet_fasca_kd,53,53,packet_loss_30,fp,1.0,packet_loss_30|fp
embracenet_fasca_kd,53,4,packet_loss_30,eeg+emg+imu+fp,1.0,packet_loss_30|eeg+emg+imu+fp
embracenet_fasca_kd,53,5,packet_loss_30,eeg+emg+imu+fp,1.0,packet_loss_30|eeg+emg+imu+fp
embracenet_fasca_kd,53,6,packet_loss_30,eeg+emg+imu+fp,0.5555555555555555,packet_loss_30|eeg+emg+imu+fp
embracenet_fasca_kd,53,9,packet_loss_30,eeg+emg+imu+fp,1.0,packet_loss_30|eeg+emg+imu+fp
embracenet_fasca_kd,53,17,packet_loss_30,eeg+emg+imu+fp,0.2222222222222222,packet_loss_30|eeg+emg+imu+fp
embracenet_fasca_kd,53,18,packet_loss_30,eeg+emg+imu+fp,0.5555555555555555,packet_loss_30|eeg+emg+imu+fp
embracenet_fasca_kd,53,32,packet_loss_30,eeg+emg+imu+fp,0.6666666666666666,packet_loss_30|eeg+emg+imu+fp
embracenet_fasca_kd,53,33,packet_loss_30,eeg+emg+imu+fp,1.0,packet_loss_30|eeg+emg+imu+fp
embracenet_fasca_kd,53,35,packet_loss_30,eeg+emg+imu+fp,1.0,packet_loss_30|eeg+emg+imu+fp
embracenet_fasca_kd,53,44,packet_loss_30,eeg+emg+imu+fp,1.0,packet_loss_30|eeg+emg+imu+fp
embracenet_fasca_kd,53,53,packet_loss_30,eeg+emg+imu+fp,1.0,packet_loss_30|eeg+emg+imu+fp
embracenet_fasca_kd,53,4,shift_250ms,eeg,1.0,shift_250ms|eeg
embracenet_fasca_kd,53,5,shift_250ms,eeg,1.0,shift_250ms|eeg
embracenet_fasca_kd,53,6,shift_250ms,eeg,1.0,shift_250ms|eeg
embracenet_fasca_kd,53,9,shift_250ms,eeg,1.0,shift_250ms|eeg
embracenet_fasca_kd,53,17,shift_250ms,eeg,1.0,shift_250ms|eeg
embracenet_fasca_kd,53,18,shift_250ms,eeg,1.0,shift_250ms|eeg
embracenet_fasca_kd,53,32,shift_250ms,eeg,0.6666666666666666,shift_250ms|eeg
embracenet_fasca_kd,53,33,shift_250ms,eeg,1.0,shift_250ms|eeg
embracenet_fasca_kd,53,35,shift_250ms,eeg,1.0,shift_250ms|eeg
embracenet_fasca_kd,53,44,shift_250ms,eeg,1.0,shift_250ms|eeg
embracenet_fasca_kd,53,53,shift_250ms,eeg,1.0,shift_250ms|eeg
embracenet_fasca_kd,53,4,shift_250ms,emg,1.0,shift_250ms|emg
embracenet_fasca_kd,53,5,shift_250ms,emg,1.0,shift_250ms|emg
embracenet_fasca_kd,53,6,shift_250ms,emg,1.0,shift_250ms|emg
embracenet_fasca_kd,53,9,shift_250ms,emg,1.0,shift_250ms|emg
embracenet_fasca_kd,53,17,shift_250ms,emg,1.0,shift_250ms|emg
embracenet_fasca_kd,53,18,shift_250ms,emg,1.0,shift_250ms|emg
embracenet_fasca_kd,53,32,shift_250ms,emg,0.6666666666666666,shift_250ms|emg
embracenet_fasca_kd,53,33,shift_250ms,emg,1.0,shift_250ms|emg
embracenet_fasca_kd,53,35,shift_250ms,emg,1.0,shift_250ms|emg
embracenet_fasca_kd,53,44,shift_250ms,emg,1.0,shift_250ms|emg
embracenet_fasca_kd,53,53,shift_250ms,emg,1.0,shift_250ms|emg
embracenet_fasca_kd,53,4,shift_250ms,imu,1.0,shift_250ms|imu
embracenet_fasca_kd,53,5,shift_250ms,imu,1.0,shift_250ms|imu
embracenet_fasca_kd,53,6,shift_250ms,imu,1.0,shift_250ms|imu
embracenet_fasca_kd,53,9,shift_250ms,imu,1.0,shift_250ms|imu
embracenet_fasca_kd,53,17,shift_250ms,imu,1.0,shift_250ms|imu
embracenet_fasca_kd,53,18,shift_250ms,imu,1.0,shift_250ms|imu
embracenet_fasca_kd,53,32,shift_250ms,imu,0.6666666666666666,shift_250ms|imu
embracenet_fasca_kd,53,33,shift_250ms,imu,1.0,shift_250ms|imu
embracenet_fasca_kd,53,35,shift_250ms,imu,1.0,shift_250ms|imu
embracenet_fasca_kd,53,44,shift_250ms,imu,1.0,shift_250ms|imu
embracenet_fasca_kd,53,53,shift_250ms,imu,1.0,shift_250ms|imu
embracenet_fasca_kd,53,4,shift_250ms,fp,1.0,shift_250ms|fp
embracenet_fasca_kd,53,5,shift_250ms,fp,1.0,shift_250ms|fp
embracenet_fasca_kd,53,6,shift_250ms,fp,1.0,shift_250ms|fp
embracenet_fasca_kd,53,9,shift_250ms,fp,1.0,shift_250ms|fp
embracenet_fasca_kd,53,17,shift_250ms,fp,1.0,shift_250ms|fp
embracenet_fasca_kd,53,18,shift_250ms,fp,1.0,shift_250ms|fp
embracenet_fasca_kd,53,32,shift_250ms,fp,0.6666666666666666,shift_250ms|fp
embracenet_fasca_kd,53,33,shift_250ms,fp,1.0,shift_250ms|fp
embracenet_fasca_kd,53,35,shift_250ms,fp,1.0,shift_250ms|fp
embracenet_fasca_kd,53,44,shift_250ms,fp,1.0,shift_250ms|fp
embracenet_fasca_kd,53,53,shift_250ms,fp,1.0,shift_250ms|fp
embracenet_fasca_kd,53,4,shift_250ms,eeg+emg+imu+fp,1.0,shift_250ms|eeg+emg+imu+fp
embracenet_fasca_kd,53,5,shift_250ms,eeg+emg+imu+fp,1.0,shift_250ms|eeg+emg+imu+fp
embracenet_fasca_kd,53,6,shift_250ms,eeg+emg+imu+fp,1.0,shift_250ms|eeg+emg+imu+fp
embracenet_fasca_kd,53,9,shift_250ms,eeg+emg+imu+fp,1.0,shift_250ms|eeg+emg+imu+fp
embracenet_fasca_kd,53,17,shift_250ms,eeg+emg+imu+fp,1.0,shift_250ms|eeg+emg+imu+fp
embracenet_fasca_kd,53,18,shift_250ms,eeg+emg+imu+fp,1.0,shift_250ms|eeg+emg+imu+fp
embracenet_fasca_kd,53,32,shift_250ms,eeg+emg+imu+fp,0.6666666666666666,shift_250ms|eeg+emg+imu+fp
embracenet_fasca_kd,53,33,shift_250ms,eeg+emg+imu+fp,1.0,shift_250ms|eeg+emg+imu+fp
embracenet_fasca_kd,53,35,shift_250ms,eeg+emg+imu+fp,1.0,shift_250ms|eeg+emg+imu+fp
embracenet_fasca_kd,53,44,shift_250ms,eeg+emg+imu+fp,1.0,shift_250ms|eeg+emg+imu+fp
embracenet_fasca_kd,53,53,shift_250ms,eeg+emg+imu+fp,1.0,shift_250ms|eeg+emg+imu+fp
embracenet_fasca_kd,53,4,gain_1.5,eeg,1.0,gain_1.5|eeg
embracenet_fasca_kd,53,5,gain_1.5,eeg,1.0,gain_1.5|eeg
embracenet_fasca_kd,53,6,gain_1.5,eeg,1.0,gain_1.5|eeg
embracenet_fasca_kd,53,9,gain_1.5,eeg,1.0,gain_1.5|eeg
embracenet_fasca_kd,53,17,gain_1.5,eeg,1.0,gain_1.5|eeg
embracenet_fasca_kd,53,18,gain_1.5,eeg,1.0,gain_1.5|eeg
embracenet_fasca_kd,53,32,gain_1.5,eeg,0.6666666666666666,gain_1.5|eeg
embracenet_fasca_kd,53,33,gain_1.5,eeg,1.0,gain_1.5|eeg
embracenet_fasca_kd,53,35,gain_1.5,eeg,1.0,gain_1.5|eeg
embracenet_fasca_kd,53,44,gain_1.5,eeg,1.0,gain_1.5|eeg
embracenet_fasca_kd,53,53,gain_1.5,eeg,1.0,gain_1.5|eeg
embracenet_fasca_kd,53,4,gain_1.5,emg,1.0,gain_1.5|emg
embracenet_fasca_kd,53,5,gain_1.5,emg,1.0,gain_1.5|emg
embracenet_fasca_kd,53,6,gain_1.5,emg,1.0,gain_1.5|emg
embracenet_fasca_kd,53,9,gain_1.5,emg,1.0,gain_1.5|emg
embracenet_fasca_kd,53,17,gain_1.5,emg,1.0,gain_1.5|emg
embracenet_fasca_kd,53,18,gain_1.5,emg,1.0,gain_1.5|emg
embracenet_fasca_kd,53,32,gain_1.5,emg,0.6666666666666666,gain_1.5|emg
embracenet_fasca_kd,53,33,gain_1.5,emg,1.0,gain_1.5|emg
embracenet_fasca_kd,53,35,gain_1.5,emg,1.0,gain_1.5|emg
embracenet_fasca_kd,53,44,gain_1.5,emg,1.0,gain_1.5|emg
embracenet_fasca_kd,53,53,gain_1.5,emg,1.0,gain_1.5|emg
embracenet_fasca_kd,53,4,gain_1.5,imu,1.0,gain_1.5|imu
embracenet_fasca_kd,53,5,gain_1.5,imu,0.2222222222222222,gain_1.5|imu
embracenet_fasca_kd,53,6,gain_1.5,imu,1.0,gain_1.5|imu
embracenet_fasca_kd,53,9,gain_1.5,imu,0.5555555555555555,gain_1.5|imu
embracenet_fasca_kd,53,17,gain_1.5,imu,1.0,gain_1.5|imu
embracenet_fasca_kd,53,18,gain_1.5,imu,1.0,gain_1.5|imu
embracenet_fasca_kd,53,32,gain_1.5,imu,0.6666666666666666,gain_1.5|imu
embracenet_fasca_kd,53,33,gain_1.5,imu,0.5555555555555555,gain_1.5|imu
embracenet_fasca_kd,53,35,gain_1.5,imu,0.5555555555555555,gain_1.5|imu
embracenet_fasca_kd,53,44,gain_1.5,imu,0.5555555555555555,gain_1.5|imu
embracenet_fasca_kd,53,53,gain_1.5,imu,0.2222222222222222,gain_1.5|imu
embracenet_fasca_kd,53,4,gain_1.5,fp,1.0,gain_1.5|fp
embracenet_fasca_kd,53,5,gain_1.5,fp,1.0,gain_1.5|fp
embracenet_fasca_kd,53,6,gain_1.5,fp,1.0,gain_1.5|fp
embracenet_fasca_kd,53,9,gain_1.5,fp,1.0,gain_1.5|fp
embracenet_fasca_kd,53,17,gain_1.5,fp,1.0,gain_1.5|fp
embracenet_fasca_kd,53,18,gain_1.5,fp,1.0,gain_1.5|fp
embracenet_fasca_kd,53,32,gain_1.5,fp,0.6666666666666666,gain_1.5|fp
embracenet_fasca_kd,53,33,gain_1.5,fp,1.0,gain_1.5|fp
embracenet_fasca_kd,53,35,gain_1.5,fp,1.0,gain_1.5|fp
embracenet_fasca_kd,53,44,gain_1.5,fp,1.0,gain_1.5|fp
embracenet_fasca_kd,53,53,gain_1.5,fp,1.0,gain_1.5|fp
embracenet_fasca_kd,53,4,gain_1.5,eeg+emg+imu+fp,1.0,gain_1.5|eeg+emg+imu+fp
embracenet_fasca_kd,53,5,gain_1.5,eeg+emg+imu+fp,0.2222222222222222,gain_1.5|eeg+emg+imu+fp
embracenet_fasca_kd,53,6,gain_1.5,eeg+emg+imu+fp,0.5555555555555555,gain_1.5|eeg+emg+imu+fp
embracenet_fasca_kd,53,9,gain_1.5,eeg+emg+imu+fp,0.2222222222222222,gain_1.5|eeg+emg+imu+fp
embracenet_fasca_kd,53,17,gain_1.5,eeg+emg+imu+fp,1.0,gain_1.5|eeg+emg+imu+fp
embracenet_fasca_kd,53,18,gain_1.5,eeg+emg+imu+fp,1.0,gain_1.5|eeg+emg+imu+fp
embracenet_fasca_kd,53,32,gain_1.5,eeg+emg+imu+fp,0.0,gain_1.5|eeg+emg+imu+fp
embracenet_fasca_kd,53,33,gain_1.5,eeg+emg+imu+fp,0.2222222222222222,gain_1.5|eeg+emg+imu+fp
embracenet_fasca_kd,53,35,gain_1.5,eeg+emg+imu+fp,0.2222222222222222,gain_1.5|eeg+emg+imu+fp
embracenet_fasca_kd,53,44,gain_1.5,eeg+emg+imu+fp,0.2222222222222222,gain_1.5|eeg+emg+imu+fp
embracenet_fasca_kd,53,53,gain_1.5,eeg+emg+imu+fp,0.2222222222222222,gain_1.5|eeg+emg+imu+fp
embracenet_fasca_kd,51,20,clean,none,1.0,clean|none
embracenet_fasca_kd,51,22,clean,none,1.0,clean|none
embracenet_fasca_kd,51,23,clean,none,1.0,clean|none
embracenet_fasca_kd,51,28,clean,none,1.0,clean|none
embracenet_fasca_kd,51,34,clean,none,1.0,clean|none
embracenet_fasca_kd,51,41,clean,none,1.0,clean|none
embracenet_fasca_kd,51,42,clean,none,1.0,clean|none
embracenet_fasca_kd,51,45,clean,none,0.6666666666666666,clean|none
embracenet_fasca_kd,51,51,clean,none,1.0,clean|none
embracenet_fasca_kd,51,54,clean,none,1.0,clean|none
embracenet_fasca_kd,51,56,clean,none,1.0,clean|none
embracenet_fasca_kd,51,20,noise_10db,eeg,1.0,noise_10db|eeg
embracenet_fasca_kd,51,22,noise_10db,eeg,1.0,noise_10db|eeg
embracenet_fasca_kd,51,23,noise_10db,eeg,1.0,noise_10db|eeg
embracenet_fasca_kd,51,28,noise_10db,eeg,1.0,noise_10db|eeg
embracenet_fasca_kd,51,34,noise_10db,eeg,1.0,noise_10db|eeg
embracenet_fasca_kd,51,41,noise_10db,eeg,1.0,noise_10db|eeg
embracenet_fasca_kd,51,42,noise_10db,eeg,1.0,noise_10db|eeg
embracenet_fasca_kd,51,45,noise_10db,eeg,0.6666666666666666,noise_10db|eeg
embracenet_fasca_kd,51,51,noise_10db,eeg,1.0,noise_10db|eeg
embracenet_fasca_kd,51,54,noise_10db,eeg,1.0,noise_10db|eeg
embracenet_fasca_kd,51,56,noise_10db,eeg,1.0,noise_10db|eeg
embracenet_fasca_kd,51,20,noise_10db,emg,1.0,noise_10db|emg
embracenet_fasca_kd,51,22,noise_10db,emg,1.0,noise_10db|emg
embracenet_fasca_kd,51,23,noise_10db,emg,1.0,noise_10db|emg
embracenet_fasca_kd,51,28,noise_10db,emg,1.0,noise_10db|emg
embracenet_fasca_kd,51,34,noise_10db,emg,1.0,noise_10db|emg
embracenet_fasca_kd,51,41,noise_10db,emg,1.0,noise_10db|emg
embracenet_fasca_kd,51,42,noise_10db,emg,1.0,noise_10db|emg
embracenet_fasca_kd,51,45,noise_10db,emg,0.6666666666666666,noise_10db|emg
embracenet_fasca_kd,51,51,noise_10db,emg,1.0,noise_10db|emg
embracenet_fasca_kd,51,54,noise_10db,emg,1.0,noise_10db|emg
embracenet_fasca_kd,51,56,noise_10db,emg,1.0,noise_10db|emg
embracenet_fasca_kd,51,20,noise_10db,imu,1.0,noise_10db|imu
embracenet_fasca_kd,51,22,noise_10db,imu,1.0,noise_10db|imu
embracenet_fasca_kd,51,23,noise_10db,imu,1.0,noise_10db|imu
embracenet_fasca_kd,51,28,noise_10db,imu,1.0,noise_10db|imu
embracenet_fasca_kd,51,34,noise_10db,imu,1.0,noise_10db|imu
embracenet_fasca_kd,51,41,noise_10db,imu,1.0,noise_10db|imu
embracenet_fasca_kd,51,42,noise_10db,imu,1.0,noise_10db|imu
embracenet_fasca_kd,51,45,noise_10db,imu,0.6666666666666666,noise_10db|imu
embracenet_fasca_kd,51,51,noise_10db,imu,1.0,noise_10db|imu
embracenet_fasca_kd,51,54,noise_10db,imu,1.0,noise_10db|imu
embracenet_fasca_kd,51,56,noise_10db,imu,1.0,noise_10db|imu
embracenet_fasca_kd,51,20,noise_10db,fp,1.0,noise_10db|fp
embracenet_fasca_kd,51,22,noise_10db,fp,1.0,noise_10db|fp
embracenet_fasca_kd,51,23,noise_10db,fp,1.0,noise_10db|fp
embracenet_fasca_kd,51,28,noise_10db,fp,1.0,noise_10db|fp
embracenet_fasca_kd,51,34,noise_10db,fp,1.0,noise_10db|fp
embracenet_fasca_kd,51,41,noise_10db,fp,1.0,noise_10db|fp
embracenet_fasca_kd,51,42,noise_10db,fp,1.0,noise_10db|fp
embracenet_fasca_kd,51,45,noise_10db,fp,0.6666666666666666,noise_10db|fp
embracenet_fasca_kd,51,51,noise_10db,fp,1.0,noise_10db|fp
embracenet_fasca_kd,51,54,noise_10db,fp,1.0,noise_10db|fp
embracenet_fasca_kd,51,56,noise_10db,fp,1.0,noise_10db|fp
embracenet_fasca_kd,51,20,noise_10db,eeg+emg+imu+fp,1.0,noise_10db|eeg+emg+imu+fp
embracenet_fasca_kd,51,22,noise_10db,eeg+emg+imu+fp,1.0,noise_10db|eeg+emg+imu+fp
embracenet_fasca_kd,51,23,noise_10db,eeg+emg+imu+fp,1.0,noise_10db|eeg+emg+imu+fp
embracenet_fasca_kd,51,28,noise_10db,eeg+emg+imu+fp,1.0,noise_10db|eeg+emg+imu+fp
embracenet_fasca_kd,51,34,noise_10db,eeg+emg+imu+fp,1.0,noise_10db|eeg+emg+imu+fp
embracenet_fasca_kd,51,41,noise_10db,eeg+emg+imu+fp,1.0,noise_10db|eeg+emg+imu+fp
embracenet_fasca_kd,51,42,noise_10db,eeg+emg+imu+fp,1.0,noise_10db|eeg+emg+imu+fp
embracenet_fasca_kd,51,45,noise_10db,eeg+emg+imu+fp,0.6666666666666666,noise_10db|eeg+emg+imu+fp
embracenet_fasca_kd,51,51,noise_10db,eeg+emg+imu+fp,1.0,noise_10db|eeg+emg+imu+fp
embracenet_fasca_kd,51,54,noise_10db,eeg+emg+imu+fp,1.0,noise_10db|eeg+emg+imu+fp
embracenet_fasca_kd,51,56,noise_10db,eeg+emg+imu+fp,1.0,noise_10db|eeg+emg+imu+fp
embracenet_fasca_kd,51,20,channel_dropout_30,eeg,1.0,channel_dropout_30|eeg
embracenet_fasca_kd,51,22,channel_dropout_30,eeg,1.0,channel_dropout_30|eeg
embracenet_fasca_kd,51,23,channel_dropout_30,eeg,1.0,channel_dropout_30|eeg
embracenet_fasca_kd,51,28,channel_dropout_30,eeg,1.0,channel_dropout_30|eeg
embracenet_fasca_kd,51,34,channel_dropout_30,eeg,1.0,channel_dropout_30|eeg
embracenet_fasca_kd,51,41,channel_dropout_30,eeg,1.0,channel_dropout_30|eeg
embracenet_fasca_kd,51,42,channel_dropout_30,eeg,1.0,channel_dropout_30|eeg
embracenet_fasca_kd,51,45,channel_dropout_30,eeg,0.6666666666666666,channel_dropout_30|eeg
embracenet_fasca_kd,51,51,channel_dropout_30,eeg,1.0,channel_dropout_30|eeg
embracenet_fasca_kd,51,54,channel_dropout_30,eeg,1.0,channel_dropout_30|eeg
embracenet_fasca_kd,51,56,channel_dropout_30,eeg,1.0,channel_dropout_30|eeg
embracenet_fasca_kd,51,20,channel_dropout_30,emg,1.0,channel_dropout_30|emg
embracenet_fasca_kd,51,22,channel_dropout_30,emg,1.0,channel_dropout_30|emg
embracenet_fasca_kd,51,23,channel_dropout_30,emg,1.0,channel_dropout_30|emg
embracenet_fasca_kd,51,28,channel_dropout_30,emg,1.0,channel_dropout_30|emg
embracenet_fasca_kd,51,34,channel_dropout_30,emg,1.0,channel_dropout_30|emg
embracenet_fasca_kd,51,41,channel_dropout_30,emg,1.0,channel_dropout_30|emg
embracenet_fasca_kd,51,42,channel_dropout_30,emg,1.0,channel_dropout_30|emg
embracenet_fasca_kd,51,45,channel_dropout_30,emg,0.6666666666666666,channel_dropout_30|emg
embracenet_fasca_kd,51,51,channel_dropout_30,emg,1.0,channel_dropout_30|emg
embracenet_fasca_kd,51,54,channel_dropout_30,emg,1.0,channel_dropout_30|emg
embracenet_fasca_kd,51,56,channel_dropout_30,emg,0.5555555555555555,channel_dropout_30|emg
embracenet_fasca_kd,51,20,channel_dropout_30,imu,1.0,channel_dropout_30|imu
embracenet_fasca_kd,51,22,channel_dropout_30,imu,1.0,channel_dropout_30|imu
embracenet_fasca_kd,51,23,channel_dropout_30,imu,1.0,channel_dropout_30|imu
embracenet_fasca_kd,51,28,channel_dropout_30,imu,1.0,channel_dropout_30|imu
embracenet_fasca_kd,51,34,channel_dropout_30,imu,1.0,channel_dropout_30|imu
embracenet_fasca_kd,51,41,channel_dropout_30,imu,1.0,channel_dropout_30|imu
embracenet_fasca_kd,51,42,channel_dropout_30,imu,0.5555555555555555,channel_dropout_30|imu
embracenet_fasca_kd,51,45,channel_dropout_30,imu,0.6666666666666666,channel_dropout_30|imu
embracenet_fasca_kd,51,51,channel_dropout_30,imu,1.0,channel_dropout_30|imu
embracenet_fasca_kd,51,54,channel_dropout_30,imu,1.0,channel_dropout_30|imu
embracenet_fasca_kd,51,56,channel_dropout_30,imu,0.2222222222222222,channel_dropout_30|imu
embracenet_fasca_kd,51,20,channel_dropout_30,fp,1.0,channel_dropout_30|fp
embracenet_fasca_kd,51,22,channel_dropout_30,fp,1.0,channel_dropout_30|fp
embracenet_fasca_kd,51,23,channel_dropout_30,fp,1.0,channel_dropout_30|fp
embracenet_fasca_kd,51,28,channel_dropout_30,fp,1.0,channel_dropout_30|fp
embracenet_fasca_kd,51,34,channel_dropout_30,fp,1.0,channel_dropout_30|fp
embracenet_fasca_kd,51,41,channel_dropout_30,fp,1.0,channel_dropout_30|fp
embracenet_fasca_kd,51,42,channel_dropout_30,fp,0.5555555555555555,channel_dropout_30|fp
embracenet_fasca_kd,51,45,channel_dropout_30,fp,0.6666666666666666,channel_dropout_30|fp
embracenet_fasca_kd,51,51,channel_dropout_30,fp,1.0,channel_dropout_30|fp
embracenet_fasca_kd,51,54,channel_dropout_30,fp,1.0,channel_dropout_30|fp
embracenet_fasca_kd,51,56,channel_dropout_30,fp,1.0,channel_dropout_30|fp
embracenet_fasca_kd,51,20,channel_dropout_30,eeg+emg+imu+fp,1.0,channel_dropout_30|eeg+emg+imu+fp
embracenet_fasca_kd,51,22,channel_dropout_30,eeg+emg+imu+fp,1.0,channel_dropout_30|eeg+emg+imu+fp
embracenet_fasca_kd,51,23,channel_dropout_30,eeg+emg+imu+fp,1.0,channel_dropout_30|eeg+emg+imu+fp
embracenet_fasca_kd,51,28,channel_dropout_30,eeg+emg+imu+fp,1.0,channel_dropout_30|eeg+emg+imu+fp
embracenet_fasca_kd,51,34,channel_dropout_30,eeg+emg+imu+fp,1.0,channel_dropout_30|eeg+emg+imu+fp
embracenet_fasca_kd,51,41,channel_dropout_30,eeg+emg+imu+fp,1.0,channel_dropout_30|eeg+emg+imu+fp
embracenet_fasca_kd,51,42,channel_dropout_30,eeg+emg+imu+fp,1.0,channel_dropout_30|eeg+emg+imu+fp
embracenet_fasca_kd,51,45,channel_dropout_30,eeg+emg+imu+fp,0.2222222222222222,channel_dropout_30|eeg+emg+imu+fp
embracenet_fasca_kd,51,51,channel_dropout_30,eeg+emg+imu+fp,0.5555555555555555,channel_dropout_30|eeg+emg+imu+fp
embracenet_fasca_kd,51,54,channel_dropout_30,eeg+emg+imu+fp,1.0,channel_dropout_30|eeg+emg+imu+fp
embracenet_fasca_kd,51,56,channel_dropout_30,eeg+emg+imu+fp,0.5555555555555555,channel_dropout_30|eeg+emg+imu+fp
embracenet_fasca_kd,51,20,structured_dropout_30,eeg,1.0,structured_dropout_30|eeg
embracenet_fasca_kd,51,22,structured_dropout_30,eeg,1.0,structured_dropout_30|eeg
embracenet_fasca_kd,51,23,structured_dropout_30,eeg,1.0,structured_dropout_30|eeg
embracenet_fasca_kd,51,28,structured_dropout_30,eeg,1.0,structured_dropout_30|eeg
embracenet_fasca_kd,51,34,structured_dropout_30,eeg,1.0,structured_dropout_30|eeg
embracenet_fasca_kd,51,41,structured_dropout_30,eeg,1.0,structured_dropout_30|eeg
embracenet_fasca_kd,51,42,structured_dropout_30,eeg,1.0,structured_dropout_30|eeg
embracenet_fasca_kd,51,45,structured_dropout_30,eeg,0.6666666666666666,structured_dropout_30|eeg
embracenet_fasca_kd,51,51,structured_dropout_30,eeg,1.0,structured_dropout_30|eeg
embracenet_fasca_kd,51,54,structured_dropout_30,eeg,1.0,structured_dropout_30|eeg
embracenet_fasca_kd,51,56,structured_dropout_30,eeg,1.0,structured_dropout_30|eeg
embracenet_fasca_kd,51,20,structured_dropout_30,emg,1.0,structured_dropout_30|emg
embracenet_fasca_kd,51,22,structured_dropout_30,emg,1.0,structured_dropout_30|emg
embracenet_fasca_kd,51,23,structured_dropout_30,emg,1.0,structured_dropout_30|emg
embracenet_fasca_kd,51,28,structured_dropout_30,emg,1.0,structured_dropout_30|emg
embracenet_fasca_kd,51,34,structured_dropout_30,emg,1.0,structured_dropout_30|emg
embracenet_fasca_kd,51,41,structured_dropout_30,emg,1.0,structured_dropout_30|emg
embracenet_fasca_kd,51,42,structured_dropout_30,emg,1.0,structured_dropout_30|emg
embracenet_fasca_kd,51,45,structured_dropout_30,emg,0.6666666666666666,structured_dropout_30|emg
embracenet_fasca_kd,51,51,structured_dropout_30,emg,1.0,structured_dropout_30|emg
embracenet_fasca_kd,51,54,structured_dropout_30,emg,1.0,structured_dropout_30|emg
embracenet_fasca_kd,51,56,structured_dropout_30,emg,1.0,structured_dropout_30|emg
embracenet_fasca_kd,51,20,structured_dropout_30,imu,1.0,structured_dropout_30|imu
embracenet_fasca_kd,51,22,structured_dropout_30,imu,1.0,structured_dropout_30|imu
embracenet_fasca_kd,51,23,structured_dropout_30,imu,1.0,structured_dropout_30|imu
embracenet_fasca_kd,51,28,structured_dropout_30,imu,1.0,structured_dropout_30|imu
embracenet_fasca_kd,51,34,structured_dropout_30,imu,1.0,structured_dropout_30|imu
embracenet_fasca_kd,51,41,structured_dropout_30,imu,1.0,structured_dropout_30|imu
embracenet_fasca_kd,51,42,structured_dropout_30,imu,0.5555555555555555,structured_dropout_30|imu
embracenet_fasca_kd,51,45,structured_dropout_30,imu,0.6666666666666666,structured_dropout_30|imu
embracenet_fasca_kd,51,51,structured_dropout_30,imu,1.0,structured_dropout_30|imu
embracenet_fasca_kd,51,54,structured_dropout_30,imu,1.0,structured_dropout_30|imu
embracenet_fasca_kd,51,56,structured_dropout_30,imu,0.5555555555555555,structured_dropout_30|imu
embracenet_fasca_kd,51,20,structured_dropout_30,fp,1.0,structured_dropout_30|fp
embracenet_fasca_kd,51,22,structured_dropout_30,fp,1.0,structured_dropout_30|fp
embracenet_fasca_kd,51,23,structured_dropout_30,fp,1.0,structured_dropout_30|fp
embracenet_fasca_kd,51,28,structured_dropout_30,fp,1.0,structured_dropout_30|fp
embracenet_fasca_kd,51,34,structured_dropout_30,fp,1.0,structured_dropout_30|fp
embracenet_fasca_kd,51,41,structured_dropout_30,fp,1.0,structured_dropout_30|fp
embracenet_fasca_kd,51,42,structured_dropout_30,fp,1.0,structured_dropout_30|fp
embracenet_fasca_kd,51,45,structured_dropout_30,fp,0.6666666666666666,structured_dropout_30|fp
embracenet_fasca_kd,51,51,structured_dropout_30,fp,1.0,structured_dropout_30|fp
embracenet_fasca_kd,51,54,structured_dropout_30,fp,1.0,structured_dropout_30|fp
embracenet_fasca_kd,51,56,structured_dropout_30,fp,1.0,structured_dropout_30|fp
embracenet_fasca_kd,51,20,structured_dropout_30,eeg+emg+imu+fp,1.0,structured_dropout_30|eeg+emg+imu+fp
embracenet_fasca_kd,51,22,structured_dropout_30,eeg+emg+imu+fp,1.0,structured_dropout_30|eeg+emg+imu+fp
embracenet_fasca_kd,51,23,structured_dropout_30,eeg+emg+imu+fp,1.0,structured_dropout_30|eeg+emg+imu+fp
embracenet_fasca_kd,51,28,structured_dropout_30,eeg+emg+imu+fp,1.0,structured_dropout_30|eeg+emg+imu+fp
embracenet_fasca_kd,51,34,structured_dropout_30,eeg+emg+imu+fp,0.5555555555555555,structured_dropout_30|eeg+emg+imu+fp
embracenet_fasca_kd,51,41,structured_dropout_30,eeg+emg+imu+fp,0.5555555555555555,structured_dropout_30|eeg+emg+imu+fp
embracenet_fasca_kd,51,42,structured_dropout_30,eeg+emg+imu+fp,0.2222222222222222,structured_dropout_30|eeg+emg+imu+fp
embracenet_fasca_kd,51,45,structured_dropout_30,eeg+emg+imu+fp,0.6666666666666666,structured_dropout_30|eeg+emg+imu+fp
embracenet_fasca_kd,51,51,structured_dropout_30,eeg+emg+imu+fp,0.5555555555555555,structured_dropout_30|eeg+emg+imu+fp
embracenet_fasca_kd,51,54,structured_dropout_30,eeg+emg+imu+fp,1.0,structured_dropout_30|eeg+emg+imu+fp
embracenet_fasca_kd,51,56,structured_dropout_30,eeg+emg+imu+fp,0.5555555555555555,structured_dropout_30|eeg+emg+imu+fp
embracenet_fasca_kd,51,20,packet_loss_30,eeg,1.0,packet_loss_30|eeg
embracenet_fasca_kd,51,22,packet_loss_30,eeg,1.0,packet_loss_30|eeg
embracenet_fasca_kd,51,23,packet_loss_30,eeg,1.0,packet_loss_30|eeg
embracenet_fasca_kd,51,28,packet_loss_30,eeg,1.0,packet_loss_30|eeg
embracenet_fasca_kd,51,34,packet_loss_30,eeg,1.0,packet_loss_30|eeg
embracenet_fasca_kd,51,41,packet_loss_30,eeg,1.0,packet_loss_30|eeg
embracenet_fasca_kd,51,42,packet_loss_30,eeg,1.0,packet_loss_30|eeg
embracenet_fasca_kd,51,45,packet_loss_30,eeg,0.6666666666666666,packet_loss_30|eeg
embracenet_fasca_kd,51,51,packet_loss_30,eeg,1.0,packet_loss_30|eeg
embracenet_fasca_kd,51,54,packet_loss_30,eeg,1.0,packet_loss_30|eeg
embracenet_fasca_kd,51,56,packet_loss_30,eeg,1.0,packet_loss_30|eeg
embracenet_fasca_kd,51,20,packet_loss_30,emg,1.0,packet_loss_30|emg
embracenet_fasca_kd,51,22,packet_loss_30,emg,1.0,packet_loss_30|emg
embracenet_fasca_kd,51,23,packet_loss_30,emg,1.0,packet_loss_30|emg
embracenet_fasca_kd,51,28,packet_loss_30,emg,1.0,packet_loss_30|emg
embracenet_fasca_kd,51,34,packet_loss_30,emg,1.0,packet_loss_30|emg
embracenet_fasca_kd,51,41,packet_loss_30,emg,1.0,packet_loss_30|emg
embracenet_fasca_kd,51,42,packet_loss_30,emg,1.0,packet_loss_30|emg
embracenet_fasca_kd,51,45,packet_loss_30,emg,0.6666666666666666,packet_loss_30|emg
embracenet_fasca_kd,51,51,packet_loss_30,emg,1.0,packet_loss_30|emg
embracenet_fasca_kd,51,54,packet_loss_30,emg,1.0,packet_loss_30|emg
embracenet_fasca_kd,51,56,packet_loss_30,emg,1.0,packet_loss_30|emg
embracenet_fasca_kd,51,20,packet_loss_30,imu,1.0,packet_loss_30|imu
embracenet_fasca_kd,51,22,packet_loss_30,imu,1.0,packet_loss_30|imu
embracenet_fasca_kd,51,23,packet_loss_30,imu,1.0,packet_loss_30|imu
embracenet_fasca_kd,51,28,packet_loss_30,imu,1.0,packet_loss_30|imu
embracenet_fasca_kd,51,34,packet_loss_30,imu,1.0,packet_loss_30|imu
embracenet_fasca_kd,51,41,packet_loss_30,imu,1.0,packet_loss_30|imu
embracenet_fasca_kd,51,42,packet_loss_30,imu,0.5555555555555555,packet_loss_30|imu
embracenet_fasca_kd,51,45,packet_loss_30,imu,0.6666666666666666,packet_loss_30|imu
embracenet_fasca_kd,51,51,packet_loss_30,imu,1.0,packet_loss_30|imu
embracenet_fasca_kd,51,54,packet_loss_30,imu,1.0,packet_loss_30|imu
embracenet_fasca_kd,51,56,packet_loss_30,imu,1.0,packet_loss_30|imu
embracenet_fasca_kd,51,20,packet_loss_30,fp,1.0,packet_loss_30|fp
embracenet_fasca_kd,51,22,packet_loss_30,fp,1.0,packet_loss_30|fp
embracenet_fasca_kd,51,23,packet_loss_30,fp,1.0,packet_loss_30|fp
embracenet_fasca_kd,51,28,packet_loss_30,fp,1.0,packet_loss_30|fp
embracenet_fasca_kd,51,34,packet_loss_30,fp,1.0,packet_loss_30|fp
embracenet_fasca_kd,51,41,packet_loss_30,fp,1.0,packet_loss_30|fp
embracenet_fasca_kd,51,42,packet_loss_30,fp,1.0,packet_loss_30|fp
embracenet_fasca_kd,51,45,packet_loss_30,fp,0.6666666666666666,packet_loss_30|fp
embracenet_fasca_kd,51,51,packet_loss_30,fp,1.0,packet_loss_30|fp
embracenet_fasca_kd,51,54,packet_loss_30,fp,1.0,packet_loss_30|fp
embracenet_fasca_kd,51,56,packet_loss_30,fp,1.0,packet_loss_30|fp
embracenet_fasca_kd,51,20,packet_loss_30,eeg+emg+imu+fp,1.0,packet_loss_30|eeg+emg+imu+fp
embracenet_fasca_kd,51,22,packet_loss_30,eeg+emg+imu+fp,1.0,packet_loss_30|eeg+emg+imu+fp
embracenet_fasca_kd,51,23,packet_loss_30,eeg+emg+imu+fp,1.0,packet_loss_30|eeg+emg+imu+fp
embracenet_fasca_kd,51,28,packet_loss_30,eeg+emg+imu+fp,1.0,packet_loss_30|eeg+emg+imu+fp
embracenet_fasca_kd,51,34,packet_loss_30,eeg+emg+imu+fp,1.0,packet_loss_30|eeg+emg+imu+fp
embracenet_fasca_kd,51,41,packet_loss_30,eeg+emg+imu+fp,1.0,packet_loss_30|eeg+emg+imu+fp
embracenet_fasca_kd,51,42,packet_loss_30,eeg+emg+imu+fp,0.5555555555555555,packet_loss_30|eeg+emg+imu+fp
embracenet_fasca_kd,51,45,packet_loss_30,eeg+emg+imu+fp,0.6666666666666666,packet_loss_30|eeg+emg+imu+fp
embracenet_fasca_kd,51,51,packet_loss_30,eeg+emg+imu+fp,1.0,packet_loss_30|eeg+emg+imu+fp
embracenet_fasca_kd,51,54,packet_loss_30,eeg+emg+imu+fp,1.0,packet_loss_30|eeg+emg+imu+fp
embracenet_fasca_kd,51,56,packet_loss_30,eeg+emg+imu+fp,1.0,packet_loss_30|eeg+emg+imu+fp
embracenet_fasca_kd,51,20,shift_250ms,eeg,1.0,shift_250ms|eeg
embracenet_fasca_kd,51,22,shift_250ms,eeg,1.0,shift_250ms|eeg
embracenet_fasca_kd,51,23,shift_250ms,eeg,1.0,shift_250ms|eeg
embracenet_fasca_kd,51,28,shift_250ms,eeg,1.0,shift_250ms|eeg
embracenet_fasca_kd,51,34,shift_250ms,eeg,1.0,shift_250ms|eeg
embracenet_fasca_kd,51,41,shift_250ms,eeg,1.0,shift_250ms|eeg
embracenet_fasca_kd,51,42,shift_250ms,eeg,1.0,shift_250ms|eeg
embracenet_fasca_kd,51,45,shift_250ms,eeg,0.6666666666666666,shift_250ms|eeg
embracenet_fasca_kd,51,51,shift_250ms,eeg,1.0,shift_250ms|eeg
embracenet_fasca_kd,51,54,shift_250ms,eeg,1.0,shift_250ms|eeg
embracenet_fasca_kd,51,56,shift_250ms,eeg,1.0,shift_250ms|eeg
embracenet_fasca_kd,51,20,shift_250ms,emg,1.0,shift_250ms|emg
embracenet_fasca_kd,51,22,shift_250ms,emg,1.0,shift_250ms|emg
embracenet_fasca_kd,51,23,shift_250ms,emg,1.0,shift_250ms|emg
embracenet_fasca_kd,51,28,shift_250ms,emg,1.0,shift_250ms|emg
embracenet_fasca_kd,51,34,shift_250ms,emg,1.0,shift_250ms|emg
embracenet_fasca_kd,51,41,shift_250ms,emg,1.0,shift_250ms|emg
embracenet_fasca_kd,51,42,shift_250ms,emg,1.0,shift_250ms|emg
embracenet_fasca_kd,51,45,shift_250ms,emg,0.6666666666666666,shift_250ms|emg
embracenet_fasca_kd,51,51,shift_250ms,emg,1.0,shift_250ms|emg
embracenet_fasca_kd,51,54,shift_250ms,emg,1.0,shift_250ms|emg
embracenet_fasca_kd,51,56,shift_250ms,emg,1.0,shift_250ms|emg
embracenet_fasca_kd,51,20,shift_250ms,imu,1.0,shift_250ms|imu
embracenet_fasca_kd,51,22,shift_250ms,imu,1.0,shift_250ms|imu
embracenet_fasca_kd,51,23,shift_250ms,imu,1.0,shift_250ms|imu
embracenet_fasca_kd,51,28,shift_250ms,imu,1.0,shift_250ms|imu
embracenet_fasca_kd,51,34,shift_250ms,imu,1.0,shift_250ms|imu
embracenet_fasca_kd,51,41,shift_250ms,imu,1.0,shift_250ms|imu
embracenet_fasca_kd,51,42,shift_250ms,imu,1.0,shift_250ms|imu
embracenet_fasca_kd,51,45,shift_250ms,imu,0.6666666666666666,shift_250ms|imu
embracenet_fasca_kd,51,51,shift_250ms,imu,1.0,shift_250ms|imu
embracenet_fasca_kd,51,54,shift_250ms,imu,1.0,shift_250ms|imu
embracenet_fasca_kd,51,56,shift_250ms,imu,1.0,shift_250ms|imu
embracenet_fasca_kd,51,20,shift_250ms,fp,1.0,shift_250ms|fp
embracenet_fasca_kd,51,22,shift_250ms,fp,1.0,shift_250ms|fp
embracenet_fasca_kd,51,23,shift_250ms,fp,1.0,shift_250ms|fp
embracenet_fasca_kd,51,28,shift_250ms,fp,1.0,shift_250ms|fp
embracenet_fasca_kd,51,34,shift_250ms,fp,1.0,shift_250ms|fp
embracenet_fasca_kd,51,41,shift_250ms,fp,1.0,shift_250ms|fp
embracenet_fasca_kd,51,42,shift_250ms,fp,1.0,shift_250ms|fp
embracenet_fasca_kd,51,45,shift_250ms,fp,0.6666666666666666,shift_250ms|fp
embracenet_fasca_kd,51,51,shift_250ms,fp,1.0,shift_250ms|fp
embracenet_fasca_kd,51,54,shift_250ms,fp,1.0,shift_250ms|fp
embracenet_fasca_kd,51,56,shift_250ms,fp,1.0,shift_250ms|fp
embracenet_fasca_kd,51,20,shift_250ms,eeg+emg+imu+fp,1.0,shift_250ms|eeg+emg+imu+fp
embracenet_fasca_kd,51,22,shift_250ms,eeg+emg+imu+fp,1.0,shift_250ms|eeg+emg+imu+fp
embracenet_fasca_kd,51,23,shift_250ms,eeg+emg+imu+fp,1.0,shift_250ms|eeg+emg+imu+fp
embracenet_fasca_kd,51,28,shift_250ms,eeg+emg+imu+fp,1.0,shift_250ms|eeg+emg+imu+fp
embracenet_fasca_kd,51,34,shift_250ms,eeg+emg+imu+fp,1.0,shift_250ms|eeg+emg+imu+fp
embracenet_fasca_kd,51,41,shift_250ms,eeg+emg+imu+fp,1.0,shift_250ms|eeg+emg+imu+fp
embracenet_fasca_kd,51,42,shift_250ms,eeg+emg+imu+fp,1.0,shift_250ms|eeg+emg+imu+fp
embracenet_fasca_kd,51,45,shift_250ms,eeg+emg+imu+fp,0.6666666666666666,shift_250ms|eeg+emg+imu+fp
embracenet_fasca_kd,51,51,shift_250ms,eeg+emg+imu+fp,1.0,shift_250ms|eeg+emg+imu+fp
embracenet_fasca_kd,51,54,shift_250ms,eeg+emg+imu+fp,1.0,shift_250ms|eeg+emg+imu+fp
embracenet_fasca_kd,51,56,shift_250ms,eeg+emg+imu+fp,1.0,shift_250ms|eeg+emg+imu+fp
embracenet_fasca_kd,51,20,gain_1.5,eeg,1.0,gain_1.5|eeg
embracenet_fasca_kd,51,22,gain_1.5,eeg,1.0,gain_1.5|eeg
embracenet_fasca_kd,51,23,gain_1.5,eeg,1.0,gain_1.5|eeg
embracenet_fasca_kd,51,28,gain_1.5,eeg,1.0,gain_1.5|eeg
embracenet_fasca_kd,51,34,gain_1.5,eeg,1.0,gain_1.5|eeg
embracenet_fasca_kd,51,41,gain_1.5,eeg,1.0,gain_1.5|eeg
embracenet_fasca_kd,51,42,gain_1.5,eeg,1.0,gain_1.5|eeg
embracenet_fasca_kd,51,45,gain_1.5,eeg,0.6666666666666666,gain_1.5|eeg
embracenet_fasca_kd,51,51,gain_1.5,eeg,1.0,gain_1.5|eeg
embracenet_fasca_kd,51,54,gain_1.5,eeg,1.0,gain_1.5|eeg
embracenet_fasca_kd,51,56,gain_1.5,eeg,1.0,gain_1.5|eeg
embracenet_fasca_kd,51,20,gain_1.5,emg,1.0,gain_1.5|emg
embracenet_fasca_kd,51,22,gain_1.5,emg,1.0,gain_1.5|emg
embracenet_fasca_kd,51,23,gain_1.5,emg,1.0,gain_1.5|emg
embracenet_fasca_kd,51,28,gain_1.5,emg,1.0,gain_1.5|emg
embracenet_fasca_kd,51,34,gain_1.5,emg,1.0,gain_1.5|emg
embracenet_fasca_kd,51,41,gain_1.5,emg,1.0,gain_1.5|emg
embracenet_fasca_kd,51,42,gain_1.5,emg,1.0,gain_1.5|emg
embracenet_fasca_kd,51,45,gain_1.5,emg,0.6666666666666666,gain_1.5|emg
embracenet_fasca_kd,51,51,gain_1.5,emg,1.0,gain_1.5|emg
embracenet_fasca_kd,51,54,gain_1.5,emg,1.0,gain_1.5|emg
embracenet_fasca_kd,51,56,gain_1.5,emg,1.0,gain_1.5|emg
embracenet_fasca_kd,51,20,gain_1.5,imu,0.5555555555555555,gain_1.5|imu
embracenet_fasca_kd,51,22,gain_1.5,imu,0.5555555555555555,gain_1.5|imu
embracenet_fasca_kd,51,23,gain_1.5,imu,0.5555555555555555,gain_1.5|imu
embracenet_fasca_kd,51,28,gain_1.5,imu,0.5555555555555555,gain_1.5|imu
embracenet_fasca_kd,51,34,gain_1.5,imu,1.0,gain_1.5|imu
embracenet_fasca_kd,51,41,gain_1.5,imu,1.0,gain_1.5|imu
embracenet_fasca_kd,51,42,gain_1.5,imu,0.5555555555555555,gain_1.5|imu
embracenet_fasca_kd,51,45,gain_1.5,imu,0.3333333333333333,gain_1.5|imu
embracenet_fasca_kd,51,51,gain_1.5,imu,0.5555555555555555,gain_1.5|imu
embracenet_fasca_kd,51,54,gain_1.5,imu,0.5555555555555555,gain_1.5|imu
embracenet_fasca_kd,51,56,gain_1.5,imu,1.0,gain_1.5|imu
embracenet_fasca_kd,51,20,gain_1.5,fp,1.0,gain_1.5|fp
embracenet_fasca_kd,51,22,gain_1.5,fp,1.0,gain_1.5|fp
embracenet_fasca_kd,51,23,gain_1.5,fp,1.0,gain_1.5|fp
embracenet_fasca_kd,51,28,gain_1.5,fp,1.0,gain_1.5|fp
embracenet_fasca_kd,51,34,gain_1.5,fp,1.0,gain_1.5|fp
embracenet_fasca_kd,51,41,gain_1.5,fp,1.0,gain_1.5|fp
embracenet_fasca_kd,51,42,gain_1.5,fp,1.0,gain_1.5|fp
embracenet_fasca_kd,51,45,gain_1.5,fp,0.6666666666666666,gain_1.5|fp
embracenet_fasca_kd,51,51,gain_1.5,fp,1.0,gain_1.5|fp
embracenet_fasca_kd,51,54,gain_1.5,fp,1.0,gain_1.5|fp
embracenet_fasca_kd,51,56,gain_1.5,fp,1.0,gain_1.5|fp
embracenet_fasca_kd,51,20,gain_1.5,eeg+emg+imu+fp,0.5555555555555555,gain_1.5|eeg+emg+imu+fp
embracenet_fasca_kd,51,22,gain_1.5,eeg+emg+imu+fp,0.2222222222222222,gain_1.5|eeg+emg+imu+fp
embracenet_fasca_kd,51,23,gain_1.5,eeg+emg+imu+fp,0.5555555555555555,gain_1.5|eeg+emg+imu+fp
embracenet_fasca_kd,51,28,gain_1.5,eeg+emg+imu+fp,0.5555555555555555,gain_1.5|eeg+emg+imu+fp
embracenet_fasca_kd,51,34,gain_1.5,eeg+emg+imu+fp,1.0,gain_1.5|eeg+emg+imu+fp
embracenet_fasca_kd,51,41,gain_1.5,eeg+emg+imu+fp,0.5555555555555555,gain_1.5|eeg+emg+imu+fp
embracenet_fasca_kd,51,42,gain_1.5,eeg+emg+imu+fp,0.5555555555555555,gain_1.5|eeg+emg+imu+fp
embracenet_fasca_kd,51,45,gain_1.5,eeg+emg+imu+fp,0.3333333333333333,gain_1.5|eeg+emg+imu+fp
embracenet_fasca_kd,51,51,gain_1.5,eeg+emg+imu+fp,0.5555555555555555,gain_1.5|eeg+emg+imu+fp
embracenet_fasca_kd,51,54,gain_1.5,eeg+emg+imu+fp,0.5555555555555555,gain_1.5|eeg+emg+imu+fp
embracenet_fasca_kd,51,56,gain_1.5,eeg+emg+imu+fp,1.0,gain_1.5|eeg+emg+imu+fp
embracenet_fasca_kd,52,20,clean,none,1.0,clean|none
embracenet_fasca_kd,52,22,clean,none,1.0,clean|none
embracenet_fasca_kd,52,23,clean,none,1.0,clean|none
embracenet_fasca_kd,52,28,clean,none,1.0,clean|none
embracenet_fasca_kd,52,34,clean,none,1.0,clean|none
embracenet_fasca_kd,52,41,clean,none,1.0,clean|none
embracenet_fasca_kd,52,42,clean,none,1.0,clean|none
embracenet_fasca_kd,52,45,clean,none,0.6666666666666666,clean|none
embracenet_fasca_kd,52,51,clean,none,1.0,clean|none
embracenet_fasca_kd,52,54,clean,none,1.0,clean|none
embracenet_fasca_kd,52,56,clean,none,1.0,clean|none
embracenet_fasca_kd,52,20,noise_10db,eeg,1.0,noise_10db|eeg
embracenet_fasca_kd,52,22,noise_10db,eeg,1.0,noise_10db|eeg
embracenet_fasca_kd,52,23,noise_10db,eeg,1.0,noise_10db|eeg
embracenet_fasca_kd,52,28,noise_10db,eeg,1.0,noise_10db|eeg
embracenet_fasca_kd,52,34,noise_10db,eeg,1.0,noise_10db|eeg
embracenet_fasca_kd,52,41,noise_10db,eeg,1.0,noise_10db|eeg
embracenet_fasca_kd,52,42,noise_10db,eeg,1.0,noise_10db|eeg
embracenet_fasca_kd,52,45,noise_10db,eeg,0.6666666666666666,noise_10db|eeg
embracenet_fasca_kd,52,51,noise_10db,eeg,1.0,noise_10db|eeg
embracenet_fasca_kd,52,54,noise_10db,eeg,1.0,noise_10db|eeg
embracenet_fasca_kd,52,56,noise_10db,eeg,1.0,noise_10db|eeg
embracenet_fasca_kd,52,20,noise_10db,emg,1.0,noise_10db|emg
embracenet_fasca_kd,52,22,noise_10db,emg,1.0,noise_10db|emg
embracenet_fasca_kd,52,23,noise_10db,emg,1.0,noise_10db|emg
embracenet_fasca_kd,52,28,noise_10db,emg,1.0,noise_10db|emg
embracenet_fasca_kd,52,34,noise_10db,emg,1.0,noise_10db|emg
embracenet_fasca_kd,52,41,noise_10db,emg,1.0,noise_10db|emg
embracenet_fasca_kd,52,42,noise_10db,emg,1.0,noise_10db|emg
embracenet_fasca_kd,52,45,noise_10db,emg,0.6666666666666666,noise_10db|emg
embracenet_fasca_kd,52,51,noise_10db,emg,1.0,noise_10db|emg
embracenet_fasca_kd,52,54,noise_10db,emg,1.0,noise_10db|emg
embracenet_fasca_kd,52,56,noise_10db,emg,1.0,noise_10db|emg
embracenet_fasca_kd,52,20,noise_10db,imu,1.0,noise_10db|imu
embracenet_fasca_kd,52,22,noise_10db,imu,1.0,noise_10db|imu
embracenet_fasca_kd,52,23,noise_10db,imu,1.0,noise_10db|imu
embracenet_fasca_kd,52,28,noise_10db,imu,1.0,noise_10db|imu
embracenet_fasca_kd,52,34,noise_10db,imu,1.0,noise_10db|imu
embracenet_fasca_kd,52,41,noise_10db,imu,1.0,noise_10db|imu
embracenet_fasca_kd,52,42,noise_10db,imu,1.0,noise_10db|imu
embracenet_fasca_kd,52,45,noise_10db,imu,0.6666666666666666,noise_10db|imu
embracenet_fasca_kd,52,51,noise_10db,imu,1.0,noise_10db|imu
embracenet_fasca_kd,52,54,noise_10db,imu,1.0,noise_10db|imu
embracenet_fasca_kd,52,56,noise_10db,imu,1.0,noise_10db|imu
embracenet_fasca_kd,52,20,noise_10db,fp,1.0,noise_10db|fp
embracenet_fasca_kd,52,22,noise_10db,fp,1.0,noise_10db|fp
embracenet_fasca_kd,52,23,noise_10db,fp,1.0,noise_10db|fp
embracenet_fasca_kd,52,28,noise_10db,fp,1.0,noise_10db|fp
embracenet_fasca_kd,52,34,noise_10db,fp,1.0,noise_10db|fp
embracenet_fasca_kd,52,41,noise_10db,fp,1.0,noise_10db|fp
embracenet_fasca_kd,52,42,noise_10db,fp,1.0,noise_10db|fp
embracenet_fasca_kd,52,45,noise_10db,fp,0.6666666666666666,noise_10db|fp
embracenet_fasca_kd,52,51,noise_10db,fp,1.0,noise_10db|fp
embracenet_fasca_kd,52,54,noise_10db,fp,1.0,noise_10db|fp
embracenet_fasca_kd,52,56,noise_10db,fp,1.0,noise_10db|fp
embracenet_fasca_kd,52,20,noise_10db,eeg+emg+imu+fp,1.0,noise_10db|eeg+emg+imu+fp
embracenet_fasca_kd,52,22,noise_10db,eeg+emg+imu+fp,1.0,noise_10db|eeg+emg+imu+fp
embracenet_fasca_kd,52,23,noise_10db,eeg+emg+imu+fp,1.0,noise_10db|eeg+emg+imu+fp
embracenet_fasca_kd,52,28,noise_10db,eeg+emg+imu+fp,1.0,noise_10db|eeg+emg+imu+fp
embracenet_fasca_kd,52,34,noise_10db,eeg+emg+imu+fp,1.0,noise_10db|eeg+emg+imu+fp
embracenet_fasca_kd,52,41,noise_10db,eeg+emg+imu+fp,1.0,noise_10db|eeg+emg+imu+fp
embracenet_fasca_kd,52,42,noise_10db,eeg+emg+imu+fp,1.0,noise_10db|eeg+emg+imu+fp
embracenet_fasca_kd,52,45,noise_10db,eeg+emg+imu+fp,0.6666666666666666,noise_10db|eeg+emg+imu+fp
embracenet_fasca_kd,52,51,noise_10db,eeg+emg+imu+fp,1.0,noise_10db|eeg+emg+imu+fp
embracenet_fasca_kd,52,54,noise_10db,eeg+emg+imu+fp,1.0,noise_10db|eeg+emg+imu+fp
embracenet_fasca_kd,52,56,noise_10db,eeg+emg+imu+fp,1.0,noise_10db|eeg+emg+imu+fp
embracenet_fasca_kd,52,20,channel_dropout_30,eeg,1.0,channel_dropout_30|eeg
embracenet_fasca_kd,52,22,channel_dropout_30,eeg,1.0,channel_dropout_30|eeg
embracenet_fasca_kd,52,23,channel_dropout_30,eeg,1.0,channel_dropout_30|eeg
embracenet_fasca_kd,52,28,channel_dropout_30,eeg,1.0,channel_dropout_30|eeg
embracenet_fasca_kd,52,34,channel_dropout_30,eeg,1.0,channel_dropout_30|eeg
embracenet_fasca_kd,52,41,channel_dropout_30,eeg,1.0,channel_dropout_30|eeg
embracenet_fasca_kd,52,42,channel_dropout_30,eeg,1.0,channel_dropout_30|eeg
embracenet_fasca_kd,52,45,channel_dropout_30,eeg,0.6666666666666666,channel_dropout_30|eeg
embracenet_fasca_kd,52,51,channel_dropout_30,eeg,1.0,channel_dropout_30|eeg
embracenet_fasca_kd,52,54,channel_dropout_30,eeg,1.0,channel_dropout_30|eeg
embracenet_fasca_kd,52,56,channel_dropout_30,eeg,1.0,channel_dropout_30|eeg
embracenet_fasca_kd,52,20,channel_dropout_30,emg,1.0,channel_dropout_30|emg
embracenet_fasca_kd,52,22,channel_dropout_30,emg,1.0,channel_dropout_30|emg
embracenet_fasca_kd,52,23,channel_dropout_30,emg,1.0,channel_dropout_30|emg
embracenet_fasca_kd,52,28,channel_dropout_30,emg,1.0,channel_dropout_30|emg
embracenet_fasca_kd,52,34,channel_dropout_30,emg,1.0,channel_dropout_30|emg
embracenet_fasca_kd,52,41,channel_dropout_30,emg,1.0,channel_dropout_30|emg
embracenet_fasca_kd,52,42,channel_dropout_30,emg,1.0,channel_dropout_30|emg
embracenet_fasca_kd,52,45,channel_dropout_30,emg,0.6666666666666666,channel_dropout_30|emg
embracenet_fasca_kd,52,51,channel_dropout_30,emg,1.0,channel_dropout_30|emg
embracenet_fasca_kd,52,54,channel_dropout_30,emg,1.0,channel_dropout_30|emg
embracenet_fasca_kd,52,56,channel_dropout_30,emg,1.0,channel_dropout_30|emg
embracenet_fasca_kd,52,20,channel_dropout_30,imu,1.0,channel_dropout_30|imu
embracenet_fasca_kd,52,22,channel_dropout_30,imu,1.0,channel_dropout_30|imu
embracenet_fasca_kd,52,23,channel_dropout_30,imu,1.0,channel_dropout_30|imu
embracenet_fasca_kd,52,28,channel_dropout_30,imu,1.0,channel_dropout_30|imu
embracenet_fasca_kd,52,34,channel_dropout_30,imu,1.0,channel_dropout_30|imu
embracenet_fasca_kd,52,41,channel_dropout_30,imu,1.0,channel_dropout_30|imu
embracenet_fasca_kd,52,42,channel_dropout_30,imu,0.2222222222222222,channel_dropout_30|imu
embracenet_fasca_kd,52,45,channel_dropout_30,imu,0.6666666666666666,channel_dropout_30|imu
embracenet_fasca_kd,52,51,channel_dropout_30,imu,1.0,channel_dropout_30|imu
embracenet_fasca_kd,52,54,channel_dropout_30,imu,1.0,channel_dropout_30|imu
embracenet_fasca_kd,52,56,channel_dropout_30,imu,0.5555555555555555,channel_dropout_30|imu
embracenet_fasca_kd,52,20,channel_dropout_30,fp,1.0,channel_dropout_30|fp
embracenet_fasca_kd,52,22,channel_dropout_30,fp,1.0,channel_dropout_30|fp
embracenet_fasca_kd,52,23,channel_dropout_30,fp,1.0,channel_dropout_30|fp
embracenet_fasca_kd,52,28,channel_dropout_30,fp,1.0,channel_dropout_30|fp
embracenet_fasca_kd,52,34,channel_dropout_30,fp,1.0,channel_dropout_30|fp
embracenet_fasca_kd,52,41,channel_dropout_30,fp,1.0,channel_dropout_30|fp
embracenet_fasca_kd,52,42,channel_dropout_30,fp,0.5555555555555555,channel_dropout_30|fp
embracenet_fasca_kd,52,45,channel_dropout_30,fp,0.6666666666666666,channel_dropout_30|fp
embracenet_fasca_kd,52,51,channel_dropout_30,fp,1.0,channel_dropout_30|fp
embracenet_fasca_kd,52,54,channel_dropout_30,fp,0.5555555555555555,channel_dropout_30|fp
embracenet_fasca_kd,52,56,channel_dropout_30,fp,0.5555555555555555,channel_dropout_30|fp
embracenet_fasca_kd,52,20,channel_dropout_30,eeg+emg+imu+fp,0.5555555555555555,channel_dropout_30|eeg+emg+imu+fp
embracenet_fasca_kd,52,22,channel_dropout_30,eeg+emg+imu+fp,1.0,channel_dropout_30|eeg+emg+imu+fp
embracenet_fasca_kd,52,23,channel_dropout_30,eeg+emg+imu+fp,1.0,channel_dropout_30|eeg+emg+imu+fp
embracenet_fasca_kd,52,28,channel_dropout_30,eeg+emg+imu+fp,0.5555555555555555,channel_dropout_30|eeg+emg+imu+fp
embracenet_fasca_kd,52,34,channel_dropout_30,eeg+emg+imu+fp,0.5555555555555555,channel_dropout_30|eeg+emg+imu+fp
embracenet_fasca_kd,52,41,channel_dropout_30,eeg+emg+imu+fp,1.0,channel_dropout_30|eeg+emg+imu+fp
embracenet_fasca_kd,52,42,channel_dropout_30,eeg+emg+imu+fp,1.0,channel_dropout_30|eeg+emg+imu+fp
embracenet_fasca_kd,52,45,channel_dropout_30,eeg+emg+imu+fp,0.2222222222222222,channel_dropout_30|eeg+emg+imu+fp
embracenet_fasca_kd,52,51,channel_dropout_30,eeg+emg+imu+fp,0.2222222222222222,channel_dropout_30|eeg+emg+imu+fp
embracenet_fasca_kd,52,54,channel_dropout_30,eeg+emg+imu+fp,1.0,channel_dropout_30|eeg+emg+imu+fp
embracenet_fasca_kd,52,56,channel_dropout_30,eeg+emg+imu+fp,0.5555555555555555,channel_dropout_30|eeg+emg+imu+fp
embracenet_fasca_kd,52,20,structured_dropout_30,eeg,1.0,structured_dropout_30|eeg
embracenet_fasca_kd,52,22,structured_dropout_30,eeg,1.0,structured_dropout_30|eeg
embracenet_fasca_kd,52,23,structured_dropout_30,eeg,1.0,structured_dropout_30|eeg
embracenet_fasca_kd,52,28,structured_dropout_30,eeg,1.0,structured_dropout_30|eeg
embracenet_fasca_kd,52,34,structured_dropout_30,eeg,1.0,structured_dropout_30|eeg
embracenet_fasca_kd,52,41,structured_dropout_30,eeg,1.0,structured_dropout_30|eeg
embracenet_fasca_kd,52,42,structured_dropout_30,eeg,1.0,structured_dropout_30|eeg
embracenet_fasca_kd,52,45,structured_dropout_30,eeg,0.6666666666666666,structured_dropout_30|eeg
embracenet_fasca_kd,52,51,structured_dropout_30,eeg,1.0,structured_dropout_30|eeg
embracenet_fasca_kd,52,54,structured_dropout_30,eeg,1.0,structured_dropout_30|eeg
embracenet_fasca_kd,52,56,structured_dropout_30,eeg,1.0,structured_dropout_30|eeg
embracenet_fasca_kd,52,20,structured_dropout_30,emg,1.0,structured_dropout_30|emg
embracenet_fasca_kd,52,22,structured_dropout_30,emg,1.0,structured_dropout_30|emg
embracenet_fasca_kd,52,23,structured_dropout_30,emg,1.0,structured_dropout_30|emg
embracenet_fasca_kd,52,28,structured_dropout_30,emg,1.0,structured_dropout_30|emg
embracenet_fasca_kd,52,34,structured_dropout_30,emg,1.0,structured_dropout_30|emg
embracenet_fasca_kd,52,41,structured_dropout_30,emg,1.0,structured_dropout_30|emg
embracenet_fasca_kd,52,42,structured_dropout_30,emg,1.0,structured_dropout_30|emg
embracenet_fasca_kd,52,45,structured_dropout_30,emg,0.6666666666666666,structured_dropout_30|emg
embracenet_fasca_kd,52,51,structured_dropout_30,emg,1.0,structured_dropout_30|emg
embracenet_fasca_kd,52,54,structured_dropout_30,emg,1.0,structured_dropout_30|emg
embracenet_fasca_kd,52,56,structured_dropout_30,emg,1.0,structured_dropout_30|emg
embracenet_fasca_kd,52,20,structured_dropout_30,imu,1.0,structured_dropout_30|imu
embracenet_fasca_kd,52,22,structured_dropout_30,imu,1.0,structured_dropout_30|imu
embracenet_fasca_kd,52,23,structured_dropout_30,imu,1.0,structured_dropout_30|imu
embracenet_fasca_kd,52,28,structured_dropout_30,imu,1.0,structured_dropout_30|imu
embracenet_fasca_kd,52,34,structured_dropout_30,imu,1.0,structured_dropout_30|imu
embracenet_fasca_kd,52,41,structured_dropout_30,imu,1.0,structured_dropout_30|imu
embracenet_fasca_kd,52,42,structured_dropout_30,imu,0.2222222222222222,structured_dropout_30|imu
embracenet_fasca_kd,52,45,structured_dropout_30,imu,0.6666666666666666,structured_dropout_30|imu
embracenet_fasca_kd,52,51,structured_dropout_30,imu,1.0,structured_dropout_30|imu
embracenet_fasca_kd,52,54,structured_dropout_30,imu,1.0,structured_dropout_30|imu
embracenet_fasca_kd,52,56,structured_dropout_30,imu,1.0,structured_dropout_30|imu
embracenet_fasca_kd,52,20,structured_dropout_30,fp,1.0,structured_dropout_30|fp
embracenet_fasca_kd,52,22,structured_dropout_30,fp,1.0,structured_dropout_30|fp
embracenet_fasca_kd,52,23,structured_dropout_30,fp,1.0,structured_dropout_30|fp
embracenet_fasca_kd,52,28,structured_dropout_30,fp,1.0,structured_dropout_30|fp
embracenet_fasca_kd,52,34,structured_dropout_30,fp,1.0,structured_dropout_30|fp
embracenet_fasca_kd,52,41,structured_dropout_30,fp,1.0,structured_dropout_30|fp
embracenet_fasca_kd,52,42,structured_dropout_30,fp,1.0,structured_dropout_30|fp
embracenet_fasca_kd,52,45,structured_dropout_30,fp,0.6666666666666666,structured_dropout_30|fp
embracenet_fasca_kd,52,51,structured_dropout_30,fp,1.0,structured_dropout_30|fp
embracenet_fasca_kd,52,54,structured_dropout_30,fp,1.0,structured_dropout_30|fp
embracenet_fasca_kd,52,56,structured_dropout_30,fp,1.0,structured_dropout_30|fp
embracenet_fasca_kd,52,20,structured_dropout_30,eeg+emg+imu+fp,0.5555555555555555,structured_dropout_30|eeg+emg+imu+fp
embracenet_fasca_kd,52,22,structured_dropout_30,eeg+emg+imu+fp,1.0,structured_dropout_30|eeg+emg+imu+fp
embracenet_fasca_kd,52,23,structured_dropout_30,eeg+emg+imu+fp,1.0,structured_dropout_30|eeg+emg+imu+fp
embracenet_fasca_kd,52,28,structured_dropout_30,eeg+emg+imu+fp,1.0,structured_dropout_30|eeg+emg+imu+fp
embracenet_fasca_kd,52,34,structured_dropout_30,eeg+emg+imu+fp,0.5555555555555555,structured_dropout_30|eeg+emg+imu+fp
embracenet_fasca_kd,52,41,structured_dropout_30,eeg+emg+imu+fp,0.2222222222222222,structured_dropout_30|eeg+emg+imu+fp
embracenet_fasca_kd,52,42,structured_dropout_30,eeg+emg+imu+fp,0.2222222222222222,structured_dropout_30|eeg+emg+imu+fp
embracenet_fasca_kd,52,45,structured_dropout_30,eeg+emg+imu+fp,0.6666666666666666,structured_dropout_30|eeg+emg+imu+fp
embracenet_fasca_kd,52,51,structured_dropout_30,eeg+emg+imu+fp,0.5555555555555555,structured_dropout_30|eeg+emg+imu+fp
embracenet_fasca_kd,52,54,structured_dropout_30,eeg+emg+imu+fp,1.0,structured_dropout_30|eeg+emg+imu+fp
embracenet_fasca_kd,52,56,structured_dropout_30,eeg+emg+imu+fp,1.0,structured_dropout_30|eeg+emg+imu+fp
embracenet_fasca_kd,52,20,packet_loss_30,eeg,1.0,packet_loss_30|eeg
embracenet_fasca_kd,52,22,packet_loss_30,eeg,1.0,packet_loss_30|eeg
embracenet_fasca_kd,52,23,packet_loss_30,eeg,1.0,packet_loss_30|eeg
embracenet_fasca_kd,52,28,packet_loss_30,eeg,1.0,packet_loss_30|eeg
embracenet_fasca_kd,52,34,packet_loss_30,eeg,1.0,packet_loss_30|eeg
embracenet_fasca_kd,52,41,packet_loss_30,eeg,1.0,packet_loss_30|eeg
embracenet_fasca_kd,52,42,packet_loss_30,eeg,1.0,packet_loss_30|eeg
embracenet_fasca_kd,52,45,packet_loss_30,eeg,0.6666666666666666,packet_loss_30|eeg
embracenet_fasca_kd,52,51,packet_loss_30,eeg,1.0,packet_loss_30|eeg
embracenet_fasca_kd,52,54,packet_loss_30,eeg,1.0,packet_loss_30|eeg
embracenet_fasca_kd,52,56,packet_loss_30,eeg,1.0,packet_loss_30|eeg
embracenet_fasca_kd,52,20,packet_loss_30,emg,1.0,packet_loss_30|emg
embracenet_fasca_kd,52,22,packet_loss_30,emg,1.0,packet_loss_30|emg
embracenet_fasca_kd,52,23,packet_loss_30,emg,1.0,packet_loss_30|emg
embracenet_fasca_kd,52,28,packet_loss_30,emg,1.0,packet_loss_30|emg
embracenet_fasca_kd,52,34,packet_loss_30,emg,1.0,packet_loss_30|emg
embracenet_fasca_kd,52,41,packet_loss_30,emg,1.0,packet_loss_30|emg
embracenet_fasca_kd,52,42,packet_loss_30,emg,1.0,packet_loss_30|emg
embracenet_fasca_kd,52,45,packet_loss_30,emg,0.6666666666666666,packet_loss_30|emg
embracenet_fasca_kd,52,51,packet_loss_30,emg,1.0,packet_loss_30|emg
embracenet_fasca_kd,52,54,packet_loss_30,emg,1.0,packet_loss_30|emg
embracenet_fasca_kd,52,56,packet_loss_30,emg,1.0,packet_loss_30|emg
embracenet_fasca_kd,52,20,packet_loss_30,imu,1.0,packet_loss_30|imu
embracenet_fasca_kd,52,22,packet_loss_30,imu,1.0,packet_loss_30|imu
embracenet_fasca_kd,52,23,packet_loss_30,imu,1.0,packet_loss_30|imu
embracenet_fasca_kd,52,28,packet_loss_30,imu,1.0,packet_loss_30|imu
embracenet_fasca_kd,52,34,packet_loss_30,imu,1.0,packet_loss_30|imu
embracenet_fasca_kd,52,41,packet_loss_30,imu,1.0,packet_loss_30|imu
embracenet_fasca_kd,52,42,packet_loss_30,imu,1.0,packet_loss_30|imu
embracenet_fasca_kd,52,45,packet_loss_30,imu,0.6666666666666666,packet_loss_30|imu
embracenet_fasca_kd,52,51,packet_loss_30,imu,1.0,packet_loss_30|imu
embracenet_fasca_kd,52,54,packet_loss_30,imu,1.0,packet_loss_30|imu
embracenet_fasca_kd,52,56,packet_loss_30,imu,1.0,packet_loss_30|imu
embracenet_fasca_kd,52,20,packet_loss_30,fp,1.0,packet_loss_30|fp
embracenet_fasca_kd,52,22,packet_loss_30,fp,1.0,packet_loss_30|fp
embracenet_fasca_kd,52,23,packet_loss_30,fp,1.0,packet_loss_30|fp
embracenet_fasca_kd,52,28,packet_loss_30,fp,1.0,packet_loss_30|fp
embracenet_fasca_kd,52,34,packet_loss_30,fp,1.0,packet_loss_30|fp
embracenet_fasca_kd,52,41,packet_loss_30,fp,1.0,packet_loss_30|fp
embracenet_fasca_kd,52,42,packet_loss_30,fp,1.0,packet_loss_30|fp
embracenet_fasca_kd,52,45,packet_loss_30,fp,0.6666666666666666,packet_loss_30|fp
embracenet_fasca_kd,52,51,packet_loss_30,fp,1.0,packet_loss_30|fp
embracenet_fasca_kd,52,54,packet_loss_30,fp,1.0,packet_loss_30|fp
embracenet_fasca_kd,52,56,packet_loss_30,fp,1.0,packet_loss_30|fp
embracenet_fasca_kd,52,20,packet_loss_30,eeg+emg+imu+fp,1.0,packet_loss_30|eeg+emg+imu+fp
embracenet_fasca_kd,52,22,packet_loss_30,eeg+emg+imu+fp,1.0,packet_loss_30|eeg+emg+imu+fp
embracenet_fasca_kd,52,23,packet_loss_30,eeg+emg+imu+fp,1.0,packet_loss_30|eeg+emg+imu+fp
embracenet_fasca_kd,52,28,packet_loss_30,eeg+emg+imu+fp,1.0,packet_loss_30|eeg+emg+imu+fp
embracenet_fasca_kd,52,34,packet_loss_30,eeg+emg+imu+fp,1.0,packet_loss_30|eeg+emg+imu+fp
embracenet_fasca_kd,52,41,packet_loss_30,eeg+emg+imu+fp,1.0,packet_loss_30|eeg+emg+imu+fp
embracenet_fasca_kd,52,42,packet_loss_30,eeg+emg+imu+fp,0.5555555555555555,packet_loss_30|eeg+emg+imu+fp
embracenet_fasca_kd,52,45,packet_loss_30,eeg+emg+imu+fp,0.6666666666666666,packet_loss_30|eeg+emg+imu+fp
embracenet_fasca_kd,52,51,packet_loss_30,eeg+emg+imu+fp,1.0,packet_loss_30|eeg+emg+imu+fp
embracenet_fasca_kd,52,54,packet_loss_30,eeg+emg+imu+fp,1.0,packet_loss_30|eeg+emg+imu+fp
embracenet_fasca_kd,52,56,packet_loss_30,eeg+emg+imu+fp,1.0,packet_loss_30|eeg+emg+imu+fp
embracenet_fasca_kd,52,20,shift_250ms,eeg,1.0,shift_250ms|eeg
embracenet_fasca_kd,52,22,shift_250ms,eeg,1.0,shift_250ms|eeg
embracenet_fasca_kd,52,23,shift_250ms,eeg,1.0,shift_250ms|eeg
embracenet_fasca_kd,52,28,shift_250ms,eeg,1.0,shift_250ms|eeg
embracenet_fasca_kd,52,34,shift_250ms,eeg,1.0,shift_250ms|eeg
embracenet_fasca_kd,52,41,shift_250ms,eeg,1.0,shift_250ms|eeg
embracenet_fasca_kd,52,42,shift_250ms,eeg,1.0,shift_250ms|eeg
embracenet_fasca_kd,52,45,shift_250ms,eeg,0.6666666666666666,shift_250ms|eeg
embracenet_fasca_kd,52,51,shift_250ms,eeg,1.0,shift_250ms|eeg
embracenet_fasca_kd,52,54,shift_250ms,eeg,1.0,shift_250ms|eeg
embracenet_fasca_kd,52,56,shift_250ms,eeg,1.0,shift_250ms|eeg
embracenet_fasca_kd,52,20,shift_250ms,emg,1.0,shift_250ms|emg
embracenet_fasca_kd,52,22,shift_250ms,emg,1.0,shift_250ms|emg
embracenet_fasca_kd,52,23,shift_250ms,emg,1.0,shift_250ms|emg
embracenet_fasca_kd,52,28,shift_250ms,emg,1.0,shift_250ms|emg
embracenet_fasca_kd,52,34,shift_250ms,emg,1.0,shift_250ms|emg
embracenet_fasca_kd,52,41,shift_250ms,emg,1.0,shift_250ms|emg
embracenet_fasca_kd,52,42,shift_250ms,emg,1.0,shift_250ms|emg
embracenet_fasca_kd,52,45,shift_250ms,emg,0.6666666666666666,shift_250ms|emg
embracenet_fasca_kd,52,51,shift_250ms,emg,1.0,shift_250ms|emg
embracenet_fasca_kd,52,54,shift_250ms,emg,1.0,shift_250ms|emg
embracenet_fasca_kd,52,56,shift_250ms,emg,1.0,shift_250ms|emg
embracenet_fasca_kd,52,20,shift_250ms,imu,1.0,shift_250ms|imu
embracenet_fasca_kd,52,22,shift_250ms,imu,1.0,shift_250ms|imu
embracenet_fasca_kd,52,23,shift_250ms,imu,1.0,shift_250ms|imu
embracenet_fasca_kd,52,28,shift_250ms,imu,1.0,shift_250ms|imu
embracenet_fasca_kd,52,34,shift_250ms,imu,1.0,shift_250ms|imu
embracenet_fasca_kd,52,41,shift_250ms,imu,1.0,shift_250ms|imu
embracenet_fasca_kd,52,42,shift_250ms,imu,1.0,shift_250ms|imu
embracenet_fasca_kd,52,45,shift_250ms,imu,0.6666666666666666,shift_250ms|imu
embracenet_fasca_kd,52,51,shift_250ms,imu,1.0,shift_250ms|imu
embracenet_fasca_kd,52,54,shift_250ms,imu,1.0,shift_250ms|imu
embracenet_fasca_kd,52,56,shift_250ms,imu,1.0,shift_250ms|imu
embracenet_fasca_kd,52,20,shift_250ms,fp,1.0,shift_250ms|fp
embracenet_fasca_kd,52,22,shift_250ms,fp,1.0,shift_250ms|fp
embracenet_fasca_kd,52,23,shift_250ms,fp,1.0,shift_250ms|fp
embracenet_fasca_kd,52,28,shift_250ms,fp,1.0,shift_250ms|fp
embracenet_fasca_kd,52,34,shift_250ms,fp,1.0,shift_250ms|fp
embracenet_fasca_kd,52,41,shift_250ms,fp,1.0,shift_250ms|fp
embracenet_fasca_kd,52,42,shift_250ms,fp,1.0,shift_250ms|fp
embracenet_fasca_kd,52,45,shift_250ms,fp,0.6666666666666666,shift_250ms|fp
embracenet_fasca_kd,52,51,shift_250ms,fp,1.0,shift_250ms|fp
embracenet_fasca_kd,52,54,shift_250ms,fp,1.0,shift_250ms|fp
embracenet_fasca_kd,52,56,shift_250ms,fp,1.0,shift_250ms|fp
embracenet_fasca_kd,52,20,shift_250ms,eeg+emg+imu+fp,1.0,shift_250ms|eeg+emg+imu+fp
embracenet_fasca_kd,52,22,shift_250ms,eeg+emg+imu+fp,1.0,shift_250ms|eeg+emg+imu+fp
embracenet_fasca_kd,52,23,shift_250ms,eeg+emg+imu+fp,1.0,shift_250ms|eeg+emg+imu+fp
embracenet_fasca_kd,52,28,shift_250ms,eeg+emg+imu+fp,1.0,shift_250ms|eeg+emg+imu+fp
embracenet_fasca_kd,52,34,shift_250ms,eeg+emg+imu+fp,1.0,shift_250ms|eeg+emg+imu+fp
embracenet_fasca_kd,52,41,shift_250ms,eeg+emg+imu+fp,1.0,shift_250ms|eeg+emg+imu+fp
embracenet_fasca_kd,52,42,shift_250ms,eeg+emg+imu+fp,1.0,shift_250ms|eeg+emg+imu+fp
embracenet_fasca_kd,52,45,shift_250ms,eeg+emg+imu+fp,0.6666666666666666,shift_250ms|eeg+emg+imu+fp
embracenet_fasca_kd,52,51,shift_250ms,eeg+emg+imu+fp,1.0,shift_250ms|eeg+emg+imu+fp
embracenet_fasca_kd,52,54,shift_250ms,eeg+emg+imu+fp,1.0,shift_250ms|eeg+emg+imu+fp
embracenet_fasca_kd,52,56,shift_250ms,eeg+emg+imu+fp,1.0,shift_250ms|eeg+emg+imu+fp
embracenet_fasca_kd,52,20,gain_1.5,eeg,1.0,gain_1.5|eeg
embracenet_fasca_kd,52,22,gain_1.5,eeg,1.0,gain_1.5|eeg
embracenet_fasca_kd,52,23,gain_1.5,eeg,1.0,gain_1.5|eeg
embracenet_fasca_kd,52,28,gain_1.5,eeg,1.0,gain_1.5|eeg
embracenet_fasca_kd,52,34,gain_1.5,eeg,1.0,gain_1.5|eeg
embracenet_fasca_kd,52,41,gain_1.5,eeg,1.0,gain_1.5|eeg
embracenet_fasca_kd,52,42,gain_1.5,eeg,1.0,gain_1.5|eeg
embracenet_fasca_kd,52,45,gain_1.5,eeg,0.6666666666666666,gain_1.5|eeg
embracenet_fasca_kd,52,51,gain_1.5,eeg,1.0,gain_1.5|eeg
embracenet_fasca_kd,52,54,gain_1.5,eeg,1.0,gain_1.5|eeg
embracenet_fasca_kd,52,56,gain_1.5,eeg,1.0,gain_1.5|eeg
embracenet_fasca_kd,52,20,gain_1.5,emg,1.0,gain_1.5|emg
embracenet_fasca_kd,52,22,gain_1.5,emg,1.0,gain_1.5|emg
embracenet_fasca_kd,52,23,gain_1.5,emg,1.0,gain_1.5|emg
embracenet_fasca_kd,52,28,gain_1.5,emg,1.0,gain_1.5|emg
embracenet_fasca_kd,52,34,gain_1.5,emg,1.0,gain_1.5|emg
embracenet_fasca_kd,52,41,gain_1.5,emg,1.0,gain_1.5|emg
embracenet_fasca_kd,52,42,gain_1.5,emg,1.0,gain_1.5|emg
embracenet_fasca_kd,52,45,gain_1.5,emg,0.6666666666666666,gain_1.5|emg
embracenet_fasca_kd,52,51,gain_1.5,emg,1.0,gain_1.5|emg
embracenet_fasca_kd,52,54,gain_1.5,emg,1.0,gain_1.5|emg
embracenet_fasca_kd,52,56,gain_1.5,emg,1.0,gain_1.5|emg
embracenet_fasca_kd,52,20,gain_1.5,imu,0.5555555555555555,gain_1.5|imu
embracenet_fasca_kd,52,22,gain_1.5,imu,0.5555555555555555,gain_1.5|imu
embracenet_fasca_kd,52,23,gain_1.5,imu,0.5555555555555555,gain_1.5|imu
embracenet_fasca_kd,52,28,gain_1.5,imu,0.5555555555555555,gain_1.5|imu
embracenet_fasca_kd,52,34,gain_1.5,imu,1.0,gain_1.5|imu
embracenet_fasca_kd,52,41,gain_1.5,imu,0.5555555555555555,gain_1.5|imu
embracenet_fasca_kd,52,42,gain_1.5,imu,1.0,gain_1.5|imu
embracenet_fasca_kd,52,45,gain_1.5,imu,0.3333333333333333,gain_1.5|imu
embracenet_fasca_kd,52,51,gain_1.5,imu,0.5555555555555555,gain_1.5|imu
embracenet_fasca_kd,52,54,gain_1.5,imu,0.5555555555555555,gain_1.5|imu
embracenet_fasca_kd,52,56,gain_1.5,imu,1.0,gain_1.5|imu
embracenet_fasca_kd,52,20,gain_1.5,fp,1.0,gain_1.5|fp
embracenet_fasca_kd,52,22,gain_1.5,fp,1.0,gain_1.5|fp
embracenet_fasca_kd,52,23,gain_1.5,fp,1.0,gain_1.5|fp
embracenet_fasca_kd,52,28,gain_1.5,fp,1.0,gain_1.5|fp
embracenet_fasca_kd,52,34,gain_1.5,fp,1.0,gain_1.5|fp
embracenet_fasca_kd,52,41,gain_1.5,fp,1.0,gain_1.5|fp
embracenet_fasca_kd,52,42,gain_1.5,fp,1.0,gain_1.5|fp
embracenet_fasca_kd,52,45,gain_1.5,fp,0.6666666666666666,gain_1.5|fp
embracenet_fasca_kd,52,51,gain_1.5,fp,1.0,gain_1.5|fp
embracenet_fasca_kd,52,54,gain_1.5,fp,1.0,gain_1.5|fp
embracenet_fasca_kd,52,56,gain_1.5,fp,1.0,gain_1.5|fp
embracenet_fasca_kd,52,20,gain_1.5,eeg+emg+imu+fp,0.2222222222222222,gain_1.5|eeg+emg+imu+fp
embracenet_fasca_kd,52,22,gain_1.5,eeg+emg+imu+fp,0.2222222222222222,gain_1.5|eeg+emg+imu+fp
embracenet_fasca_kd,52,23,gain_1.5,eeg+emg+imu+fp,0.5555555555555555,gain_1.5|eeg+emg+imu+fp
embracenet_fasca_kd,52,28,gain_1.5,eeg+emg+imu+fp,0.2222222222222222,gain_1.5|eeg+emg+imu+fp
embracenet_fasca_kd,52,34,gain_1.5,eeg+emg+imu+fp,0.5555555555555555,gain_1.5|eeg+emg+imu+fp
embracenet_fasca_kd,52,41,gain_1.5,eeg+emg+imu+fp,0.5555555555555555,gain_1.5|eeg+emg+imu+fp
embracenet_fasca_kd,52,42,gain_1.5,eeg+emg+imu+fp,1.0,gain_1.5|eeg+emg+imu+fp
embracenet_fasca_kd,52,45,gain_1.5,eeg+emg+imu+fp,0.3333333333333333,gain_1.5|eeg+emg+imu+fp
embracenet_fasca_kd,52,51,gain_1.5,eeg+emg+imu+fp,0.5555555555555555,gain_1.5|eeg+emg+imu+fp
embracenet_fasca_kd,52,54,gain_1.5,eeg+emg+imu+fp,0.5555555555555555,gain_1.5|eeg+emg+imu+fp
embracenet_fasca_kd,52,56,gain_1.5,eeg+emg+imu+fp,1.0,gain_1.5|eeg+emg+imu+fp
embracenet_fasca_kd,53,20,clean,none,1.0,clean|none
embracenet_fasca_kd,53,22,clean,none,1.0,clean|none
embracenet_fasca_kd,53,23,clean,none,1.0,clean|none
embracenet_fasca_kd,53,28,clean,none,1.0,clean|none
embracenet_fasca_kd,53,34,clean,none,1.0,clean|none
embracenet_fasca_kd,53,41,clean,none,1.0,clean|none
embracenet_fasca_kd,53,42,clean,none,1.0,clean|none
embracenet_fasca_kd,53,45,clean,none,0.6666666666666666,clean|none
embracenet_fasca_kd,53,51,clean,none,1.0,clean|none
embracenet_fasca_kd,53,54,clean,none,1.0,clean|none
embracenet_fasca_kd,53,56,clean,none,1.0,clean|none
embracenet_fasca_kd,53,20,noise_10db,eeg,1.0,noise_10db|eeg
embracenet_fasca_kd,53,22,noise_10db,eeg,1.0,noise_10db|eeg
embracenet_fasca_kd,53,23,noise_10db,eeg,1.0,noise_10db|eeg
embracenet_fasca_kd,53,28,noise_10db,eeg,1.0,noise_10db|eeg
embracenet_fasca_kd,53,34,noise_10db,eeg,1.0,noise_10db|eeg
embracenet_fasca_kd,53,41,noise_10db,eeg,1.0,noise_10db|eeg
embracenet_fasca_kd,53,42,noise_10db,eeg,1.0,noise_10db|eeg
embracenet_fasca_kd,53,45,noise_10db,eeg,0.6666666666666666,noise_10db|eeg
embracenet_fasca_kd,53,51,noise_10db,eeg,1.0,noise_10db|eeg
embracenet_fasca_kd,53,54,noise_10db,eeg,1.0,noise_10db|eeg
embracenet_fasca_kd,53,56,noise_10db,eeg,1.0,noise_10db|eeg
embracenet_fasca_kd,53,20,noise_10db,emg,1.0,noise_10db|emg
embracenet_fasca_kd,53,22,noise_10db,emg,1.0,noise_10db|emg
embracenet_fasca_kd,53,23,noise_10db,emg,1.0,noise_10db|emg
embracenet_fasca_kd,53,28,noise_10db,emg,1.0,noise_10db|emg
embracenet_fasca_kd,53,34,noise_10db,emg,1.0,noise_10db|emg
embracenet_fasca_kd,53,41,noise_10db,emg,1.0,noise_10db|emg
embracenet_fasca_kd,53,42,noise_10db,emg,1.0,noise_10db|emg
embracenet_fasca_kd,53,45,noise_10db,emg,0.6666666666666666,noise_10db|emg
embracenet_fasca_kd,53,51,noise_10db,emg,1.0,noise_10db|emg
embracenet_fasca_kd,53,54,noise_10db,emg,1.0,noise_10db|emg
embracenet_fasca_kd,53,56,noise_10db,emg,1.0,noise_10db|emg
embracenet_fasca_kd,53,20,noise_10db,imu,1.0,noise_10db|imu
embracenet_fasca_kd,53,22,noise_10db,imu,1.0,noise_10db|imu
embracenet_fasca_kd,53,23,noise_10db,imu,1.0,noise_10db|imu
embracenet_fasca_kd,53,28,noise_10db,imu,1.0,noise_10db|imu
embracenet_fasca_kd,53,34,noise_10db,imu,1.0,noise_10db|imu
embracenet_fasca_kd,53,41,noise_10db,imu,1.0,noise_10db|imu
embracenet_fasca_kd,53,42,noise_10db,imu,1.0,noise_10db|imu
embracenet_fasca_kd,53,45,noise_10db,imu,0.6666666666666666,noise_10db|imu
embracenet_fasca_kd,53,51,noise_10db,imu,1.0,noise_10db|imu
embracenet_fasca_kd,53,54,noise_10db,imu,1.0,noise_10db|imu
embracenet_fasca_kd,53,56,noise_10db,imu,1.0,noise_10db|imu
embracenet_fasca_kd,53,20,noise_10db,fp,1.0,noise_10db|fp
embracenet_fasca_kd,53,22,noise_10db,fp,1.0,noise_10db|fp
embracenet_fasca_kd,53,23,noise_10db,fp,1.0,noise_10db|fp
embracenet_fasca_kd,53,28,noise_10db,fp,1.0,noise_10db|fp
embracenet_fasca_kd,53,34,noise_10db,fp,1.0,noise_10db|fp
embracenet_fasca_kd,53,41,noise_10db,fp,1.0,noise_10db|fp
embracenet_fasca_kd,53,42,noise_10db,fp,1.0,noise_10db|fp
embracenet_fasca_kd,53,45,noise_10db,fp,0.6666666666666666,noise_10db|fp
embracenet_fasca_kd,53,51,noise_10db,fp,1.0,noise_10db|fp
embracenet_fasca_kd,53,54,noise_10db,fp,1.0,noise_10db|fp
embracenet_fasca_kd,53,56,noise_10db,fp,1.0,noise_10db|fp
embracenet_fasca_kd,53,20,noise_10db,eeg+emg+imu+fp,1.0,noise_10db|eeg+emg+imu+fp
embracenet_fasca_kd,53,22,noise_10db,eeg+emg+imu+fp,1.0,noise_10db|eeg+emg+imu+fp
embracenet_fasca_kd,53,23,noise_10db,eeg+emg+imu+fp,1.0,noise_10db|eeg+emg+imu+fp
embracenet_fasca_kd,53,28,noise_10db,eeg+emg+imu+fp,1.0,noise_10db|eeg+emg+imu+fp
embracenet_fasca_kd,53,34,noise_10db,eeg+emg+imu+fp,1.0,noise_10db|eeg+emg+imu+fp
embracenet_fasca_kd,53,41,noise_10db,eeg+emg+imu+fp,1.0,noise_10db|eeg+emg+imu+fp
embracenet_fasca_kd,53,42,noise_10db,eeg+emg+imu+fp,1.0,noise_10db|eeg+emg+imu+fp
embracenet_fasca_kd,53,45,noise_10db,eeg+emg+imu+fp,0.6666666666666666,noise_10db|eeg+emg+imu+fp
embracenet_fasca_kd,53,51,noise_10db,eeg+emg+imu+fp,1.0,noise_10db|eeg+emg+imu+fp
embracenet_fasca_kd,53,54,noise_10db,eeg+emg+imu+fp,1.0,noise_10db|eeg+emg+imu+fp
embracenet_fasca_kd,53,56,noise_10db,eeg+emg+imu+fp,1.0,noise_10db|eeg+emg+imu+fp
embracenet_fasca_kd,53,20,channel_dropout_30,eeg,1.0,channel_dropout_30|eeg
embracenet_fasca_kd,53,22,channel_dropout_30,eeg,1.0,channel_dropout_30|eeg
embracenet_fasca_kd,53,23,channel_dropout_30,eeg,1.0,channel_dropout_30|eeg
embracenet_fasca_kd,53,28,channel_dropout_30,eeg,1.0,channel_dropout_30|eeg
embracenet_fasca_kd,53,34,channel_dropout_30,eeg,1.0,channel_dropout_30|eeg
embracenet_fasca_kd,53,41,channel_dropout_30,eeg,1.0,channel_dropout_30|eeg
embracenet_fasca_kd,53,42,channel_dropout_30,eeg,1.0,channel_dropout_30|eeg
embracenet_fasca_kd,53,45,channel_dropout_30,eeg,0.6666666666666666,channel_dropout_30|eeg
embracenet_fasca_kd,53,51,channel_dropout_30,eeg,1.0,channel_dropout_30|eeg
embracenet_fasca_kd,53,54,channel_dropout_30,eeg,1.0,channel_dropout_30|eeg
embracenet_fasca_kd,53,56,channel_dropout_30,eeg,1.0,channel_dropout_30|eeg
embracenet_fasca_kd,53,20,channel_dropout_30,emg,1.0,channel_dropout_30|emg
embracenet_fasca_kd,53,22,channel_dropout_30,emg,1.0,channel_dropout_30|emg
embracenet_fasca_kd,53,23,channel_dropout_30,emg,1.0,channel_dropout_30|emg
embracenet_fasca_kd,53,28,channel_dropout_30,emg,1.0,channel_dropout_30|emg
embracenet_fasca_kd,53,34,channel_dropout_30,emg,1.0,channel_dropout_30|emg
embracenet_fasca_kd,53,41,channel_dropout_30,emg,1.0,channel_dropout_30|emg
embracenet_fasca_kd,53,42,channel_dropout_30,emg,1.0,channel_dropout_30|emg
embracenet_fasca_kd,53,45,channel_dropout_30,emg,0.6666666666666666,channel_dropout_30|emg
embracenet_fasca_kd,53,51,channel_dropout_30,emg,1.0,channel_dropout_30|emg
embracenet_fasca_kd,53,54,channel_dropout_30,emg,1.0,channel_dropout_30|emg
embracenet_fasca_kd,53,56,channel_dropout_30,emg,1.0,channel_dropout_30|emg
embracenet_fasca_kd,53,20,channel_dropout_30,imu,1.0,channel_dropout_30|imu
embracenet_fasca_kd,53,22,channel_dropout_30,imu,1.0,channel_dropout_30|imu
embracenet_fasca_kd,53,23,channel_dropout_30,imu,1.0,channel_dropout_30|imu
embracenet_fasca_kd,53,28,channel_dropout_30,imu,1.0,channel_dropout_30|imu
embracenet_fasca_kd,53,34,channel_dropout_30,imu,0.5555555555555555,channel_dropout_30|imu
embracenet_fasca_kd,53,41,channel_dropout_30,imu,1.0,channel_dropout_30|imu
embracenet_fasca_kd,53,42,channel_dropout_30,imu,0.5555555555555555,channel_dropout_30|imu
embracenet_fasca_kd,53,45,channel_dropout_30,imu,0.6666666666666666,channel_dropout_30|imu
embracenet_fasca_kd,53,51,channel_dropout_30,imu,1.0,channel_dropout_30|imu
embracenet_fasca_kd,53,54,channel_dropout_30,imu,1.0,channel_dropout_30|imu
embracenet_fasca_kd,53,56,channel_dropout_30,imu,1.0,channel_dropout_30|imu
embracenet_fasca_kd,53,20,channel_dropout_30,fp,1.0,channel_dropout_30|fp
embracenet_fasca_kd,53,22,channel_dropout_30,fp,1.0,channel_dropout_30|fp
embracenet_fasca_kd,53,23,channel_dropout_30,fp,0.5555555555555555,channel_dropout_30|fp
embracenet_fasca_kd,53,28,channel_dropout_30,fp,1.0,channel_dropout_30|fp
embracenet_fasca_kd,53,34,channel_dropout_30,fp,1.0,channel_dropout_30|fp
embracenet_fasca_kd,53,41,channel_dropout_30,fp,1.0,channel_dropout_30|fp
embracenet_fasca_kd,53,42,channel_dropout_30,fp,0.16666666666666666,channel_dropout_30|fp
embracenet_fasca_kd,53,45,channel_dropout_30,fp,0.6666666666666666,channel_dropout_30|fp
embracenet_fasca_kd,53,51,channel_dropout_30,fp,1.0,channel_dropout_30|fp
embracenet_fasca_kd,53,54,channel_dropout_30,fp,0.5555555555555555,channel_dropout_30|fp
embracenet_fasca_kd,53,56,channel_dropout_30,fp,0.5555555555555555,channel_dropout_30|fp
embracenet_fasca_kd,53,20,channel_dropout_30,eeg+emg+imu+fp,0.5555555555555555,channel_dropout_30|eeg+emg+imu+fp
embracenet_fasca_kd,53,22,channel_dropout_30,eeg+emg+imu+fp,1.0,channel_dropout_30|eeg+emg+imu+fp
embracenet_fasca_kd,53,23,channel_dropout_30,eeg+emg+imu+fp,1.0,channel_dropout_30|eeg+emg+imu+fp
embracenet_fasca_kd,53,28,channel_dropout_30,eeg+emg+imu+fp,1.0,channel_dropout_30|eeg+emg+imu+fp
embracenet_fasca_kd,53,34,channel_dropout_30,eeg+emg+imu+fp,0.5555555555555555,channel_dropout_30|eeg+emg+imu+fp
embracenet_fasca_kd,53,41,channel_dropout_30,eeg+emg+imu+fp,0.5555555555555555,channel_dropout_30|eeg+emg+imu+fp
embracenet_fasca_kd,53,42,channel_dropout_30,eeg+emg+imu+fp,0.5555555555555555,channel_dropout_30|eeg+emg+imu+fp
embracenet_fasca_kd,53,45,channel_dropout_30,eeg+emg+imu+fp,0.2222222222222222,channel_dropout_30|eeg+emg+imu+fp
embracenet_fasca_kd,53,51,channel_dropout_30,eeg+emg+imu+fp,0.5555555555555555,channel_dropout_30|eeg+emg+imu+fp
embracenet_fasca_kd,53,54,channel_dropout_30,eeg+emg+imu+fp,1.0,channel_dropout_30|eeg+emg+imu+fp
embracenet_fasca_kd,53,56,channel_dropout_30,eeg+emg+imu+fp,0.5555555555555555,channel_dropout_30|eeg+emg+imu+fp
embracenet_fasca_kd,53,20,structured_dropout_30,eeg,1.0,structured_dropout_30|eeg
embracenet_fasca_kd,53,22,structured_dropout_30,eeg,1.0,structured_dropout_30|eeg
embracenet_fasca_kd,53,23,structured_dropout_30,eeg,1.0,structured_dropout_30|eeg
embracenet_fasca_kd,53,28,structured_dropout_30,eeg,1.0,structured_dropout_30|eeg
embracenet_fasca_kd,53,34,structured_dropout_30,eeg,1.0,structured_dropout_30|eeg
embracenet_fasca_kd,53,41,structured_dropout_30,eeg,1.0,structured_dropout_30|eeg
embracenet_fasca_kd,53,42,structured_dropout_30,eeg,1.0,structured_dropout_30|eeg
embracenet_fasca_kd,53,45,structured_dropout_30,eeg,0.6666666666666666,structured_dropout_30|eeg
embracenet_fasca_kd,53,51,structured_dropout_30,eeg,1.0,structured_dropout_30|eeg
embracenet_fasca_kd,53,54,structured_dropout_30,eeg,1.0,structured_dropout_30|eeg
embracenet_fasca_kd,53,56,structured_dropout_30,eeg,1.0,structured_dropout_30|eeg
embracenet_fasca_kd,53,20,structured_dropout_30,emg,1.0,structured_dropout_30|emg
embracenet_fasca_kd,53,22,structured_dropout_30,emg,1.0,structured_dropout_30|emg
embracenet_fasca_kd,53,23,structured_dropout_30,emg,1.0,structured_dropout_30|emg
embracenet_fasca_kd,53,28,structured_dropout_30,emg,1.0,structured_dropout_30|emg
embracenet_fasca_kd,53,34,structured_dropout_30,emg,1.0,structured_dropout_30|emg
embracenet_fasca_kd,53,41,structured_dropout_30,emg,1.0,structured_dropout_30|emg
embracenet_fasca_kd,53,42,structured_dropout_30,emg,1.0,structured_dropout_30|emg
embracenet_fasca_kd,53,45,structured_dropout_30,emg,0.6666666666666666,structured_dropout_30|emg
embracenet_fasca_kd,53,51,structured_dropout_30,emg,1.0,structured_dropout_30|emg
embracenet_fasca_kd,53,54,structured_dropout_30,emg,1.0,structured_dropout_30|emg
embracenet_fasca_kd,53,56,structured_dropout_30,emg,1.0,structured_dropout_30|emg
embracenet_fasca_kd,53,20,structured_dropout_30,imu,1.0,structured_dropout_30|imu
embracenet_fasca_kd,53,22,structured_dropout_30,imu,1.0,structured_dropout_30|imu
embracenet_fasca_kd,53,23,structured_dropout_30,imu,1.0,structured_dropout_30|imu
embracenet_fasca_kd,53,28,structured_dropout_30,imu,1.0,structured_dropout_30|imu
embracenet_fasca_kd,53,34,structured_dropout_30,imu,1.0,structured_dropout_30|imu
embracenet_fasca_kd,53,41,structured_dropout_30,imu,1.0,structured_dropout_30|imu
embracenet_fasca_kd,53,42,structured_dropout_30,imu,0.5555555555555555,structured_dropout_30|imu
embracenet_fasca_kd,53,45,structured_dropout_30,imu,0.6666666666666666,structured_dropout_30|imu
embracenet_fasca_kd,53,51,structured_dropout_30,imu,1.0,structured_dropout_30|imu
embracenet_fasca_kd,53,54,structured_dropout_30,imu,1.0,structured_dropout_30|imu
embracenet_fasca_kd,53,56,structured_dropout_30,imu,0.5555555555555555,structured_dropout_30|imu
embracenet_fasca_kd,53,20,structured_dropout_30,fp,1.0,structured_dropout_30|fp
embracenet_fasca_kd,53,22,structured_dropout_30,fp,1.0,structured_dropout_30|fp
embracenet_fasca_kd,53,23,structured_dropout_30,fp,1.0,structured_dropout_30|fp
embracenet_fasca_kd,53,28,structured_dropout_30,fp,1.0,structured_dropout_30|fp
embracenet_fasca_kd,53,34,structured_dropout_30,fp,1.0,structured_dropout_30|fp
embracenet_fasca_kd,53,41,structured_dropout_30,fp,1.0,structured_dropout_30|fp
embracenet_fasca_kd,53,42,structured_dropout_30,fp,1.0,structured_dropout_30|fp
embracenet_fasca_kd,53,45,structured_dropout_30,fp,0.6666666666666666,structured_dropout_30|fp
embracenet_fasca_kd,53,51,structured_dropout_30,fp,1.0,structured_dropout_30|fp
embracenet_fasca_kd,53,54,structured_dropout_30,fp,1.0,structured_dropout_30|fp
embracenet_fasca_kd,53,56,structured_dropout_30,fp,1.0,structured_dropout_30|fp
embracenet_fasca_kd,53,20,structured_dropout_30,eeg+emg+imu+fp,0.2222222222222222,structured_dropout_30|eeg+emg+imu+fp
embracenet_fasca_kd,53,22,structured_dropout_30,eeg+emg+imu+fp,1.0,structured_dropout_30|eeg+emg+imu+fp
embracenet_fasca_kd,53,23,structured_dropout_30,eeg+emg+imu+fp,1.0,structured_dropout_30|eeg+emg+imu+fp
embracenet_fasca_kd,53,28,structured_dropout_30,eeg+emg+imu+fp,1.0,structured_dropout_30|eeg+emg+imu+fp
embracenet_fasca_kd,53,34,structured_dropout_30,eeg+emg+imu+fp,0.5555555555555555,structured_dropout_30|eeg+emg+imu+fp
embracenet_fasca_kd,53,41,structured_dropout_30,eeg+emg+imu+fp,0.2222222222222222,structured_dropout_30|eeg+emg+imu+fp
embracenet_fasca_kd,53,42,structured_dropout_30,eeg+emg+imu+fp,0.2222222222222222,structured_dropout_30|eeg+emg+imu+fp
embracenet_fasca_kd,53,45,structured_dropout_30,eeg+emg+imu+fp,0.6666666666666666,structured_dropout_30|eeg+emg+imu+fp
embracenet_fasca_kd,53,51,structured_dropout_30,eeg+emg+imu+fp,1.0,structured_dropout_30|eeg+emg+imu+fp
embracenet_fasca_kd,53,54,structured_dropout_30,eeg+emg+imu+fp,1.0,structured_dropout_30|eeg+emg+imu+fp
embracenet_fasca_kd,53,56,structured_dropout_30,eeg+emg+imu+fp,0.5555555555555555,structured_dropout_30|eeg+emg+imu+fp
embracenet_fasca_kd,53,20,packet_loss_30,eeg,1.0,packet_loss_30|eeg
embracenet_fasca_kd,53,22,packet_loss_30,eeg,1.0,packet_loss_30|eeg
embracenet_fasca_kd,53,23,packet_loss_30,eeg,1.0,packet_loss_30|eeg
embracenet_fasca_kd,53,28,packet_loss_30,eeg,1.0,packet_loss_30|eeg
embracenet_fasca_kd,53,34,packet_loss_30,eeg,1.0,packet_loss_30|eeg
embracenet_fasca_kd,53,41,packet_loss_30,eeg,1.0,packet_loss_30|eeg
embracenet_fasca_kd,53,42,packet_loss_30,eeg,1.0,packet_loss_30|eeg
embracenet_fasca_kd,53,45,packet_loss_30,eeg,0.6666666666666666,packet_loss_30|eeg
embracenet_fasca_kd,53,51,packet_loss_30,eeg,1.0,packet_loss_30|eeg
embracenet_fasca_kd,53,54,packet_loss_30,eeg,1.0,packet_loss_30|eeg
embracenet_fasca_kd,53,56,packet_loss_30,eeg,1.0,packet_loss_30|eeg
embracenet_fasca_kd,53,20,packet_loss_30,emg,1.0,packet_loss_30|emg
embracenet_fasca_kd,53,22,packet_loss_30,emg,1.0,packet_loss_30|emg
embracenet_fasca_kd,53,23,packet_loss_30,emg,1.0,packet_loss_30|emg
embracenet_fasca_kd,53,28,packet_loss_30,emg,1.0,packet_loss_30|emg
embracenet_fasca_kd,53,34,packet_loss_30,emg,1.0,packet_loss_30|emg
embracenet_fasca_kd,53,41,packet_loss_30,emg,1.0,packet_loss_30|emg
embracenet_fasca_kd,53,42,packet_loss_30,emg,1.0,packet_loss_30|emg
embracenet_fasca_kd,53,45,packet_loss_30,emg,0.6666666666666666,packet_loss_30|emg
embracenet_fasca_kd,53,51,packet_loss_30,emg,1.0,packet_loss_30|emg
embracenet_fasca_kd,53,54,packet_loss_30,emg,1.0,packet_loss_30|emg
embracenet_fasca_kd,53,56,packet_loss_30,emg,1.0,packet_loss_30|emg
embracenet_fasca_kd,53,20,packet_loss_30,imu,1.0,packet_loss_30|imu
embracenet_fasca_kd,53,22,packet_loss_30,imu,1.0,packet_loss_30|imu
embracenet_fasca_kd,53,23,packet_loss_30,imu,1.0,packet_loss_30|imu
embracenet_fasca_kd,53,28,packet_loss_30,imu,1.0,packet_loss_30|imu
embracenet_fasca_kd,53,34,packet_loss_30,imu,1.0,packet_loss_30|imu
embracenet_fasca_kd,53,41,packet_loss_30,imu,1.0,packet_loss_30|imu
embracenet_fasca_kd,53,42,packet_loss_30,imu,1.0,packet_loss_30|imu
embracenet_fasca_kd,53,45,packet_loss_30,imu,0.6666666666666666,packet_loss_30|imu
embracenet_fasca_kd,53,51,packet_loss_30,imu,1.0,packet_loss_30|imu
embracenet_fasca_kd,53,54,packet_loss_30,imu,1.0,packet_loss_30|imu
embracenet_fasca_kd,53,56,packet_loss_30,imu,1.0,packet_loss_30|imu
embracenet_fasca_kd,53,20,packet_loss_30,fp,1.0,packet_loss_30|fp
embracenet_fasca_kd,53,22,packet_loss_30,fp,1.0,packet_loss_30|fp
embracenet_fasca_kd,53,23,packet_loss_30,fp,1.0,packet_loss_30|fp
embracenet_fasca_kd,53,28,packet_loss_30,fp,1.0,packet_loss_30|fp
embracenet_fasca_kd,53,34,packet_loss_30,fp,1.0,packet_loss_30|fp
embracenet_fasca_kd,53,41,packet_loss_30,fp,1.0,packet_loss_30|fp
embracenet_fasca_kd,53,42,packet_loss_30,fp,1.0,packet_loss_30|fp
embracenet_fasca_kd,53,45,packet_loss_30,fp,0.6666666666666666,packet_loss_30|fp
embracenet_fasca_kd,53,51,packet_loss_30,fp,1.0,packet_loss_30|fp
embracenet_fasca_kd,53,54,packet_loss_30,fp,1.0,packet_loss_30|fp
embracenet_fasca_kd,53,56,packet_loss_30,fp,1.0,packet_loss_30|fp
embracenet_fasca_kd,53,20,packet_loss_30,eeg+emg+imu+fp,1.0,packet_loss_30|eeg+emg+imu+fp
embracenet_fasca_kd,53,22,packet_loss_30,eeg+emg+imu+fp,1.0,packet_loss_30|eeg+emg+imu+fp
embracenet_fasca_kd,53,23,packet_loss_30,eeg+emg+imu+fp,1.0,packet_loss_30|eeg+emg+imu+fp
embracenet_fasca_kd,53,28,packet_loss_30,eeg+emg+imu+fp,1.0,packet_loss_30|eeg+emg+imu+fp
embracenet_fasca_kd,53,34,packet_loss_30,eeg+emg+imu+fp,1.0,packet_loss_30|eeg+emg+imu+fp
embracenet_fasca_kd,53,41,packet_loss_30,eeg+emg+imu+fp,1.0,packet_loss_30|eeg+emg+imu+fp
embracenet_fasca_kd,53,42,packet_loss_30,eeg+emg+imu+fp,1.0,packet_loss_30|eeg+emg+imu+fp
embracenet_fasca_kd,53,45,packet_loss_30,eeg+emg+imu+fp,0.6666666666666666,packet_loss_30|eeg+emg+imu+fp
embracenet_fasca_kd,53,51,packet_loss_30,eeg+emg+imu+fp,1.0,packet_loss_30|eeg+emg+imu+fp
embracenet_fasca_kd,53,54,packet_loss_30,eeg+emg+imu+fp,1.0,packet_loss_30|eeg+emg+imu+fp
embracenet_fasca_kd,53,56,packet_loss_30,eeg+emg+imu+fp,1.0,packet_loss_30|eeg+emg+imu+fp
embracenet_fasca_kd,53,20,shift_250ms,eeg,1.0,shift_250ms|eeg
embracenet_fasca_kd,53,22,shift_250ms,eeg,1.0,shift_250ms|eeg
embracenet_fasca_kd,53,23,shift_250ms,eeg,1.0,shift_250ms|eeg
embracenet_fasca_kd,53,28,shift_250ms,eeg,1.0,shift_250ms|eeg
embracenet_fasca_kd,53,34,shift_250ms,eeg,1.0,shift_250ms|eeg
embracenet_fasca_kd,53,41,shift_250ms,eeg,1.0,shift_250ms|eeg
embracenet_fasca_kd,53,42,shift_250ms,eeg,1.0,shift_250ms|eeg
embracenet_fasca_kd,53,45,shift_250ms,eeg,0.6666666666666666,shift_250ms|eeg
embracenet_fasca_kd,53,51,shift_250ms,eeg,1.0,shift_250ms|eeg
embracenet_fasca_kd,53,54,shift_250ms,eeg,1.0,shift_250ms|eeg
embracenet_fasca_kd,53,56,shift_250ms,eeg,1.0,shift_250ms|eeg
embracenet_fasca_kd,53,20,shift_250ms,emg,1.0,shift_250ms|emg
embracenet_fasca_kd,53,22,shift_250ms,emg,1.0,shift_250ms|emg
embracenet_fasca_kd,53,23,shift_250ms,emg,1.0,shift_250ms|emg
embracenet_fasca_kd,53,28,shift_250ms,emg,1.0,shift_250ms|emg
embracenet_fasca_kd,53,34,shift_250ms,emg,1.0,shift_250ms|emg
embracenet_fasca_kd,53,41,shift_250ms,emg,1.0,shift_250ms|emg
embracenet_fasca_kd,53,42,shift_250ms,emg,1.0,shift_250ms|emg
embracenet_fasca_kd,53,45,shift_250ms,emg,0.6666666666666666,shift_250ms|emg
embracenet_fasca_kd,53,51,shift_250ms,emg,1.0,shift_250ms|emg
embracenet_fasca_kd,53,54,shift_250ms,emg,1.0,shift_250ms|emg
embracenet_fasca_kd,53,56,shift_250ms,emg,1.0,shift_250ms|emg
embracenet_fasca_kd,53,20,shift_250ms,imu,1.0,shift_250ms|imu
embracenet_fasca_kd,53,22,shift_250ms,imu,1.0,shift_250ms|imu
embracenet_fasca_kd,53,23,shift_250ms,imu,1.0,shift_250ms|imu
embracenet_fasca_kd,53,28,shift_250ms,imu,1.0,shift_250ms|imu
embracenet_fasca_kd,53,34,shift_250ms,imu,1.0,shift_250ms|imu
embracenet_fasca_kd,53,41,shift_250ms,imu,1.0,shift_250ms|imu
embracenet_fasca_kd,53,42,shift_250ms,imu,1.0,shift_250ms|imu
embracenet_fasca_kd,53,45,shift_250ms,imu,0.6666666666666666,shift_250ms|imu
embracenet_fasca_kd,53,51,shift_250ms,imu,1.0,shift_250ms|imu
embracenet_fasca_kd,53,54,shift_250ms,imu,1.0,shift_250ms|imu
embracenet_fasca_kd,53,56,shift_250ms,imu,1.0,shift_250ms|imu
embracenet_fasca_kd,53,20,shift_250ms,fp,1.0,shift_250ms|fp
embracenet_fasca_kd,53,22,shift_250ms,fp,1.0,shift_250ms|fp
embracenet_fasca_kd,53,23,shift_250ms,fp,1.0,shift_250ms|fp
embracenet_fasca_kd,53,28,shift_250ms,fp,1.0,shift_250ms|fp
embracenet_fasca_kd,53,34,shift_250ms,fp,1.0,shift_250ms|fp
embracenet_fasca_kd,53,41,shift_250ms,fp,1.0,shift_250ms|fp
embracenet_fasca_kd,53,42,shift_250ms,fp,1.0,shift_250ms|fp
embracenet_fasca_kd,53,45,shift_250ms,fp,0.6666666666666666,shift_250ms|fp
embracenet_fasca_kd,53,51,shift_250ms,fp,1.0,shift_250ms|fp
embracenet_fasca_kd,53,54,shift_250ms,fp,1.0,shift_250ms|fp
embracenet_fasca_kd,53,56,shift_250ms,fp,1.0,shift_250ms|fp
embracenet_fasca_kd,53,20,shift_250ms,eeg+emg+imu+fp,1.0,shift_250ms|eeg+emg+imu+fp
embracenet_fasca_kd,53,22,shift_250ms,eeg+emg+imu+fp,1.0,shift_250ms|eeg+emg+imu+fp
embracenet_fasca_kd,53,23,shift_250ms,eeg+emg+imu+fp,1.0,shift_250ms|eeg+emg+imu+fp
embracenet_fasca_kd,53,28,shift_250ms,eeg+emg+imu+fp,1.0,shift_250ms|eeg+emg+imu+fp
embracenet_fasca_kd,53,34,shift_250ms,eeg+emg+imu+fp,1.0,shift_250ms|eeg+emg+imu+fp
embracenet_fasca_kd,53,41,shift_250ms,eeg+emg+imu+fp,1.0,shift_250ms|eeg+emg+imu+fp
embracenet_fasca_kd,53,42,shift_250ms,eeg+emg+imu+fp,1.0,shift_250ms|eeg+emg+imu+fp
embracenet_fasca_kd,53,45,shift_250ms,eeg+emg+imu+fp,0.6666666666666666,shift_250ms|eeg+emg+imu+fp
embracenet_fasca_kd,53,51,shift_250ms,eeg+emg+imu+fp,1.0,shift_250ms|eeg+emg+imu+fp
embracenet_fasca_kd,53,54,shift_250ms,eeg+emg+imu+fp,1.0,shift_250ms|eeg+emg+imu+fp
embracenet_fasca_kd,53,56,shift_250ms,eeg+emg+imu+fp,1.0,shift_250ms|eeg+emg+imu+fp
embracenet_fasca_kd,53,20,gain_1.5,eeg,1.0,gain_1.5|eeg
embracenet_fasca_kd,53,22,gain_1.5,eeg,1.0,gain_1.5|eeg
embracenet_fasca_kd,53,23,gain_1.5,eeg,1.0,gain_1.5|eeg
embracenet_fasca_kd,53,28,gain_1.5,eeg,1.0,gain_1.5|eeg
embracenet_fasca_kd,53,34,gain_1.5,eeg,1.0,gain_1.5|eeg
embracenet_fasca_kd,53,41,gain_1.5,eeg,1.0,gain_1.5|eeg
embracenet_fasca_kd,53,42,gain_1.5,eeg,1.0,gain_1.5|eeg
embracenet_fasca_kd,53,45,gain_1.5,eeg,0.6666666666666666,gain_1.5|eeg
embracenet_fasca_kd,53,51,gain_1.5,eeg,1.0,gain_1.5|eeg
embracenet_fasca_kd,53,54,gain_1.5,eeg,1.0,gain_1.5|eeg
embracenet_fasca_kd,53,56,gain_1.5,eeg,1.0,gain_1.5|eeg
embracenet_fasca_kd,53,20,gain_1.5,emg,1.0,gain_1.5|emg
embracenet_fasca_kd,53,22,gain_1.5,emg,1.0,gain_1.5|emg
embracenet_fasca_kd,53,23,gain_1.5,emg,1.0,gain_1.5|emg
embracenet_fasca_kd,53,28,gain_1.5,emg,1.0,gain_1.5|emg
embracenet_fasca_kd,53,34,gain_1.5,emg,1.0,gain_1.5|emg
embracenet_fasca_kd,53,41,gain_1.5,emg,1.0,gain_1.5|emg
embracenet_fasca_kd,53,42,gain_1.5,emg,1.0,gain_1.5|emg
embracenet_fasca_kd,53,45,gain_1.5,emg,0.6666666666666666,gain_1.5|emg
embracenet_fasca_kd,53,51,gain_1.5,emg,1.0,gain_1.5|emg
embracenet_fasca_kd,53,54,gain_1.5,emg,1.0,gain_1.5|emg
embracenet_fasca_kd,53,56,gain_1.5,emg,1.0,gain_1.5|emg
embracenet_fasca_kd,53,20,gain_1.5,imu,0.5555555555555555,gain_1.5|imu
embracenet_fasca_kd,53,22,gain_1.5,imu,0.5555555555555555,gain_1.5|imu
embracenet_fasca_kd,53,23,gain_1.5,imu,0.5555555555555555,gain_1.5|imu
embracenet_fasca_kd,53,28,gain_1.5,imu,0.2222222222222222,gain_1.5|imu
embracenet_fasca_kd,53,34,gain_1.5,imu,0.5555555555555555,gain_1.5|imu
embracenet_fasca_kd,53,41,gain_1.5,imu,1.0,gain_1.5|imu
embracenet_fasca_kd,53,42,gain_1.5,imu,1.0,gain_1.5|imu
embracenet_fasca_kd,53,45,gain_1.5,imu,0.6666666666666666,gain_1.5|imu
embracenet_fasca_kd,53,51,gain_1.5,imu,0.5555555555555555,gain_1.5|imu
embracenet_fasca_kd,53,54,gain_1.5,imu,0.5555555555555555,gain_1.5|imu
embracenet_fasca_kd,53,56,gain_1.5,imu,1.0,gain_1.5|imu
embracenet_fasca_kd,53,20,gain_1.5,fp,1.0,gain_1.5|fp
embracenet_fasca_kd,53,22,gain_1.5,fp,1.0,gain_1.5|fp
embracenet_fasca_kd,53,23,gain_1.5,fp,1.0,gain_1.5|fp
embracenet_fasca_kd,53,28,gain_1.5,fp,1.0,gain_1.5|fp
embracenet_fasca_kd,53,34,gain_1.5,fp,1.0,gain_1.5|fp
embracenet_fasca_kd,53,41,gain_1.5,fp,1.0,gain_1.5|fp
embracenet_fasca_kd,53,42,gain_1.5,fp,1.0,gain_1.5|fp
embracenet_fasca_kd,53,45,gain_1.5,fp,0.6666666666666666,gain_1.5|fp
embracenet_fasca_kd,53,51,gain_1.5,fp,1.0,gain_1.5|fp
embracenet_fasca_kd,53,54,gain_1.5,fp,1.0,gain_1.5|fp
embracenet_fasca_kd,53,56,gain_1.5,fp,1.0,gain_1.5|fp
embracenet_fasca_kd,53,20,gain_1.5,eeg+emg+imu+fp,0.5555555555555555,gain_1.5|eeg+emg+imu+fp
embracenet_fasca_kd,53,22,gain_1.5,eeg+emg+imu+fp,0.2222222222222222,gain_1.5|eeg+emg+imu+fp
embracenet_fasca_kd,53,23,gain_1.5,eeg+emg+imu+fp,0.5555555555555555,gain_1.5|eeg+emg+imu+fp
embracenet_fasca_kd,53,28,gain_1.5,eeg+emg+imu+fp,0.2222222222222222,gain_1.5|eeg+emg+imu+fp
embracenet_fasca_kd,53,34,gain_1.5,eeg+emg+imu+fp,0.5555555555555555,gain_1.5|eeg+emg+imu+fp
embracenet_fasca_kd,53,41,gain_1.5,eeg+emg+imu+fp,1.0,gain_1.5|eeg+emg+imu+fp
embracenet_fasca_kd,53,42,gain_1.5,eeg+emg+imu+fp,1.0,gain_1.5|eeg+emg+imu+fp
embracenet_fasca_kd,53,45,gain_1.5,eeg+emg+imu+fp,0.6666666666666666,gain_1.5|eeg+emg+imu+fp
embracenet_fasca_kd,53,51,gain_1.5,eeg+emg+imu+fp,0.5555555555555555,gain_1.5|eeg+emg+imu+fp
embracenet_fasca_kd,53,54,gain_1.5,eeg+emg+imu+fp,0.5555555555555555,gain_1.5|eeg+emg+imu+fp
embracenet_fasca_kd,53,56,gain_1.5,eeg+emg+imu+fp,1.0,gain_1.5|eeg+emg+imu+fp
embracenet_fasca_kd,51,8,clean,none,0.3333333333333333,clean|none
embracenet_fasca_kd,51,11,clean,none,0.6666666666666666,clean|none
embracenet_fasca_kd,51,12,clean,none,1.0,clean|none
embracenet_fasca_kd,51,13,clean,none,1.0,clean|none
embracenet_fasca_kd,51,30,clean,none,1.0,clean|none
embracenet_fasca_kd,51,31,clean,none,1.0,clean|none
embracenet_fasca_kd,51,37,clean,none,1.0,clean|none
embracenet_fasca_kd,51,52,clean,none,1.0,clean|none
embracenet_fasca_kd,51,55,clean,none,1.0,clean|none
embracenet_fasca_kd,51,57,clean,none,1.0,clean|none
embracenet_fasca_kd,51,58,clean,none,1.0,clean|none
embracenet_fasca_kd,51,8,noise_10db,eeg,0.3333333333333333,noise_10db|eeg
embracenet_fasca_kd,51,11,noise_10db,eeg,0.6666666666666666,noise_10db|eeg
embracenet_fasca_kd,51,12,noise_10db,eeg,1.0,noise_10db|eeg
embracenet_fasca_kd,51,13,noise_10db,eeg,1.0,noise_10db|eeg
embracenet_fasca_kd,51,30,noise_10db,eeg,1.0,noise_10db|eeg
embracenet_fasca_kd,51,31,noise_10db,eeg,1.0,noise_10db|eeg
embracenet_fasca_kd,51,37,noise_10db,eeg,1.0,noise_10db|eeg
embracenet_fasca_kd,51,52,noise_10db,eeg,1.0,noise_10db|eeg
embracenet_fasca_kd,51,55,noise_10db,eeg,1.0,noise_10db|eeg
embracenet_fasca_kd,51,57,noise_10db,eeg,1.0,noise_10db|eeg
embracenet_fasca_kd,51,58,noise_10db,eeg,1.0,noise_10db|eeg
embracenet_fasca_kd,51,8,noise_10db,emg,0.3333333333333333,noise_10db|emg
embracenet_fasca_kd,51,11,noise_10db,emg,0.6666666666666666,noise_10db|emg
embracenet_fasca_kd,51,12,noise_10db,emg,1.0,noise_10db|emg
embracenet_fasca_kd,51,13,noise_10db,emg,1.0,noise_10db|emg
embracenet_fasca_kd,51,30,noise_10db,emg,1.0,noise_10db|emg
embracenet_fasca_kd,51,31,noise_10db,emg,1.0,noise_10db|emg
embracenet_fasca_kd,51,37,noise_10db,emg,1.0,noise_10db|emg
embracenet_fasca_kd,51,52,noise_10db,emg,1.0,noise_10db|emg
embracenet_fasca_kd,51,55,noise_10db,emg,1.0,noise_10db|emg
embracenet_fasca_kd,51,57,noise_10db,emg,1.0,noise_10db|emg
embracenet_fasca_kd,51,58,noise_10db,emg,1.0,noise_10db|emg
embracenet_fasca_kd,51,8,noise_10db,imu,0.3333333333333333,noise_10db|imu
embracenet_fasca_kd,51,11,noise_10db,imu,0.6666666666666666,noise_10db|imu
embracenet_fasca_kd,51,12,noise_10db,imu,1.0,noise_10db|imu
embracenet_fasca_kd,51,13,noise_10db,imu,1.0,noise_10db|imu
embracenet_fasca_kd,51,30,noise_10db,imu,1.0,noise_10db|imu
embracenet_fasca_kd,51,31,noise_10db,imu,1.0,noise_10db|imu
embracenet_fasca_kd,51,37,noise_10db,imu,1.0,noise_10db|imu
embracenet_fasca_kd,51,52,noise_10db,imu,1.0,noise_10db|imu
embracenet_fasca_kd,51,55,noise_10db,imu,1.0,noise_10db|imu
embracenet_fasca_kd,51,57,noise_10db,imu,1.0,noise_10db|imu
embracenet_fasca_kd,51,58,noise_10db,imu,1.0,noise_10db|imu
embracenet_fasca_kd,51,8,noise_10db,fp,0.3333333333333333,noise_10db|fp
embracenet_fasca_kd,51,11,noise_10db,fp,0.6666666666666666,noise_10db|fp
embracenet_fasca_kd,51,12,noise_10db,fp,1.0,noise_10db|fp
embracenet_fasca_kd,51,13,noise_10db,fp,1.0,noise_10db|fp
embracenet_fasca_kd,51,30,noise_10db,fp,1.0,noise_10db|fp
embracenet_fasca_kd,51,31,noise_10db,fp,1.0,noise_10db|fp
embracenet_fasca_kd,51,37,noise_10db,fp,1.0,noise_10db|fp
embracenet_fasca_kd,51,52,noise_10db,fp,1.0,noise_10db|fp
embracenet_fasca_kd,51,55,noise_10db,fp,1.0,noise_10db|fp
embracenet_fasca_kd,51,57,noise_10db,fp,1.0,noise_10db|fp
embracenet_fasca_kd,51,58,noise_10db,fp,1.0,noise_10db|fp
embracenet_fasca_kd,51,8,noise_10db,eeg+emg+imu+fp,0.3333333333333333,noise_10db|eeg+emg+imu+fp
embracenet_fasca_kd,51,11,noise_10db,eeg+emg+imu+fp,0.6666666666666666,noise_10db|eeg+emg+imu+fp
embracenet_fasca_kd,51,12,noise_10db,eeg+emg+imu+fp,1.0,noise_10db|eeg+emg+imu+fp
embracenet_fasca_kd,51,13,noise_10db,eeg+emg+imu+fp,1.0,noise_10db|eeg+emg+imu+fp
embracenet_fasca_kd,51,30,noise_10db,eeg+emg+imu+fp,1.0,noise_10db|eeg+emg+imu+fp
embracenet_fasca_kd,51,31,noise_10db,eeg+emg+imu+fp,1.0,noise_10db|eeg+emg+imu+fp
embracenet_fasca_kd,51,37,noise_10db,eeg+emg+imu+fp,1.0,noise_10db|eeg+emg+imu+fp
embracenet_fasca_kd,51,52,noise_10db,eeg+emg+imu+fp,1.0,noise_10db|eeg+emg+imu+fp
embracenet_fasca_kd,51,55,noise_10db,eeg+emg+imu+fp,1.0,noise_10db|eeg+emg+imu+fp
embracenet_fasca_kd,51,57,noise_10db,eeg+emg+imu+fp,1.0,noise_10db|eeg+emg+imu+fp
embracenet_fasca_kd,51,58,noise_10db,eeg+emg+imu+fp,1.0,noise_10db|eeg+emg+imu+fp
embracenet_fasca_kd,51,8,channel_dropout_30,eeg,0.3333333333333333,channel_dropout_30|eeg
embracenet_fasca_kd,51,11,channel_dropout_30,eeg,0.6666666666666666,channel_dropout_30|eeg
embracenet_fasca_kd,51,12,channel_dropout_30,eeg,1.0,channel_dropout_30|eeg
embracenet_fasca_kd,51,13,channel_dropout_30,eeg,1.0,channel_dropout_30|eeg
embracenet_fasca_kd,51,30,channel_dropout_30,eeg,1.0,channel_dropout_30|eeg
embracenet_fasca_kd,51,31,channel_dropout_30,eeg,1.0,channel_dropout_30|eeg
embracenet_fasca_kd,51,37,channel_dropout_30,eeg,1.0,channel_dropout_30|eeg
embracenet_fasca_kd,51,52,channel_dropout_30,eeg,1.0,channel_dropout_30|eeg
embracenet_fasca_kd,51,55,channel_dropout_30,eeg,1.0,channel_dropout_30|eeg
embracenet_fasca_kd,51,57,channel_dropout_30,eeg,1.0,channel_dropout_30|eeg
embracenet_fasca_kd,51,58,channel_dropout_30,eeg,1.0,channel_dropout_30|eeg
embracenet_fasca_kd,51,8,channel_dropout_30,emg,0.3333333333333333,channel_dropout_30|emg
embracenet_fasca_kd,51,11,channel_dropout_30,emg,0.6666666666666666,channel_dropout_30|emg
embracenet_fasca_kd,51,12,channel_dropout_30,emg,1.0,channel_dropout_30|emg
embracenet_fasca_kd,51,13,channel_dropout_30,emg,1.0,channel_dropout_30|emg
embracenet_fasca_kd,51,30,channel_dropout_30,emg,1.0,channel_dropout_30|emg
embracenet_fasca_kd,51,31,channel_dropout_30,emg,1.0,channel_dropout_30|emg
embracenet_fasca_kd,51,37,channel_dropout_30,emg,1.0,channel_dropout_30|emg
embracenet_fasca_kd,51,52,channel_dropout_30,emg,1.0,channel_dropout_30|emg
embracenet_fasca_kd,51,55,channel_dropout_30,emg,0.5555555555555555,channel_dropout_30|emg
embracenet_fasca_kd,51,57,channel_dropout_30,emg,1.0,channel_dropout_30|emg
embracenet_fasca_kd,51,58,channel_dropout_30,emg,1.0,channel_dropout_30|emg
embracenet_fasca_kd,51,8,channel_dropout_30,imu,0.0,channel_dropout_30|imu
embracenet_fasca_kd,51,11,channel_dropout_30,imu,0.6666666666666666,channel_dropout_30|imu
embracenet_fasca_kd,51,12,channel_dropout_30,imu,1.0,channel_dropout_30|imu
embracenet_fasca_kd,51,13,channel_dropout_30,imu,1.0,channel_dropout_30|imu
embracenet_fasca_kd,51,30,channel_dropout_30,imu,0.5555555555555555,channel_dropout_30|imu
embracenet_fasca_kd,51,31,channel_dropout_30,imu,1.0,channel_dropout_30|imu
embracenet_fasca_kd,51,37,channel_dropout_30,imu,1.0,channel_dropout_30|imu
embracenet_fasca_kd,51,52,channel_dropout_30,imu,1.0,channel_dropout_30|imu
embracenet_fasca_kd,51,55,channel_dropout_30,imu,0.2222222222222222,channel_dropout_30|imu
embracenet_fasca_kd,51,57,channel_dropout_30,imu,0.5555555555555555,channel_dropout_30|imu
embracenet_fasca_kd,51,58,channel_dropout_30,imu,1.0,channel_dropout_30|imu
embracenet_fasca_kd,51,8,channel_dropout_30,fp,0.3333333333333333,channel_dropout_30|fp
embracenet_fasca_kd,51,11,channel_dropout_30,fp,0.6666666666666666,channel_dropout_30|fp
embracenet_fasca_kd,51,12,channel_dropout_30,fp,1.0,channel_dropout_30|fp
embracenet_fasca_kd,51,13,channel_dropout_30,fp,1.0,channel_dropout_30|fp
embracenet_fasca_kd,51,30,channel_dropout_30,fp,0.5555555555555555,channel_dropout_30|fp
embracenet_fasca_kd,51,31,channel_dropout_30,fp,1.0,channel_dropout_30|fp
embracenet_fasca_kd,51,37,channel_dropout_30,fp,1.0,channel_dropout_30|fp
embracenet_fasca_kd,51,52,channel_dropout_30,fp,1.0,channel_dropout_30|fp
embracenet_fasca_kd,51,55,channel_dropout_30,fp,0.5555555555555555,channel_dropout_30|fp
embracenet_fasca_kd,51,57,channel_dropout_30,fp,1.0,channel_dropout_30|fp
embracenet_fasca_kd,51,58,channel_dropout_30,fp,1.0,channel_dropout_30|fp
embracenet_fasca_kd,51,8,channel_dropout_30,eeg+emg+imu+fp,0.3333333333333333,channel_dropout_30|eeg+emg+imu+fp
embracenet_fasca_kd,51,11,channel_dropout_30,eeg+emg+imu+fp,0.2222222222222222,channel_dropout_30|eeg+emg+imu+fp
embracenet_fasca_kd,51,12,channel_dropout_30,eeg+emg+imu+fp,1.0,channel_dropout_30|eeg+emg+imu+fp
embracenet_fasca_kd,51,13,channel_dropout_30,eeg+emg+imu+fp,0.5555555555555555,channel_dropout_30|eeg+emg+imu+fp
embracenet_fasca_kd,51,30,channel_dropout_30,eeg+emg+imu+fp,0.5555555555555555,channel_dropout_30|eeg+emg+imu+fp
embracenet_fasca_kd,51,31,channel_dropout_30,eeg+emg+imu+fp,0.5555555555555555,channel_dropout_30|eeg+emg+imu+fp
embracenet_fasca_kd,51,37,channel_dropout_30,eeg+emg+imu+fp,0.5555555555555555,channel_dropout_30|eeg+emg+imu+fp
embracenet_fasca_kd,51,52,channel_dropout_30,eeg+emg+imu+fp,0.5555555555555555,channel_dropout_30|eeg+emg+imu+fp
embracenet_fasca_kd,51,55,channel_dropout_30,eeg+emg+imu+fp,0.2222222222222222,channel_dropout_30|eeg+emg+imu+fp
embracenet_fasca_kd,51,57,channel_dropout_30,eeg+emg+imu+fp,0.2222222222222222,channel_dropout_30|eeg+emg+imu+fp
embracenet_fasca_kd,51,58,channel_dropout_30,eeg+emg+imu+fp,0.2222222222222222,channel_dropout_30|eeg+emg+imu+fp
embracenet_fasca_kd,51,8,structured_dropout_30,eeg,0.3333333333333333,structured_dropout_30|eeg
embracenet_fasca_kd,51,11,structured_dropout_30,eeg,0.6666666666666666,structured_dropout_30|eeg
embracenet_fasca_kd,51,12,structured_dropout_30,eeg,1.0,structured_dropout_30|eeg
embracenet_fasca_kd,51,13,structured_dropout_30,eeg,1.0,structured_dropout_30|eeg
embracenet_fasca_kd,51,30,structured_dropout_30,eeg,1.0,structured_dropout_30|eeg
embracenet_fasca_kd,51,31,structured_dropout_30,eeg,1.0,structured_dropout_30|eeg
embracenet_fasca_kd,51,37,structured_dropout_30,eeg,1.0,structured_dropout_30|eeg
embracenet_fasca_kd,51,52,structured_dropout_30,eeg,1.0,structured_dropout_30|eeg
embracenet_fasca_kd,51,55,structured_dropout_30,eeg,1.0,structured_dropout_30|eeg
embracenet_fasca_kd,51,57,structured_dropout_30,eeg,1.0,structured_dropout_30|eeg
embracenet_fasca_kd,51,58,structured_dropout_30,eeg,1.0,structured_dropout_30|eeg
embracenet_fasca_kd,51,8,structured_dropout_30,emg,0.3333333333333333,structured_dropout_30|emg
embracenet_fasca_kd,51,11,structured_dropout_30,emg,0.6666666666666666,structured_dropout_30|emg
embracenet_fasca_kd,51,12,structured_dropout_30,emg,1.0,structured_dropout_30|emg
embracenet_fasca_kd,51,13,structured_dropout_30,emg,1.0,structured_dropout_30|emg
embracenet_fasca_kd,51,30,structured_dropout_30,emg,1.0,structured_dropout_30|emg
embracenet_fasca_kd,51,31,structured_dropout_30,emg,1.0,structured_dropout_30|emg
embracenet_fasca_kd,51,37,structured_dropout_30,emg,1.0,structured_dropout_30|emg
embracenet_fasca_kd,51,52,structured_dropout_30,emg,1.0,structured_dropout_30|emg
embracenet_fasca_kd,51,55,structured_dropout_30,emg,1.0,structured_dropout_30|emg
embracenet_fasca_kd,51,57,structured_dropout_30,emg,1.0,structured_dropout_30|emg
embracenet_fasca_kd,51,58,structured_dropout_30,emg,1.0,structured_dropout_30|emg
embracenet_fasca_kd,51,8,structured_dropout_30,imu,0.0,structured_dropout_30|imu
embracenet_fasca_kd,51,11,structured_dropout_30,imu,0.6666666666666666,structured_dropout_30|imu
embracenet_fasca_kd,51,12,structured_dropout_30,imu,1.0,structured_dropout_30|imu
embracenet_fasca_kd,51,13,structured_dropout_30,imu,0.5555555555555555,structured_dropout_30|imu
embracenet_fasca_kd,51,30,structured_dropout_30,imu,0.5555555555555555,structured_dropout_30|imu
embracenet_fasca_kd,51,31,structured_dropout_30,imu,1.0,structured_dropout_30|imu
embracenet_fasca_kd,51,37,structured_dropout_30,imu,1.0,structured_dropout_30|imu
embracenet_fasca_kd,51,52,structured_dropout_30,imu,1.0,structured_dropout_30|imu
embracenet_fasca_kd,51,55,structured_dropout_30,imu,0.5555555555555555,structured_dropout_30|imu
embracenet_fasca_kd,51,57,structured_dropout_30,imu,0.5555555555555555,structured_dropout_30|imu
embracenet_fasca_kd,51,58,structured_dropout_30,imu,1.0,structured_dropout_30|imu
embracenet_fasca_kd,51,8,structured_dropout_30,fp,0.3333333333333333,structured_dropout_30|fp
embracenet_fasca_kd,51,11,structured_dropout_30,fp,0.6666666666666666,structured_dropout_30|fp
embracenet_fasca_kd,51,12,structured_dropout_30,fp,1.0,structured_dropout_30|fp
embracenet_fasca_kd,51,13,structured_dropout_30,fp,1.0,structured_dropout_30|fp
embracenet_fasca_kd,51,30,structured_dropout_30,fp,0.5555555555555555,structured_dropout_30|fp
embracenet_fasca_kd,51,31,structured_dropout_30,fp,1.0,structured_dropout_30|fp
embracenet_fasca_kd,51,37,structured_dropout_30,fp,1.0,structured_dropout_30|fp
embracenet_fasca_kd,51,52,structured_dropout_30,fp,1.0,structured_dropout_30|fp
embracenet_fasca_kd,51,55,structured_dropout_30,fp,0.5555555555555555,structured_dropout_30|fp
embracenet_fasca_kd,51,57,structured_dropout_30,fp,1.0,structured_dropout_30|fp
embracenet_fasca_kd,51,58,structured_dropout_30,fp,1.0,structured_dropout_30|fp
embracenet_fasca_kd,51,8,structured_dropout_30,eeg+emg+imu+fp,0.0,structured_dropout_30|eeg+emg+imu+fp
embracenet_fasca_kd,51,11,structured_dropout_30,eeg+emg+imu+fp,0.6666666666666666,structured_dropout_30|eeg+emg+imu+fp
embracenet_fasca_kd,51,12,structured_dropout_30,eeg+emg+imu+fp,0.5555555555555555,structured_dropout_30|eeg+emg+imu+fp
embracenet_fasca_kd,51,13,structured_dropout_30,eeg+emg+imu+fp,0.2222222222222222,structured_dropout_30|eeg+emg+imu+fp
embracenet_fasca_kd,51,30,structured_dropout_30,eeg+emg+imu+fp,0.5555555555555555,structured_dropout_30|eeg+emg+imu+fp
embracenet_fasca_kd,51,31,structured_dropout_30,eeg+emg+imu+fp,1.0,structured_dropout_30|eeg+emg+imu+fp
embracenet_fasca_kd,51,37,structured_dropout_30,eeg+emg+imu+fp,1.0,structured_dropout_30|eeg+emg+imu+fp
embracenet_fasca_kd,51,52,structured_dropout_30,eeg+emg+imu+fp,0.5555555555555555,structured_dropout_30|eeg+emg+imu+fp
embracenet_fasca_kd,51,55,structured_dropout_30,eeg+emg+imu+fp,0.2222222222222222,structured_dropout_30|eeg+emg+imu+fp
embracenet_fasca_kd,51,57,structured_dropout_30,eeg+emg+imu+fp,1.0,structured_dropout_30|eeg+emg+imu+fp
embracenet_fasca_kd,51,58,structured_dropout_30,eeg+emg+imu+fp,1.0,structured_dropout_30|eeg+emg+imu+fp
embracenet_fasca_kd,51,8,packet_loss_30,eeg,0.3333333333333333,packet_loss_30|eeg
embracenet_fasca_kd,51,11,packet_loss_30,eeg,0.6666666666666666,packet_loss_30|eeg
embracenet_fasca_kd,51,12,packet_loss_30,eeg,1.0,packet_loss_30|eeg
embracenet_fasca_kd,51,13,packet_loss_30,eeg,1.0,packet_loss_30|eeg
embracenet_fasca_kd,51,30,packet_loss_30,eeg,1.0,packet_loss_30|eeg
embracenet_fasca_kd,51,31,packet_loss_30,eeg,1.0,packet_loss_30|eeg
embracenet_fasca_kd,51,37,packet_loss_30,eeg,1.0,packet_loss_30|eeg
embracenet_fasca_kd,51,52,packet_loss_30,eeg,1.0,packet_loss_30|eeg
embracenet_fasca_kd,51,55,packet_loss_30,eeg,1.0,packet_loss_30|eeg
embracenet_fasca_kd,51,57,packet_loss_30,eeg,1.0,packet_loss_30|eeg
embracenet_fasca_kd,51,58,packet_loss_30,eeg,1.0,packet_loss_30|eeg
embracenet_fasca_kd,51,8,packet_loss_30,emg,0.3333333333333333,packet_loss_30|emg
embracenet_fasca_kd,51,11,packet_loss_30,emg,0.6666666666666666,packet_loss_30|emg
embracenet_fasca_kd,51,12,packet_loss_30,emg,1.0,packet_loss_30|emg
embracenet_fasca_kd,51,13,packet_loss_30,emg,1.0,packet_loss_30|emg
embracenet_fasca_kd,51,30,packet_loss_30,emg,1.0,packet_loss_30|emg
embracenet_fasca_kd,51,31,packet_loss_30,emg,1.0,packet_loss_30|emg
embracenet_fasca_kd,51,37,packet_loss_30,emg,1.0,packet_loss_30|emg
embracenet_fasca_kd,51,52,packet_loss_30,emg,1.0,packet_loss_30|emg
embracenet_fasca_kd,51,55,packet_loss_30,emg,1.0,packet_loss_30|emg
embracenet_fasca_kd,51,57,packet_loss_30,emg,1.0,packet_loss_30|emg
embracenet_fasca_kd,51,58,packet_loss_30,emg,1.0,packet_loss_30|emg
embracenet_fasca_kd,51,8,packet_loss_30,imu,0.3333333333333333,packet_loss_30|imu
embracenet_fasca_kd,51,11,packet_loss_30,imu,0.6666666666666666,packet_loss_30|imu
embracenet_fasca_kd,51,12,packet_loss_30,imu,1.0,packet_loss_30|imu
embracenet_fasca_kd,51,13,packet_loss_30,imu,1.0,packet_loss_30|imu
embracenet_fasca_kd,51,30,packet_loss_30,imu,1.0,packet_loss_30|imu
embracenet_fasca_kd,51,31,packet_loss_30,imu,1.0,packet_loss_30|imu
embracenet_fasca_kd,51,37,packet_loss_30,imu,1.0,packet_loss_30|imu
embracenet_fasca_kd,51,52,packet_loss_30,imu,1.0,packet_loss_30|imu
embracenet_fasca_kd,51,55,packet_loss_30,imu,0.5555555555555555,packet_loss_30|imu
embracenet_fasca_kd,51,57,packet_loss_30,imu,1.0,packet_loss_30|imu
embracenet_fasca_kd,51,58,packet_loss_30,imu,1.0,packet_loss_30|imu
embracenet_fasca_kd,51,8,packet_loss_30,fp,0.3333333333333333,packet_loss_30|fp
embracenet_fasca_kd,51,11,packet_loss_30,fp,0.6666666666666666,packet_loss_30|fp
embracenet_fasca_kd,51,12,packet_loss_30,fp,1.0,packet_loss_30|fp
embracenet_fasca_kd,51,13,packet_loss_30,fp,1.0,packet_loss_30|fp
embracenet_fasca_kd,51,30,packet_loss_30,fp,0.5555555555555555,packet_loss_30|fp
embracenet_fasca_kd,51,31,packet_loss_30,fp,1.0,packet_loss_30|fp
embracenet_fasca_kd,51,37,packet_loss_30,fp,1.0,packet_loss_30|fp
embracenet_fasca_kd,51,52,packet_loss_30,fp,1.0,packet_loss_30|fp
embracenet_fasca_kd,51,55,packet_loss_30,fp,0.5555555555555555,packet_loss_30|fp
embracenet_fasca_kd,51,57,packet_loss_30,fp,1.0,packet_loss_30|fp
embracenet_fasca_kd,51,58,packet_loss_30,fp,1.0,packet_loss_30|fp
embracenet_fasca_kd,51,8,packet_loss_30,eeg+emg+imu+fp,0.3333333333333333,packet_loss_30|eeg+emg+imu+fp
embracenet_fasca_kd,51,11,packet_loss_30,eeg+emg+imu+fp,0.6666666666666666,packet_loss_30|eeg+emg+imu+fp
embracenet_fasca_kd,51,12,packet_loss_30,eeg+emg+imu+fp,1.0,packet_loss_30|eeg+emg+imu+fp
embracenet_fasca_kd,51,13,packet_loss_30,eeg+emg+imu+fp,1.0,packet_loss_30|eeg+emg+imu+fp
embracenet_fasca_kd,51,30,packet_loss_30,eeg+emg+imu+fp,0.5555555555555555,packet_loss_30|eeg+emg+imu+fp
embracenet_fasca_kd,51,31,packet_loss_30,eeg+emg+imu+fp,1.0,packet_loss_30|eeg+emg+imu+fp
embracenet_fasca_kd,51,37,packet_loss_30,eeg+emg+imu+fp,1.0,packet_loss_30|eeg+emg+imu+fp
embracenet_fasca_kd,51,52,packet_loss_30,eeg+emg+imu+fp,1.0,packet_loss_30|eeg+emg+imu+fp
embracenet_fasca_kd,51,55,packet_loss_30,eeg+emg+imu+fp,0.5555555555555555,packet_loss_30|eeg+emg+imu+fp
embracenet_fasca_kd,51,57,packet_loss_30,eeg+emg+imu+fp,1.0,packet_loss_30|eeg+emg+imu+fp
embracenet_fasca_kd,51,58,packet_loss_30,eeg+emg+imu+fp,1.0,packet_loss_30|eeg+emg+imu+fp
embracenet_fasca_kd,51,8,shift_250ms,eeg,0.3333333333333333,shift_250ms|eeg
embracenet_fasca_kd,51,11,shift_250ms,eeg,0.6666666666666666,shift_250ms|eeg
embracenet_fasca_kd,51,12,shift_250ms,eeg,1.0,shift_250ms|eeg
embracenet_fasca_kd,51,13,shift_250ms,eeg,1.0,shift_250ms|eeg
embracenet_fasca_kd,51,30,shift_250ms,eeg,1.0,shift_250ms|eeg
embracenet_fasca_kd,51,31,shift_250ms,eeg,1.0,shift_250ms|eeg
embracenet_fasca_kd,51,37,shift_250ms,eeg,1.0,shift_250ms|eeg
embracenet_fasca_kd,51,52,shift_250ms,eeg,1.0,shift_250ms|eeg
embracenet_fasca_kd,51,55,shift_250ms,eeg,1.0,shift_250ms|eeg
embracenet_fasca_kd,51,57,shift_250ms,eeg,1.0,shift_250ms|eeg
embracenet_fasca_kd,51,58,shift_250ms,eeg,1.0,shift_250ms|eeg
embracenet_fasca_kd,51,8,shift_250ms,emg,0.3333333333333333,shift_250ms|emg
embracenet_fasca_kd,51,11,shift_250ms,emg,0.6666666666666666,shift_250ms|emg
embracenet_fasca_kd,51,12,shift_250ms,emg,1.0,shift_250ms|emg
embracenet_fasca_kd,51,13,shift_250ms,emg,1.0,shift_250ms|emg
embracenet_fasca_kd,51,30,shift_250ms,emg,1.0,shift_250ms|emg
embracenet_fasca_kd,51,31,shift_250ms,emg,1.0,shift_250ms|emg
embracenet_fasca_kd,51,37,shift_250ms,emg,1.0,shift_250ms|emg
embracenet_fasca_kd,51,52,shift_250ms,emg,1.0,shift_250ms|emg
embracenet_fasca_kd,51,55,shift_250ms,emg,1.0,shift_250ms|emg
embracenet_fasca_kd,51,57,shift_250ms,emg,1.0,shift_250ms|emg
embracenet_fasca_kd,51,58,shift_250ms,emg,1.0,shift_250ms|emg
embracenet_fasca_kd,51,8,shift_250ms,imu,0.3333333333333333,shift_250ms|imu
embracenet_fasca_kd,51,11,shift_250ms,imu,0.6666666666666666,shift_250ms|imu
embracenet_fasca_kd,51,12,shift_250ms,imu,1.0,shift_250ms|imu
embracenet_fasca_kd,51,13,shift_250ms,imu,1.0,shift_250ms|imu
embracenet_fasca_kd,51,30,shift_250ms,imu,1.0,shift_250ms|imu
embracenet_fasca_kd,51,31,shift_250ms,imu,1.0,shift_250ms|imu
embracenet_fasca_kd,51,37,shift_250ms,imu,1.0,shift_250ms|imu
embracenet_fasca_kd,51,52,shift_250ms,imu,1.0,shift_250ms|imu
embracenet_fasca_kd,51,55,shift_250ms,imu,0.5555555555555555,shift_250ms|imu
embracenet_fasca_kd,51,57,shift_250ms,imu,1.0,shift_250ms|imu
embracenet_fasca_kd,51,58,shift_250ms,imu,1.0,shift_250ms|imu
embracenet_fasca_kd,51,8,shift_250ms,fp,0.3333333333333333,shift_250ms|fp
embracenet_fasca_kd,51,11,shift_250ms,fp,0.6666666666666666,shift_250ms|fp
embracenet_fasca_kd,51,12,shift_250ms,fp,1.0,shift_250ms|fp
embracenet_fasca_kd,51,13,shift_250ms,fp,1.0,shift_250ms|fp
embracenet_fasca_kd,51,30,shift_250ms,fp,1.0,shift_250ms|fp
embracenet_fasca_kd,51,31,shift_250ms,fp,1.0,shift_250ms|fp
embracenet_fasca_kd,51,37,shift_250ms,fp,1.0,shift_250ms|fp
embracenet_fasca_kd,51,52,shift_250ms,fp,1.0,shift_250ms|fp
embracenet_fasca_kd,51,55,shift_250ms,fp,0.5555555555555555,shift_250ms|fp
embracenet_fasca_kd,51,57,shift_250ms,fp,1.0,shift_250ms|fp
embracenet_fasca_kd,51,58,shift_250ms,fp,1.0,shift_250ms|fp
embracenet_fasca_kd,51,8,shift_250ms,eeg+emg+imu+fp,0.3333333333333333,shift_250ms|eeg+emg+imu+fp
embracenet_fasca_kd,51,11,shift_250ms,eeg+emg+imu+fp,0.6666666666666666,shift_250ms|eeg+emg+imu+fp
embracenet_fasca_kd,51,12,shift_250ms,eeg+emg+imu+fp,1.0,shift_250ms|eeg+emg+imu+fp
embracenet_fasca_kd,51,13,shift_250ms,eeg+emg+imu+fp,1.0,shift_250ms|eeg+emg+imu+fp
embracenet_fasca_kd,51,30,shift_250ms,eeg+emg+imu+fp,1.0,shift_250ms|eeg+emg+imu+fp
embracenet_fasca_kd,51,31,shift_250ms,eeg+emg+imu+fp,1.0,shift_250ms|eeg+emg+imu+fp
embracenet_fasca_kd,51,37,shift_250ms,eeg+emg+imu+fp,1.0,shift_250ms|eeg+emg+imu+fp
embracenet_fasca_kd,51,52,shift_250ms,eeg+emg+imu+fp,1.0,shift_250ms|eeg+emg+imu+fp
embracenet_fasca_kd,51,55,shift_250ms,eeg+emg+imu+fp,0.5555555555555555,shift_250ms|eeg+emg+imu+fp
embracenet_fasca_kd,51,57,shift_250ms,eeg+emg+imu+fp,1.0,shift_250ms|eeg+emg+imu+fp
embracenet_fasca_kd,51,58,shift_250ms,eeg+emg+imu+fp,1.0,shift_250ms|eeg+emg+imu+fp
embracenet_fasca_kd,51,8,gain_1.5,eeg,0.3333333333333333,gain_1.5|eeg
embracenet_fasca_kd,51,11,gain_1.5,eeg,0.6666666666666666,gain_1.5|eeg
embracenet_fasca_kd,51,12,gain_1.5,eeg,1.0,gain_1.5|eeg
embracenet_fasca_kd,51,13,gain_1.5,eeg,1.0,gain_1.5|eeg
embracenet_fasca_kd,51,30,gain_1.5,eeg,1.0,gain_1.5|eeg
embracenet_fasca_kd,51,31,gain_1.5,eeg,1.0,gain_1.5|eeg
embracenet_fasca_kd,51,37,gain_1.5,eeg,1.0,gain_1.5|eeg
embracenet_fasca_kd,51,52,gain_1.5,eeg,1.0,gain_1.5|eeg
embracenet_fasca_kd,51,55,gain_1.5,eeg,1.0,gain_1.5|eeg
embracenet_fasca_kd,51,57,gain_1.5,eeg,1.0,gain_1.5|eeg
embracenet_fasca_kd,51,58,gain_1.5,eeg,1.0,gain_1.5|eeg
embracenet_fasca_kd,51,8,gain_1.5,emg,0.3333333333333333,gain_1.5|emg
embracenet_fasca_kd,51,11,gain_1.5,emg,0.6666666666666666,gain_1.5|emg
embracenet_fasca_kd,51,12,gain_1.5,emg,1.0,gain_1.5|emg
embracenet_fasca_kd,51,13,gain_1.5,emg,1.0,gain_1.5|emg
embracenet_fasca_kd,51,30,gain_1.5,emg,1.0,gain_1.5|emg
embracenet_fasca_kd,51,31,gain_1.5,emg,1.0,gain_1.5|emg
embracenet_fasca_kd,51,37,gain_1.5,emg,1.0,gain_1.5|emg
embracenet_fasca_kd,51,52,gain_1.5,emg,1.0,gain_1.5|emg
embracenet_fasca_kd,51,55,gain_1.5,emg,1.0,gain_1.5|emg
embracenet_fasca_kd,51,57,gain_1.5,emg,1.0,gain_1.5|emg
embracenet_fasca_kd,51,58,gain_1.5,emg,1.0,gain_1.5|emg
embracenet_fasca_kd,51,8,gain_1.5,imu,0.3333333333333333,gain_1.5|imu
embracenet_fasca_kd,51,11,gain_1.5,imu,0.6666666666666666,gain_1.5|imu
embracenet_fasca_kd,51,12,gain_1.5,imu,0.2222222222222222,gain_1.5|imu
embracenet_fasca_kd,51,13,gain_1.5,imu,1.0,gain_1.5|imu
embracenet_fasca_kd,51,30,gain_1.5,imu,1.0,gain_1.5|imu
embracenet_fasca_kd,51,31,gain_1.5,imu,0.5555555555555555,gain_1.5|imu
embracenet_fasca_kd,51,37,gain_1.5,imu,1.0,gain_1.5|imu
embracenet_fasca_kd,51,52,gain_1.5,imu,0.5555555555555555,gain_1.5|imu
embracenet_fasca_kd,51,55,gain_1.5,imu,0.5555555555555555,gain_1.5|imu
embracenet_fasca_kd,51,57,gain_1.5,imu,1.0,gain_1.5|imu
embracenet_fasca_kd,51,58,gain_1.5,imu,1.0,gain_1.5|imu
embracenet_fasca_kd,51,8,gain_1.5,fp,0.3333333333333333,gain_1.5|fp
embracenet_fasca_kd,51,11,gain_1.5,fp,0.6666666666666666,gain_1.5|fp
embracenet_fasca_kd,51,12,gain_1.5,fp,1.0,gain_1.5|fp
embracenet_fasca_kd,51,13,gain_1.5,fp,1.0,gain_1.5|fp
embracenet_fasca_kd,51,30,gain_1.5,fp,1.0,gain_1.5|fp
embracenet_fasca_kd,51,31,gain_1.5,fp,1.0,gain_1.5|fp
embracenet_fasca_kd,51,37,gain_1.5,fp,1.0,gain_1.5|fp
embracenet_fasca_kd,51,52,gain_1.5,fp,1.0,gain_1.5|fp
embracenet_fasca_kd,51,55,gain_1.5,fp,1.0,gain_1.5|fp
embracenet_fasca_kd,51,57,gain_1.5,fp,1.0,gain_1.5|fp
embracenet_fasca_kd,51,58,gain_1.5,fp,1.0,gain_1.5|fp
embracenet_fasca_kd,51,8,gain_1.5,eeg+emg+imu+fp,0.3333333333333333,gain_1.5|eeg+emg+imu+fp
embracenet_fasca_kd,51,11,gain_1.5,eeg+emg+imu+fp,0.6666666666666666,gain_1.5|eeg+emg+imu+fp
embracenet_fasca_kd,51,12,gain_1.5,eeg+emg+imu+fp,0.2222222222222222,gain_1.5|eeg+emg+imu+fp
embracenet_fasca_kd,51,13,gain_1.5,eeg+emg+imu+fp,1.0,gain_1.5|eeg+emg+imu+fp
embracenet_fasca_kd,51,30,gain_1.5,eeg+emg+imu+fp,0.5555555555555555,gain_1.5|eeg+emg+imu+fp
embracenet_fasca_kd,51,31,gain_1.5,eeg+emg+imu+fp,0.5555555555555555,gain_1.5|eeg+emg+imu+fp
embracenet_fasca_kd,51,37,gain_1.5,eeg+emg+imu+fp,0.5555555555555555,gain_1.5|eeg+emg+imu+fp
embracenet_fasca_kd,51,52,gain_1.5,eeg+emg+imu+fp,0.5555555555555555,gain_1.5|eeg+emg+imu+fp
embracenet_fasca_kd,51,55,gain_1.5,eeg+emg+imu+fp,1.0,gain_1.5|eeg+emg+imu+fp
embracenet_fasca_kd,51,57,gain_1.5,eeg+emg+imu+fp,1.0,gain_1.5|eeg+emg+imu+fp
embracenet_fasca_kd,51,58,gain_1.5,eeg+emg+imu+fp,1.0,gain_1.5|eeg+emg+imu+fp
embracenet_fasca_kd,52,8,clean,none,0.3333333333333333,clean|none
embracenet_fasca_kd,52,11,clean,none,0.6666666666666666,clean|none
embracenet_fasca_kd,52,12,clean,none,1.0,clean|none
embracenet_fasca_kd,52,13,clean,none,1.0,clean|none
embracenet_fasca_kd,52,30,clean,none,1.0,clean|none
embracenet_fasca_kd,52,31,clean,none,1.0,clean|none
embracenet_fasca_kd,52,37,clean,none,1.0,clean|none
embracenet_fasca_kd,52,52,clean,none,1.0,clean|none
embracenet_fasca_kd,52,55,clean,none,0.5555555555555555,clean|none
embracenet_fasca_kd,52,57,clean,none,1.0,clean|none
embracenet_fasca_kd,52,58,clean,none,1.0,clean|none
embracenet_fasca_kd,52,8,noise_10db,eeg,0.3333333333333333,noise_10db|eeg
embracenet_fasca_kd,52,11,noise_10db,eeg,0.6666666666666666,noise_10db|eeg
embracenet_fasca_kd,52,12,noise_10db,eeg,1.0,noise_10db|eeg
embracenet_fasca_kd,52,13,noise_10db,eeg,1.0,noise_10db|eeg
embracenet_fasca_kd,52,30,noise_10db,eeg,1.0,noise_10db|eeg
embracenet_fasca_kd,52,31,noise_10db,eeg,1.0,noise_10db|eeg
embracenet_fasca_kd,52,37,noise_10db,eeg,1.0,noise_10db|eeg
embracenet_fasca_kd,52,52,noise_10db,eeg,1.0,noise_10db|eeg
embracenet_fasca_kd,52,55,noise_10db,eeg,0.5555555555555555,noise_10db|eeg
embracenet_fasca_kd,52,57,noise_10db,eeg,1.0,noise_10db|eeg
embracenet_fasca_kd,52,58,noise_10db,eeg,1.0,noise_10db|eeg
embracenet_fasca_kd,52,8,noise_10db,emg,0.3333333333333333,noise_10db|emg
embracenet_fasca_kd,52,11,noise_10db,emg,0.6666666666666666,noise_10db|emg
embracenet_fasca_kd,52,12,noise_10db,emg,1.0,noise_10db|emg
embracenet_fasca_kd,52,13,noise_10db,emg,1.0,noise_10db|emg
embracenet_fasca_kd,52,30,noise_10db,emg,1.0,noise_10db|emg
embracenet_fasca_kd,52,31,noise_10db,emg,1.0,noise_10db|emg
embracenet_fasca_kd,52,37,noise_10db,emg,1.0,noise_10db|emg
embracenet_fasca_kd,52,52,noise_10db,emg,1.0,noise_10db|emg
embracenet_fasca_kd,52,55,noise_10db,emg,0.5555555555555555,noise_10db|emg
embracenet_fasca_kd,52,57,noise_10db,emg,1.0,noise_10db|emg
embracenet_fasca_kd,52,58,noise_10db,emg,1.0,noise_10db|emg
embracenet_fasca_kd,52,8,noise_10db,imu,0.3333333333333333,noise_10db|imu
embracenet_fasca_kd,52,11,noise_10db,imu,0.6666666666666666,noise_10db|imu
embracenet_fasca_kd,52,12,noise_10db,imu,1.0,noise_10db|imu
embracenet_fasca_kd,52,13,noise_10db,imu,1.0,noise_10db|imu
embracenet_fasca_kd,52,30,noise_10db,imu,1.0,noise_10db|imu
embracenet_fasca_kd,52,31,noise_10db,imu,1.0,noise_10db|imu
embracenet_fasca_kd,52,37,noise_10db,imu,1.0,noise_10db|imu
embracenet_fasca_kd,52,52,noise_10db,imu,1.0,noise_10db|imu
embracenet_fasca_kd,52,55,noise_10db,imu,0.5555555555555555,noise_10db|imu
embracenet_fasca_kd,52,57,noise_10db,imu,1.0,noise_10db|imu
embracenet_fasca_kd,52,58,noise_10db,imu,1.0,noise_10db|imu
embracenet_fasca_kd,52,8,noise_10db,fp,0.3333333333333333,noise_10db|fp
embracenet_fasca_kd,52,11,noise_10db,fp,0.6666666666666666,noise_10db|fp
embracenet_fasca_kd,52,12,noise_10db,fp,1.0,noise_10db|fp
embracenet_fasca_kd,52,13,noise_10db,fp,1.0,noise_10db|fp
embracenet_fasca_kd,52,30,noise_10db,fp,1.0,noise_10db|fp
embracenet_fasca_kd,52,31,noise_10db,fp,1.0,noise_10db|fp
embracenet_fasca_kd,52,37,noise_10db,fp,1.0,noise_10db|fp
embracenet_fasca_kd,52,52,noise_10db,fp,1.0,noise_10db|fp
embracenet_fasca_kd,52,55,noise_10db,fp,1.0,noise_10db|fp
embracenet_fasca_kd,52,57,noise_10db,fp,1.0,noise_10db|fp
embracenet_fasca_kd,52,58,noise_10db,fp,1.0,noise_10db|fp
embracenet_fasca_kd,52,8,noise_10db,eeg+emg+imu+fp,0.3333333333333333,noise_10db|eeg+emg+imu+fp
embracenet_fasca_kd,52,11,noise_10db,eeg+emg+imu+fp,0.6666666666666666,noise_10db|eeg+emg+imu+fp
embracenet_fasca_kd,52,12,noise_10db,eeg+emg+imu+fp,1.0,noise_10db|eeg+emg+imu+fp
embracenet_fasca_kd,52,13,noise_10db,eeg+emg+imu+fp,1.0,noise_10db|eeg+emg+imu+fp
embracenet_fasca_kd,52,30,noise_10db,eeg+emg+imu+fp,1.0,noise_10db|eeg+emg+imu+fp
embracenet_fasca_kd,52,31,noise_10db,eeg+emg+imu+fp,1.0,noise_10db|eeg+emg+imu+fp
embracenet_fasca_kd,52,37,noise_10db,eeg+emg+imu+fp,1.0,noise_10db|eeg+emg+imu+fp
embracenet_fasca_kd,52,52,noise_10db,eeg+emg+imu+fp,1.0,noise_10db|eeg+emg+imu+fp
embracenet_fasca_kd,52,55,noise_10db,eeg+emg+imu+fp,1.0,noise_10db|eeg+emg+imu+fp
embracenet_fasca_kd,52,57,noise_10db,eeg+emg+imu+fp,1.0,noise_10db|eeg+emg+imu+fp
embracenet_fasca_kd,52,58,noise_10db,eeg+emg+imu+fp,1.0,noise_10db|eeg+emg+imu+fp
embracenet_fasca_kd,52,8,channel_dropout_30,eeg,0.3333333333333333,channel_dropout_30|eeg
embracenet_fasca_kd,52,11,channel_dropout_30,eeg,0.6666666666666666,channel_dropout_30|eeg
embracenet_fasca_kd,52,12,channel_dropout_30,eeg,1.0,channel_dropout_30|eeg
embracenet_fasca_kd,52,13,channel_dropout_30,eeg,1.0,channel_dropout_30|eeg
embracenet_fasca_kd,52,30,channel_dropout_30,eeg,1.0,channel_dropout_30|eeg
embracenet_fasca_kd,52,31,channel_dropout_30,eeg,1.0,channel_dropout_30|eeg
embracenet_fasca_kd,52,37,channel_dropout_30,eeg,1.0,channel_dropout_30|eeg
embracenet_fasca_kd,52,52,channel_dropout_30,eeg,1.0,channel_dropout_30|eeg
embracenet_fasca_kd,52,55,channel_dropout_30,eeg,0.5555555555555555,channel_dropout_30|eeg
embracenet_fasca_kd,52,57,channel_dropout_30,eeg,1.0,channel_dropout_30|eeg
embracenet_fasca_kd,52,58,channel_dropout_30,eeg,1.0,channel_dropout_30|eeg
embracenet_fasca_kd,52,8,channel_dropout_30,emg,0.3333333333333333,channel_dropout_30|emg
embracenet_fasca_kd,52,11,channel_dropout_30,emg,0.6666666666666666,channel_dropout_30|emg
embracenet_fasca_kd,52,12,channel_dropout_30,emg,1.0,channel_dropout_30|emg
embracenet_fasca_kd,52,13,channel_dropout_30,emg,1.0,channel_dropout_30|emg
embracenet_fasca_kd,52,30,channel_dropout_30,emg,1.0,channel_dropout_30|emg
embracenet_fasca_kd,52,31,channel_dropout_30,emg,1.0,channel_dropout_30|emg
embracenet_fasca_kd,52,37,channel_dropout_30,emg,1.0,channel_dropout_30|emg
embracenet_fasca_kd,52,52,channel_dropout_30,emg,1.0,channel_dropout_30|emg
embracenet_fasca_kd,52,55,channel_dropout_30,emg,0.5555555555555555,channel_dropout_30|emg
embracenet_fasca_kd,52,57,channel_dropout_30,emg,1.0,channel_dropout_30|emg
embracenet_fasca_kd,52,58,channel_dropout_30,emg,1.0,channel_dropout_30|emg
embracenet_fasca_kd,52,8,channel_dropout_30,imu,0.0,channel_dropout_30|imu
embracenet_fasca_kd,52,11,channel_dropout_30,imu,0.2222222222222222,channel_dropout_30|imu
embracenet_fasca_kd,52,12,channel_dropout_30,imu,1.0,channel_dropout_30|imu
embracenet_fasca_kd,52,13,channel_dropout_30,imu,1.0,channel_dropout_30|imu
embracenet_fasca_kd,52,30,channel_dropout_30,imu,0.5555555555555555,channel_dropout_30|imu
embracenet_fasca_kd,52,31,channel_dropout_30,imu,1.0,channel_dropout_30|imu
embracenet_fasca_kd,52,37,channel_dropout_30,imu,1.0,channel_dropout_30|imu
embracenet_fasca_kd,52,52,channel_dropout_30,imu,1.0,channel_dropout_30|imu
embracenet_fasca_kd,52,55,channel_dropout_30,imu,0.2222222222222222,channel_dropout_30|imu
embracenet_fasca_kd,52,57,channel_dropout_30,imu,1.0,channel_dropout_30|imu
embracenet_fasca_kd,52,58,channel_dropout_30,imu,0.5555555555555555,channel_dropout_30|imu
embracenet_fasca_kd,52,8,channel_dropout_30,fp,0.3333333333333333,channel_dropout_30|fp
embracenet_fasca_kd,52,11,channel_dropout_30,fp,0.6666666666666666,channel_dropout_30|fp
embracenet_fasca_kd,52,12,channel_dropout_30,fp,1.0,channel_dropout_30|fp
embracenet_fasca_kd,52,13,channel_dropout_30,fp,1.0,channel_dropout_30|fp
embracenet_fasca_kd,52,30,channel_dropout_30,fp,1.0,channel_dropout_30|fp
embracenet_fasca_kd,52,31,channel_dropout_30,fp,1.0,channel_dropout_30|fp
embracenet_fasca_kd,52,37,channel_dropout_30,fp,1.0,channel_dropout_30|fp
embracenet_fasca_kd,52,52,channel_dropout_30,fp,1.0,channel_dropout_30|fp
embracenet_fasca_kd,52,55,channel_dropout_30,fp,0.5555555555555555,channel_dropout_30|fp
embracenet_fasca_kd,52,57,channel_dropout_30,fp,1.0,channel_dropout_30|fp
embracenet_fasca_kd,52,58,channel_dropout_30,fp,1.0,channel_dropout_30|fp
embracenet_fasca_kd,52,8,channel_dropout_30,eeg+emg+imu+fp,0.3333333333333333,channel_dropout_30|eeg+emg+imu+fp
embracenet_fasca_kd,52,11,channel_dropout_30,eeg+emg+imu+fp,0.2222222222222222,channel_dropout_30|eeg+emg+imu+fp
embracenet_fasca_kd,52,12,channel_dropout_30,eeg+emg+imu+fp,1.0,channel_dropout_30|eeg+emg+imu+fp
embracenet_fasca_kd,52,13,channel_dropout_30,eeg+emg+imu+fp,1.0,channel_dropout_30|eeg+emg+imu+fp
embracenet_fasca_kd,52,30,channel_dropout_30,eeg+emg+imu+fp,0.5555555555555555,channel_dropout_30|eeg+emg+imu+fp
embracenet_fasca_kd,52,31,channel_dropout_30,eeg+emg+imu+fp,0.16666666666666666,channel_dropout_30|eeg+emg+imu+fp
embracenet_fasca_kd,52,37,channel_dropout_30,eeg+emg+imu+fp,0.5555555555555555,channel_dropout_30|eeg+emg+imu+fp
embracenet_fasca_kd,52,52,channel_dropout_30,eeg+emg+imu+fp,0.2222222222222222,channel_dropout_30|eeg+emg+imu+fp
embracenet_fasca_kd,52,55,channel_dropout_30,eeg+emg+imu+fp,0.2222222222222222,channel_dropout_30|eeg+emg+imu+fp
embracenet_fasca_kd,52,57,channel_dropout_30,eeg+emg+imu+fp,0.5555555555555555,channel_dropout_30|eeg+emg+imu+fp
embracenet_fasca_kd,52,58,channel_dropout_30,eeg+emg+imu+fp,0.2222222222222222,channel_dropout_30|eeg+emg+imu+fp
embracenet_fasca_kd,52,8,structured_dropout_30,eeg,0.3333333333333333,structured_dropout_30|eeg
embracenet_fasca_kd,52,11,structured_dropout_30,eeg,0.6666666666666666,structured_dropout_30|eeg
embracenet_fasca_kd,52,12,structured_dropout_30,eeg,1.0,structured_dropout_30|eeg
embracenet_fasca_kd,52,13,structured_dropout_30,eeg,1.0,structured_dropout_30|eeg
embracenet_fasca_kd,52,30,structured_dropout_30,eeg,1.0,structured_dropout_30|eeg
embracenet_fasca_kd,52,31,structured_dropout_30,eeg,1.0,structured_dropout_30|eeg
embracenet_fasca_kd,52,37,structured_dropout_30,eeg,1.0,structured_dropout_30|eeg
embracenet_fasca_kd,52,52,structured_dropout_30,eeg,1.0,structured_dropout_30|eeg
embracenet_fasca_kd,52,55,structured_dropout_30,eeg,0.5555555555555555,structured_dropout_30|eeg
embracenet_fasca_kd,52,57,structured_dropout_30,eeg,1.0,structured_dropout_30|eeg
embracenet_fasca_kd,52,58,structured_dropout_30,eeg,1.0,structured_dropout_30|eeg
embracenet_fasca_kd,52,8,structured_dropout_30,emg,0.3333333333333333,structured_dropout_30|emg
embracenet_fasca_kd,52,11,structured_dropout_30,emg,0.6666666666666666,structured_dropout_30|emg
embracenet_fasca_kd,52,12,structured_dropout_30,emg,1.0,structured_dropout_30|emg
embracenet_fasca_kd,52,13,structured_dropout_30,emg,1.0,structured_dropout_30|emg
embracenet_fasca_kd,52,30,structured_dropout_30,emg,1.0,structured_dropout_30|emg
embracenet_fasca_kd,52,31,structured_dropout_30,emg,1.0,structured_dropout_30|emg
embracenet_fasca_kd,52,37,structured_dropout_30,emg,1.0,structured_dropout_30|emg
embracenet_fasca_kd,52,52,structured_dropout_30,emg,1.0,structured_dropout_30|emg
embracenet_fasca_kd,52,55,structured_dropout_30,emg,0.5555555555555555,structured_dropout_30|emg
embracenet_fasca_kd,52,57,structured_dropout_30,emg,1.0,structured_dropout_30|emg
embracenet_fasca_kd,52,58,structured_dropout_30,emg,1.0,structured_dropout_30|emg
embracenet_fasca_kd,52,8,structured_dropout_30,imu,0.3333333333333333,structured_dropout_30|imu
embracenet_fasca_kd,52,11,structured_dropout_30,imu,0.2222222222222222,structured_dropout_30|imu
embracenet_fasca_kd,52,12,structured_dropout_30,imu,1.0,structured_dropout_30|imu
embracenet_fasca_kd,52,13,structured_dropout_30,imu,1.0,structured_dropout_30|imu
embracenet_fasca_kd,52,30,structured_dropout_30,imu,0.5555555555555555,structured_dropout_30|imu
embracenet_fasca_kd,52,31,structured_dropout_30,imu,1.0,structured_dropout_30|imu
embracenet_fasca_kd,52,37,structured_dropout_30,imu,0.5555555555555555,structured_dropout_30|imu
embracenet_fasca_kd,52,52,structured_dropout_30,imu,1.0,structured_dropout_30|imu
embracenet_fasca_kd,52,55,structured_dropout_30,imu,0.5555555555555555,structured_dropout_30|imu
embracenet_fasca_kd,52,57,structured_dropout_30,imu,1.0,structured_dropout_30|imu
embracenet_fasca_kd,52,58,structured_dropout_30,imu,1.0,structured_dropout_30|imu
embracenet_fasca_kd,52,8,structured_dropout_30,fp,0.3333333333333333,structured_dropout_30|fp
embracenet_fasca_kd,52,11,structured_dropout_30,fp,0.6666666666666666,structured_dropout_30|fp
embracenet_fasca_kd,52,12,structured_dropout_30,fp,1.0,structured_dropout_30|fp
embracenet_fasca_kd,52,13,structured_dropout_30,fp,1.0,structured_dropout_30|fp
embracenet_fasca_kd,52,30,structured_dropout_30,fp,1.0,structured_dropout_30|fp
embracenet_fasca_kd,52,31,structured_dropout_30,fp,1.0,structured_dropout_30|fp
embracenet_fasca_kd,52,37,structured_dropout_30,fp,1.0,structured_dropout_30|fp
embracenet_fasca_kd,52,52,structured_dropout_30,fp,1.0,structured_dropout_30|fp
embracenet_fasca_kd,52,55,structured_dropout_30,fp,0.5555555555555555,structured_dropout_30|fp
embracenet_fasca_kd,52,57,structured_dropout_30,fp,1.0,structured_dropout_30|fp
embracenet_fasca_kd,52,58,structured_dropout_30,fp,1.0,structured_dropout_30|fp
embracenet_fasca_kd,52,8,structured_dropout_30,eeg+emg+imu+fp,0.0,structured_dropout_30|eeg+emg+imu+fp
embracenet_fasca_kd,52,11,structured_dropout_30,eeg+emg+imu+fp,0.2222222222222222,structured_dropout_30|eeg+emg+imu+fp
embracenet_fasca_kd,52,12,structured_dropout_30,eeg+emg+imu+fp,1.0,structured_dropout_30|eeg+emg+imu+fp
embracenet_fasca_kd,52,13,structured_dropout_30,eeg+emg+imu+fp,0.2222222222222222,structured_dropout_30|eeg+emg+imu+fp
embracenet_fasca_kd,52,30,structured_dropout_30,eeg+emg+imu+fp,0.2222222222222222,structured_dropout_30|eeg+emg+imu+fp
embracenet_fasca_kd,52,31,structured_dropout_30,eeg+emg+imu+fp,1.0,structured_dropout_30|eeg+emg+imu+fp
embracenet_fasca_kd,52,37,structured_dropout_30,eeg+emg+imu+fp,1.0,structured_dropout_30|eeg+emg+imu+fp
embracenet_fasca_kd,52,52,structured_dropout_30,eeg+emg+imu+fp,0.5555555555555555,structured_dropout_30|eeg+emg+imu+fp
embracenet_fasca_kd,52,55,structured_dropout_30,eeg+emg+imu+fp,0.2222222222222222,structured_dropout_30|eeg+emg+imu+fp
embracenet_fasca_kd,52,57,structured_dropout_30,eeg+emg+imu+fp,0.2222222222222222,structured_dropout_30|eeg+emg+imu+fp
embracenet_fasca_kd,52,58,structured_dropout_30,eeg+emg+imu+fp,0.5555555555555555,structured_dropout_30|eeg+emg+imu+fp
embracenet_fasca_kd,52,8,packet_loss_30,eeg,0.3333333333333333,packet_loss_30|eeg
embracenet_fasca_kd,52,11,packet_loss_30,eeg,0.6666666666666666,packet_loss_30|eeg
embracenet_fasca_kd,52,12,packet_loss_30,eeg,1.0,packet_loss_30|eeg
embracenet_fasca_kd,52,13,packet_loss_30,eeg,1.0,packet_loss_30|eeg
embracenet_fasca_kd,52,30,packet_loss_30,eeg,1.0,packet_loss_30|eeg
embracenet_fasca_kd,52,31,packet_loss_30,eeg,1.0,packet_loss_30|eeg
embracenet_fasca_kd,52,37,packet_loss_30,eeg,1.0,packet_loss_30|eeg
embracenet_fasca_kd,52,52,packet_loss_30,eeg,1.0,packet_loss_30|eeg
embracenet_fasca_kd,52,55,packet_loss_30,eeg,0.5555555555555555,packet_loss_30|eeg
embracenet_fasca_kd,52,57,packet_loss_30,eeg,1.0,packet_loss_30|eeg
embracenet_fasca_kd,52,58,packet_loss_30,eeg,1.0,packet_loss_30|eeg
embracenet_fasca_kd,52,8,packet_loss_30,emg,0.3333333333333333,packet_loss_30|emg
embracenet_fasca_kd,52,11,packet_loss_30,emg,0.6666666666666666,packet_loss_30|emg
embracenet_fasca_kd,52,12,packet_loss_30,emg,1.0,packet_loss_30|emg
embracenet_fasca_kd,52,13,packet_loss_30,emg,1.0,packet_loss_30|emg
embracenet_fasca_kd,52,30,packet_loss_30,emg,1.0,packet_loss_30|emg
embracenet_fasca_kd,52,31,packet_loss_30,emg,1.0,packet_loss_30|emg
embracenet_fasca_kd,52,37,packet_loss_30,emg,1.0,packet_loss_30|emg
embracenet_fasca_kd,52,52,packet_loss_30,emg,1.0,packet_loss_30|emg
embracenet_fasca_kd,52,55,packet_loss_30,emg,0.5555555555555555,packet_loss_30|emg
embracenet_fasca_kd,52,57,packet_loss_30,emg,1.0,packet_loss_30|emg
embracenet_fasca_kd,52,58,packet_loss_30,emg,1.0,packet_loss_30|emg
embracenet_fasca_kd,52,8,packet_loss_30,imu,0.3333333333333333,packet_loss_30|imu
embracenet_fasca_kd,52,11,packet_loss_30,imu,0.2222222222222222,packet_loss_30|imu
embracenet_fasca_kd,52,12,packet_loss_30,imu,1.0,packet_loss_30|imu
embracenet_fasca_kd,52,13,packet_loss_30,imu,1.0,packet_loss_30|imu
embracenet_fasca_kd,52,30,packet_loss_30,imu,1.0,packet_loss_30|imu
embracenet_fasca_kd,52,31,packet_loss_30,imu,1.0,packet_loss_30|imu
embracenet_fasca_kd,52,37,packet_loss_30,imu,1.0,packet_loss_30|imu
embracenet_fasca_kd,52,52,packet_loss_30,imu,1.0,packet_loss_30|imu
embracenet_fasca_kd,52,55,packet_loss_30,imu,0.5555555555555555,packet_loss_30|imu
embracenet_fasca_kd,52,57,packet_loss_30,imu,1.0,packet_loss_30|imu
embracenet_fasca_kd,52,58,packet_loss_30,imu,1.0,packet_loss_30|imu
embracenet_fasca_kd,52,8,packet_loss_30,fp,0.3333333333333333,packet_loss_30|fp
embracenet_fasca_kd,52,11,packet_loss_30,fp,0.6666666666666666,packet_loss_30|fp
embracenet_fasca_kd,52,12,packet_loss_30,fp,1.0,packet_loss_30|fp
embracenet_fasca_kd,52,13,packet_loss_30,fp,1.0,packet_loss_30|fp
embracenet_fasca_kd,52,30,packet_loss_30,fp,1.0,packet_loss_30|fp
embracenet_fasca_kd,52,31,packet_loss_30,fp,1.0,packet_loss_30|fp
embracenet_fasca_kd,52,37,packet_loss_30,fp,1.0,packet_loss_30|fp
embracenet_fasca_kd,52,52,packet_loss_30,fp,1.0,packet_loss_30|fp
embracenet_fasca_kd,52,55,packet_loss_30,fp,0.5555555555555555,packet_loss_30|fp
embracenet_fasca_kd,52,57,packet_loss_30,fp,1.0,packet_loss_30|fp
embracenet_fasca_kd,52,58,packet_loss_30,fp,1.0,packet_loss_30|fp
embracenet_fasca_kd,52,8,packet_loss_30,eeg+emg+imu+fp,0.3333333333333333,packet_loss_30|eeg+emg+imu+fp
embracenet_fasca_kd,52,11,packet_loss_30,eeg+emg+imu+fp,0.2222222222222222,packet_loss_30|eeg+emg+imu+fp
embracenet_fasca_kd,52,12,packet_loss_30,eeg+emg+imu+fp,1.0,packet_loss_30|eeg+emg+imu+fp
embracenet_fasca_kd,52,13,packet_loss_30,eeg+emg+imu+fp,1.0,packet_loss_30|eeg+emg+imu+fp
embracenet_fasca_kd,52,30,packet_loss_30,eeg+emg+imu+fp,1.0,packet_loss_30|eeg+emg+imu+fp
embracenet_fasca_kd,52,31,packet_loss_30,eeg+emg+imu+fp,1.0,packet_loss_30|eeg+emg+imu+fp
embracenet_fasca_kd,52,37,packet_loss_30,eeg+emg+imu+fp,1.0,packet_loss_30|eeg+emg+imu+fp
embracenet_fasca_kd,52,52,packet_loss_30,eeg+emg+imu+fp,1.0,packet_loss_30|eeg+emg+imu+fp
embracenet_fasca_kd,52,55,packet_loss_30,eeg+emg+imu+fp,0.5555555555555555,packet_loss_30|eeg+emg+imu+fp
embracenet_fasca_kd,52,57,packet_loss_30,eeg+emg+imu+fp,1.0,packet_loss_30|eeg+emg+imu+fp
embracenet_fasca_kd,52,58,packet_loss_30,eeg+emg+imu+fp,1.0,packet_loss_30|eeg+emg+imu+fp
embracenet_fasca_kd,52,8,shift_250ms,eeg,0.3333333333333333,shift_250ms|eeg
embracenet_fasca_kd,52,11,shift_250ms,eeg,0.6666666666666666,shift_250ms|eeg
embracenet_fasca_kd,52,12,shift_250ms,eeg,1.0,shift_250ms|eeg
embracenet_fasca_kd,52,13,shift_250ms,eeg,1.0,shift_250ms|eeg
embracenet_fasca_kd,52,30,shift_250ms,eeg,1.0,shift_250ms|eeg
embracenet_fasca_kd,52,31,shift_250ms,eeg,1.0,shift_250ms|eeg
embracenet_fasca_kd,52,37,shift_250ms,eeg,1.0,shift_250ms|eeg
embracenet_fasca_kd,52,52,shift_250ms,eeg,1.0,shift_250ms|eeg
embracenet_fasca_kd,52,55,shift_250ms,eeg,0.5555555555555555,shift_250ms|eeg
embracenet_fasca_kd,52,57,shift_250ms,eeg,1.0,shift_250ms|eeg
embracenet_fasca_kd,52,58,shift_250ms,eeg,1.0,shift_250ms|eeg
embracenet_fasca_kd,52,8,shift_250ms,emg,0.3333333333333333,shift_250ms|emg
embracenet_fasca_kd,52,11,shift_250ms,emg,0.6666666666666666,shift_250ms|emg
embracenet_fasca_kd,52,12,shift_250ms,emg,1.0,shift_250ms|emg
embracenet_fasca_kd,52,13,shift_250ms,emg,1.0,shift_250ms|emg
embracenet_fasca_kd,52,30,shift_250ms,emg,1.0,shift_250ms|emg
embracenet_fasca_kd,52,31,shift_250ms,emg,1.0,shift_250ms|emg
embracenet_fasca_kd,52,37,shift_250ms,emg,1.0,shift_250ms|emg
embracenet_fasca_kd,52,52,shift_250ms,emg,1.0,shift_250ms|emg
embracenet_fasca_kd,52,55,shift_250ms,emg,0.5555555555555555,shift_250ms|emg
embracenet_fasca_kd,52,57,shift_250ms,emg,1.0,shift_250ms|emg
embracenet_fasca_kd,52,58,shift_250ms,emg,1.0,shift_250ms|emg
embracenet_fasca_kd,52,8,shift_250ms,imu,0.3333333333333333,shift_250ms|imu
embracenet_fasca_kd,52,11,shift_250ms,imu,0.6666666666666666,shift_250ms|imu
embracenet_fasca_kd,52,12,shift_250ms,imu,1.0,shift_250ms|imu
embracenet_fasca_kd,52,13,shift_250ms,imu,1.0,shift_250ms|imu
embracenet_fasca_kd,52,30,shift_250ms,imu,1.0,shift_250ms|imu
embracenet_fasca_kd,52,31,shift_250ms,imu,1.0,shift_250ms|imu
embracenet_fasca_kd,52,37,shift_250ms,imu,1.0,shift_250ms|imu
embracenet_fasca_kd,52,52,shift_250ms,imu,1.0,shift_250ms|imu
embracenet_fasca_kd,52,55,shift_250ms,imu,0.5555555555555555,shift_250ms|imu
embracenet_fasca_kd,52,57,shift_250ms,imu,1.0,shift_250ms|imu
embracenet_fasca_kd,52,58,shift_250ms,imu,1.0,shift_250ms|imu
embracenet_fasca_kd,52,8,shift_250ms,fp,0.3333333333333333,shift_250ms|fp
embracenet_fasca_kd,52,11,shift_250ms,fp,0.6666666666666666,shift_250ms|fp
embracenet_fasca_kd,52,12,shift_250ms,fp,1.0,shift_250ms|fp
embracenet_fasca_kd,52,13,shift_250ms,fp,1.0,shift_250ms|fp
embracenet_fasca_kd,52,30,shift_250ms,fp,1.0,shift_250ms|fp
embracenet_fasca_kd,52,31,shift_250ms,fp,1.0,shift_250ms|fp
embracenet_fasca_kd,52,37,shift_250ms,fp,1.0,shift_250ms|fp
embracenet_fasca_kd,52,52,shift_250ms,fp,1.0,shift_250ms|fp
embracenet_fasca_kd,52,55,shift_250ms,fp,0.5555555555555555,shift_250ms|fp
embracenet_fasca_kd,52,57,shift_250ms,fp,1.0,shift_250ms|fp
embracenet_fasca_kd,52,58,shift_250ms,fp,1.0,shift_250ms|fp
embracenet_fasca_kd,52,8,shift_250ms,eeg+emg+imu+fp,0.3333333333333333,shift_250ms|eeg+emg+imu+fp
embracenet_fasca_kd,52,11,shift_250ms,eeg+emg+imu+fp,0.6666666666666666,shift_250ms|eeg+emg+imu+fp
embracenet_fasca_kd,52,12,shift_250ms,eeg+emg+imu+fp,1.0,shift_250ms|eeg+emg+imu+fp
embracenet_fasca_kd,52,13,shift_250ms,eeg+emg+imu+fp,1.0,shift_250ms|eeg+emg+imu+fp
embracenet_fasca_kd,52,30,shift_250ms,eeg+emg+imu+fp,1.0,shift_250ms|eeg+emg+imu+fp
embracenet_fasca_kd,52,31,shift_250ms,eeg+emg+imu+fp,1.0,shift_250ms|eeg+emg+imu+fp
embracenet_fasca_kd,52,37,shift_250ms,eeg+emg+imu+fp,1.0,shift_250ms|eeg+emg+imu+fp
embracenet_fasca_kd,52,52,shift_250ms,eeg+emg+imu+fp,1.0,shift_250ms|eeg+emg+imu+fp
embracenet_fasca_kd,52,55,shift_250ms,eeg+emg+imu+fp,0.5555555555555555,shift_250ms|eeg+emg+imu+fp
embracenet_fasca_kd,52,57,shift_250ms,eeg+emg+imu+fp,1.0,shift_250ms|eeg+emg+imu+fp
embracenet_fasca_kd,52,58,shift_250ms,eeg+emg+imu+fp,1.0,shift_250ms|eeg+emg+imu+fp
embracenet_fasca_kd,52,8,gain_1.5,eeg,0.3333333333333333,gain_1.5|eeg
embracenet_fasca_kd,52,11,gain_1.5,eeg,0.6666666666666666,gain_1.5|eeg
embracenet_fasca_kd,52,12,gain_1.5,eeg,1.0,gain_1.5|eeg
embracenet_fasca_kd,52,13,gain_1.5,eeg,1.0,gain_1.5|eeg
embracenet_fasca_kd,52,30,gain_1.5,eeg,1.0,gain_1.5|eeg
embracenet_fasca_kd,52,31,gain_1.5,eeg,1.0,gain_1.5|eeg
embracenet_fasca_kd,52,37,gain_1.5,eeg,1.0,gain_1.5|eeg
embracenet_fasca_kd,52,52,gain_1.5,eeg,1.0,gain_1.5|eeg
embracenet_fasca_kd,52,55,gain_1.5,eeg,0.5555555555555555,gain_1.5|eeg
embracenet_fasca_kd,52,57,gain_1.5,eeg,1.0,gain_1.5|eeg
embracenet_fasca_kd,52,58,gain_1.5,eeg,1.0,gain_1.5|eeg
embracenet_fasca_kd,52,8,gain_1.5,emg,0.3333333333333333,gain_1.5|emg
embracenet_fasca_kd,52,11,gain_1.5,emg,0.6666666666666666,gain_1.5|emg
embracenet_fasca_kd,52,12,gain_1.5,emg,1.0,gain_1.5|emg
embracenet_fasca_kd,52,13,gain_1.5,emg,1.0,gain_1.5|emg
embracenet_fasca_kd,52,30,gain_1.5,emg,1.0,gain_1.5|emg
embracenet_fasca_kd,52,31,gain_1.5,emg,1.0,gain_1.5|emg
embracenet_fasca_kd,52,37,gain_1.5,emg,1.0,gain_1.5|emg
embracenet_fasca_kd,52,52,gain_1.5,emg,1.0,gain_1.5|emg
embracenet_fasca_kd,52,55,gain_1.5,emg,0.5555555555555555,gain_1.5|emg
embracenet_fasca_kd,52,57,gain_1.5,emg,1.0,gain_1.5|emg
embracenet_fasca_kd,52,58,gain_1.5,emg,1.0,gain_1.5|emg
embracenet_fasca_kd,52,8,gain_1.5,imu,0.3333333333333333,gain_1.5|imu
embracenet_fasca_kd,52,11,gain_1.5,imu,0.6666666666666666,gain_1.5|imu
embracenet_fasca_kd,52,12,gain_1.5,imu,0.2222222222222222,gain_1.5|imu
embracenet_fasca_kd,52,13,gain_1.5,imu,0.5555555555555555,gain_1.5|imu
embracenet_fasca_kd,52,30,gain_1.5,imu,1.0,gain_1.5|imu
embracenet_fasca_kd,52,31,gain_1.5,imu,0.5555555555555555,gain_1.5|imu
embracenet_fasca_kd,52,37,gain_1.5,imu,1.0,gain_1.5|imu
embracenet_fasca_kd,52,52,gain_1.5,imu,0.5555555555555555,gain_1.5|imu
embracenet_fasca_kd,52,55,gain_1.5,imu,1.0,gain_1.5|imu
embracenet_fasca_kd,52,57,gain_1.5,imu,1.0,gain_1.5|imu
embracenet_fasca_kd,52,58,gain_1.5,imu,1.0,gain_1.5|imu
embracenet_fasca_kd,52,8,gain_1.5,fp,0.3333333333333333,gain_1.5|fp
embracenet_fasca_kd,52,11,gain_1.5,fp,0.6666666666666666,gain_1.5|fp
embracenet_fasca_kd,52,12,gain_1.5,fp,1.0,gain_1.5|fp
embracenet_fasca_kd,52,13,gain_1.5,fp,1.0,gain_1.5|fp
embracenet_fasca_kd,52,30,gain_1.5,fp,1.0,gain_1.5|fp
embracenet_fasca_kd,52,31,gain_1.5,fp,1.0,gain_1.5|fp
embracenet_fasca_kd,52,37,gain_1.5,fp,1.0,gain_1.5|fp
embracenet_fasca_kd,52,52,gain_1.5,fp,1.0,gain_1.5|fp
embracenet_fasca_kd,52,55,gain_1.5,fp,1.0,gain_1.5|fp
embracenet_fasca_kd,52,57,gain_1.5,fp,1.0,gain_1.5|fp
embracenet_fasca_kd,52,58,gain_1.5,fp,1.0,gain_1.5|fp
embracenet_fasca_kd,52,8,gain_1.5,eeg+emg+imu+fp,0.3333333333333333,gain_1.5|eeg+emg+imu+fp
embracenet_fasca_kd,52,11,gain_1.5,eeg+emg+imu+fp,0.6666666666666666,gain_1.5|eeg+emg+imu+fp
embracenet_fasca_kd,52,12,gain_1.5,eeg+emg+imu+fp,0.2222222222222222,gain_1.5|eeg+emg+imu+fp
embracenet_fasca_kd,52,13,gain_1.5,eeg+emg+imu+fp,0.5555555555555555,gain_1.5|eeg+emg+imu+fp
embracenet_fasca_kd,52,30,gain_1.5,eeg+emg+imu+fp,0.5555555555555555,gain_1.5|eeg+emg+imu+fp
embracenet_fasca_kd,52,31,gain_1.5,eeg+emg+imu+fp,0.5555555555555555,gain_1.5|eeg+emg+imu+fp
embracenet_fasca_kd,52,37,gain_1.5,eeg+emg+imu+fp,0.2222222222222222,gain_1.5|eeg+emg+imu+fp
embracenet_fasca_kd,52,52,gain_1.5,eeg+emg+imu+fp,0.5555555555555555,gain_1.5|eeg+emg+imu+fp
embracenet_fasca_kd,52,55,gain_1.5,eeg+emg+imu+fp,1.0,gain_1.5|eeg+emg+imu+fp
embracenet_fasca_kd,52,57,gain_1.5,eeg+emg+imu+fp,0.5555555555555555,gain_1.5|eeg+emg+imu+fp
embracenet_fasca_kd,52,58,gain_1.5,eeg+emg+imu+fp,1.0,gain_1.5|eeg+emg+imu+fp
embracenet_fasca_kd,53,8,clean,none,0.3333333333333333,clean|none
embracenet_fasca_kd,53,11,clean,none,0.6666666666666666,clean|none
embracenet_fasca_kd,53,12,clean,none,1.0,clean|none
embracenet_fasca_kd,53,13,clean,none,1.0,clean|none
embracenet_fasca_kd,53,30,clean,none,1.0,clean|none
embracenet_fasca_kd,53,31,clean,none,1.0,clean|none
embracenet_fasca_kd,53,37,clean,none,1.0,clean|none
embracenet_fasca_kd,53,52,clean,none,1.0,clean|none
embracenet_fasca_kd,53,55,clean,none,1.0,clean|none
embracenet_fasca_kd,53,57,clean,none,1.0,clean|none
embracenet_fasca_kd,53,58,clean,none,1.0,clean|none
embracenet_fasca_kd,53,8,noise_10db,eeg,0.3333333333333333,noise_10db|eeg
embracenet_fasca_kd,53,11,noise_10db,eeg,0.6666666666666666,noise_10db|eeg
embracenet_fasca_kd,53,12,noise_10db,eeg,1.0,noise_10db|eeg
embracenet_fasca_kd,53,13,noise_10db,eeg,1.0,noise_10db|eeg
embracenet_fasca_kd,53,30,noise_10db,eeg,1.0,noise_10db|eeg
embracenet_fasca_kd,53,31,noise_10db,eeg,1.0,noise_10db|eeg
embracenet_fasca_kd,53,37,noise_10db,eeg,1.0,noise_10db|eeg
embracenet_fasca_kd,53,52,noise_10db,eeg,1.0,noise_10db|eeg
embracenet_fasca_kd,53,55,noise_10db,eeg,1.0,noise_10db|eeg
embracenet_fasca_kd,53,57,noise_10db,eeg,1.0,noise_10db|eeg
embracenet_fasca_kd,53,58,noise_10db,eeg,1.0,noise_10db|eeg
embracenet_fasca_kd,53,8,noise_10db,emg,0.3333333333333333,noise_10db|emg
embracenet_fasca_kd,53,11,noise_10db,emg,0.6666666666666666,noise_10db|emg
embracenet_fasca_kd,53,12,noise_10db,emg,1.0,noise_10db|emg
embracenet_fasca_kd,53,13,noise_10db,emg,1.0,noise_10db|emg
embracenet_fasca_kd,53,30,noise_10db,emg,1.0,noise_10db|emg
embracenet_fasca_kd,53,31,noise_10db,emg,1.0,noise_10db|emg
embracenet_fasca_kd,53,37,noise_10db,emg,1.0,noise_10db|emg
embracenet_fasca_kd,53,52,noise_10db,emg,1.0,noise_10db|emg
embracenet_fasca_kd,53,55,noise_10db,emg,1.0,noise_10db|emg
embracenet_fasca_kd,53,57,noise_10db,emg,1.0,noise_10db|emg
embracenet_fasca_kd,53,58,noise_10db,emg,1.0,noise_10db|emg
embracenet_fasca_kd,53,8,noise_10db,imu,0.3333333333333333,noise_10db|imu
embracenet_fasca_kd,53,11,noise_10db,imu,0.6666666666666666,noise_10db|imu
embracenet_fasca_kd,53,12,noise_10db,imu,1.0,noise_10db|imu
embracenet_fasca_kd,53,13,noise_10db,imu,1.0,noise_10db|imu
embracenet_fasca_kd,53,30,noise_10db,imu,1.0,noise_10db|imu
embracenet_fasca_kd,53,31,noise_10db,imu,1.0,noise_10db|imu
embracenet_fasca_kd,53,37,noise_10db,imu,1.0,noise_10db|imu
embracenet_fasca_kd,53,52,noise_10db,imu,1.0,noise_10db|imu
embracenet_fasca_kd,53,55,noise_10db,imu,1.0,noise_10db|imu
embracenet_fasca_kd,53,57,noise_10db,imu,1.0,noise_10db|imu
embracenet_fasca_kd,53,58,noise_10db,imu,1.0,noise_10db|imu
embracenet_fasca_kd,53,8,noise_10db,fp,0.3333333333333333,noise_10db|fp
embracenet_fasca_kd,53,11,noise_10db,fp,0.6666666666666666,noise_10db|fp
embracenet_fasca_kd,53,12,noise_10db,fp,1.0,noise_10db|fp
embracenet_fasca_kd,53,13,noise_10db,fp,1.0,noise_10db|fp
embracenet_fasca_kd,53,30,noise_10db,fp,1.0,noise_10db|fp
embracenet_fasca_kd,53,31,noise_10db,fp,1.0,noise_10db|fp
embracenet_fasca_kd,53,37,noise_10db,fp,1.0,noise_10db|fp
embracenet_fasca_kd,53,52,noise_10db,fp,1.0,noise_10db|fp
embracenet_fasca_kd,53,55,noise_10db,fp,1.0,noise_10db|fp
embracenet_fasca_kd,53,57,noise_10db,fp,1.0,noise_10db|fp
embracenet_fasca_kd,53,58,noise_10db,fp,1.0,noise_10db|fp
embracenet_fasca_kd,53,8,noise_10db,eeg+emg+imu+fp,0.3333333333333333,noise_10db|eeg+emg+imu+fp
embracenet_fasca_kd,53,11,noise_10db,eeg+emg+imu+fp,0.6666666666666666,noise_10db|eeg+emg+imu+fp
embracenet_fasca_kd,53,12,noise_10db,eeg+emg+imu+fp,1.0,noise_10db|eeg+emg+imu+fp
embracenet_fasca_kd,53,13,noise_10db,eeg+emg+imu+fp,1.0,noise_10db|eeg+emg+imu+fp
embracenet_fasca_kd,53,30,noise_10db,eeg+emg+imu+fp,1.0,noise_10db|eeg+emg+imu+fp
embracenet_fasca_kd,53,31,noise_10db,eeg+emg+imu+fp,1.0,noise_10db|eeg+emg+imu+fp
embracenet_fasca_kd,53,37,noise_10db,eeg+emg+imu+fp,1.0,noise_10db|eeg+emg+imu+fp
embracenet_fasca_kd,53,52,noise_10db,eeg+emg+imu+fp,1.0,noise_10db|eeg+emg+imu+fp
embracenet_fasca_kd,53,55,noise_10db,eeg+emg+imu+fp,1.0,noise_10db|eeg+emg+imu+fp
embracenet_fasca_kd,53,57,noise_10db,eeg+emg+imu+fp,1.0,noise_10db|eeg+emg+imu+fp
embracenet_fasca_kd,53,58,noise_10db,eeg+emg+imu+fp,1.0,noise_10db|eeg+emg+imu+fp
embracenet_fasca_kd,53,8,channel_dropout_30,eeg,0.3333333333333333,channel_dropout_30|eeg
embracenet_fasca_kd,53,11,channel_dropout_30,eeg,0.6666666666666666,channel_dropout_30|eeg
embracenet_fasca_kd,53,12,channel_dropout_30,eeg,1.0,channel_dropout_30|eeg
embracenet_fasca_kd,53,13,channel_dropout_30,eeg,1.0,channel_dropout_30|eeg
embracenet_fasca_kd,53,30,channel_dropout_30,eeg,1.0,channel_dropout_30|eeg
embracenet_fasca_kd,53,31,channel_dropout_30,eeg,1.0,channel_dropout_30|eeg
embracenet_fasca_kd,53,37,channel_dropout_30,eeg,1.0,channel_dropout_30|eeg
embracenet_fasca_kd,53,52,channel_dropout_30,eeg,1.0,channel_dropout_30|eeg
embracenet_fasca_kd,53,55,channel_dropout_30,eeg,1.0,channel_dropout_30|eeg
embracenet_fasca_kd,53,57,channel_dropout_30,eeg,1.0,channel_dropout_30|eeg
embracenet_fasca_kd,53,58,channel_dropout_30,eeg,1.0,channel_dropout_30|eeg
embracenet_fasca_kd,53,8,channel_dropout_30,emg,0.3333333333333333,channel_dropout_30|emg
embracenet_fasca_kd,53,11,channel_dropout_30,emg,0.6666666666666666,channel_dropout_30|emg
embracenet_fasca_kd,53,12,channel_dropout_30,emg,1.0,channel_dropout_30|emg
embracenet_fasca_kd,53,13,channel_dropout_30,emg,1.0,channel_dropout_30|emg
embracenet_fasca_kd,53,30,channel_dropout_30,emg,1.0,channel_dropout_30|emg
embracenet_fasca_kd,53,31,channel_dropout_30,emg,1.0,channel_dropout_30|emg
embracenet_fasca_kd,53,37,channel_dropout_30,emg,1.0,channel_dropout_30|emg
embracenet_fasca_kd,53,52,channel_dropout_30,emg,1.0,channel_dropout_30|emg
embracenet_fasca_kd,53,55,channel_dropout_30,emg,1.0,channel_dropout_30|emg
embracenet_fasca_kd,53,57,channel_dropout_30,emg,1.0,channel_dropout_30|emg
embracenet_fasca_kd,53,58,channel_dropout_30,emg,1.0,channel_dropout_30|emg
embracenet_fasca_kd,53,8,channel_dropout_30,imu,0.0,channel_dropout_30|imu
embracenet_fasca_kd,53,11,channel_dropout_30,imu,0.2222222222222222,channel_dropout_30|imu
embracenet_fasca_kd,53,12,channel_dropout_30,imu,1.0,channel_dropout_30|imu
embracenet_fasca_kd,53,13,channel_dropout_30,imu,1.0,channel_dropout_30|imu
embracenet_fasca_kd,53,30,channel_dropout_30,imu,1.0,channel_dropout_30|imu
embracenet_fasca_kd,53,31,channel_dropout_30,imu,1.0,channel_dropout_30|imu
embracenet_fasca_kd,53,37,channel_dropout_30,imu,1.0,channel_dropout_30|imu
embracenet_fasca_kd,53,52,channel_dropout_30,imu,0.5555555555555555,channel_dropout_30|imu
embracenet_fasca_kd,53,55,channel_dropout_30,imu,0.5555555555555555,channel_dropout_30|imu
embracenet_fasca_kd,53,57,channel_dropout_30,imu,0.2222222222222222,channel_dropout_30|imu
embracenet_fasca_kd,53,58,channel_dropout_30,imu,1.0,channel_dropout_30|imu
embracenet_fasca_kd,53,8,channel_dropout_30,fp,0.3333333333333333,channel_dropout_30|fp
embracenet_fasca_kd,53,11,channel_dropout_30,fp,0.6666666666666666,channel_dropout_30|fp
embracenet_fasca_kd,53,12,channel_dropout_30,fp,1.0,channel_dropout_30|fp
embracenet_fasca_kd,53,13,channel_dropout_30,fp,1.0,channel_dropout_30|fp
embracenet_fasca_kd,53,30,channel_dropout_30,fp,1.0,channel_dropout_30|fp
embracenet_fasca_kd,53,31,channel_dropout_30,fp,1.0,channel_dropout_30|fp
embracenet_fasca_kd,53,37,channel_dropout_30,fp,1.0,channel_dropout_30|fp
embracenet_fasca_kd,53,52,channel_dropout_30,fp,1.0,channel_dropout_30|fp
embracenet_fasca_kd,53,55,channel_dropout_30,fp,1.0,channel_dropout_30|fp
embracenet_fasca_kd,53,57,channel_dropout_30,fp,1.0,channel_dropout_30|fp
embracenet_fasca_kd,53,58,channel_dropout_30,fp,1.0,channel_dropout_30|fp
embracenet_fasca_kd,53,8,channel_dropout_30,eeg+emg+imu+fp,0.0,channel_dropout_30|eeg+emg+imu+fp
embracenet_fasca_kd,53,11,channel_dropout_30,eeg+emg+imu+fp,0.2222222222222222,channel_dropout_30|eeg+emg+imu+fp
embracenet_fasca_kd,53,12,channel_dropout_30,eeg+emg+imu+fp,1.0,channel_dropout_30|eeg+emg+imu+fp
embracenet_fasca_kd,53,13,channel_dropout_30,eeg+emg+imu+fp,1.0,channel_dropout_30|eeg+emg+imu+fp
embracenet_fasca_kd,53,30,channel_dropout_30,eeg+emg+imu+fp,0.5555555555555555,channel_dropout_30|eeg+emg+imu+fp
embracenet_fasca_kd,53,31,channel_dropout_30,eeg+emg+imu+fp,0.2222222222222222,channel_dropout_30|eeg+emg+imu+fp
embracenet_fasca_kd,53,37,channel_dropout_30,eeg+emg+imu+fp,0.2222222222222222,channel_dropout_30|eeg+emg+imu+fp
embracenet_fasca_kd,53,52,channel_dropout_30,eeg+emg+imu+fp,0.2222222222222222,channel_dropout_30|eeg+emg+imu+fp
embracenet_fasca_kd,53,55,channel_dropout_30,eeg+emg+imu+fp,0.2222222222222222,channel_dropout_30|eeg+emg+imu+fp
embracenet_fasca_kd,53,57,channel_dropout_30,eeg+emg+imu+fp,0.2222222222222222,channel_dropout_30|eeg+emg+imu+fp
embracenet_fasca_kd,53,58,channel_dropout_30,eeg+emg+imu+fp,0.2222222222222222,channel_dropout_30|eeg+emg+imu+fp
embracenet_fasca_kd,53,8,structured_dropout_30,eeg,0.3333333333333333,structured_dropout_30|eeg
embracenet_fasca_kd,53,11,structured_dropout_30,eeg,0.6666666666666666,structured_dropout_30|eeg
embracenet_fasca_kd,53,12,structured_dropout_30,eeg,1.0,structured_dropout_30|eeg
embracenet_fasca_kd,53,13,structured_dropout_30,eeg,1.0,structured_dropout_30|eeg
embracenet_fasca_kd,53,30,structured_dropout_30,eeg,1.0,structured_dropout_30|eeg
embracenet_fasca_kd,53,31,structured_dropout_30,eeg,1.0,structured_dropout_30|eeg
embracenet_fasca_kd,53,37,structured_dropout_30,eeg,1.0,structured_dropout_30|eeg
embracenet_fasca_kd,53,52,structured_dropout_30,eeg,1.0,structured_dropout_30|eeg
embracenet_fasca_kd,53,55,structured_dropout_30,eeg,1.0,structured_dropout_30|eeg
embracenet_fasca_kd,53,57,structured_dropout_30,eeg,1.0,structured_dropout_30|eeg
embracenet_fasca_kd,53,58,structured_dropout_30,eeg,1.0,structured_dropout_30|eeg
embracenet_fasca_kd,53,8,structured_dropout_30,emg,0.3333333333333333,structured_dropout_30|emg
embracenet_fasca_kd,53,11,structured_dropout_30,emg,0.6666666666666666,structured_dropout_30|emg
embracenet_fasca_kd,53,12,structured_dropout_30,emg,1.0,structured_dropout_30|emg
embracenet_fasca_kd,53,13,structured_dropout_30,emg,1.0,structured_dropout_30|emg
embracenet_fasca_kd,53,30,structured_dropout_30,emg,1.0,structured_dropout_30|emg
embracenet_fasca_kd,53,31,structured_dropout_30,emg,1.0,structured_dropout_30|emg
embracenet_fasca_kd,53,37,structured_dropout_30,emg,1.0,structured_dropout_30|emg
embracenet_fasca_kd,53,52,structured_dropout_30,emg,1.0,structured_dropout_30|emg
embracenet_fasca_kd,53,55,structured_dropout_30,emg,1.0,structured_dropout_30|emg
embracenet_fasca_kd,53,57,structured_dropout_30,emg,1.0,structured_dropout_30|emg
embracenet_fasca_kd,53,58,structured_dropout_30,emg,1.0,structured_dropout_30|emg
embracenet_fasca_kd,53,8,structured_dropout_30,imu,0.0,structured_dropout_30|imu
embracenet_fasca_kd,53,11,structured_dropout_30,imu,0.2222222222222222,structured_dropout_30|imu
embracenet_fasca_kd,53,12,structured_dropout_30,imu,1.0,structured_dropout_30|imu
embracenet_fasca_kd,53,13,structured_dropout_30,imu,1.0,structured_dropout_30|imu
embracenet_fasca_kd,53,30,structured_dropout_30,imu,0.5555555555555555,structured_dropout_30|imu
embracenet_fasca_kd,53,31,structured_dropout_30,imu,1.0,structured_dropout_30|imu
embracenet_fasca_kd,53,37,structured_dropout_30,imu,1.0,structured_dropout_30|imu
embracenet_fasca_kd,53,52,structured_dropout_30,imu,1.0,structured_dropout_30|imu
embracenet_fasca_kd,53,55,structured_dropout_30,imu,0.2222222222222222,structured_dropout_30|imu
embracenet_fasca_kd,53,57,structured_dropout_30,imu,1.0,structured_dropout_30|imu
embracenet_fasca_kd,53,58,structured_dropout_30,imu,1.0,structured_dropout_30|imu
embracenet_fasca_kd,53,8,structured_dropout_30,fp,0.3333333333333333,structured_dropout_30|fp
embracenet_fasca_kd,53,11,structured_dropout_30,fp,0.6666666666666666,structured_dropout_30|fp
embracenet_fasca_kd,53,12,structured_dropout_30,fp,1.0,structured_dropout_30|fp
embracenet_fasca_kd,53,13,structured_dropout_30,fp,1.0,structured_dropout_30|fp
embracenet_fasca_kd,53,30,structured_dropout_30,fp,1.0,structured_dropout_30|fp
embracenet_fasca_kd,53,31,structured_dropout_30,fp,1.0,structured_dropout_30|fp
embracenet_fasca_kd,53,37,structured_dropout_30,fp,1.0,structured_dropout_30|fp
embracenet_fasca_kd,53,52,structured_dropout_30,fp,1.0,structured_dropout_30|fp
embracenet_fasca_kd,53,55,structured_dropout_30,fp,1.0,structured_dropout_30|fp
embracenet_fasca_kd,53,57,structured_dropout_30,fp,1.0,structured_dropout_30|fp
embracenet_fasca_kd,53,58,structured_dropout_30,fp,1.0,structured_dropout_30|fp
embracenet_fasca_kd,53,8,structured_dropout_30,eeg+emg+imu+fp,0.0,structured_dropout_30|eeg+emg+imu+fp
embracenet_fasca_kd,53,11,structured_dropout_30,eeg+emg+imu+fp,0.2222222222222222,structured_dropout_30|eeg+emg+imu+fp
embracenet_fasca_kd,53,12,structured_dropout_30,eeg+emg+imu+fp,1.0,structured_dropout_30|eeg+emg+imu+fp
embracenet_fasca_kd,53,13,structured_dropout_30,eeg+emg+imu+fp,0.2222222222222222,structured_dropout_30|eeg+emg+imu+fp
embracenet_fasca_kd,53,30,structured_dropout_30,eeg+emg+imu+fp,0.5555555555555555,structured_dropout_30|eeg+emg+imu+fp
embracenet_fasca_kd,53,31,structured_dropout_30,eeg+emg+imu+fp,0.5555555555555555,structured_dropout_30|eeg+emg+imu+fp
embracenet_fasca_kd,53,37,structured_dropout_30,eeg+emg+imu+fp,0.5555555555555555,structured_dropout_30|eeg+emg+imu+fp
embracenet_fasca_kd,53,52,structured_dropout_30,eeg+emg+imu+fp,0.5555555555555555,structured_dropout_30|eeg+emg+imu+fp
embracenet_fasca_kd,53,55,structured_dropout_30,eeg+emg+imu+fp,0.2222222222222222,structured_dropout_30|eeg+emg+imu+fp
embracenet_fasca_kd,53,57,structured_dropout_30,eeg+emg+imu+fp,0.5555555555555555,structured_dropout_30|eeg+emg+imu+fp
embracenet_fasca_kd,53,58,structured_dropout_30,eeg+emg+imu+fp,1.0,structured_dropout_30|eeg+emg+imu+fp
embracenet_fasca_kd,53,8,packet_loss_30,eeg,0.3333333333333333,packet_loss_30|eeg
embracenet_fasca_kd,53,11,packet_loss_30,eeg,0.6666666666666666,packet_loss_30|eeg
embracenet_fasca_kd,53,12,packet_loss_30,eeg,1.0,packet_loss_30|eeg
embracenet_fasca_kd,53,13,packet_loss_30,eeg,1.0,packet_loss_30|eeg
embracenet_fasca_kd,53,30,packet_loss_30,eeg,1.0,packet_loss_30|eeg
embracenet_fasca_kd,53,31,packet_loss_30,eeg,1.0,packet_loss_30|eeg
embracenet_fasca_kd,53,37,packet_loss_30,eeg,1.0,packet_loss_30|eeg
embracenet_fasca_kd,53,52,packet_loss_30,eeg,1.0,packet_loss_30|eeg
embracenet_fasca_kd,53,55,packet_loss_30,eeg,1.0,packet_loss_30|eeg
embracenet_fasca_kd,53,57,packet_loss_30,eeg,1.0,packet_loss_30|eeg
embracenet_fasca_kd,53,58,packet_loss_30,eeg,1.0,packet_loss_30|eeg
embracenet_fasca_kd,53,8,packet_loss_30,emg,0.3333333333333333,packet_loss_30|emg
embracenet_fasca_kd,53,11,packet_loss_30,emg,0.6666666666666666,packet_loss_30|emg
embracenet_fasca_kd,53,12,packet_loss_30,emg,1.0,packet_loss_30|emg
embracenet_fasca_kd,53,13,packet_loss_30,emg,1.0,packet_loss_30|emg
embracenet_fasca_kd,53,30,packet_loss_30,emg,1.0,packet_loss_30|emg
embracenet_fasca_kd,53,31,packet_loss_30,emg,1.0,packet_loss_30|emg
embracenet_fasca_kd,53,37,packet_loss_30,emg,1.0,packet_loss_30|emg
embracenet_fasca_kd,53,52,packet_loss_30,emg,1.0,packet_loss_30|emg
embracenet_fasca_kd,53,55,packet_loss_30,emg,1.0,packet_loss_30|emg
embracenet_fasca_kd,53,57,packet_loss_30,emg,1.0,packet_loss_30|emg
embracenet_fasca_kd,53,58,packet_loss_30,emg,1.0,packet_loss_30|emg
embracenet_fasca_kd,53,8,packet_loss_30,imu,0.3333333333333333,packet_loss_30|imu
embracenet_fasca_kd,53,11,packet_loss_30,imu,0.2222222222222222,packet_loss_30|imu
embracenet_fasca_kd,53,12,packet_loss_30,imu,1.0,packet_loss_30|imu
embracenet_fasca_kd,53,13,packet_loss_30,imu,1.0,packet_loss_30|imu
embracenet_fasca_kd,53,30,packet_loss_30,imu,1.0,packet_loss_30|imu
embracenet_fasca_kd,53,31,packet_loss_30,imu,1.0,packet_loss_30|imu
embracenet_fasca_kd,53,37,packet_loss_30,imu,1.0,packet_loss_30|imu
embracenet_fasca_kd,53,52,packet_loss_30,imu,1.0,packet_loss_30|imu
embracenet_fasca_kd,53,55,packet_loss_30,imu,0.5555555555555555,packet_loss_30|imu
embracenet_fasca_kd,53,57,packet_loss_30,imu,1.0,packet_loss_30|imu
embracenet_fasca_kd,53,58,packet_loss_30,imu,1.0,packet_loss_30|imu
embracenet_fasca_kd,53,8,packet_loss_30,fp,0.3333333333333333,packet_loss_30|fp
embracenet_fasca_kd,53,11,packet_loss_30,fp,0.6666666666666666,packet_loss_30|fp
embracenet_fasca_kd,53,12,packet_loss_30,fp,1.0,packet_loss_30|fp
embracenet_fasca_kd,53,13,packet_loss_30,fp,1.0,packet_loss_30|fp
embracenet_fasca_kd,53,30,packet_loss_30,fp,1.0,packet_loss_30|fp
embracenet_fasca_kd,53,31,packet_loss_30,fp,1.0,packet_loss_30|fp
embracenet_fasca_kd,53,37,packet_loss_30,fp,1.0,packet_loss_30|fp
embracenet_fasca_kd,53,52,packet_loss_30,fp,1.0,packet_loss_30|fp
embracenet_fasca_kd,53,55,packet_loss_30,fp,1.0,packet_loss_30|fp
embracenet_fasca_kd,53,57,packet_loss_30,fp,1.0,packet_loss_30|fp
embracenet_fasca_kd,53,58,packet_loss_30,fp,1.0,packet_loss_30|fp
embracenet_fasca_kd,53,8,packet_loss_30,eeg+emg+imu+fp,0.3333333333333333,packet_loss_30|eeg+emg+imu+fp
embracenet_fasca_kd,53,11,packet_loss_30,eeg+emg+imu+fp,0.2222222222222222,packet_loss_30|eeg+emg+imu+fp
embracenet_fasca_kd,53,12,packet_loss_30,eeg+emg+imu+fp,1.0,packet_loss_30|eeg+emg+imu+fp
embracenet_fasca_kd,53,13,packet_loss_30,eeg+emg+imu+fp,1.0,packet_loss_30|eeg+emg+imu+fp
embracenet_fasca_kd,53,30,packet_loss_30,eeg+emg+imu+fp,1.0,packet_loss_30|eeg+emg+imu+fp
embracenet_fasca_kd,53,31,packet_loss_30,eeg+emg+imu+fp,1.0,packet_loss_30|eeg+emg+imu+fp
embracenet_fasca_kd,53,37,packet_loss_30,eeg+emg+imu+fp,1.0,packet_loss_30|eeg+emg+imu+fp
embracenet_fasca_kd,53,52,packet_loss_30,eeg+emg+imu+fp,1.0,packet_loss_30|eeg+emg+imu+fp
embracenet_fasca_kd,53,55,packet_loss_30,eeg+emg+imu+fp,0.5555555555555555,packet_loss_30|eeg+emg+imu+fp
embracenet_fasca_kd,53,57,packet_loss_30,eeg+emg+imu+fp,1.0,packet_loss_30|eeg+emg+imu+fp
embracenet_fasca_kd,53,58,packet_loss_30,eeg+emg+imu+fp,1.0,packet_loss_30|eeg+emg+imu+fp
embracenet_fasca_kd,53,8,shift_250ms,eeg,0.3333333333333333,shift_250ms|eeg
embracenet_fasca_kd,53,11,shift_250ms,eeg,0.6666666666666666,shift_250ms|eeg
embracenet_fasca_kd,53,12,shift_250ms,eeg,1.0,shift_250ms|eeg
embracenet_fasca_kd,53,13,shift_250ms,eeg,1.0,shift_250ms|eeg
embracenet_fasca_kd,53,30,shift_250ms,eeg,1.0,shift_250ms|eeg
embracenet_fasca_kd,53,31,shift_250ms,eeg,1.0,shift_250ms|eeg
embracenet_fasca_kd,53,37,shift_250ms,eeg,1.0,shift_250ms|eeg
embracenet_fasca_kd,53,52,shift_250ms,eeg,1.0,shift_250ms|eeg
embracenet_fasca_kd,53,55,shift_250ms,eeg,1.0,shift_250ms|eeg
embracenet_fasca_kd,53,57,shift_250ms,eeg,1.0,shift_250ms|eeg
embracenet_fasca_kd,53,58,shift_250ms,eeg,1.0,shift_250ms|eeg
embracenet_fasca_kd,53,8,shift_250ms,emg,0.3333333333333333,shift_250ms|emg
embracenet_fasca_kd,53,11,shift_250ms,emg,0.6666666666666666,shift_250ms|emg
embracenet_fasca_kd,53,12,shift_250ms,emg,1.0,shift_250ms|emg
embracenet_fasca_kd,53,13,shift_250ms,emg,1.0,shift_250ms|emg
embracenet_fasca_kd,53,30,shift_250ms,emg,1.0,shift_250ms|emg
embracenet_fasca_kd,53,31,shift_250ms,emg,1.0,shift_250ms|emg
embracenet_fasca_kd,53,37,shift_250ms,emg,1.0,shift_250ms|emg
embracenet_fasca_kd,53,52,shift_250ms,emg,1.0,shift_250ms|emg
embracenet_fasca_kd,53,55,shift_250ms,emg,1.0,shift_250ms|emg
embracenet_fasca_kd,53,57,shift_250ms,emg,1.0,shift_250ms|emg
embracenet_fasca_kd,53,58,shift_250ms,emg,1.0,shift_250ms|emg
embracenet_fasca_kd,53,8,shift_250ms,imu,0.3333333333333333,shift_250ms|imu
embracenet_fasca_kd,53,11,shift_250ms,imu,0.6666666666666666,shift_250ms|imu
embracenet_fasca_kd,53,12,shift_250ms,imu,1.0,shift_250ms|imu
embracenet_fasca_kd,53,13,shift_250ms,imu,1.0,shift_250ms|imu
embracenet_fasca_kd,53,30,shift_250ms,imu,1.0,shift_250ms|imu
embracenet_fasca_kd,53,31,shift_250ms,imu,1.0,shift_250ms|imu
embracenet_fasca_kd,53,37,shift_250ms,imu,1.0,shift_250ms|imu
embracenet_fasca_kd,53,52,shift_250ms,imu,1.0,shift_250ms|imu
embracenet_fasca_kd,53,55,shift_250ms,imu,0.5555555555555555,shift_250ms|imu
embracenet_fasca_kd,53,57,shift_250ms,imu,1.0,shift_250ms|imu
embracenet_fasca_kd,53,58,shift_250ms,imu,1.0,shift_250ms|imu
embracenet_fasca_kd,53,8,shift_250ms,fp,0.3333333333333333,shift_250ms|fp
embracenet_fasca_kd,53,11,shift_250ms,fp,0.6666666666666666,shift_250ms|fp
embracenet_fasca_kd,53,12,shift_250ms,fp,1.0,shift_250ms|fp
embracenet_fasca_kd,53,13,shift_250ms,fp,1.0,shift_250ms|fp
embracenet_fasca_kd,53,30,shift_250ms,fp,1.0,shift_250ms|fp
embracenet_fasca_kd,53,31,shift_250ms,fp,1.0,shift_250ms|fp
embracenet_fasca_kd,53,37,shift_250ms,fp,1.0,shift_250ms|fp
embracenet_fasca_kd,53,52,shift_250ms,fp,1.0,shift_250ms|fp
embracenet_fasca_kd,53,55,shift_250ms,fp,1.0,shift_250ms|fp
embracenet_fasca_kd,53,57,shift_250ms,fp,1.0,shift_250ms|fp
embracenet_fasca_kd,53,58,shift_250ms,fp,1.0,shift_250ms|fp
embracenet_fasca_kd,53,8,shift_250ms,eeg+emg+imu+fp,0.3333333333333333,shift_250ms|eeg+emg+imu+fp
embracenet_fasca_kd,53,11,shift_250ms,eeg+emg+imu+fp,0.6666666666666666,shift_250ms|eeg+emg+imu+fp
embracenet_fasca_kd,53,12,shift_250ms,eeg+emg+imu+fp,1.0,shift_250ms|eeg+emg+imu+fp
embracenet_fasca_kd,53,13,shift_250ms,eeg+emg+imu+fp,1.0,shift_250ms|eeg+emg+imu+fp
embracenet_fasca_kd,53,30,shift_250ms,eeg+emg+imu+fp,1.0,shift_250ms|eeg+emg+imu+fp
embracenet_fasca_kd,53,31,shift_250ms,eeg+emg+imu+fp,1.0,shift_250ms|eeg+emg+imu+fp
embracenet_fasca_kd,53,37,shift_250ms,eeg+emg+imu+fp,1.0,shift_250ms|eeg+emg+imu+fp
embracenet_fasca_kd,53,52,shift_250ms,eeg+emg+imu+fp,1.0,shift_250ms|eeg+emg+imu+fp
embracenet_fasca_kd,53,55,shift_250ms,eeg+emg+imu+fp,0.5555555555555555,shift_250ms|eeg+emg+imu+fp
embracenet_fasca_kd,53,57,shift_250ms,eeg+emg+imu+fp,1.0,shift_250ms|eeg+emg+imu+fp
embracenet_fasca_kd,53,58,shift_250ms,eeg+emg+imu+fp,1.0,shift_250ms|eeg+emg+imu+fp
embracenet_fasca_kd,53,8,gain_1.5,eeg,0.3333333333333333,gain_1.5|eeg
embracenet_fasca_kd,53,11,gain_1.5,eeg,0.6666666666666666,gain_1.5|eeg
embracenet_fasca_kd,53,12,gain_1.5,eeg,1.0,gain_1.5|eeg
embracenet_fasca_kd,53,13,gain_1.5,eeg,1.0,gain_1.5|eeg
embracenet_fasca_kd,53,30,gain_1.5,eeg,1.0,gain_1.5|eeg
embracenet_fasca_kd,53,31,gain_1.5,eeg,1.0,gain_1.5|eeg
embracenet_fasca_kd,53,37,gain_1.5,eeg,1.0,gain_1.5|eeg
embracenet_fasca_kd,53,52,gain_1.5,eeg,1.0,gain_1.5|eeg
embracenet_fasca_kd,53,55,gain_1.5,eeg,1.0,gain_1.5|eeg
embracenet_fasca_kd,53,57,gain_1.5,eeg,1.0,gain_1.5|eeg
embracenet_fasca_kd,53,58,gain_1.5,eeg,1.0,gain_1.5|eeg
embracenet_fasca_kd,53,8,gain_1.5,emg,0.3333333333333333,gain_1.5|emg
embracenet_fasca_kd,53,11,gain_1.5,emg,0.6666666666666666,gain_1.5|emg
embracenet_fasca_kd,53,12,gain_1.5,emg,1.0,gain_1.5|emg
embracenet_fasca_kd,53,13,gain_1.5,emg,1.0,gain_1.5|emg
embracenet_fasca_kd,53,30,gain_1.5,emg,1.0,gain_1.5|emg
embracenet_fasca_kd,53,31,gain_1.5,emg,1.0,gain_1.5|emg
embracenet_fasca_kd,53,37,gain_1.5,emg,1.0,gain_1.5|emg
embracenet_fasca_kd,53,52,gain_1.5,emg,1.0,gain_1.5|emg
embracenet_fasca_kd,53,55,gain_1.5,emg,1.0,gain_1.5|emg
embracenet_fasca_kd,53,57,gain_1.5,emg,1.0,gain_1.5|emg
embracenet_fasca_kd,53,58,gain_1.5,emg,1.0,gain_1.5|emg
embracenet_fasca_kd,53,8,gain_1.5,imu,0.3333333333333333,gain_1.5|imu
embracenet_fasca_kd,53,11,gain_1.5,imu,0.6666666666666666,gain_1.5|imu
embracenet_fasca_kd,53,12,gain_1.5,imu,0.2222222222222222,gain_1.5|imu
embracenet_fasca_kd,53,13,gain_1.5,imu,1.0,gain_1.5|imu
embracenet_fasca_kd,53,30,gain_1.5,imu,1.0,gain_1.5|imu
embracenet_fasca_kd,53,31,gain_1.5,imu,0.2222222222222222,gain_1.5|imu
embracenet_fasca_kd,53,37,gain_1.5,imu,0.5555555555555555,gain_1.5|imu
embracenet_fasca_kd,53,52,gain_1.5,imu,1.0,gain_1.5|imu
embracenet_fasca_kd,53,55,gain_1.5,imu,0.5555555555555555,gain_1.5|imu
embracenet_fasca_kd,53,57,gain_1.5,imu,1.0,gain_1.5|imu
embracenet_fasca_kd,53,58,gain_1.5,imu,1.0,gain_1.5|imu
embracenet_fasca_kd,53,8,gain_1.5,fp,0.3333333333333333,gain_1.5|fp
embracenet_fasca_kd,53,11,gain_1.5,fp,0.6666666666666666,gain_1.5|fp
embracenet_fasca_kd,53,12,gain_1.5,fp,1.0,gain_1.5|fp
embracenet_fasca_kd,53,13,gain_1.5,fp,1.0,gain_1.5|fp
embracenet_fasca_kd,53,30,gain_1.5,fp,1.0,gain_1.5|fp
embracenet_fasca_kd,53,31,gain_1.5,fp,1.0,gain_1.5|fp
embracenet_fasca_kd,53,37,gain_1.5,fp,1.0,gain_1.5|fp
embracenet_fasca_kd,53,52,gain_1.5,fp,1.0,gain_1.5|fp
embracenet_fasca_kd,53,55,gain_1.5,fp,1.0,gain_1.5|fp
embracenet_fasca_kd,53,57,gain_1.5,fp,1.0,gain_1.5|fp
embracenet_fasca_kd,53,58,gain_1.5,fp,1.0,gain_1.5|fp
embracenet_fasca_kd,53,8,gain_1.5,eeg+emg+imu+fp,0.3333333333333333,gain_1.5|eeg+emg+imu+fp
embracenet_fasca_kd,53,11,gain_1.5,eeg+emg+imu+fp,0.6666666666666666,gain_1.5|eeg+emg+imu+fp
embracenet_fasca_kd,53,12,gain_1.5,eeg+emg+imu+fp,0.2222222222222222,gain_1.5|eeg+emg+imu+fp
embracenet_fasca_kd,53,13,gain_1.5,eeg+emg+imu+fp,0.5555555555555555,gain_1.5|eeg+emg+imu+fp
embracenet_fasca_kd,53,30,gain_1.5,eeg+emg+imu+fp,0.2222222222222222,gain_1.5|eeg+emg+imu+fp
embracenet_fasca_kd,53,31,gain_1.5,eeg+emg+imu+fp,0.2222222222222222,gain_1.5|eeg+emg+imu+fp
embracenet_fasca_kd,53,37,gain_1.5,eeg+emg+imu+fp,0.5555555555555555,gain_1.5|eeg+emg+imu+fp
embracenet_fasca_kd,53,52,gain_1.5,eeg+emg+imu+fp,0.5555555555555555,gain_1.5|eeg+emg+imu+fp
embracenet_fasca_kd,53,55,gain_1.5,eeg+emg+imu+fp,0.5555555555555555,gain_1.5|eeg+emg+imu+fp
embracenet_fasca_kd,53,57,gain_1.5,eeg+emg+imu+fp,0.2222222222222222,gain_1.5|eeg+emg+imu+fp
embracenet_fasca_kd,53,58,gain_1.5,eeg+emg+imu+fp,0.5555555555555555,gain_1.5|eeg+emg+imu+fp
fault_triggered_router,51,1,clean,none,1.0,clean|none
fault_triggered_router,51,10,clean,none,1.0,clean|none
fault_triggered_router,51,15,clean,none,1.0,clean|none
fault_triggered_router,51,19,clean,none,1.0,clean|none
fault_triggered_router,51,36,clean,none,1.0,clean|none
fault_triggered_router,51,39,clean,none,1.0,clean|none
fault_triggered_router,51,40,clean,none,1.0,clean|none
fault_triggered_router,51,43,clean,none,0.6666666666666666,clean|none
fault_triggered_router,51,48,clean,none,1.0,clean|none
fault_triggered_router,51,49,clean,none,1.0,clean|none
fault_triggered_router,51,59,clean,none,1.0,clean|none
fault_triggered_router,51,1,noise_10db,eeg,1.0,noise_10db|eeg
fault_triggered_router,51,10,noise_10db,eeg,1.0,noise_10db|eeg
fault_triggered_router,51,15,noise_10db,eeg,1.0,noise_10db|eeg
fault_triggered_router,51,19,noise_10db,eeg,1.0,noise_10db|eeg
fault_triggered_router,51,36,noise_10db,eeg,1.0,noise_10db|eeg
fault_triggered_router,51,39,noise_10db,eeg,1.0,noise_10db|eeg
fault_triggered_router,51,40,noise_10db,eeg,1.0,noise_10db|eeg
fault_triggered_router,51,43,noise_10db,eeg,0.6666666666666666,noise_10db|eeg
fault_triggered_router,51,48,noise_10db,eeg,1.0,noise_10db|eeg
fault_triggered_router,51,49,noise_10db,eeg,1.0,noise_10db|eeg
fault_triggered_router,51,59,noise_10db,eeg,1.0,noise_10db|eeg
fault_triggered_router,51,1,noise_10db,emg,1.0,noise_10db|emg
fault_triggered_router,51,10,noise_10db,emg,1.0,noise_10db|emg
fault_triggered_router,51,15,noise_10db,emg,1.0,noise_10db|emg
fault_triggered_router,51,19,noise_10db,emg,1.0,noise_10db|emg
fault_triggered_router,51,36,noise_10db,emg,1.0,noise_10db|emg
fault_triggered_router,51,39,noise_10db,emg,1.0,noise_10db|emg
fault_triggered_router,51,40,noise_10db,emg,1.0,noise_10db|emg
fault_triggered_router,51,43,noise_10db,emg,0.6666666666666666,noise_10db|emg
fault_triggered_router,51,48,noise_10db,emg,1.0,noise_10db|emg
fault_triggered_router,51,49,noise_10db,emg,1.0,noise_10db|emg
fault_triggered_router,51,59,noise_10db,emg,1.0,noise_10db|emg
fault_triggered_router,51,1,noise_10db,imu,1.0,noise_10db|imu
fault_triggered_router,51,10,noise_10db,imu,1.0,noise_10db|imu
fault_triggered_router,51,15,noise_10db,imu,1.0,noise_10db|imu
fault_triggered_router,51,19,noise_10db,imu,1.0,noise_10db|imu
fault_triggered_router,51,36,noise_10db,imu,1.0,noise_10db|imu
fault_triggered_router,51,39,noise_10db,imu,1.0,noise_10db|imu
fault_triggered_router,51,40,noise_10db,imu,1.0,noise_10db|imu
fault_triggered_router,51,43,noise_10db,imu,0.6666666666666666,noise_10db|imu
fault_triggered_router,51,48,noise_10db,imu,1.0,noise_10db|imu
fault_triggered_router,51,49,noise_10db,imu,1.0,noise_10db|imu
fault_triggered_router,51,59,noise_10db,imu,1.0,noise_10db|imu
fault_triggered_router,51,1,noise_10db,fp,1.0,noise_10db|fp
fault_triggered_router,51,10,noise_10db,fp,0.2222222222222222,noise_10db|fp
fault_triggered_router,51,15,noise_10db,fp,1.0,noise_10db|fp
fault_triggered_router,51,19,noise_10db,fp,1.0,noise_10db|fp
fault_triggered_router,51,36,noise_10db,fp,1.0,noise_10db|fp
fault_triggered_router,51,39,noise_10db,fp,1.0,noise_10db|fp
fault_triggered_router,51,40,noise_10db,fp,1.0,noise_10db|fp
fault_triggered_router,51,43,noise_10db,fp,0.6666666666666666,noise_10db|fp
fault_triggered_router,51,48,noise_10db,fp,1.0,noise_10db|fp
fault_triggered_router,51,49,noise_10db,fp,1.0,noise_10db|fp
fault_triggered_router,51,59,noise_10db,fp,1.0,noise_10db|fp
fault_triggered_router,51,1,noise_10db,eeg+emg+imu+fp,1.0,noise_10db|eeg+emg+imu+fp
fault_triggered_router,51,10,noise_10db,eeg+emg+imu+fp,0.2222222222222222,noise_10db|eeg+emg+imu+fp
fault_triggered_router,51,15,noise_10db,eeg+emg+imu+fp,1.0,noise_10db|eeg+emg+imu+fp
fault_triggered_router,51,19,noise_10db,eeg+emg+imu+fp,1.0,noise_10db|eeg+emg+imu+fp
fault_triggered_router,51,36,noise_10db,eeg+emg+imu+fp,1.0,noise_10db|eeg+emg+imu+fp
fault_triggered_router,51,39,noise_10db,eeg+emg+imu+fp,1.0,noise_10db|eeg+emg+imu+fp
fault_triggered_router,51,40,noise_10db,eeg+emg+imu+fp,1.0,noise_10db|eeg+emg+imu+fp
fault_triggered_router,51,43,noise_10db,eeg+emg+imu+fp,0.6666666666666666,noise_10db|eeg+emg+imu+fp
fault_triggered_router,51,48,noise_10db,eeg+emg+imu+fp,1.0,noise_10db|eeg+emg+imu+fp
fault_triggered_router,51,49,noise_10db,eeg+emg+imu+fp,1.0,noise_10db|eeg+emg+imu+fp
fault_triggered_router,51,59,noise_10db,eeg+emg+imu+fp,1.0,noise_10db|eeg+emg+imu+fp
fault_triggered_router,51,1,channel_dropout_30,eeg,1.0,channel_dropout_30|eeg
fault_triggered_router,51,10,channel_dropout_30,eeg,1.0,channel_dropout_30|eeg
fault_triggered_router,51,15,channel_dropout_30,eeg,1.0,channel_dropout_30|eeg
fault_triggered_router,51,19,channel_dropout_30,eeg,1.0,channel_dropout_30|eeg
fault_triggered_router,51,36,channel_dropout_30,eeg,1.0,channel_dropout_30|eeg
fault_triggered_router,51,39,channel_dropout_30,eeg,1.0,channel_dropout_30|eeg
fault_triggered_router,51,40,channel_dropout_30,eeg,1.0,channel_dropout_30|eeg
fault_triggered_router,51,43,channel_dropout_30,eeg,0.6666666666666666,channel_dropout_30|eeg
fault_triggered_router,51,48,channel_dropout_30,eeg,1.0,channel_dropout_30|eeg
fault_triggered_router,51,49,channel_dropout_30,eeg,1.0,channel_dropout_30|eeg
fault_triggered_router,51,59,channel_dropout_30,eeg,1.0,channel_dropout_30|eeg
fault_triggered_router,51,1,channel_dropout_30,emg,1.0,channel_dropout_30|emg
fault_triggered_router,51,10,channel_dropout_30,emg,1.0,channel_dropout_30|emg
fault_triggered_router,51,15,channel_dropout_30,emg,1.0,channel_dropout_30|emg
fault_triggered_router,51,19,channel_dropout_30,emg,1.0,channel_dropout_30|emg
fault_triggered_router,51,36,channel_dropout_30,emg,0.5555555555555555,channel_dropout_30|emg
fault_triggered_router,51,39,channel_dropout_30,emg,1.0,channel_dropout_30|emg
fault_triggered_router,51,40,channel_dropout_30,emg,1.0,channel_dropout_30|emg
fault_triggered_router,51,43,channel_dropout_30,emg,0.6666666666666666,channel_dropout_30|emg
fault_triggered_router,51,48,channel_dropout_30,emg,1.0,channel_dropout_30|emg
fault_triggered_router,51,49,channel_dropout_30,emg,1.0,channel_dropout_30|emg
fault_triggered_router,51,59,channel_dropout_30,emg,1.0,channel_dropout_30|emg
fault_triggered_router,51,1,channel_dropout_30,imu,1.0,channel_dropout_30|imu
fault_triggered_router,51,10,channel_dropout_30,imu,1.0,channel_dropout_30|imu
fault_triggered_router,51,15,channel_dropout_30,imu,0.5555555555555555,channel_dropout_30|imu
fault_triggered_router,51,19,channel_dropout_30,imu,1.0,channel_dropout_30|imu
fault_triggered_router,51,36,channel_dropout_30,imu,0.5555555555555555,channel_dropout_30|imu
fault_triggered_router,51,39,channel_dropout_30,imu,0.5555555555555555,channel_dropout_30|imu
fault_triggered_router,51,40,channel_dropout_30,imu,0.5555555555555555,channel_dropout_30|imu
fault_triggered_router,51,43,channel_dropout_30,imu,0.6666666666666666,channel_dropout_30|imu
fault_triggered_router,51,48,channel_dropout_30,imu,1.0,channel_dropout_30|imu
fault_triggered_router,51,49,channel_dropout_30,imu,0.5555555555555555,channel_dropout_30|imu
fault_triggered_router,51,59,channel_dropout_30,imu,1.0,channel_dropout_30|imu
fault_triggered_router,51,1,channel_dropout_30,fp,1.0,channel_dropout_30|fp
fault_triggered_router,51,10,channel_dropout_30,fp,0.5555555555555555,channel_dropout_30|fp
fault_triggered_router,51,15,channel_dropout_30,fp,1.0,channel_dropout_30|fp
fault_triggered_router,51,19,channel_dropout_30,fp,1.0,channel_dropout_30|fp
fault_triggered_router,51,36,channel_dropout_30,fp,0.2222222222222222,channel_dropout_30|fp
fault_triggered_router,51,39,channel_dropout_30,fp,0.5555555555555555,channel_dropout_30|fp
fault_triggered_router,51,40,channel_dropout_30,fp,1.0,channel_dropout_30|fp
fault_triggered_router,51,43,channel_dropout_30,fp,0.6666666666666666,channel_dropout_30|fp
fault_triggered_router,51,48,channel_dropout_30,fp,1.0,channel_dropout_30|fp
fault_triggered_router,51,49,channel_dropout_30,fp,1.0,channel_dropout_30|fp
fault_triggered_router,51,59,channel_dropout_30,fp,1.0,channel_dropout_30|fp
fault_triggered_router,51,1,channel_dropout_30,eeg+emg+imu+fp,1.0,channel_dropout_30|eeg+emg+imu+fp
fault_triggered_router,51,10,channel_dropout_30,eeg+emg+imu+fp,1.0,channel_dropout_30|eeg+emg+imu+fp
fault_triggered_router,51,15,channel_dropout_30,eeg+emg+imu+fp,0.5555555555555555,channel_dropout_30|eeg+emg+imu+fp
fault_triggered_router,51,19,channel_dropout_30,eeg+emg+imu+fp,1.0,channel_dropout_30|eeg+emg+imu+fp
fault_triggered_router,51,36,channel_dropout_30,eeg+emg+imu+fp,0.5555555555555555,channel_dropout_30|eeg+emg+imu+fp
fault_triggered_router,51,39,channel_dropout_30,eeg+emg+imu+fp,0.2222222222222222,channel_dropout_30|eeg+emg+imu+fp
fault_triggered_router,51,40,channel_dropout_30,eeg+emg+imu+fp,0.5555555555555555,channel_dropout_30|eeg+emg+imu+fp
fault_triggered_router,51,43,channel_dropout_30,eeg+emg+imu+fp,0.2222222222222222,channel_dropout_30|eeg+emg+imu+fp
fault_triggered_router,51,48,channel_dropout_30,eeg+emg+imu+fp,1.0,channel_dropout_30|eeg+emg+imu+fp
fault_triggered_router,51,49,channel_dropout_30,eeg+emg+imu+fp,0.5555555555555555,channel_dropout_30|eeg+emg+imu+fp
fault_triggered_router,51,59,channel_dropout_30,eeg+emg+imu+fp,1.0,channel_dropout_30|eeg+emg+imu+fp
fault_triggered_router,51,1,structured_dropout_30,eeg,1.0,structured_dropout_30|eeg
fault_triggered_router,51,10,structured_dropout_30,eeg,1.0,structured_dropout_30|eeg
fault_triggered_router,51,15,structured_dropout_30,eeg,1.0,structured_dropout_30|eeg
fault_triggered_router,51,19,structured_dropout_30,eeg,1.0,structured_dropout_30|eeg
fault_triggered_router,51,36,structured_dropout_30,eeg,1.0,structured_dropout_30|eeg
fault_triggered_router,51,39,structured_dropout_30,eeg,1.0,structured_dropout_30|eeg
fault_triggered_router,51,40,structured_dropout_30,eeg,1.0,structured_dropout_30|eeg
fault_triggered_router,51,43,structured_dropout_30,eeg,0.6666666666666666,structured_dropout_30|eeg
fault_triggered_router,51,48,structured_dropout_30,eeg,1.0,structured_dropout_30|eeg
fault_triggered_router,51,49,structured_dropout_30,eeg,1.0,structured_dropout_30|eeg
fault_triggered_router,51,59,structured_dropout_30,eeg,1.0,structured_dropout_30|eeg
fault_triggered_router,51,1,structured_dropout_30,emg,1.0,structured_dropout_30|emg
fault_triggered_router,51,10,structured_dropout_30,emg,1.0,structured_dropout_30|emg
fault_triggered_router,51,15,structured_dropout_30,emg,1.0,structured_dropout_30|emg
fault_triggered_router,51,19,structured_dropout_30,emg,1.0,structured_dropout_30|emg
fault_triggered_router,51,36,structured_dropout_30,emg,0.5555555555555555,structured_dropout_30|emg
fault_triggered_router,51,39,structured_dropout_30,emg,1.0,structured_dropout_30|emg
fault_triggered_router,51,40,structured_dropout_30,emg,1.0,structured_dropout_30|emg
fault_triggered_router,51,43,structured_dropout_30,emg,0.6666666666666666,structured_dropout_30|emg
fault_triggered_router,51,48,structured_dropout_30,emg,1.0,structured_dropout_30|emg
fault_triggered_router,51,49,structured_dropout_30,emg,1.0,structured_dropout_30|emg
fault_triggered_router,51,59,structured_dropout_30,emg,1.0,structured_dropout_30|emg
fault_triggered_router,51,1,structured_dropout_30,imu,1.0,structured_dropout_30|imu
fault_triggered_router,51,10,structured_dropout_30,imu,1.0,structured_dropout_30|imu
fault_triggered_router,51,15,structured_dropout_30,imu,0.5555555555555555,structured_dropout_30|imu
fault_triggered_router,51,19,structured_dropout_30,imu,1.0,structured_dropout_30|imu
fault_triggered_router,51,36,structured_dropout_30,imu,0.2222222222222222,structured_dropout_30|imu
fault_triggered_router,51,39,structured_dropout_30,imu,0.5555555555555555,structured_dropout_30|imu
fault_triggered_router,51,40,structured_dropout_30,imu,1.0,structured_dropout_30|imu
fault_triggered_router,51,43,structured_dropout_30,imu,0.6666666666666666,structured_dropout_30|imu
fault_triggered_router,51,48,structured_dropout_30,imu,1.0,structured_dropout_30|imu
fault_triggered_router,51,49,structured_dropout_30,imu,0.5555555555555555,structured_dropout_30|imu
fault_triggered_router,51,59,structured_dropout_30,imu,1.0,structured_dropout_30|imu
fault_triggered_router,51,1,structured_dropout_30,fp,1.0,structured_dropout_30|fp
fault_triggered_router,51,10,structured_dropout_30,fp,0.5555555555555555,structured_dropout_30|fp
fault_triggered_router,51,15,structured_dropout_30,fp,1.0,structured_dropout_30|fp
fault_triggered_router,51,19,structured_dropout_30,fp,1.0,structured_dropout_30|fp
fault_triggered_router,51,36,structured_dropout_30,fp,0.5555555555555555,structured_dropout_30|fp
fault_triggered_router,51,39,structured_dropout_30,fp,1.0,structured_dropout_30|fp
fault_triggered_router,51,40,structured_dropout_30,fp,1.0,structured_dropout_30|fp
fault_triggered_router,51,43,structured_dropout_30,fp,0.6666666666666666,structured_dropout_30|fp
fault_triggered_router,51,48,structured_dropout_30,fp,1.0,structured_dropout_30|fp
fault_triggered_router,51,49,structured_dropout_30,fp,1.0,structured_dropout_30|fp
fault_triggered_router,51,59,structured_dropout_30,fp,1.0,structured_dropout_30|fp
fault_triggered_router,51,1,structured_dropout_30,eeg+emg+imu+fp,0.5555555555555555,structured_dropout_30|eeg+emg+imu+fp
fault_triggered_router,51,10,structured_dropout_30,eeg+emg+imu+fp,0.5555555555555555,structured_dropout_30|eeg+emg+imu+fp
fault_triggered_router,51,15,structured_dropout_30,eeg+emg+imu+fp,0.2222222222222222,structured_dropout_30|eeg+emg+imu+fp
fault_triggered_router,51,19,structured_dropout_30,eeg+emg+imu+fp,1.0,structured_dropout_30|eeg+emg+imu+fp
fault_triggered_router,51,36,structured_dropout_30,eeg+emg+imu+fp,0.2222222222222222,structured_dropout_30|eeg+emg+imu+fp
fault_triggered_router,51,39,structured_dropout_30,eeg+emg+imu+fp,1.0,structured_dropout_30|eeg+emg+imu+fp
fault_triggered_router,51,40,structured_dropout_30,eeg+emg+imu+fp,1.0,structured_dropout_30|eeg+emg+imu+fp
fault_triggered_router,51,43,structured_dropout_30,eeg+emg+imu+fp,0.2222222222222222,structured_dropout_30|eeg+emg+imu+fp
fault_triggered_router,51,48,structured_dropout_30,eeg+emg+imu+fp,1.0,structured_dropout_30|eeg+emg+imu+fp
fault_triggered_router,51,49,structured_dropout_30,eeg+emg+imu+fp,0.5555555555555555,structured_dropout_30|eeg+emg+imu+fp
fault_triggered_router,51,59,structured_dropout_30,eeg+emg+imu+fp,1.0,structured_dropout_30|eeg+emg+imu+fp
fault_triggered_router,51,1,packet_loss_30,eeg,1.0,packet_loss_30|eeg
fault_triggered_router,51,10,packet_loss_30,eeg,1.0,packet_loss_30|eeg
fault_triggered_router,51,15,packet_loss_30,eeg,1.0,packet_loss_30|eeg
fault_triggered_router,51,19,packet_loss_30,eeg,1.0,packet_loss_30|eeg
fault_triggered_router,51,36,packet_loss_30,eeg,1.0,packet_loss_30|eeg
fault_triggered_router,51,39,packet_loss_30,eeg,1.0,packet_loss_30|eeg
fault_triggered_router,51,40,packet_loss_30,eeg,1.0,packet_loss_30|eeg
fault_triggered_router,51,43,packet_loss_30,eeg,0.6666666666666666,packet_loss_30|eeg
fault_triggered_router,51,48,packet_loss_30,eeg,1.0,packet_loss_30|eeg
fault_triggered_router,51,49,packet_loss_30,eeg,1.0,packet_loss_30|eeg
fault_triggered_router,51,59,packet_loss_30,eeg,1.0,packet_loss_30|eeg
fault_triggered_router,51,1,packet_loss_30,emg,1.0,packet_loss_30|emg
fault_triggered_router,51,10,packet_loss_30,emg,1.0,packet_loss_30|emg
fault_triggered_router,51,15,packet_loss_30,emg,1.0,packet_loss_30|emg
fault_triggered_router,51,19,packet_loss_30,emg,1.0,packet_loss_30|emg
fault_triggered_router,51,36,packet_loss_30,emg,1.0,packet_loss_30|emg
fault_triggered_router,51,39,packet_loss_30,emg,1.0,packet_loss_30|emg
fault_triggered_router,51,40,packet_loss_30,emg,1.0,packet_loss_30|emg
fault_triggered_router,51,43,packet_loss_30,emg,0.6666666666666666,packet_loss_30|emg
fault_triggered_router,51,48,packet_loss_30,emg,1.0,packet_loss_30|emg
fault_triggered_router,51,49,packet_loss_30,emg,1.0,packet_loss_30|emg
fault_triggered_router,51,59,packet_loss_30,emg,1.0,packet_loss_30|emg
fault_triggered_router,51,1,packet_loss_30,imu,1.0,packet_loss_30|imu
fault_triggered_router,51,10,packet_loss_30,imu,1.0,packet_loss_30|imu
fault_triggered_router,51,15,packet_loss_30,imu,1.0,packet_loss_30|imu
fault_triggered_router,51,19,packet_loss_30,imu,1.0,packet_loss_30|imu
fault_triggered_router,51,36,packet_loss_30,imu,0.2222222222222222,packet_loss_30|imu
fault_triggered_router,51,39,packet_loss_30,imu,1.0,packet_loss_30|imu
fault_triggered_router,51,40,packet_loss_30,imu,1.0,packet_loss_30|imu
fault_triggered_router,51,43,packet_loss_30,imu,0.6666666666666666,packet_loss_30|imu
fault_triggered_router,51,48,packet_loss_30,imu,1.0,packet_loss_30|imu
fault_triggered_router,51,49,packet_loss_30,imu,1.0,packet_loss_30|imu
fault_triggered_router,51,59,packet_loss_30,imu,1.0,packet_loss_30|imu
fault_triggered_router,51,1,packet_loss_30,fp,1.0,packet_loss_30|fp
fault_triggered_router,51,10,packet_loss_30,fp,0.5555555555555555,packet_loss_30|fp
fault_triggered_router,51,15,packet_loss_30,fp,1.0,packet_loss_30|fp
fault_triggered_router,51,19,packet_loss_30,fp,1.0,packet_loss_30|fp
fault_triggered_router,51,36,packet_loss_30,fp,1.0,packet_loss_30|fp
fault_triggered_router,51,39,packet_loss_30,fp,1.0,packet_loss_30|fp
fault_triggered_router,51,40,packet_loss_30,fp,1.0,packet_loss_30|fp
fault_triggered_router,51,43,packet_loss_30,fp,0.6666666666666666,packet_loss_30|fp
fault_triggered_router,51,48,packet_loss_30,fp,1.0,packet_loss_30|fp
fault_triggered_router,51,49,packet_loss_30,fp,1.0,packet_loss_30|fp
fault_triggered_router,51,59,packet_loss_30,fp,1.0,packet_loss_30|fp
fault_triggered_router,51,1,packet_loss_30,eeg+emg+imu+fp,1.0,packet_loss_30|eeg+emg+imu+fp
fault_triggered_router,51,10,packet_loss_30,eeg+emg+imu+fp,1.0,packet_loss_30|eeg+emg+imu+fp
fault_triggered_router,51,15,packet_loss_30,eeg+emg+imu+fp,1.0,packet_loss_30|eeg+emg+imu+fp
fault_triggered_router,51,19,packet_loss_30,eeg+emg+imu+fp,1.0,packet_loss_30|eeg+emg+imu+fp
fault_triggered_router,51,36,packet_loss_30,eeg+emg+imu+fp,0.2222222222222222,packet_loss_30|eeg+emg+imu+fp
fault_triggered_router,51,39,packet_loss_30,eeg+emg+imu+fp,1.0,packet_loss_30|eeg+emg+imu+fp
fault_triggered_router,51,40,packet_loss_30,eeg+emg+imu+fp,1.0,packet_loss_30|eeg+emg+imu+fp
fault_triggered_router,51,43,packet_loss_30,eeg+emg+imu+fp,0.6666666666666666,packet_loss_30|eeg+emg+imu+fp
fault_triggered_router,51,48,packet_loss_30,eeg+emg+imu+fp,1.0,packet_loss_30|eeg+emg+imu+fp
fault_triggered_router,51,49,packet_loss_30,eeg+emg+imu+fp,1.0,packet_loss_30|eeg+emg+imu+fp
fault_triggered_router,51,59,packet_loss_30,eeg+emg+imu+fp,1.0,packet_loss_30|eeg+emg+imu+fp
fault_triggered_router,51,1,shift_250ms,eeg,1.0,shift_250ms|eeg
fault_triggered_router,51,10,shift_250ms,eeg,1.0,shift_250ms|eeg
fault_triggered_router,51,15,shift_250ms,eeg,1.0,shift_250ms|eeg
fault_triggered_router,51,19,shift_250ms,eeg,1.0,shift_250ms|eeg
fault_triggered_router,51,36,shift_250ms,eeg,1.0,shift_250ms|eeg
fault_triggered_router,51,39,shift_250ms,eeg,1.0,shift_250ms|eeg
fault_triggered_router,51,40,shift_250ms,eeg,1.0,shift_250ms|eeg
fault_triggered_router,51,43,shift_250ms,eeg,0.6666666666666666,shift_250ms|eeg
fault_triggered_router,51,48,shift_250ms,eeg,1.0,shift_250ms|eeg
fault_triggered_router,51,49,shift_250ms,eeg,1.0,shift_250ms|eeg
fault_triggered_router,51,59,shift_250ms,eeg,1.0,shift_250ms|eeg
fault_triggered_router,51,1,shift_250ms,emg,1.0,shift_250ms|emg
fault_triggered_router,51,10,shift_250ms,emg,1.0,shift_250ms|emg
fault_triggered_router,51,15,shift_250ms,emg,1.0,shift_250ms|emg
fault_triggered_router,51,19,shift_250ms,emg,1.0,shift_250ms|emg
fault_triggered_router,51,36,shift_250ms,emg,1.0,shift_250ms|emg
fault_triggered_router,51,39,shift_250ms,emg,1.0,shift_250ms|emg
fault_triggered_router,51,40,shift_250ms,emg,1.0,shift_250ms|emg
fault_triggered_router,51,43,shift_250ms,emg,0.6666666666666666,shift_250ms|emg
fault_triggered_router,51,48,shift_250ms,emg,1.0,shift_250ms|emg
fault_triggered_router,51,49,shift_250ms,emg,1.0,shift_250ms|emg
fault_triggered_router,51,59,shift_250ms,emg,1.0,shift_250ms|emg
fault_triggered_router,51,1,shift_250ms,imu,1.0,shift_250ms|imu
fault_triggered_router,51,10,shift_250ms,imu,1.0,shift_250ms|imu
fault_triggered_router,51,15,shift_250ms,imu,1.0,shift_250ms|imu
fault_triggered_router,51,19,shift_250ms,imu,1.0,shift_250ms|imu
fault_triggered_router,51,36,shift_250ms,imu,0.5555555555555555,shift_250ms|imu
fault_triggered_router,51,39,shift_250ms,imu,1.0,shift_250ms|imu
fault_triggered_router,51,40,shift_250ms,imu,1.0,shift_250ms|imu
fault_triggered_router,51,43,shift_250ms,imu,0.6666666666666666,shift_250ms|imu
fault_triggered_router,51,48,shift_250ms,imu,1.0,shift_250ms|imu
fault_triggered_router,51,49,shift_250ms,imu,1.0,shift_250ms|imu
fault_triggered_router,51,59,shift_250ms,imu,1.0,shift_250ms|imu
fault_triggered_router,51,1,shift_250ms,fp,1.0,shift_250ms|fp
fault_triggered_router,51,10,shift_250ms,fp,1.0,shift_250ms|fp
fault_triggered_router,51,15,shift_250ms,fp,1.0,shift_250ms|fp
fault_triggered_router,51,19,shift_250ms,fp,1.0,shift_250ms|fp
fault_triggered_router,51,36,shift_250ms,fp,1.0,shift_250ms|fp
fault_triggered_router,51,39,shift_250ms,fp,1.0,shift_250ms|fp
fault_triggered_router,51,40,shift_250ms,fp,1.0,shift_250ms|fp
fault_triggered_router,51,43,shift_250ms,fp,0.6666666666666666,shift_250ms|fp
fault_triggered_router,51,48,shift_250ms,fp,1.0,shift_250ms|fp
fault_triggered_router,51,49,shift_250ms,fp,1.0,shift_250ms|fp
fault_triggered_router,51,59,shift_250ms,fp,1.0,shift_250ms|fp
fault_triggered_router,51,1,shift_250ms,eeg+emg+imu+fp,1.0,shift_250ms|eeg+emg+imu+fp
fault_triggered_router,51,10,shift_250ms,eeg+emg+imu+fp,1.0,shift_250ms|eeg+emg+imu+fp
fault_triggered_router,51,15,shift_250ms,eeg+emg+imu+fp,1.0,shift_250ms|eeg+emg+imu+fp
fault_triggered_router,51,19,shift_250ms,eeg+emg+imu+fp,1.0,shift_250ms|eeg+emg+imu+fp
fault_triggered_router,51,36,shift_250ms,eeg+emg+imu+fp,0.5555555555555555,shift_250ms|eeg+emg+imu+fp
fault_triggered_router,51,39,shift_250ms,eeg+emg+imu+fp,1.0,shift_250ms|eeg+emg+imu+fp
fault_triggered_router,51,40,shift_250ms,eeg+emg+imu+fp,1.0,shift_250ms|eeg+emg+imu+fp
fault_triggered_router,51,43,shift_250ms,eeg+emg+imu+fp,0.6666666666666666,shift_250ms|eeg+emg+imu+fp
fault_triggered_router,51,48,shift_250ms,eeg+emg+imu+fp,1.0,shift_250ms|eeg+emg+imu+fp
fault_triggered_router,51,49,shift_250ms,eeg+emg+imu+fp,1.0,shift_250ms|eeg+emg+imu+fp
fault_triggered_router,51,59,shift_250ms,eeg+emg+imu+fp,1.0,shift_250ms|eeg+emg+imu+fp
fault_triggered_router,51,1,gain_1.5,eeg,1.0,gain_1.5|eeg
fault_triggered_router,51,10,gain_1.5,eeg,1.0,gain_1.5|eeg
fault_triggered_router,51,15,gain_1.5,eeg,1.0,gain_1.5|eeg
fault_triggered_router,51,19,gain_1.5,eeg,1.0,gain_1.5|eeg
fault_triggered_router,51,36,gain_1.5,eeg,1.0,gain_1.5|eeg
fault_triggered_router,51,39,gain_1.5,eeg,1.0,gain_1.5|eeg
fault_triggered_router,51,40,gain_1.5,eeg,1.0,gain_1.5|eeg
fault_triggered_router,51,43,gain_1.5,eeg,0.6666666666666666,gain_1.5|eeg
fault_triggered_router,51,48,gain_1.5,eeg,1.0,gain_1.5|eeg
fault_triggered_router,51,49,gain_1.5,eeg,1.0,gain_1.5|eeg
fault_triggered_router,51,59,gain_1.5,eeg,1.0,gain_1.5|eeg
fault_triggered_router,51,1,gain_1.5,emg,1.0,gain_1.5|emg
fault_triggered_router,51,10,gain_1.5,emg,1.0,gain_1.5|emg
fault_triggered_router,51,15,gain_1.5,emg,1.0,gain_1.5|emg
fault_triggered_router,51,19,gain_1.5,emg,1.0,gain_1.5|emg
fault_triggered_router,51,36,gain_1.5,emg,1.0,gain_1.5|emg
fault_triggered_router,51,39,gain_1.5,emg,1.0,gain_1.5|emg
fault_triggered_router,51,40,gain_1.5,emg,1.0,gain_1.5|emg
fault_triggered_router,51,43,gain_1.5,emg,0.6666666666666666,gain_1.5|emg
fault_triggered_router,51,48,gain_1.5,emg,1.0,gain_1.5|emg
fault_triggered_router,51,49,gain_1.5,emg,1.0,gain_1.5|emg
fault_triggered_router,51,59,gain_1.5,emg,1.0,gain_1.5|emg
fault_triggered_router,51,1,gain_1.5,imu,0.5555555555555555,gain_1.5|imu
fault_triggered_router,51,10,gain_1.5,imu,0.16666666666666666,gain_1.5|imu
fault_triggered_router,51,15,gain_1.5,imu,1.0,gain_1.5|imu
fault_triggered_router,51,19,gain_1.5,imu,0.5555555555555555,gain_1.5|imu
fault_triggered_router,51,36,gain_1.5,imu,1.0,gain_1.5|imu
fault_triggered_router,51,39,gain_1.5,imu,0.5555555555555555,gain_1.5|imu
fault_triggered_router,51,40,gain_1.5,imu,1.0,gain_1.5|imu
fault_triggered_router,51,43,gain_1.5,imu,0.6666666666666666,gain_1.5|imu
fault_triggered_router,51,48,gain_1.5,imu,0.2222222222222222,gain_1.5|imu
fault_triggered_router,51,49,gain_1.5,imu,1.0,gain_1.5|imu
fault_triggered_router,51,59,gain_1.5,imu,1.0,gain_1.5|imu
fault_triggered_router,51,1,gain_1.5,fp,1.0,gain_1.5|fp
fault_triggered_router,51,10,gain_1.5,fp,0.5555555555555555,gain_1.5|fp
fault_triggered_router,51,15,gain_1.5,fp,1.0,gain_1.5|fp
fault_triggered_router,51,19,gain_1.5,fp,1.0,gain_1.5|fp
fault_triggered_router,51,36,gain_1.5,fp,1.0,gain_1.5|fp
fault_triggered_router,51,39,gain_1.5,fp,1.0,gain_1.5|fp
fault_triggered_router,51,40,gain_1.5,fp,1.0,gain_1.5|fp
fault_triggered_router,51,43,gain_1.5,fp,0.6666666666666666,gain_1.5|fp
fault_triggered_router,51,48,gain_1.5,fp,1.0,gain_1.5|fp
fault_triggered_router,51,49,gain_1.5,fp,1.0,gain_1.5|fp
fault_triggered_router,51,59,gain_1.5,fp,1.0,gain_1.5|fp
fault_triggered_router,51,1,gain_1.5,eeg+emg+imu+fp,0.2222222222222222,gain_1.5|eeg+emg+imu+fp
fault_triggered_router,51,10,gain_1.5,eeg+emg+imu+fp,0.16666666666666666,gain_1.5|eeg+emg+imu+fp
fault_triggered_router,51,15,gain_1.5,eeg+emg+imu+fp,0.5555555555555555,gain_1.5|eeg+emg+imu+fp
fault_triggered_router,51,19,gain_1.5,eeg+emg+imu+fp,0.5555555555555555,gain_1.5|eeg+emg+imu+fp
fault_triggered_router,51,36,gain_1.5,eeg+emg+imu+fp,1.0,gain_1.5|eeg+emg+imu+fp
fault_triggered_router,51,39,gain_1.5,eeg+emg+imu+fp,0.2222222222222222,gain_1.5|eeg+emg+imu+fp
fault_triggered_router,51,40,gain_1.5,eeg+emg+imu+fp,0.5555555555555555,gain_1.5|eeg+emg+imu+fp
fault_triggered_router,51,43,gain_1.5,eeg+emg+imu+fp,0.0,gain_1.5|eeg+emg+imu+fp
fault_triggered_router,51,48,gain_1.5,eeg+emg+imu+fp,0.2222222222222222,gain_1.5|eeg+emg+imu+fp
fault_triggered_router,51,49,gain_1.5,eeg+emg+imu+fp,0.2222222222222222,gain_1.5|eeg+emg+imu+fp
fault_triggered_router,51,59,gain_1.5,eeg+emg+imu+fp,0.2222222222222222,gain_1.5|eeg+emg+imu+fp
fault_triggered_router,51,3,clean,none,0.3333333333333333,clean|none
fault_triggered_router,51,7,clean,none,1.0,clean|none
fault_triggered_router,51,14,clean,none,1.0,clean|none
fault_triggered_router,51,16,clean,none,1.0,clean|none
fault_triggered_router,51,21,clean,none,1.0,clean|none
fault_triggered_router,51,25,clean,none,1.0,clean|none
fault_triggered_router,51,26,clean,none,0.2222222222222222,clean|none
fault_triggered_router,51,27,clean,none,1.0,clean|none
fault_triggered_router,51,29,clean,none,0.2222222222222222,clean|none
fault_triggered_router,51,38,clean,none,1.0,clean|none
fault_triggered_router,51,46,clean,none,1.0,clean|none
fault_triggered_router,51,3,noise_10db,eeg,0.3333333333333333,noise_10db|eeg
fault_triggered_router,51,7,noise_10db,eeg,1.0,noise_10db|eeg
fault_triggered_router,51,14,noise_10db,eeg,1.0,noise_10db|eeg
fault_triggered_router,51,16,noise_10db,eeg,1.0,noise_10db|eeg
fault_triggered_router,51,21,noise_10db,eeg,1.0,noise_10db|eeg
fault_triggered_router,51,25,noise_10db,eeg,1.0,noise_10db|eeg
fault_triggered_router,51,26,noise_10db,eeg,0.2222222222222222,noise_10db|eeg
fault_triggered_router,51,27,noise_10db,eeg,1.0,noise_10db|eeg
fault_triggered_router,51,29,noise_10db,eeg,0.2222222222222222,noise_10db|eeg
fault_triggered_router,51,38,noise_10db,eeg,1.0,noise_10db|eeg
fault_triggered_router,51,46,noise_10db,eeg,1.0,noise_10db|eeg
fault_triggered_router,51,3,noise_10db,emg,0.3333333333333333,noise_10db|emg
fault_triggered_router,51,7,noise_10db,emg,1.0,noise_10db|emg
fault_triggered_router,51,14,noise_10db,emg,1.0,noise_10db|emg
fault_triggered_router,51,16,noise_10db,emg,1.0,noise_10db|emg
fault_triggered_router,51,21,noise_10db,emg,1.0,noise_10db|emg
fault_triggered_router,51,25,noise_10db,emg,1.0,noise_10db|emg
fault_triggered_router,51,26,noise_10db,emg,0.2222222222222222,noise_10db|emg
fault_triggered_router,51,27,noise_10db,emg,1.0,noise_10db|emg
fault_triggered_router,51,29,noise_10db,emg,0.2222222222222222,noise_10db|emg
fault_triggered_router,51,38,noise_10db,emg,1.0,noise_10db|emg
fault_triggered_router,51,46,noise_10db,emg,1.0,noise_10db|emg
fault_triggered_router,51,3,noise_10db,imu,0.3333333333333333,noise_10db|imu
fault_triggered_router,51,7,noise_10db,imu,1.0,noise_10db|imu
fault_triggered_router,51,14,noise_10db,imu,1.0,noise_10db|imu
fault_triggered_router,51,16,noise_10db,imu,1.0,noise_10db|imu
fault_triggered_router,51,21,noise_10db,imu,1.0,noise_10db|imu
fault_triggered_router,51,25,noise_10db,imu,0.5555555555555555,noise_10db|imu
fault_triggered_router,51,26,noise_10db,imu,0.2222222222222222,noise_10db|imu
fault_triggered_router,51,27,noise_10db,imu,1.0,noise_10db|imu
fault_triggered_router,51,29,noise_10db,imu,0.5555555555555555,noise_10db|imu
fault_triggered_router,51,38,noise_10db,imu,1.0,noise_10db|imu
fault_triggered_router,51,46,noise_10db,imu,1.0,noise_10db|imu
fault_triggered_router,51,3,noise_10db,fp,0.3333333333333333,noise_10db|fp
fault_triggered_router,51,7,noise_10db,fp,1.0,noise_10db|fp
fault_triggered_router,51,14,noise_10db,fp,1.0,noise_10db|fp
fault_triggered_router,51,16,noise_10db,fp,1.0,noise_10db|fp
fault_triggered_router,51,21,noise_10db,fp,1.0,noise_10db|fp
fault_triggered_router,51,25,noise_10db,fp,0.5555555555555555,noise_10db|fp
fault_triggered_router,51,26,noise_10db,fp,0.2222222222222222,noise_10db|fp
fault_triggered_router,51,27,noise_10db,fp,1.0,noise_10db|fp
fault_triggered_router,51,29,noise_10db,fp,0.5555555555555555,noise_10db|fp
fault_triggered_router,51,38,noise_10db,fp,1.0,noise_10db|fp
fault_triggered_router,51,46,noise_10db,fp,1.0,noise_10db|fp
fault_triggered_router,51,3,noise_10db,eeg+emg+imu+fp,0.3333333333333333,noise_10db|eeg+emg+imu+fp
fault_triggered_router,51,7,noise_10db,eeg+emg+imu+fp,1.0,noise_10db|eeg+emg+imu+fp
fault_triggered_router,51,14,noise_10db,eeg+emg+imu+fp,1.0,noise_10db|eeg+emg+imu+fp
fault_triggered_router,51,16,noise_10db,eeg+emg+imu+fp,1.0,noise_10db|eeg+emg+imu+fp
fault_triggered_router,51,21,noise_10db,eeg+emg+imu+fp,0.5555555555555555,noise_10db|eeg+emg+imu+fp
fault_triggered_router,51,25,noise_10db,eeg+emg+imu+fp,0.5555555555555555,noise_10db|eeg+emg+imu+fp
fault_triggered_router,51,26,noise_10db,eeg+emg+imu+fp,0.5555555555555555,noise_10db|eeg+emg+imu+fp
fault_triggered_router,51,27,noise_10db,eeg+emg+imu+fp,1.0,noise_10db|eeg+emg+imu+fp
fault_triggered_router,51,29,noise_10db,eeg+emg+imu+fp,1.0,noise_10db|eeg+emg+imu+fp
fault_triggered_router,51,38,noise_10db,eeg+emg+imu+fp,1.0,noise_10db|eeg+emg+imu+fp
fault_triggered_router,51,46,noise_10db,eeg+emg+imu+fp,1.0,noise_10db|eeg+emg+imu+fp
fault_triggered_router,51,3,channel_dropout_30,eeg,0.3333333333333333,channel_dropout_30|eeg
fault_triggered_router,51,7,channel_dropout_30,eeg,1.0,channel_dropout_30|eeg
fault_triggered_router,51,14,channel_dropout_30,eeg,1.0,channel_dropout_30|eeg
fault_triggered_router,51,16,channel_dropout_30,eeg,1.0,channel_dropout_30|eeg
fault_triggered_router,51,21,channel_dropout_30,eeg,1.0,channel_dropout_30|eeg
fault_triggered_router,51,25,channel_dropout_30,eeg,1.0,channel_dropout_30|eeg
fault_triggered_router,51,26,channel_dropout_30,eeg,0.2222222222222222,channel_dropout_30|eeg
fault_triggered_router,51,27,channel_dropout_30,eeg,1.0,channel_dropout_30|eeg
fault_triggered_router,51,29,channel_dropout_30,eeg,0.2222222222222222,channel_dropout_30|eeg
fault_triggered_router,51,38,channel_dropout_30,eeg,1.0,channel_dropout_30|eeg
fault_triggered_router,51,46,channel_dropout_30,eeg,1.0,channel_dropout_30|eeg
fault_triggered_router,51,3,channel_dropout_30,emg,0.3333333333333333,channel_dropout_30|emg
fault_triggered_router,51,7,channel_dropout_30,emg,1.0,channel_dropout_30|emg
fault_triggered_router,51,14,channel_dropout_30,emg,1.0,channel_dropout_30|emg
fault_triggered_router,51,16,channel_dropout_30,emg,1.0,channel_dropout_30|emg
fault_triggered_router,51,21,channel_dropout_30,emg,1.0,channel_dropout_30|emg
fault_triggered_router,51,25,channel_dropout_30,emg,1.0,channel_dropout_30|emg
fault_triggered_router,51,26,channel_dropout_30,emg,0.2222222222222222,channel_dropout_30|emg
fault_triggered_router,51,27,channel_dropout_30,emg,1.0,channel_dropout_30|emg
fault_triggered_router,51,29,channel_dropout_30,emg,0.2222222222222222,channel_dropout_30|emg
fault_triggered_router,51,38,channel_dropout_30,emg,1.0,channel_dropout_30|emg
fault_triggered_router,51,46,channel_dropout_30,emg,1.0,channel_dropout_30|emg
fault_triggered_router,51,3,channel_dropout_30,imu,0.3333333333333333,channel_dropout_30|imu
fault_triggered_router,51,7,channel_dropout_30,imu,1.0,channel_dropout_30|imu
fault_triggered_router,51,14,channel_dropout_30,imu,0.5555555555555555,channel_dropout_30|imu
fault_triggered_router,51,16,channel_dropout_30,imu,0.5555555555555555,channel_dropout_30|imu
fault_triggered_router,51,21,channel_dropout_30,imu,0.5555555555555555,channel_dropout_30|imu
fault_triggered_router,51,25,channel_dropout_30,imu,1.0,channel_dropout_30|imu
fault_triggered_router,51,26,channel_dropout_30,imu,0.2222222222222222,channel_dropout_30|imu
fault_triggered_router,51,27,channel_dropout_30,imu,0.5555555555555555,channel_dropout_30|imu
fault_triggered_router,51,29,channel_dropout_30,imu,0.2222222222222222,channel_dropout_30|imu
fault_triggered_router,51,38,channel_dropout_30,imu,1.0,channel_dropout_30|imu
fault_triggered_router,51,46,channel_dropout_30,imu,1.0,channel_dropout_30|imu
fault_triggered_router,51,3,channel_dropout_30,fp,0.3333333333333333,channel_dropout_30|fp
fault_triggered_router,51,7,channel_dropout_30,fp,1.0,channel_dropout_30|fp
fault_triggered_router,51,14,channel_dropout_30,fp,1.0,channel_dropout_30|fp
fault_triggered_router,51,16,channel_dropout_30,fp,1.0,channel_dropout_30|fp
fault_triggered_router,51,21,channel_dropout_30,fp,1.0,channel_dropout_30|fp
fault_triggered_router,51,25,channel_dropout_30,fp,1.0,channel_dropout_30|fp
fault_triggered_router,51,26,channel_dropout_30,fp,0.2222222222222222,channel_dropout_30|fp
fault_triggered_router,51,27,channel_dropout_30,fp,1.0,channel_dropout_30|fp
fault_triggered_router,51,29,channel_dropout_30,fp,0.2222222222222222,channel_dropout_30|fp
fault_triggered_router,51,38,channel_dropout_30,fp,1.0,channel_dropout_30|fp
fault_triggered_router,51,46,channel_dropout_30,fp,1.0,channel_dropout_30|fp
fault_triggered_router,51,3,channel_dropout_30,eeg+emg+imu+fp,0.3333333333333333,channel_dropout_30|eeg+emg+imu+fp
fault_triggered_router,51,7,channel_dropout_30,eeg+emg+imu+fp,0.2222222222222222,channel_dropout_30|eeg+emg+imu+fp
fault_triggered_router,51,14,channel_dropout_30,eeg+emg+imu+fp,1.0,channel_dropout_30|eeg+emg+imu+fp
fault_triggered_router,51,16,channel_dropout_30,eeg+emg+imu+fp,0.5555555555555555,channel_dropout_30|eeg+emg+imu+fp
fault_triggered_router,51,21,channel_dropout_30,eeg+emg+imu+fp,0.5555555555555555,channel_dropout_30|eeg+emg+imu+fp
fault_triggered_router,51,25,channel_dropout_30,eeg+emg+imu+fp,0.5555555555555555,channel_dropout_30|eeg+emg+imu+fp
fault_triggered_router,51,26,channel_dropout_30,eeg+emg+imu+fp,0.2222222222222222,channel_dropout_30|eeg+emg+imu+fp
fault_triggered_router,51,27,channel_dropout_30,eeg+emg+imu+fp,1.0,channel_dropout_30|eeg+emg+imu+fp
fault_triggered_router,51,29,channel_dropout_30,eeg+emg+imu+fp,0.2222222222222222,channel_dropout_30|eeg+emg+imu+fp
fault_triggered_router,51,38,channel_dropout_30,eeg+emg+imu+fp,0.5555555555555555,channel_dropout_30|eeg+emg+imu+fp
fault_triggered_router,51,46,channel_dropout_30,eeg+emg+imu+fp,0.5555555555555555,channel_dropout_30|eeg+emg+imu+fp
fault_triggered_router,51,3,structured_dropout_30,eeg,0.3333333333333333,structured_dropout_30|eeg
fault_triggered_router,51,7,structured_dropout_30,eeg,1.0,structured_dropout_30|eeg
fault_triggered_router,51,14,structured_dropout_30,eeg,1.0,structured_dropout_30|eeg
fault_triggered_router,51,16,structured_dropout_30,eeg,1.0,structured_dropout_30|eeg
fault_triggered_router,51,21,structured_dropout_30,eeg,1.0,structured_dropout_30|eeg
fault_triggered_router,51,25,structured_dropout_30,eeg,1.0,structured_dropout_30|eeg
fault_triggered_router,51,26,structured_dropout_30,eeg,0.2222222222222222,structured_dropout_30|eeg
fault_triggered_router,51,27,structured_dropout_30,eeg,1.0,structured_dropout_30|eeg
fault_triggered_router,51,29,structured_dropout_30,eeg,0.2222222222222222,structured_dropout_30|eeg
fault_triggered_router,51,38,structured_dropout_30,eeg,1.0,structured_dropout_30|eeg
fault_triggered_router,51,46,structured_dropout_30,eeg,1.0,structured_dropout_30|eeg
fault_triggered_router,51,3,structured_dropout_30,emg,0.3333333333333333,structured_dropout_30|emg
fault_triggered_router,51,7,structured_dropout_30,emg,1.0,structured_dropout_30|emg
fault_triggered_router,51,14,structured_dropout_30,emg,1.0,structured_dropout_30|emg
fault_triggered_router,51,16,structured_dropout_30,emg,1.0,structured_dropout_30|emg
fault_triggered_router,51,21,structured_dropout_30,emg,1.0,structured_dropout_30|emg
fault_triggered_router,51,25,structured_dropout_30,emg,1.0,structured_dropout_30|emg
fault_triggered_router,51,26,structured_dropout_30,emg,0.2222222222222222,structured_dropout_30|emg
fault_triggered_router,51,27,structured_dropout_30,emg,1.0,structured_dropout_30|emg
fault_triggered_router,51,29,structured_dropout_30,emg,0.2222222222222222,structured_dropout_30|emg
fault_triggered_router,51,38,structured_dropout_30,emg,1.0,structured_dropout_30|emg
fault_triggered_router,51,46,structured_dropout_30,emg,1.0,structured_dropout_30|emg
fault_triggered_router,51,3,structured_dropout_30,imu,0.3333333333333333,structured_dropout_30|imu
fault_triggered_router,51,7,structured_dropout_30,imu,1.0,structured_dropout_30|imu
fault_triggered_router,51,14,structured_dropout_30,imu,0.2222222222222222,structured_dropout_30|imu
fault_triggered_router,51,16,structured_dropout_30,imu,0.2222222222222222,structured_dropout_30|imu
fault_triggered_router,51,21,structured_dropout_30,imu,0.5555555555555555,structured_dropout_30|imu
fault_triggered_router,51,25,structured_dropout_30,imu,1.0,structured_dropout_30|imu
fault_triggered_router,51,26,structured_dropout_30,imu,0.2222222222222222,structured_dropout_30|imu
fault_triggered_router,51,27,structured_dropout_30,imu,1.0,structured_dropout_30|imu
fault_triggered_router,51,29,structured_dropout_30,imu,0.2222222222222222,structured_dropout_30|imu
fault_triggered_router,51,38,structured_dropout_30,imu,1.0,structured_dropout_30|imu
fault_triggered_router,51,46,structured_dropout_30,imu,1.0,structured_dropout_30|imu
fault_triggered_router,51,3,structured_dropout_30,fp,0.3333333333333333,structured_dropout_30|fp
fault_triggered_router,51,7,structured_dropout_30,fp,1.0,structured_dropout_30|fp
fault_triggered_router,51,14,structured_dropout_30,fp,1.0,structured_dropout_30|fp
fault_triggered_router,51,16,structured_dropout_30,fp,1.0,structured_dropout_30|fp
fault_triggered_router,51,21,structured_dropout_30,fp,1.0,structured_dropout_30|fp
fault_triggered_router,51,25,structured_dropout_30,fp,1.0,structured_dropout_30|fp
fault_triggered_router,51,26,structured_dropout_30,fp,0.2222222222222222,structured_dropout_30|fp
fault_triggered_router,51,27,structured_dropout_30,fp,1.0,structured_dropout_30|fp
fault_triggered_router,51,29,structured_dropout_30,fp,0.5555555555555555,structured_dropout_30|fp
fault_triggered_router,51,38,structured_dropout_30,fp,1.0,structured_dropout_30|fp
fault_triggered_router,51,46,structured_dropout_30,fp,1.0,structured_dropout_30|fp
fault_triggered_router,51,3,structured_dropout_30,eeg+emg+imu+fp,0.3333333333333333,structured_dropout_30|eeg+emg+imu+fp
fault_triggered_router,51,7,structured_dropout_30,eeg+emg+imu+fp,0.5555555555555555,structured_dropout_30|eeg+emg+imu+fp
fault_triggered_router,51,14,structured_dropout_30,eeg+emg+imu+fp,0.5555555555555555,structured_dropout_30|eeg+emg+imu+fp
fault_triggered_router,51,16,structured_dropout_30,eeg+emg+imu+fp,0.5555555555555555,structured_dropout_30|eeg+emg+imu+fp
fault_triggered_router,51,21,structured_dropout_30,eeg+emg+imu+fp,1.0,structured_dropout_30|eeg+emg+imu+fp
fault_triggered_router,51,25,structured_dropout_30,eeg+emg+imu+fp,1.0,structured_dropout_30|eeg+emg+imu+fp
fault_triggered_router,51,26,structured_dropout_30,eeg+emg+imu+fp,0.2222222222222222,structured_dropout_30|eeg+emg+imu+fp
fault_triggered_router,51,27,structured_dropout_30,eeg+emg+imu+fp,1.0,structured_dropout_30|eeg+emg+imu+fp
fault_triggered_router,51,29,structured_dropout_30,eeg+emg+imu+fp,0.2222222222222222,structured_dropout_30|eeg+emg+imu+fp
fault_triggered_router,51,38,structured_dropout_30,eeg+emg+imu+fp,0.5555555555555555,structured_dropout_30|eeg+emg+imu+fp
fault_triggered_router,51,46,structured_dropout_30,eeg+emg+imu+fp,1.0,structured_dropout_30|eeg+emg+imu+fp
fault_triggered_router,51,3,packet_loss_30,eeg,0.3333333333333333,packet_loss_30|eeg
fault_triggered_router,51,7,packet_loss_30,eeg,1.0,packet_loss_30|eeg
fault_triggered_router,51,14,packet_loss_30,eeg,1.0,packet_loss_30|eeg
fault_triggered_router,51,16,packet_loss_30,eeg,1.0,packet_loss_30|eeg
fault_triggered_router,51,21,packet_loss_30,eeg,1.0,packet_loss_30|eeg
fault_triggered_router,51,25,packet_loss_30,eeg,1.0,packet_loss_30|eeg
fault_triggered_router,51,26,packet_loss_30,eeg,0.2222222222222222,packet_loss_30|eeg
fault_triggered_router,51,27,packet_loss_30,eeg,1.0,packet_loss_30|eeg
fault_triggered_router,51,29,packet_loss_30,eeg,0.2222222222222222,packet_loss_30|eeg
fault_triggered_router,51,38,packet_loss_30,eeg,1.0,packet_loss_30|eeg
fault_triggered_router,51,46,packet_loss_30,eeg,1.0,packet_loss_30|eeg
fault_triggered_router,51,3,packet_loss_30,emg,0.3333333333333333,packet_loss_30|emg
fault_triggered_router,51,7,packet_loss_30,emg,1.0,packet_loss_30|emg
fault_triggered_router,51,14,packet_loss_30,emg,1.0,packet_loss_30|emg
fault_triggered_router,51,16,packet_loss_30,emg,1.0,packet_loss_30|emg
fault_triggered_router,51,21,packet_loss_30,emg,1.0,packet_loss_30|emg
fault_triggered_router,51,25,packet_loss_30,emg,1.0,packet_loss_30|emg
fault_triggered_router,51,26,packet_loss_30,emg,0.2222222222222222,packet_loss_30|emg
fault_triggered_router,51,27,packet_loss_30,emg,1.0,packet_loss_30|emg
fault_triggered_router,51,29,packet_loss_30,emg,0.2222222222222222,packet_loss_30|emg
fault_triggered_router,51,38,packet_loss_30,emg,1.0,packet_loss_30|emg
fault_triggered_router,51,46,packet_loss_30,emg,1.0,packet_loss_30|emg
fault_triggered_router,51,3,packet_loss_30,imu,0.3333333333333333,packet_loss_30|imu
fault_triggered_router,51,7,packet_loss_30,imu,1.0,packet_loss_30|imu
fault_triggered_router,51,14,packet_loss_30,imu,1.0,packet_loss_30|imu
fault_triggered_router,51,16,packet_loss_30,imu,1.0,packet_loss_30|imu
fault_triggered_router,51,21,packet_loss_30,imu,0.5555555555555555,packet_loss_30|imu
fault_triggered_router,51,25,packet_loss_30,imu,1.0,packet_loss_30|imu
fault_triggered_router,51,26,packet_loss_30,imu,0.2222222222222222,packet_loss_30|imu
fault_triggered_router,51,27,packet_loss_30,imu,1.0,packet_loss_30|imu
fault_triggered_router,51,29,packet_loss_30,imu,0.2222222222222222,packet_loss_30|imu
fault_triggered_router,51,38,packet_loss_30,imu,1.0,packet_loss_30|imu
fault_triggered_router,51,46,packet_loss_30,imu,1.0,packet_loss_30|imu
fault_triggered_router,51,3,packet_loss_30,fp,0.3333333333333333,packet_loss_30|fp
fault_triggered_router,51,7,packet_loss_30,fp,1.0,packet_loss_30|fp
fault_triggered_router,51,14,packet_loss_30,fp,1.0,packet_loss_30|fp
fault_triggered_router,51,16,packet_loss_30,fp,1.0,packet_loss_30|fp
fault_triggered_router,51,21,packet_loss_30,fp,1.0,packet_loss_30|fp
fault_triggered_router,51,25,packet_loss_30,fp,1.0,packet_loss_30|fp
fault_triggered_router,51,26,packet_loss_30,fp,0.2222222222222222,packet_loss_30|fp
fault_triggered_router,51,27,packet_loss_30,fp,1.0,packet_loss_30|fp
fault_triggered_router,51,29,packet_loss_30,fp,0.2222222222222222,packet_loss_30|fp
fault_triggered_router,51,38,packet_loss_30,fp,1.0,packet_loss_30|fp
fault_triggered_router,51,46,packet_loss_30,fp,1.0,packet_loss_30|fp
fault_triggered_router,51,3,packet_loss_30,eeg+emg+imu+fp,0.3333333333333333,packet_loss_30|eeg+emg+imu+fp
fault_triggered_router,51,7,packet_loss_30,eeg+emg+imu+fp,1.0,packet_loss_30|eeg+emg+imu+fp
fault_triggered_router,51,14,packet_loss_30,eeg+emg+imu+fp,0.5555555555555555,packet_loss_30|eeg+emg+imu+fp
fault_triggered_router,51,16,packet_loss_30,eeg+emg+imu+fp,0.5555555555555555,packet_loss_30|eeg+emg+imu+fp
fault_triggered_router,51,21,packet_loss_30,eeg+emg+imu+fp,1.0,packet_loss_30|eeg+emg+imu+fp
fault_triggered_router,51,25,packet_loss_30,eeg+emg+imu+fp,1.0,packet_loss_30|eeg+emg+imu+fp
fault_triggered_router,51,26,packet_loss_30,eeg+emg+imu+fp,0.2222222222222222,packet_loss_30|eeg+emg+imu+fp
fault_triggered_router,51,27,packet_loss_30,eeg+emg+imu+fp,1.0,packet_loss_30|eeg+emg+imu+fp
fault_triggered_router,51,29,packet_loss_30,eeg+emg+imu+fp,0.2222222222222222,packet_loss_30|eeg+emg+imu+fp
fault_triggered_router,51,38,packet_loss_30,eeg+emg+imu+fp,1.0,packet_loss_30|eeg+emg+imu+fp
fault_triggered_router,51,46,packet_loss_30,eeg+emg+imu+fp,1.0,packet_loss_30|eeg+emg+imu+fp
fault_triggered_router,51,3,shift_250ms,eeg,0.3333333333333333,shift_250ms|eeg
fault_triggered_router,51,7,shift_250ms,eeg,1.0,shift_250ms|eeg
fault_triggered_router,51,14,shift_250ms,eeg,1.0,shift_250ms|eeg
fault_triggered_router,51,16,shift_250ms,eeg,1.0,shift_250ms|eeg
fault_triggered_router,51,21,shift_250ms,eeg,1.0,shift_250ms|eeg
fault_triggered_router,51,25,shift_250ms,eeg,1.0,shift_250ms|eeg
fault_triggered_router,51,26,shift_250ms,eeg,0.2222222222222222,shift_250ms|eeg
fault_triggered_router,51,27,shift_250ms,eeg,1.0,shift_250ms|eeg
fault_triggered_router,51,29,shift_250ms,eeg,0.2222222222222222,shift_250ms|eeg
fault_triggered_router,51,38,shift_250ms,eeg,1.0,shift_250ms|eeg
fault_triggered_router,51,46,shift_250ms,eeg,1.0,shift_250ms|eeg
fault_triggered_router,51,3,shift_250ms,emg,0.3333333333333333,shift_250ms|emg
fault_triggered_router,51,7,shift_250ms,emg,1.0,shift_250ms|emg
fault_triggered_router,51,14,shift_250ms,emg,1.0,shift_250ms|emg
fault_triggered_router,51,16,shift_250ms,emg,1.0,shift_250ms|emg
fault_triggered_router,51,21,shift_250ms,emg,1.0,shift_250ms|emg
fault_triggered_router,51,25,shift_250ms,emg,1.0,shift_250ms|emg
fault_triggered_router,51,26,shift_250ms,emg,0.2222222222222222,shift_250ms|emg
fault_triggered_router,51,27,shift_250ms,emg,1.0,shift_250ms|emg
fault_triggered_router,51,29,shift_250ms,emg,0.2222222222222222,shift_250ms|emg
fault_triggered_router,51,38,shift_250ms,emg,1.0,shift_250ms|emg
fault_triggered_router,51,46,shift_250ms,emg,1.0,shift_250ms|emg
fault_triggered_router,51,3,shift_250ms,imu,0.3333333333333333,shift_250ms|imu
fault_triggered_router,51,7,shift_250ms,imu,1.0,shift_250ms|imu
fault_triggered_router,51,14,shift_250ms,imu,1.0,shift_250ms|imu
fault_triggered_router,51,16,shift_250ms,imu,1.0,shift_250ms|imu
fault_triggered_router,51,21,shift_250ms,imu,1.0,shift_250ms|imu
fault_triggered_router,51,25,shift_250ms,imu,1.0,shift_250ms|imu
fault_triggered_router,51,26,shift_250ms,imu,0.2222222222222222,shift_250ms|imu
fault_triggered_router,51,27,shift_250ms,imu,1.0,shift_250ms|imu
fault_triggered_router,51,29,shift_250ms,imu,0.2222222222222222,shift_250ms|imu
fault_triggered_router,51,38,shift_250ms,imu,1.0,shift_250ms|imu
fault_triggered_router,51,46,shift_250ms,imu,1.0,shift_250ms|imu
fault_triggered_router,51,3,shift_250ms,fp,0.3333333333333333,shift_250ms|fp
fault_triggered_router,51,7,shift_250ms,fp,1.0,shift_250ms|fp
fault_triggered_router,51,14,shift_250ms,fp,1.0,shift_250ms|fp
fault_triggered_router,51,16,shift_250ms,fp,1.0,shift_250ms|fp
fault_triggered_router,51,21,shift_250ms,fp,1.0,shift_250ms|fp
fault_triggered_router,51,25,shift_250ms,fp,1.0,shift_250ms|fp
fault_triggered_router,51,26,shift_250ms,fp,0.2222222222222222,shift_250ms|fp
fault_triggered_router,51,27,shift_250ms,fp,1.0,shift_250ms|fp
fault_triggered_router,51,29,shift_250ms,fp,0.2222222222222222,shift_250ms|fp
fault_triggered_router,51,38,shift_250ms,fp,1.0,shift_250ms|fp
fault_triggered_router,51,46,shift_250ms,fp,1.0,shift_250ms|fp
fault_triggered_router,51,3,shift_250ms,eeg+emg+imu+fp,0.3333333333333333,shift_250ms|eeg+emg+imu+fp
fault_triggered_router,51,7,shift_250ms,eeg+emg+imu+fp,1.0,shift_250ms|eeg+emg+imu+fp
fault_triggered_router,51,14,shift_250ms,eeg+emg+imu+fp,1.0,shift_250ms|eeg+emg+imu+fp
fault_triggered_router,51,16,shift_250ms,eeg+emg+imu+fp,1.0,shift_250ms|eeg+emg+imu+fp
fault_triggered_router,51,21,shift_250ms,eeg+emg+imu+fp,1.0,shift_250ms|eeg+emg+imu+fp
fault_triggered_router,51,25,shift_250ms,eeg+emg+imu+fp,1.0,shift_250ms|eeg+emg+imu+fp
fault_triggered_router,51,26,shift_250ms,eeg+emg+imu+fp,0.2222222222222222,shift_250ms|eeg+emg+imu+fp
fault_triggered_router,51,27,shift_250ms,eeg+emg+imu+fp,1.0,shift_250ms|eeg+emg+imu+fp
fault_triggered_router,51,29,shift_250ms,eeg+emg+imu+fp,0.2222222222222222,shift_250ms|eeg+emg+imu+fp
fault_triggered_router,51,38,shift_250ms,eeg+emg+imu+fp,1.0,shift_250ms|eeg+emg+imu+fp
fault_triggered_router,51,46,shift_250ms,eeg+emg+imu+fp,1.0,shift_250ms|eeg+emg+imu+fp
fault_triggered_router,51,3,gain_1.5,eeg,0.3333333333333333,gain_1.5|eeg
fault_triggered_router,51,7,gain_1.5,eeg,1.0,gain_1.5|eeg
fault_triggered_router,51,14,gain_1.5,eeg,1.0,gain_1.5|eeg
fault_triggered_router,51,16,gain_1.5,eeg,1.0,gain_1.5|eeg
fault_triggered_router,51,21,gain_1.5,eeg,1.0,gain_1.5|eeg
fault_triggered_router,51,25,gain_1.5,eeg,1.0,gain_1.5|eeg
fault_triggered_router,51,26,gain_1.5,eeg,0.2222222222222222,gain_1.5|eeg
fault_triggered_router,51,27,gain_1.5,eeg,1.0,gain_1.5|eeg
fault_triggered_router,51,29,gain_1.5,eeg,0.2222222222222222,gain_1.5|eeg
fault_triggered_router,51,38,gain_1.5,eeg,1.0,gain_1.5|eeg
fault_triggered_router,51,46,gain_1.5,eeg,1.0,gain_1.5|eeg
fault_triggered_router,51,3,gain_1.5,emg,0.3333333333333333,gain_1.5|emg
fault_triggered_router,51,7,gain_1.5,emg,1.0,gain_1.5|emg
fault_triggered_router,51,14,gain_1.5,emg,1.0,gain_1.5|emg
fault_triggered_router,51,16,gain_1.5,emg,1.0,gain_1.5|emg
fault_triggered_router,51,21,gain_1.5,emg,1.0,gain_1.5|emg
fault_triggered_router,51,25,gain_1.5,emg,1.0,gain_1.5|emg
fault_triggered_router,51,26,gain_1.5,emg,0.2222222222222222,gain_1.5|emg
fault_triggered_router,51,27,gain_1.5,emg,1.0,gain_1.5|emg
fault_triggered_router,51,29,gain_1.5,emg,0.2222222222222222,gain_1.5|emg
fault_triggered_router,51,38,gain_1.5,emg,1.0,gain_1.5|emg
fault_triggered_router,51,46,gain_1.5,emg,1.0,gain_1.5|emg
fault_triggered_router,51,3,gain_1.5,imu,0.3333333333333333,gain_1.5|imu
fault_triggered_router,51,7,gain_1.5,imu,0.5555555555555555,gain_1.5|imu
fault_triggered_router,51,14,gain_1.5,imu,0.5555555555555555,gain_1.5|imu
fault_triggered_router,51,16,gain_1.5,imu,1.0,gain_1.5|imu
fault_triggered_router,51,21,gain_1.5,imu,0.2222222222222222,gain_1.5|imu
fault_triggered_router,51,25,gain_1.5,imu,0.2222222222222222,gain_1.5|imu
fault_triggered_router,51,26,gain_1.5,imu,1.0,gain_1.5|imu
fault_triggered_router,51,27,gain_1.5,imu,0.5555555555555555,gain_1.5|imu
fault_triggered_router,51,29,gain_1.5,imu,1.0,gain_1.5|imu
fault_triggered_router,51,38,gain_1.5,imu,0.5555555555555555,gain_1.5|imu
fault_triggered_router,51,46,gain_1.5,imu,0.5555555555555555,gain_1.5|imu
fault_triggered_router,51,3,gain_1.5,fp,0.3333333333333333,gain_1.5|fp
fault_triggered_router,51,7,gain_1.5,fp,1.0,gain_1.5|fp
fault_triggered_router,51,14,gain_1.5,fp,1.0,gain_1.5|fp
fault_triggered_router,51,16,gain_1.5,fp,1.0,gain_1.5|fp
fault_triggered_router,51,21,gain_1.5,fp,0.5555555555555555,gain_1.5|fp
fault_triggered_router,51,25,gain_1.5,fp,0.5555555555555555,gain_1.5|fp
fault_triggered_router,51,26,gain_1.5,fp,0.2222222222222222,gain_1.5|fp
fault_triggered_router,51,27,gain_1.5,fp,1.0,gain_1.5|fp
fault_triggered_router,51,29,gain_1.5,fp,0.5555555555555555,gain_1.5|fp
fault_triggered_router,51,38,gain_1.5,fp,1.0,gain_1.5|fp
fault_triggered_router,51,46,gain_1.5,fp,1.0,gain_1.5|fp
fault_triggered_router,51,3,gain_1.5,eeg+emg+imu+fp,0.0,gain_1.5|eeg+emg+imu+fp
fault_triggered_router,51,7,gain_1.5,eeg+emg+imu+fp,0.2222222222222222,gain_1.5|eeg+emg+imu+fp
fault_triggered_router,51,14,gain_1.5,eeg+emg+imu+fp,0.2222222222222222,gain_1.5|eeg+emg+imu+fp
fault_triggered_router,51,16,gain_1.5,eeg+emg+imu+fp,0.5555555555555555,gain_1.5|eeg+emg+imu+fp
fault_triggered_router,51,21,gain_1.5,eeg+emg+imu+fp,0.2222222222222222,gain_1.5|eeg+emg+imu+fp
fault_triggered_router,51,25,gain_1.5,eeg+emg+imu+fp,0.2222222222222222,gain_1.5|eeg+emg+imu+fp
fault_triggered_router,51,26,gain_1.5,eeg+emg+imu+fp,1.0,gain_1.5|eeg+emg+imu+fp
fault_triggered_router,51,27,gain_1.5,eeg+emg+imu+fp,0.2222222222222222,gain_1.5|eeg+emg+imu+fp
fault_triggered_router,51,29,gain_1.5,eeg+emg+imu+fp,1.0,gain_1.5|eeg+emg+imu+fp
fault_triggered_router,51,38,gain_1.5,eeg+emg+imu+fp,0.2222222222222222,gain_1.5|eeg+emg+imu+fp
fault_triggered_router,51,46,gain_1.5,eeg+emg+imu+fp,0.5555555555555555,gain_1.5|eeg+emg+imu+fp
fault_triggered_router,51,4,clean,none,1.0,clean|none
fault_triggered_router,51,5,clean,none,1.0,clean|none
fault_triggered_router,51,6,clean,none,1.0,clean|none
fault_triggered_router,51,9,clean,none,1.0,clean|none
fault_triggered_router,51,17,clean,none,1.0,clean|none
fault_triggered_router,51,18,clean,none,1.0,clean|none
fault_triggered_router,51,32,clean,none,0.6666666666666666,clean|none
fault_triggered_router,51,33,clean,none,1.0,clean|none
fault_triggered_router,51,35,clean,none,1.0,clean|none
fault_triggered_router,51,44,clean,none,1.0,clean|none
fault_triggered_router,51,53,clean,none,1.0,clean|none
fault_triggered_router,51,4,noise_10db,eeg,1.0,noise_10db|eeg
fault_triggered_router,51,5,noise_10db,eeg,1.0,noise_10db|eeg
fault_triggered_router,51,6,noise_10db,eeg,1.0,noise_10db|eeg
fault_triggered_router,51,9,noise_10db,eeg,1.0,noise_10db|eeg
fault_triggered_router,51,17,noise_10db,eeg,1.0,noise_10db|eeg
fault_triggered_router,51,18,noise_10db,eeg,1.0,noise_10db|eeg
fault_triggered_router,51,32,noise_10db,eeg,0.6666666666666666,noise_10db|eeg
fault_triggered_router,51,33,noise_10db,eeg,1.0,noise_10db|eeg
fault_triggered_router,51,35,noise_10db,eeg,1.0,noise_10db|eeg
fault_triggered_router,51,44,noise_10db,eeg,1.0,noise_10db|eeg
fault_triggered_router,51,53,noise_10db,eeg,1.0,noise_10db|eeg
fault_triggered_router,51,4,noise_10db,emg,1.0,noise_10db|emg
fault_triggered_router,51,5,noise_10db,emg,1.0,noise_10db|emg
fault_triggered_router,51,6,noise_10db,emg,1.0,noise_10db|emg
fault_triggered_router,51,9,noise_10db,emg,1.0,noise_10db|emg
fault_triggered_router,51,17,noise_10db,emg,1.0,noise_10db|emg
fault_triggered_router,51,18,noise_10db,emg,1.0,noise_10db|emg
fault_triggered_router,51,32,noise_10db,emg,0.6666666666666666,noise_10db|emg
fault_triggered_router,51,33,noise_10db,emg,1.0,noise_10db|emg
fault_triggered_router,51,35,noise_10db,emg,1.0,noise_10db|emg
fault_triggered_router,51,44,noise_10db,emg,1.0,noise_10db|emg
fault_triggered_router,51,53,noise_10db,emg,1.0,noise_10db|emg
fault_triggered_router,51,4,noise_10db,imu,1.0,noise_10db|imu
fault_triggered_router,51,5,noise_10db,imu,1.0,noise_10db|imu
fault_triggered_router,51,6,noise_10db,imu,1.0,noise_10db|imu
fault_triggered_router,51,9,noise_10db,imu,1.0,noise_10db|imu
fault_triggered_router,51,17,noise_10db,imu,1.0,noise_10db|imu
fault_triggered_router,51,18,noise_10db,imu,1.0,noise_10db|imu
fault_triggered_router,51,32,noise_10db,imu,0.6666666666666666,noise_10db|imu
fault_triggered_router,51,33,noise_10db,imu,1.0,noise_10db|imu
fault_triggered_router,51,35,noise_10db,imu,1.0,noise_10db|imu
fault_triggered_router,51,44,noise_10db,imu,1.0,noise_10db|imu
fault_triggered_router,51,53,noise_10db,imu,1.0,noise_10db|imu
fault_triggered_router,51,4,noise_10db,fp,1.0,noise_10db|fp
fault_triggered_router,51,5,noise_10db,fp,1.0,noise_10db|fp
fault_triggered_router,51,6,noise_10db,fp,1.0,noise_10db|fp
fault_triggered_router,51,9,noise_10db,fp,1.0,noise_10db|fp
fault_triggered_router,51,17,noise_10db,fp,1.0,noise_10db|fp
fault_triggered_router,51,18,noise_10db,fp,1.0,noise_10db|fp
fault_triggered_router,51,32,noise_10db,fp,0.6666666666666666,noise_10db|fp
fault_triggered_router,51,33,noise_10db,fp,1.0,noise_10db|fp
fault_triggered_router,51,35,noise_10db,fp,1.0,noise_10db|fp
fault_triggered_router,51,44,noise_10db,fp,1.0,noise_10db|fp
fault_triggered_router,51,53,noise_10db,fp,1.0,noise_10db|fp
fault_triggered_router,51,4,noise_10db,eeg+emg+imu+fp,1.0,noise_10db|eeg+emg+imu+fp
fault_triggered_router,51,5,noise_10db,eeg+emg+imu+fp,0.5555555555555555,noise_10db|eeg+emg+imu+fp
fault_triggered_router,51,6,noise_10db,eeg+emg+imu+fp,1.0,noise_10db|eeg+emg+imu+fp
fault_triggered_router,51,9,noise_10db,eeg+emg+imu+fp,1.0,noise_10db|eeg+emg+imu+fp
fault_triggered_router,51,17,noise_10db,eeg+emg+imu+fp,1.0,noise_10db|eeg+emg+imu+fp
fault_triggered_router,51,18,noise_10db,eeg+emg+imu+fp,1.0,noise_10db|eeg+emg+imu+fp
fault_triggered_router,51,32,noise_10db,eeg+emg+imu+fp,0.6666666666666666,noise_10db|eeg+emg+imu+fp
fault_triggered_router,51,33,noise_10db,eeg+emg+imu+fp,1.0,noise_10db|eeg+emg+imu+fp
fault_triggered_router,51,35,noise_10db,eeg+emg+imu+fp,1.0,noise_10db|eeg+emg+imu+fp
fault_triggered_router,51,44,noise_10db,eeg+emg+imu+fp,1.0,noise_10db|eeg+emg+imu+fp
fault_triggered_router,51,53,noise_10db,eeg+emg+imu+fp,1.0,noise_10db|eeg+emg+imu+fp
fault_triggered_router,51,4,channel_dropout_30,eeg,1.0,channel_dropout_30|eeg
fault_triggered_router,51,5,channel_dropout_30,eeg,1.0,channel_dropout_30|eeg
fault_triggered_router,51,6,channel_dropout_30,eeg,1.0,channel_dropout_30|eeg
fault_triggered_router,51,9,channel_dropout_30,eeg,1.0,channel_dropout_30|eeg
fault_triggered_router,51,17,channel_dropout_30,eeg,1.0,channel_dropout_30|eeg
fault_triggered_router,51,18,channel_dropout_30,eeg,1.0,channel_dropout_30|eeg
fault_triggered_router,51,32,channel_dropout_30,eeg,0.6666666666666666,channel_dropout_30|eeg
fault_triggered_router,51,33,channel_dropout_30,eeg,1.0,channel_dropout_30|eeg
fault_triggered_router,51,35,channel_dropout_30,eeg,1.0,channel_dropout_30|eeg
fault_triggered_router,51,44,channel_dropout_30,eeg,1.0,channel_dropout_30|eeg
fault_triggered_router,51,53,channel_dropout_30,eeg,1.0,channel_dropout_30|eeg
fault_triggered_router,51,4,channel_dropout_30,emg,1.0,channel_dropout_30|emg
fault_triggered_router,51,5,channel_dropout_30,emg,1.0,channel_dropout_30|emg
fault_triggered_router,51,6,channel_dropout_30,emg,1.0,channel_dropout_30|emg
fault_triggered_router,51,9,channel_dropout_30,emg,1.0,channel_dropout_30|emg
fault_triggered_router,51,17,channel_dropout_30,emg,1.0,channel_dropout_30|emg
fault_triggered_router,51,18,channel_dropout_30,emg,1.0,channel_dropout_30|emg
fault_triggered_router,51,32,channel_dropout_30,emg,0.6666666666666666,channel_dropout_30|emg
fault_triggered_router,51,33,channel_dropout_30,emg,1.0,channel_dropout_30|emg
fault_triggered_router,51,35,channel_dropout_30,emg,1.0,channel_dropout_30|emg
fault_triggered_router,51,44,channel_dropout_30,emg,1.0,channel_dropout_30|emg
fault_triggered_router,51,53,channel_dropout_30,emg,1.0,channel_dropout_30|emg
fault_triggered_router,51,4,channel_dropout_30,imu,0.5555555555555555,channel_dropout_30|imu
fault_triggered_router,51,5,channel_dropout_30,imu,1.0,channel_dropout_30|imu
fault_triggered_router,51,6,channel_dropout_30,imu,0.2222222222222222,channel_dropout_30|imu
fault_triggered_router,51,9,channel_dropout_30,imu,1.0,channel_dropout_30|imu
fault_triggered_router,51,17,channel_dropout_30,imu,0.2222222222222222,channel_dropout_30|imu
fault_triggered_router,51,18,channel_dropout_30,imu,0.2222222222222222,channel_dropout_30|imu
fault_triggered_router,51,32,channel_dropout_30,imu,0.6666666666666666,channel_dropout_30|imu
fault_triggered_router,51,33,channel_dropout_30,imu,1.0,channel_dropout_30|imu
fault_triggered_router,51,35,channel_dropout_30,imu,1.0,channel_dropout_30|imu
fault_triggered_router,51,44,channel_dropout_30,imu,0.5555555555555555,channel_dropout_30|imu
fault_triggered_router,51,53,channel_dropout_30,imu,1.0,channel_dropout_30|imu
fault_triggered_router,51,4,channel_dropout_30,fp,1.0,channel_dropout_30|fp
fault_triggered_router,51,5,channel_dropout_30,fp,1.0,channel_dropout_30|fp
fault_triggered_router,51,6,channel_dropout_30,fp,1.0,channel_dropout_30|fp
fault_triggered_router,51,9,channel_dropout_30,fp,1.0,channel_dropout_30|fp
fault_triggered_router,51,17,channel_dropout_30,fp,1.0,channel_dropout_30|fp
fault_triggered_router,51,18,channel_dropout_30,fp,1.0,channel_dropout_30|fp
fault_triggered_router,51,32,channel_dropout_30,fp,0.6666666666666666,channel_dropout_30|fp
fault_triggered_router,51,33,channel_dropout_30,fp,1.0,channel_dropout_30|fp
fault_triggered_router,51,35,channel_dropout_30,fp,1.0,channel_dropout_30|fp
fault_triggered_router,51,44,channel_dropout_30,fp,1.0,channel_dropout_30|fp
fault_triggered_router,51,53,channel_dropout_30,fp,1.0,channel_dropout_30|fp
fault_triggered_router,51,4,channel_dropout_30,eeg+emg+imu+fp,0.5555555555555555,channel_dropout_30|eeg+emg+imu+fp
fault_triggered_router,51,5,channel_dropout_30,eeg+emg+imu+fp,0.5555555555555555,channel_dropout_30|eeg+emg+imu+fp
fault_triggered_router,51,6,channel_dropout_30,eeg+emg+imu+fp,0.5555555555555555,channel_dropout_30|eeg+emg+imu+fp
fault_triggered_router,51,9,channel_dropout_30,eeg+emg+imu+fp,1.0,channel_dropout_30|eeg+emg+imu+fp
fault_triggered_router,51,17,channel_dropout_30,eeg+emg+imu+fp,0.2222222222222222,channel_dropout_30|eeg+emg+imu+fp
fault_triggered_router,51,18,channel_dropout_30,eeg+emg+imu+fp,0.2222222222222222,channel_dropout_30|eeg+emg+imu+fp
fault_triggered_router,51,32,channel_dropout_30,eeg+emg+imu+fp,0.2222222222222222,channel_dropout_30|eeg+emg+imu+fp
fault_triggered_router,51,33,channel_dropout_30,eeg+emg+imu+fp,0.5555555555555555,channel_dropout_30|eeg+emg+imu+fp
fault_triggered_router,51,35,channel_dropout_30,eeg+emg+imu+fp,0.2222222222222222,channel_dropout_30|eeg+emg+imu+fp
fault_triggered_router,51,44,channel_dropout_30,eeg+emg+imu+fp,1.0,channel_dropout_30|eeg+emg+imu+fp
fault_triggered_router,51,53,channel_dropout_30,eeg+emg+imu+fp,0.5555555555555555,channel_dropout_30|eeg+emg+imu+fp
fault_triggered_router,51,4,structured_dropout_30,eeg,1.0,structured_dropout_30|eeg
fault_triggered_router,51,5,structured_dropout_30,eeg,1.0,structured_dropout_30|eeg
fault_triggered_router,51,6,structured_dropout_30,eeg,1.0,structured_dropout_30|eeg
fault_triggered_router,51,9,structured_dropout_30,eeg,1.0,structured_dropout_30|eeg
fault_triggered_router,51,17,structured_dropout_30,eeg,1.0,structured_dropout_30|eeg
fault_triggered_router,51,18,structured_dropout_30,eeg,1.0,structured_dropout_30|eeg
fault_triggered_router,51,32,structured_dropout_30,eeg,0.6666666666666666,structured_dropout_30|eeg
fault_triggered_router,51,33,structured_dropout_30,eeg,1.0,structured_dropout_30|eeg
fault_triggered_router,51,35,structured_dropout_30,eeg,1.0,structured_dropout_30|eeg
fault_triggered_router,51,44,structured_dropout_30,eeg,1.0,structured_dropout_30|eeg
fault_triggered_router,51,53,structured_dropout_30,eeg,1.0,structured_dropout_30|eeg
fault_triggered_router,51,4,structured_dropout_30,emg,1.0,structured_dropout_30|emg
fault_triggered_router,51,5,structured_dropout_30,emg,1.0,structured_dropout_30|emg
fault_triggered_router,51,6,structured_dropout_30,emg,1.0,structured_dropout_30|emg
fault_triggered_router,51,9,structured_dropout_30,emg,1.0,structured_dropout_30|emg
fault_triggered_router,51,17,structured_dropout_30,emg,1.0,structured_dropout_30|emg
fault_triggered_router,51,18,structured_dropout_30,emg,1.0,structured_dropout_30|emg
fault_triggered_router,51,32,structured_dropout_30,emg,0.6666666666666666,structured_dropout_30|emg
fault_triggered_router,51,33,structured_dropout_30,emg,1.0,structured_dropout_30|emg
fault_triggered_router,51,35,structured_dropout_30,emg,1.0,structured_dropout_30|emg
fault_triggered_router,51,44,structured_dropout_30,emg,1.0,structured_dropout_30|emg
fault_triggered_router,51,53,structured_dropout_30,emg,1.0,structured_dropout_30|emg
fault_triggered_router,51,4,structured_dropout_30,imu,1.0,structured_dropout_30|imu
fault_triggered_router,51,5,structured_dropout_30,imu,1.0,structured_dropout_30|imu
fault_triggered_router,51,6,structured_dropout_30,imu,0.5555555555555555,structured_dropout_30|imu
fault_triggered_router,51,9,structured_dropout_30,imu,1.0,structured_dropout_30|imu
fault_triggered_router,51,17,structured_dropout_30,imu,0.2222222222222222,structured_dropout_30|imu
fault_triggered_router,51,18,structured_dropout_30,imu,0.5555555555555555,structured_dropout_30|imu
fault_triggered_router,51,32,structured_dropout_30,imu,0.6666666666666666,structured_dropout_30|imu
fault_triggered_router,51,33,structured_dropout_30,imu,0.5555555555555555,structured_dropout_30|imu
fault_triggered_router,51,35,structured_dropout_30,imu,0.5555555555555555,structured_dropout_30|imu
fault_triggered_router,51,44,structured_dropout_30,imu,0.5555555555555555,structured_dropout_30|imu
fault_triggered_router,51,53,structured_dropout_30,imu,1.0,structured_dropout_30|imu
fault_triggered_router,51,4,structured_dropout_30,fp,1.0,structured_dropout_30|fp
fault_triggered_router,51,5,structured_dropout_30,fp,1.0,structured_dropout_30|fp
fault_triggered_router,51,6,structured_dropout_30,fp,1.0,structured_dropout_30|fp
fault_triggered_router,51,9,structured_dropout_30,fp,1.0,structured_dropout_30|fp
fault_triggered_router,51,17,structured_dropout_30,fp,1.0,structured_dropout_30|fp
fault_triggered_router,51,18,structured_dropout_30,fp,1.0,structured_dropout_30|fp
fault_triggered_router,51,32,structured_dropout_30,fp,0.6666666666666666,structured_dropout_30|fp
fault_triggered_router,51,33,structured_dropout_30,fp,1.0,structured_dropout_30|fp
fault_triggered_router,51,35,structured_dropout_30,fp,1.0,structured_dropout_30|fp
fault_triggered_router,51,44,structured_dropout_30,fp,1.0,structured_dropout_30|fp
fault_triggered_router,51,53,structured_dropout_30,fp,1.0,structured_dropout_30|fp
fault_triggered_router,51,4,structured_dropout_30,eeg+emg+imu+fp,1.0,structured_dropout_30|eeg+emg+imu+fp
fault_triggered_router,51,5,structured_dropout_30,eeg+emg+imu+fp,1.0,structured_dropout_30|eeg+emg+imu+fp
fault_triggered_router,51,6,structured_dropout_30,eeg+emg+imu+fp,0.2222222222222222,structured_dropout_30|eeg+emg+imu+fp
fault_triggered_router,51,9,structured_dropout_30,eeg+emg+imu+fp,1.0,structured_dropout_30|eeg+emg+imu+fp
fault_triggered_router,51,17,structured_dropout_30,eeg+emg+imu+fp,0.2222222222222222,structured_dropout_30|eeg+emg+imu+fp
fault_triggered_router,51,18,structured_dropout_30,eeg+emg+imu+fp,0.5555555555555555,structured_dropout_30|eeg+emg+imu+fp
fault_triggered_router,51,32,structured_dropout_30,eeg+emg+imu+fp,0.6666666666666666,structured_dropout_30|eeg+emg+imu+fp
fault_triggered_router,51,33,structured_dropout_30,eeg+emg+imu+fp,1.0,structured_dropout_30|eeg+emg+imu+fp
fault_triggered_router,51,35,structured_dropout_30,eeg+emg+imu+fp,0.5555555555555555,structured_dropout_30|eeg+emg+imu+fp
fault_triggered_router,51,44,structured_dropout_30,eeg+emg+imu+fp,0.5555555555555555,structured_dropout_30|eeg+emg+imu+fp
fault_triggered_router,51,53,structured_dropout_30,eeg+emg+imu+fp,1.0,structured_dropout_30|eeg+emg+imu+fp
fault_triggered_router,51,4,packet_loss_30,eeg,1.0,packet_loss_30|eeg
fault_triggered_router,51,5,packet_loss_30,eeg,1.0,packet_loss_30|eeg
fault_triggered_router,51,6,packet_loss_30,eeg,1.0,packet_loss_30|eeg
fault_triggered_router,51,9,packet_loss_30,eeg,1.0,packet_loss_30|eeg
fault_triggered_router,51,17,packet_loss_30,eeg,1.0,packet_loss_30|eeg
fault_triggered_router,51,18,packet_loss_30,eeg,1.0,packet_loss_30|eeg
fault_triggered_router,51,32,packet_loss_30,eeg,0.6666666666666666,packet_loss_30|eeg
fault_triggered_router,51,33,packet_loss_30,eeg,1.0,packet_loss_30|eeg
fault_triggered_router,51,35,packet_loss_30,eeg,1.0,packet_loss_30|eeg
fault_triggered_router,51,44,packet_loss_30,eeg,1.0,packet_loss_30|eeg
fault_triggered_router,51,53,packet_loss_30,eeg,1.0,packet_loss_30|eeg
fault_triggered_router,51,4,packet_loss_30,emg,1.0,packet_loss_30|emg
fault_triggered_router,51,5,packet_loss_30,emg,1.0,packet_loss_30|emg
fault_triggered_router,51,6,packet_loss_30,emg,1.0,packet_loss_30|emg
fault_triggered_router,51,9,packet_loss_30,emg,1.0,packet_loss_30|emg
fault_triggered_router,51,17,packet_loss_30,emg,1.0,packet_loss_30|emg
fault_triggered_router,51,18,packet_loss_30,emg,1.0,packet_loss_30|emg
fault_triggered_router,51,32,packet_loss_30,emg,0.6666666666666666,packet_loss_30|emg
fault_triggered_router,51,33,packet_loss_30,emg,1.0,packet_loss_30|emg
fault_triggered_router,51,35,packet_loss_30,emg,1.0,packet_loss_30|emg
fault_triggered_router,51,44,packet_loss_30,emg,1.0,packet_loss_30|emg
fault_triggered_router,51,53,packet_loss_30,emg,1.0,packet_loss_30|emg
fault_triggered_router,51,4,packet_loss_30,imu,1.0,packet_loss_30|imu
fault_triggered_router,51,5,packet_loss_30,imu,1.0,packet_loss_30|imu
fault_triggered_router,51,6,packet_loss_30,imu,0.5555555555555555,packet_loss_30|imu
fault_triggered_router,51,9,packet_loss_30,imu,1.0,packet_loss_30|imu
fault_triggered_router,51,17,packet_loss_30,imu,0.5555555555555555,packet_loss_30|imu
fault_triggered_router,51,18,packet_loss_30,imu,0.5555555555555555,packet_loss_30|imu
fault_triggered_router,51,32,packet_loss_30,imu,0.6666666666666666,packet_loss_30|imu
fault_triggered_router,51,33,packet_loss_30,imu,1.0,packet_loss_30|imu
fault_triggered_router,51,35,packet_loss_30,imu,1.0,packet_loss_30|imu
fault_triggered_router,51,44,packet_loss_30,imu,1.0,packet_loss_30|imu
fault_triggered_router,51,53,packet_loss_30,imu,1.0,packet_loss_30|imu
fault_triggered_router,51,4,packet_loss_30,fp,1.0,packet_loss_30|fp
fault_triggered_router,51,5,packet_loss_30,fp,1.0,packet_loss_30|fp
fault_triggered_router,51,6,packet_loss_30,fp,1.0,packet_loss_30|fp
fault_triggered_router,51,9,packet_loss_30,fp,1.0,packet_loss_30|fp
fault_triggered_router,51,17,packet_loss_30,fp,1.0,packet_loss_30|fp
fault_triggered_router,51,18,packet_loss_30,fp,1.0,packet_loss_30|fp
fault_triggered_router,51,32,packet_loss_30,fp,0.6666666666666666,packet_loss_30|fp
fault_triggered_router,51,33,packet_loss_30,fp,1.0,packet_loss_30|fp
fault_triggered_router,51,35,packet_loss_30,fp,1.0,packet_loss_30|fp
fault_triggered_router,51,44,packet_loss_30,fp,1.0,packet_loss_30|fp
fault_triggered_router,51,53,packet_loss_30,fp,1.0,packet_loss_30|fp
fault_triggered_router,51,4,packet_loss_30,eeg+emg+imu+fp,1.0,packet_loss_30|eeg+emg+imu+fp
fault_triggered_router,51,5,packet_loss_30,eeg+emg+imu+fp,1.0,packet_loss_30|eeg+emg+imu+fp
fault_triggered_router,51,6,packet_loss_30,eeg+emg+imu+fp,1.0,packet_loss_30|eeg+emg+imu+fp
fault_triggered_router,51,9,packet_loss_30,eeg+emg+imu+fp,1.0,packet_loss_30|eeg+emg+imu+fp
fault_triggered_router,51,17,packet_loss_30,eeg+emg+imu+fp,0.5555555555555555,packet_loss_30|eeg+emg+imu+fp
fault_triggered_router,51,18,packet_loss_30,eeg+emg+imu+fp,0.5555555555555555,packet_loss_30|eeg+emg+imu+fp
fault_triggered_router,51,32,packet_loss_30,eeg+emg+imu+fp,0.6666666666666666,packet_loss_30|eeg+emg+imu+fp
fault_triggered_router,51,33,packet_loss_30,eeg+emg+imu+fp,1.0,packet_loss_30|eeg+emg+imu+fp
fault_triggered_router,51,35,packet_loss_30,eeg+emg+imu+fp,0.5555555555555555,packet_loss_30|eeg+emg+imu+fp
fault_triggered_router,51,44,packet_loss_30,eeg+emg+imu+fp,0.5555555555555555,packet_loss_30|eeg+emg+imu+fp
fault_triggered_router,51,53,packet_loss_30,eeg+emg+imu+fp,1.0,packet_loss_30|eeg+emg+imu+fp
fault_triggered_router,51,4,shift_250ms,eeg,1.0,shift_250ms|eeg
fault_triggered_router,51,5,shift_250ms,eeg,1.0,shift_250ms|eeg
fault_triggered_router,51,6,shift_250ms,eeg,1.0,shift_250ms|eeg
fault_triggered_router,51,9,shift_250ms,eeg,1.0,shift_250ms|eeg
fault_triggered_router,51,17,shift_250ms,eeg,1.0,shift_250ms|eeg
fault_triggered_router,51,18,shift_250ms,eeg,1.0,shift_250ms|eeg
fault_triggered_router,51,32,shift_250ms,eeg,0.6666666666666666,shift_250ms|eeg
fault_triggered_router,51,33,shift_250ms,eeg,1.0,shift_250ms|eeg
fault_triggered_router,51,35,shift_250ms,eeg,1.0,shift_250ms|eeg
fault_triggered_router,51,44,shift_250ms,eeg,1.0,shift_250ms|eeg
fault_triggered_router,51,53,shift_250ms,eeg,1.0,shift_250ms|eeg
fault_triggered_router,51,4,shift_250ms,emg,1.0,shift_250ms|emg
fault_triggered_router,51,5,shift_250ms,emg,1.0,shift_250ms|emg
fault_triggered_router,51,6,shift_250ms,emg,1.0,shift_250ms|emg
fault_triggered_router,51,9,shift_250ms,emg,1.0,shift_250ms|emg
fault_triggered_router,51,17,shift_250ms,emg,1.0,shift_250ms|emg
fault_triggered_router,51,18,shift_250ms,emg,1.0,shift_250ms|emg
fault_triggered_router,51,32,shift_250ms,emg,0.6666666666666666,shift_250ms|emg
fault_triggered_router,51,33,shift_250ms,emg,1.0,shift_250ms|emg
fault_triggered_router,51,35,shift_250ms,emg,1.0,shift_250ms|emg
fault_triggered_router,51,44,shift_250ms,emg,1.0,shift_250ms|emg
fault_triggered_router,51,53,shift_250ms,emg,1.0,shift_250ms|emg
fault_triggered_router,51,4,shift_250ms,imu,1.0,shift_250ms|imu
fault_triggered_router,51,5,shift_250ms,imu,1.0,shift_250ms|imu
fault_triggered_router,51,6,shift_250ms,imu,1.0,shift_250ms|imu
fault_triggered_router,51,9,shift_250ms,imu,1.0,shift_250ms|imu
fault_triggered_router,51,17,shift_250ms,imu,1.0,shift_250ms|imu
fault_triggered_router,51,18,shift_250ms,imu,1.0,shift_250ms|imu
fault_triggered_router,51,32,shift_250ms,imu,0.6666666666666666,shift_250ms|imu
fault_triggered_router,51,33,shift_250ms,imu,1.0,shift_250ms|imu
fault_triggered_router,51,35,shift_250ms,imu,1.0,shift_250ms|imu
fault_triggered_router,51,44,shift_250ms,imu,1.0,shift_250ms|imu
fault_triggered_router,51,53,shift_250ms,imu,1.0,shift_250ms|imu
fault_triggered_router,51,4,shift_250ms,fp,1.0,shift_250ms|fp
fault_triggered_router,51,5,shift_250ms,fp,1.0,shift_250ms|fp
fault_triggered_router,51,6,shift_250ms,fp,1.0,shift_250ms|fp
fault_triggered_router,51,9,shift_250ms,fp,1.0,shift_250ms|fp
fault_triggered_router,51,17,shift_250ms,fp,1.0,shift_250ms|fp
fault_triggered_router,51,18,shift_250ms,fp,1.0,shift_250ms|fp
fault_triggered_router,51,32,shift_250ms,fp,0.6666666666666666,shift_250ms|fp
fault_triggered_router,51,33,shift_250ms,fp,1.0,shift_250ms|fp
fault_triggered_router,51,35,shift_250ms,fp,1.0,shift_250ms|fp
fault_triggered_router,51,44,shift_250ms,fp,1.0,shift_250ms|fp
fault_triggered_router,51,53,shift_250ms,fp,1.0,shift_250ms|fp
fault_triggered_router,51,4,shift_250ms,eeg+emg+imu+fp,1.0,shift_250ms|eeg+emg+imu+fp
fault_triggered_router,51,5,shift_250ms,eeg+emg+imu+fp,1.0,shift_250ms|eeg+emg+imu+fp
fault_triggered_router,51,6,shift_250ms,eeg+emg+imu+fp,1.0,shift_250ms|eeg+emg+imu+fp
fault_triggered_router,51,9,shift_250ms,eeg+emg+imu+fp,1.0,shift_250ms|eeg+emg+imu+fp
fault_triggered_router,51,17,shift_250ms,eeg+emg+imu+fp,1.0,shift_250ms|eeg+emg+imu+fp
fault_triggered_router,51,18,shift_250ms,eeg+emg+imu+fp,1.0,shift_250ms|eeg+emg+imu+fp
fault_triggered_router,51,32,shift_250ms,eeg+emg+imu+fp,0.6666666666666666,shift_250ms|eeg+emg+imu+fp
fault_triggered_router,51,33,shift_250ms,eeg+emg+imu+fp,1.0,shift_250ms|eeg+emg+imu+fp
fault_triggered_router,51,35,shift_250ms,eeg+emg+imu+fp,1.0,shift_250ms|eeg+emg+imu+fp
fault_triggered_router,51,44,shift_250ms,eeg+emg+imu+fp,1.0,shift_250ms|eeg+emg+imu+fp
fault_triggered_router,51,53,shift_250ms,eeg+emg+imu+fp,1.0,shift_250ms|eeg+emg+imu+fp
fault_triggered_router,51,4,gain_1.5,eeg,1.0,gain_1.5|eeg
fault_triggered_router,51,5,gain_1.5,eeg,1.0,gain_1.5|eeg
fault_triggered_router,51,6,gain_1.5,eeg,1.0,gain_1.5|eeg
fault_triggered_router,51,9,gain_1.5,eeg,1.0,gain_1.5|eeg
fault_triggered_router,51,17,gain_1.5,eeg,1.0,gain_1.5|eeg
fault_triggered_router,51,18,gain_1.5,eeg,1.0,gain_1.5|eeg
fault_triggered_router,51,32,gain_1.5,eeg,0.6666666666666666,gain_1.5|eeg
fault_triggered_router,51,33,gain_1.5,eeg,1.0,gain_1.5|eeg
fault_triggered_router,51,35,gain_1.5,eeg,1.0,gain_1.5|eeg
fault_triggered_router,51,44,gain_1.5,eeg,1.0,gain_1.5|eeg
fault_triggered_router,51,53,gain_1.5,eeg,1.0,gain_1.5|eeg
fault_triggered_router,51,4,gain_1.5,emg,1.0,gain_1.5|emg
fault_triggered_router,51,5,gain_1.5,emg,1.0,gain_1.5|emg
fault_triggered_router,51,6,gain_1.5,emg,1.0,gain_1.5|emg
fault_triggered_router,51,9,gain_1.5,emg,1.0,gain_1.5|emg
fault_triggered_router,51,17,gain_1.5,emg,1.0,gain_1.5|emg
fault_triggered_router,51,18,gain_1.5,emg,1.0,gain_1.5|emg
fault_triggered_router,51,32,gain_1.5,emg,0.6666666666666666,gain_1.5|emg
fault_triggered_router,51,33,gain_1.5,emg,1.0,gain_1.5|emg
fault_triggered_router,51,35,gain_1.5,emg,1.0,gain_1.5|emg
fault_triggered_router,51,44,gain_1.5,emg,1.0,gain_1.5|emg
fault_triggered_router,51,53,gain_1.5,emg,1.0,gain_1.5|emg
fault_triggered_router,51,4,gain_1.5,imu,1.0,gain_1.5|imu
fault_triggered_router,51,5,gain_1.5,imu,0.2222222222222222,gain_1.5|imu
fault_triggered_router,51,6,gain_1.5,imu,1.0,gain_1.5|imu
fault_triggered_router,51,9,gain_1.5,imu,0.5555555555555555,gain_1.5|imu
fault_triggered_router,51,17,gain_1.5,imu,1.0,gain_1.5|imu
fault_triggered_router,51,18,gain_1.5,imu,1.0,gain_1.5|imu
fault_triggered_router,51,32,gain_1.5,imu,0.3333333333333333,gain_1.5|imu
fault_triggered_router,51,33,gain_1.5,imu,0.2222222222222222,gain_1.5|imu
fault_triggered_router,51,35,gain_1.5,imu,0.5555555555555555,gain_1.5|imu
fault_triggered_router,51,44,gain_1.5,imu,0.5555555555555555,gain_1.5|imu
fault_triggered_router,51,53,gain_1.5,imu,0.2222222222222222,gain_1.5|imu
fault_triggered_router,51,4,gain_1.5,fp,1.0,gain_1.5|fp
fault_triggered_router,51,5,gain_1.5,fp,1.0,gain_1.5|fp
fault_triggered_router,51,6,gain_1.5,fp,1.0,gain_1.5|fp
fault_triggered_router,51,9,gain_1.5,fp,1.0,gain_1.5|fp
fault_triggered_router,51,17,gain_1.5,fp,1.0,gain_1.5|fp
fault_triggered_router,51,18,gain_1.5,fp,1.0,gain_1.5|fp
fault_triggered_router,51,32,gain_1.5,fp,0.6666666666666666,gain_1.5|fp
fault_triggered_router,51,33,gain_1.5,fp,1.0,gain_1.5|fp
fault_triggered_router,51,35,gain_1.5,fp,1.0,gain_1.5|fp
fault_triggered_router,51,44,gain_1.5,fp,1.0,gain_1.5|fp
fault_triggered_router,51,53,gain_1.5,fp,1.0,gain_1.5|fp
fault_triggered_router,51,4,gain_1.5,eeg+emg+imu+fp,0.2222222222222222,gain_1.5|eeg+emg+imu+fp
fault_triggered_router,51,5,gain_1.5,eeg+emg+imu+fp,0.2222222222222222,gain_1.5|eeg+emg+imu+fp
fault_triggered_router,51,6,gain_1.5,eeg+emg+imu+fp,1.0,gain_1.5|eeg+emg+imu+fp
fault_triggered_router,51,9,gain_1.5,eeg+emg+imu+fp,0.2222222222222222,gain_1.5|eeg+emg+imu+fp
fault_triggered_router,51,17,gain_1.5,eeg+emg+imu+fp,1.0,gain_1.5|eeg+emg+imu+fp
fault_triggered_router,51,18,gain_1.5,eeg+emg+imu+fp,1.0,gain_1.5|eeg+emg+imu+fp
fault_triggered_router,51,32,gain_1.5,eeg+emg+imu+fp,0.0,gain_1.5|eeg+emg+imu+fp
fault_triggered_router,51,33,gain_1.5,eeg+emg+imu+fp,0.2222222222222222,gain_1.5|eeg+emg+imu+fp
fault_triggered_router,51,35,gain_1.5,eeg+emg+imu+fp,0.5555555555555555,gain_1.5|eeg+emg+imu+fp
fault_triggered_router,51,44,gain_1.5,eeg+emg+imu+fp,0.2222222222222222,gain_1.5|eeg+emg+imu+fp
fault_triggered_router,51,53,gain_1.5,eeg+emg+imu+fp,0.2222222222222222,gain_1.5|eeg+emg+imu+fp
fault_triggered_router,51,20,clean,none,1.0,clean|none
fault_triggered_router,51,22,clean,none,1.0,clean|none
fault_triggered_router,51,23,clean,none,1.0,clean|none
fault_triggered_router,51,28,clean,none,1.0,clean|none
fault_triggered_router,51,34,clean,none,1.0,clean|none
fault_triggered_router,51,41,clean,none,1.0,clean|none
fault_triggered_router,51,42,clean,none,1.0,clean|none
fault_triggered_router,51,45,clean,none,0.6666666666666666,clean|none
fault_triggered_router,51,51,clean,none,1.0,clean|none
fault_triggered_router,51,54,clean,none,1.0,clean|none
fault_triggered_router,51,56,clean,none,1.0,clean|none
fault_triggered_router,51,20,noise_10db,eeg,1.0,noise_10db|eeg
fault_triggered_router,51,22,noise_10db,eeg,1.0,noise_10db|eeg
fault_triggered_router,51,23,noise_10db,eeg,1.0,noise_10db|eeg
fault_triggered_router,51,28,noise_10db,eeg,1.0,noise_10db|eeg
fault_triggered_router,51,34,noise_10db,eeg,1.0,noise_10db|eeg
fault_triggered_router,51,41,noise_10db,eeg,1.0,noise_10db|eeg
fault_triggered_router,51,42,noise_10db,eeg,1.0,noise_10db|eeg
fault_triggered_router,51,45,noise_10db,eeg,0.6666666666666666,noise_10db|eeg
fault_triggered_router,51,51,noise_10db,eeg,1.0,noise_10db|eeg
fault_triggered_router,51,54,noise_10db,eeg,1.0,noise_10db|eeg
fault_triggered_router,51,56,noise_10db,eeg,1.0,noise_10db|eeg
fault_triggered_router,51,20,noise_10db,emg,1.0,noise_10db|emg
fault_triggered_router,51,22,noise_10db,emg,1.0,noise_10db|emg
fault_triggered_router,51,23,noise_10db,emg,1.0,noise_10db|emg
fault_triggered_router,51,28,noise_10db,emg,1.0,noise_10db|emg
fault_triggered_router,51,34,noise_10db,emg,1.0,noise_10db|emg
fault_triggered_router,51,41,noise_10db,emg,1.0,noise_10db|emg
fault_triggered_router,51,42,noise_10db,emg,1.0,noise_10db|emg
fault_triggered_router,51,45,noise_10db,emg,0.6666666666666666,noise_10db|emg
fault_triggered_router,51,51,noise_10db,emg,1.0,noise_10db|emg
fault_triggered_router,51,54,noise_10db,emg,1.0,noise_10db|emg
fault_triggered_router,51,56,noise_10db,emg,1.0,noise_10db|emg
fault_triggered_router,51,20,noise_10db,imu,1.0,noise_10db|imu
fault_triggered_router,51,22,noise_10db,imu,1.0,noise_10db|imu
fault_triggered_router,51,23,noise_10db,imu,1.0,noise_10db|imu
fault_triggered_router,51,28,noise_10db,imu,1.0,noise_10db|imu
fault_triggered_router,51,34,noise_10db,imu,1.0,noise_10db|imu
fault_triggered_router,51,41,noise_10db,imu,1.0,noise_10db|imu
fault_triggered_router,51,42,noise_10db,imu,1.0,noise_10db|imu
fault_triggered_router,51,45,noise_10db,imu,0.6666666666666666,noise_10db|imu
fault_triggered_router,51,51,noise_10db,imu,1.0,noise_10db|imu
fault_triggered_router,51,54,noise_10db,imu,1.0,noise_10db|imu
fault_triggered_router,51,56,noise_10db,imu,1.0,noise_10db|imu
fault_triggered_router,51,20,noise_10db,fp,1.0,noise_10db|fp
fault_triggered_router,51,22,noise_10db,fp,1.0,noise_10db|fp
fault_triggered_router,51,23,noise_10db,fp,1.0,noise_10db|fp
fault_triggered_router,51,28,noise_10db,fp,1.0,noise_10db|fp
fault_triggered_router,51,34,noise_10db,fp,1.0,noise_10db|fp
fault_triggered_router,51,41,noise_10db,fp,1.0,noise_10db|fp
fault_triggered_router,51,42,noise_10db,fp,1.0,noise_10db|fp
fault_triggered_router,51,45,noise_10db,fp,0.6666666666666666,noise_10db|fp
fault_triggered_router,51,51,noise_10db,fp,1.0,noise_10db|fp
fault_triggered_router,51,54,noise_10db,fp,1.0,noise_10db|fp
fault_triggered_router,51,56,noise_10db,fp,1.0,noise_10db|fp
fault_triggered_router,51,20,noise_10db,eeg+emg+imu+fp,1.0,noise_10db|eeg+emg+imu+fp
fault_triggered_router,51,22,noise_10db,eeg+emg+imu+fp,1.0,noise_10db|eeg+emg+imu+fp
fault_triggered_router,51,23,noise_10db,eeg+emg+imu+fp,1.0,noise_10db|eeg+emg+imu+fp
fault_triggered_router,51,28,noise_10db,eeg+emg+imu+fp,1.0,noise_10db|eeg+emg+imu+fp
fault_triggered_router,51,34,noise_10db,eeg+emg+imu+fp,1.0,noise_10db|eeg+emg+imu+fp
fault_triggered_router,51,41,noise_10db,eeg+emg+imu+fp,1.0,noise_10db|eeg+emg+imu+fp
fault_triggered_router,51,42,noise_10db,eeg+emg+imu+fp,1.0,noise_10db|eeg+emg+imu+fp
fault_triggered_router,51,45,noise_10db,eeg+emg+imu+fp,0.6666666666666666,noise_10db|eeg+emg+imu+fp
fault_triggered_router,51,51,noise_10db,eeg+emg+imu+fp,1.0,noise_10db|eeg+emg+imu+fp
fault_triggered_router,51,54,noise_10db,eeg+emg+imu+fp,1.0,noise_10db|eeg+emg+imu+fp
fault_triggered_router,51,56,noise_10db,eeg+emg+imu+fp,1.0,noise_10db|eeg+emg+imu+fp
fault_triggered_router,51,20,channel_dropout_30,eeg,1.0,channel_dropout_30|eeg
fault_triggered_router,51,22,channel_dropout_30,eeg,1.0,channel_dropout_30|eeg
fault_triggered_router,51,23,channel_dropout_30,eeg,1.0,channel_dropout_30|eeg
fault_triggered_router,51,28,channel_dropout_30,eeg,1.0,channel_dropout_30|eeg
fault_triggered_router,51,34,channel_dropout_30,eeg,1.0,channel_dropout_30|eeg
fault_triggered_router,51,41,channel_dropout_30,eeg,1.0,channel_dropout_30|eeg
fault_triggered_router,51,42,channel_dropout_30,eeg,1.0,channel_dropout_30|eeg
fault_triggered_router,51,45,channel_dropout_30,eeg,0.6666666666666666,channel_dropout_30|eeg
fault_triggered_router,51,51,channel_dropout_30,eeg,1.0,channel_dropout_30|eeg
fault_triggered_router,51,54,channel_dropout_30,eeg,1.0,channel_dropout_30|eeg
fault_triggered_router,51,56,channel_dropout_30,eeg,1.0,channel_dropout_30|eeg
fault_triggered_router,51,20,channel_dropout_30,emg,1.0,channel_dropout_30|emg
fault_triggered_router,51,22,channel_dropout_30,emg,1.0,channel_dropout_30|emg
fault_triggered_router,51,23,channel_dropout_30,emg,1.0,channel_dropout_30|emg
fault_triggered_router,51,28,channel_dropout_30,emg,1.0,channel_dropout_30|emg
fault_triggered_router,51,34,channel_dropout_30,emg,1.0,channel_dropout_30|emg
fault_triggered_router,51,41,channel_dropout_30,emg,1.0,channel_dropout_30|emg
fault_triggered_router,51,42,channel_dropout_30,emg,1.0,channel_dropout_30|emg
fault_triggered_router,51,45,channel_dropout_30,emg,0.6666666666666666,channel_dropout_30|emg
fault_triggered_router,51,51,channel_dropout_30,emg,1.0,channel_dropout_30|emg
fault_triggered_router,51,54,channel_dropout_30,emg,1.0,channel_dropout_30|emg
fault_triggered_router,51,56,channel_dropout_30,emg,0.5555555555555555,channel_dropout_30|emg
fault_triggered_router,51,20,channel_dropout_30,imu,1.0,channel_dropout_30|imu
fault_triggered_router,51,22,channel_dropout_30,imu,1.0,channel_dropout_30|imu
fault_triggered_router,51,23,channel_dropout_30,imu,1.0,channel_dropout_30|imu
fault_triggered_router,51,28,channel_dropout_30,imu,1.0,channel_dropout_30|imu
fault_triggered_router,51,34,channel_dropout_30,imu,1.0,channel_dropout_30|imu
fault_triggered_router,51,41,channel_dropout_30,imu,1.0,channel_dropout_30|imu
fault_triggered_router,51,42,channel_dropout_30,imu,0.5555555555555555,channel_dropout_30|imu
fault_triggered_router,51,45,channel_dropout_30,imu,0.6666666666666666,channel_dropout_30|imu
fault_triggered_router,51,51,channel_dropout_30,imu,1.0,channel_dropout_30|imu
fault_triggered_router,51,54,channel_dropout_30,imu,1.0,channel_dropout_30|imu
fault_triggered_router,51,56,channel_dropout_30,imu,0.2222222222222222,channel_dropout_30|imu
fault_triggered_router,51,20,channel_dropout_30,fp,1.0,channel_dropout_30|fp
fault_triggered_router,51,22,channel_dropout_30,fp,1.0,channel_dropout_30|fp
fault_triggered_router,51,23,channel_dropout_30,fp,1.0,channel_dropout_30|fp
fault_triggered_router,51,28,channel_dropout_30,fp,1.0,channel_dropout_30|fp
fault_triggered_router,51,34,channel_dropout_30,fp,1.0,channel_dropout_30|fp
fault_triggered_router,51,41,channel_dropout_30,fp,1.0,channel_dropout_30|fp
fault_triggered_router,51,42,channel_dropout_30,fp,0.5555555555555555,channel_dropout_30|fp
fault_triggered_router,51,45,channel_dropout_30,fp,0.6666666666666666,channel_dropout_30|fp
fault_triggered_router,51,51,channel_dropout_30,fp,1.0,channel_dropout_30|fp
fault_triggered_router,51,54,channel_dropout_30,fp,1.0,channel_dropout_30|fp
fault_triggered_router,51,56,channel_dropout_30,fp,1.0,channel_dropout_30|fp
fault_triggered_router,51,20,channel_dropout_30,eeg+emg+imu+fp,1.0,channel_dropout_30|eeg+emg+imu+fp
fault_triggered_router,51,22,channel_dropout_30,eeg+emg+imu+fp,1.0,channel_dropout_30|eeg+emg+imu+fp
fault_triggered_router,51,23,channel_dropout_30,eeg+emg+imu+fp,1.0,channel_dropout_30|eeg+emg+imu+fp
fault_triggered_router,51,28,channel_dropout_30,eeg+emg+imu+fp,1.0,channel_dropout_30|eeg+emg+imu+fp
fault_triggered_router,51,34,channel_dropout_30,eeg+emg+imu+fp,0.5555555555555555,channel_dropout_30|eeg+emg+imu+fp
fault_triggered_router,51,41,channel_dropout_30,eeg+emg+imu+fp,1.0,channel_dropout_30|eeg+emg+imu+fp
fault_triggered_router,51,42,channel_dropout_30,eeg+emg+imu+fp,1.0,channel_dropout_30|eeg+emg+imu+fp
fault_triggered_router,51,45,channel_dropout_30,eeg+emg+imu+fp,0.2222222222222222,channel_dropout_30|eeg+emg+imu+fp
fault_triggered_router,51,51,channel_dropout_30,eeg+emg+imu+fp,1.0,channel_dropout_30|eeg+emg+imu+fp
fault_triggered_router,51,54,channel_dropout_30,eeg+emg+imu+fp,1.0,channel_dropout_30|eeg+emg+imu+fp
fault_triggered_router,51,56,channel_dropout_30,eeg+emg+imu+fp,0.5555555555555555,channel_dropout_30|eeg+emg+imu+fp
fault_triggered_router,51,20,structured_dropout_30,eeg,1.0,structured_dropout_30|eeg
fault_triggered_router,51,22,structured_dropout_30,eeg,1.0,structured_dropout_30|eeg
fault_triggered_router,51,23,structured_dropout_30,eeg,1.0,structured_dropout_30|eeg
fault_triggered_router,51,28,structured_dropout_30,eeg,1.0,structured_dropout_30|eeg
fault_triggered_router,51,34,structured_dropout_30,eeg,1.0,structured_dropout_30|eeg
fault_triggered_router,51,41,structured_dropout_30,eeg,1.0,structured_dropout_30|eeg
fault_triggered_router,51,42,structured_dropout_30,eeg,1.0,structured_dropout_30|eeg
fault_triggered_router,51,45,structured_dropout_30,eeg,0.6666666666666666,structured_dropout_30|eeg
fault_triggered_router,51,51,structured_dropout_30,eeg,1.0,structured_dropout_30|eeg
fault_triggered_router,51,54,structured_dropout_30,eeg,1.0,structured_dropout_30|eeg
fault_triggered_router,51,56,structured_dropout_30,eeg,1.0,structured_dropout_30|eeg
fault_triggered_router,51,20,structured_dropout_30,emg,1.0,structured_dropout_30|emg
fault_triggered_router,51,22,structured_dropout_30,emg,1.0,structured_dropout_30|emg
fault_triggered_router,51,23,structured_dropout_30,emg,1.0,structured_dropout_30|emg
fault_triggered_router,51,28,structured_dropout_30,emg,1.0,structured_dropout_30|emg
fault_triggered_router,51,34,structured_dropout_30,emg,1.0,structured_dropout_30|emg
fault_triggered_router,51,41,structured_dropout_30,emg,1.0,structured_dropout_30|emg
fault_triggered_router,51,42,structured_dropout_30,emg,1.0,structured_dropout_30|emg
fault_triggered_router,51,45,structured_dropout_30,emg,0.6666666666666666,structured_dropout_30|emg
fault_triggered_router,51,51,structured_dropout_30,emg,1.0,structured_dropout_30|emg
fault_triggered_router,51,54,structured_dropout_30,emg,1.0,structured_dropout_30|emg
fault_triggered_router,51,56,structured_dropout_30,emg,1.0,structured_dropout_30|emg
fault_triggered_router,51,20,structured_dropout_30,imu,1.0,structured_dropout_30|imu
fault_triggered_router,51,22,structured_dropout_30,imu,1.0,structured_dropout_30|imu
fault_triggered_router,51,23,structured_dropout_30,imu,1.0,structured_dropout_30|imu
fault_triggered_router,51,28,structured_dropout_30,imu,1.0,structured_dropout_30|imu
fault_triggered_router,51,34,structured_dropout_30,imu,1.0,structured_dropout_30|imu
fault_triggered_router,51,41,structured_dropout_30,imu,1.0,structured_dropout_30|imu
fault_triggered_router,51,42,structured_dropout_30,imu,0.5555555555555555,structured_dropout_30|imu
fault_triggered_router,51,45,structured_dropout_30,imu,0.6666666666666666,structured_dropout_30|imu
fault_triggered_router,51,51,structured_dropout_30,imu,1.0,structured_dropout_30|imu
fault_triggered_router,51,54,structured_dropout_30,imu,1.0,structured_dropout_30|imu
fault_triggered_router,51,56,structured_dropout_30,imu,0.5555555555555555,structured_dropout_30|imu
fault_triggered_router,51,20,structured_dropout_30,fp,1.0,structured_dropout_30|fp
fault_triggered_router,51,22,structured_dropout_30,fp,1.0,structured_dropout_30|fp
fault_triggered_router,51,23,structured_dropout_30,fp,1.0,structured_dropout_30|fp
fault_triggered_router,51,28,structured_dropout_30,fp,1.0,structured_dropout_30|fp
fault_triggered_router,51,34,structured_dropout_30,fp,1.0,structured_dropout_30|fp
fault_triggered_router,51,41,structured_dropout_30,fp,1.0,structured_dropout_30|fp
fault_triggered_router,51,42,structured_dropout_30,fp,1.0,structured_dropout_30|fp
fault_triggered_router,51,45,structured_dropout_30,fp,0.6666666666666666,structured_dropout_30|fp
fault_triggered_router,51,51,structured_dropout_30,fp,1.0,structured_dropout_30|fp
fault_triggered_router,51,54,structured_dropout_30,fp,1.0,structured_dropout_30|fp
fault_triggered_router,51,56,structured_dropout_30,fp,1.0,structured_dropout_30|fp
fault_triggered_router,51,20,structured_dropout_30,eeg+emg+imu+fp,0.5555555555555555,structured_dropout_30|eeg+emg+imu+fp
fault_triggered_router,51,22,structured_dropout_30,eeg+emg+imu+fp,1.0,structured_dropout_30|eeg+emg+imu+fp
fault_triggered_router,51,23,structured_dropout_30,eeg+emg+imu+fp,1.0,structured_dropout_30|eeg+emg+imu+fp
fault_triggered_router,51,28,structured_dropout_30,eeg+emg+imu+fp,1.0,structured_dropout_30|eeg+emg+imu+fp
fault_triggered_router,51,34,structured_dropout_30,eeg+emg+imu+fp,0.5555555555555555,structured_dropout_30|eeg+emg+imu+fp
fault_triggered_router,51,41,structured_dropout_30,eeg+emg+imu+fp,0.2222222222222222,structured_dropout_30|eeg+emg+imu+fp
fault_triggered_router,51,42,structured_dropout_30,eeg+emg+imu+fp,0.5555555555555555,structured_dropout_30|eeg+emg+imu+fp
fault_triggered_router,51,45,structured_dropout_30,eeg+emg+imu+fp,0.6666666666666666,structured_dropout_30|eeg+emg+imu+fp
fault_triggered_router,51,51,structured_dropout_30,eeg+emg+imu+fp,1.0,structured_dropout_30|eeg+emg+imu+fp
fault_triggered_router,51,54,structured_dropout_30,eeg+emg+imu+fp,1.0,structured_dropout_30|eeg+emg+imu+fp
fault_triggered_router,51,56,structured_dropout_30,eeg+emg+imu+fp,0.2222222222222222,structured_dropout_30|eeg+emg+imu+fp
fault_triggered_router,51,20,packet_loss_30,eeg,1.0,packet_loss_30|eeg
fault_triggered_router,51,22,packet_loss_30,eeg,1.0,packet_loss_30|eeg
fault_triggered_router,51,23,packet_loss_30,eeg,1.0,packet_loss_30|eeg
fault_triggered_router,51,28,packet_loss_30,eeg,1.0,packet_loss_30|eeg
fault_triggered_router,51,34,packet_loss_30,eeg,1.0,packet_loss_30|eeg
fault_triggered_router,51,41,packet_loss_30,eeg,1.0,packet_loss_30|eeg
fault_triggered_router,51,42,packet_loss_30,eeg,1.0,packet_loss_30|eeg
fault_triggered_router,51,45,packet_loss_30,eeg,0.6666666666666666,packet_loss_30|eeg
fault_triggered_router,51,51,packet_loss_30,eeg,1.0,packet_loss_30|eeg
fault_triggered_router,51,54,packet_loss_30,eeg,1.0,packet_loss_30|eeg
fault_triggered_router,51,56,packet_loss_30,eeg,1.0,packet_loss_30|eeg
fault_triggered_router,51,20,packet_loss_30,emg,1.0,packet_loss_30|emg
fault_triggered_router,51,22,packet_loss_30,emg,1.0,packet_loss_30|emg
fault_triggered_router,51,23,packet_loss_30,emg,1.0,packet_loss_30|emg
fault_triggered_router,51,28,packet_loss_30,emg,1.0,packet_loss_30|emg
fault_triggered_router,51,34,packet_loss_30,emg,1.0,packet_loss_30|emg
fault_triggered_router,51,41,packet_loss_30,emg,1.0,packet_loss_30|emg
fault_triggered_router,51,42,packet_loss_30,emg,1.0,packet_loss_30|emg
fault_triggered_router,51,45,packet_loss_30,emg,0.6666666666666666,packet_loss_30|emg
fault_triggered_router,51,51,packet_loss_30,emg,1.0,packet_loss_30|emg
fault_triggered_router,51,54,packet_loss_30,emg,1.0,packet_loss_30|emg
fault_triggered_router,51,56,packet_loss_30,emg,1.0,packet_loss_30|emg
fault_triggered_router,51,20,packet_loss_30,imu,1.0,packet_loss_30|imu
fault_triggered_router,51,22,packet_loss_30,imu,1.0,packet_loss_30|imu
fault_triggered_router,51,23,packet_loss_30,imu,1.0,packet_loss_30|imu
fault_triggered_router,51,28,packet_loss_30,imu,1.0,packet_loss_30|imu
fault_triggered_router,51,34,packet_loss_30,imu,1.0,packet_loss_30|imu
fault_triggered_router,51,41,packet_loss_30,imu,1.0,packet_loss_30|imu
fault_triggered_router,51,42,packet_loss_30,imu,0.5555555555555555,packet_loss_30|imu
fault_triggered_router,51,45,packet_loss_30,imu,0.6666666666666666,packet_loss_30|imu
fault_triggered_router,51,51,packet_loss_30,imu,1.0,packet_loss_30|imu
fault_triggered_router,51,54,packet_loss_30,imu,1.0,packet_loss_30|imu
fault_triggered_router,51,56,packet_loss_30,imu,1.0,packet_loss_30|imu
fault_triggered_router,51,20,packet_loss_30,fp,1.0,packet_loss_30|fp
fault_triggered_router,51,22,packet_loss_30,fp,1.0,packet_loss_30|fp
fault_triggered_router,51,23,packet_loss_30,fp,1.0,packet_loss_30|fp
fault_triggered_router,51,28,packet_loss_30,fp,1.0,packet_loss_30|fp
fault_triggered_router,51,34,packet_loss_30,fp,1.0,packet_loss_30|fp
fault_triggered_router,51,41,packet_loss_30,fp,1.0,packet_loss_30|fp
fault_triggered_router,51,42,packet_loss_30,fp,1.0,packet_loss_30|fp
fault_triggered_router,51,45,packet_loss_30,fp,0.6666666666666666,packet_loss_30|fp
fault_triggered_router,51,51,packet_loss_30,fp,1.0,packet_loss_30|fp
fault_triggered_router,51,54,packet_loss_30,fp,1.0,packet_loss_30|fp
fault_triggered_router,51,56,packet_loss_30,fp,1.0,packet_loss_30|fp
fault_triggered_router,51,20,packet_loss_30,eeg+emg+imu+fp,1.0,packet_loss_30|eeg+emg+imu+fp
fault_triggered_router,51,22,packet_loss_30,eeg+emg+imu+fp,1.0,packet_loss_30|eeg+emg+imu+fp
fault_triggered_router,51,23,packet_loss_30,eeg+emg+imu+fp,1.0,packet_loss_30|eeg+emg+imu+fp
fault_triggered_router,51,28,packet_loss_30,eeg+emg+imu+fp,1.0,packet_loss_30|eeg+emg+imu+fp
fault_triggered_router,51,34,packet_loss_30,eeg+emg+imu+fp,1.0,packet_loss_30|eeg+emg+imu+fp
fault_triggered_router,51,41,packet_loss_30,eeg+emg+imu+fp,1.0,packet_loss_30|eeg+emg+imu+fp
fault_triggered_router,51,42,packet_loss_30,eeg+emg+imu+fp,0.5555555555555555,packet_loss_30|eeg+emg+imu+fp
fault_triggered_router,51,45,packet_loss_30,eeg+emg+imu+fp,0.6666666666666666,packet_loss_30|eeg+emg+imu+fp
fault_triggered_router,51,51,packet_loss_30,eeg+emg+imu+fp,1.0,packet_loss_30|eeg+emg+imu+fp
fault_triggered_router,51,54,packet_loss_30,eeg+emg+imu+fp,1.0,packet_loss_30|eeg+emg+imu+fp
fault_triggered_router,51,56,packet_loss_30,eeg+emg+imu+fp,1.0,packet_loss_30|eeg+emg+imu+fp
fault_triggered_router,51,20,shift_250ms,eeg,1.0,shift_250ms|eeg
fault_triggered_router,51,22,shift_250ms,eeg,1.0,shift_250ms|eeg
fault_triggered_router,51,23,shift_250ms,eeg,1.0,shift_250ms|eeg
fault_triggered_router,51,28,shift_250ms,eeg,1.0,shift_250ms|eeg
fault_triggered_router,51,34,shift_250ms,eeg,1.0,shift_250ms|eeg
fault_triggered_router,51,41,shift_250ms,eeg,1.0,shift_250ms|eeg
fault_triggered_router,51,42,shift_250ms,eeg,1.0,shift_250ms|eeg
fault_triggered_router,51,45,shift_250ms,eeg,0.6666666666666666,shift_250ms|eeg
fault_triggered_router,51,51,shift_250ms,eeg,1.0,shift_250ms|eeg
fault_triggered_router,51,54,shift_250ms,eeg,1.0,shift_250ms|eeg
fault_triggered_router,51,56,shift_250ms,eeg,1.0,shift_250ms|eeg
fault_triggered_router,51,20,shift_250ms,emg,1.0,shift_250ms|emg
fault_triggered_router,51,22,shift_250ms,emg,1.0,shift_250ms|emg
fault_triggered_router,51,23,shift_250ms,emg,1.0,shift_250ms|emg
fault_triggered_router,51,28,shift_250ms,emg,1.0,shift_250ms|emg
fault_triggered_router,51,34,shift_250ms,emg,1.0,shift_250ms|emg
fault_triggered_router,51,41,shift_250ms,emg,1.0,shift_250ms|emg
fault_triggered_router,51,42,shift_250ms,emg,1.0,shift_250ms|emg
fault_triggered_router,51,45,shift_250ms,emg,0.6666666666666666,shift_250ms|emg
fault_triggered_router,51,51,shift_250ms,emg,1.0,shift_250ms|emg
fault_triggered_router,51,54,shift_250ms,emg,1.0,shift_250ms|emg
fault_triggered_router,51,56,shift_250ms,emg,1.0,shift_250ms|emg
fault_triggered_router,51,20,shift_250ms,imu,1.0,shift_250ms|imu
fault_triggered_router,51,22,shift_250ms,imu,1.0,shift_250ms|imu
fault_triggered_router,51,23,shift_250ms,imu,1.0,shift_250ms|imu
fault_triggered_router,51,28,shift_250ms,imu,1.0,shift_250ms|imu
fault_triggered_router,51,34,shift_250ms,imu,1.0,shift_250ms|imu
fault_triggered_router,51,41,shift_250ms,imu,1.0,shift_250ms|imu
fault_triggered_router,51,42,shift_250ms,imu,1.0,shift_250ms|imu
fault_triggered_router,51,45,shift_250ms,imu,0.6666666666666666,shift_250ms|imu
fault_triggered_router,51,51,shift_250ms,imu,1.0,shift_250ms|imu
fault_triggered_router,51,54,shift_250ms,imu,1.0,shift_250ms|imu
fault_triggered_router,51,56,shift_250ms,imu,1.0,shift_250ms|imu
fault_triggered_router,51,20,shift_250ms,fp,1.0,shift_250ms|fp
fault_triggered_router,51,22,shift_250ms,fp,1.0,shift_250ms|fp
fault_triggered_router,51,23,shift_250ms,fp,1.0,shift_250ms|fp
fault_triggered_router,51,28,shift_250ms,fp,1.0,shift_250ms|fp
fault_triggered_router,51,34,shift_250ms,fp,1.0,shift_250ms|fp
fault_triggered_router,51,41,shift_250ms,fp,1.0,shift_250ms|fp
fault_triggered_router,51,42,shift_250ms,fp,1.0,shift_250ms|fp
fault_triggered_router,51,45,shift_250ms,fp,0.6666666666666666,shift_250ms|fp
fault_triggered_router,51,51,shift_250ms,fp,1.0,shift_250ms|fp
fault_triggered_router,51,54,shift_250ms,fp,1.0,shift_250ms|fp
fault_triggered_router,51,56,shift_250ms,fp,1.0,shift_250ms|fp
fault_triggered_router,51,20,shift_250ms,eeg+emg+imu+fp,1.0,shift_250ms|eeg+emg+imu+fp
fault_triggered_router,51,22,shift_250ms,eeg+emg+imu+fp,1.0,shift_250ms|eeg+emg+imu+fp
fault_triggered_router,51,23,shift_250ms,eeg+emg+imu+fp,1.0,shift_250ms|eeg+emg+imu+fp
fault_triggered_router,51,28,shift_250ms,eeg+emg+imu+fp,1.0,shift_250ms|eeg+emg+imu+fp
fault_triggered_router,51,34,shift_250ms,eeg+emg+imu+fp,1.0,shift_250ms|eeg+emg+imu+fp
fault_triggered_router,51,41,shift_250ms,eeg+emg+imu+fp,1.0,shift_250ms|eeg+emg+imu+fp
fault_triggered_router,51,42,shift_250ms,eeg+emg+imu+fp,1.0,shift_250ms|eeg+emg+imu+fp
fault_triggered_router,51,45,shift_250ms,eeg+emg+imu+fp,0.6666666666666666,shift_250ms|eeg+emg+imu+fp
fault_triggered_router,51,51,shift_250ms,eeg+emg+imu+fp,1.0,shift_250ms|eeg+emg+imu+fp
fault_triggered_router,51,54,shift_250ms,eeg+emg+imu+fp,1.0,shift_250ms|eeg+emg+imu+fp
fault_triggered_router,51,56,shift_250ms,eeg+emg+imu+fp,1.0,shift_250ms|eeg+emg+imu+fp
fault_triggered_router,51,20,gain_1.5,eeg,1.0,gain_1.5|eeg
fault_triggered_router,51,22,gain_1.5,eeg,1.0,gain_1.5|eeg
fault_triggered_router,51,23,gain_1.5,eeg,1.0,gain_1.5|eeg
fault_triggered_router,51,28,gain_1.5,eeg,1.0,gain_1.5|eeg
fault_triggered_router,51,34,gain_1.5,eeg,1.0,gain_1.5|eeg
fault_triggered_router,51,41,gain_1.5,eeg,1.0,gain_1.5|eeg
fault_triggered_router,51,42,gain_1.5,eeg,1.0,gain_1.5|eeg
fault_triggered_router,51,45,gain_1.5,eeg,0.6666666666666666,gain_1.5|eeg
fault_triggered_router,51,51,gain_1.5,eeg,1.0,gain_1.5|eeg
fault_triggered_router,51,54,gain_1.5,eeg,1.0,gain_1.5|eeg
fault_triggered_router,51,56,gain_1.5,eeg,1.0,gain_1.5|eeg
fault_triggered_router,51,20,gain_1.5,emg,1.0,gain_1.5|emg
fault_triggered_router,51,22,gain_1.5,emg,1.0,gain_1.5|emg
fault_triggered_router,51,23,gain_1.5,emg,1.0,gain_1.5|emg
fault_triggered_router,51,28,gain_1.5,emg,1.0,gain_1.5|emg
fault_triggered_router,51,34,gain_1.5,emg,1.0,gain_1.5|emg
fault_triggered_router,51,41,gain_1.5,emg,1.0,gain_1.5|emg
fault_triggered_router,51,42,gain_1.5,emg,1.0,gain_1.5|emg
fault_triggered_router,51,45,gain_1.5,emg,0.6666666666666666,gain_1.5|emg
fault_triggered_router,51,51,gain_1.5,emg,1.0,gain_1.5|emg
fault_triggered_router,51,54,gain_1.5,emg,1.0,gain_1.5|emg
fault_triggered_router,51,56,gain_1.5,emg,1.0,gain_1.5|emg
fault_triggered_router,51,20,gain_1.5,imu,0.5555555555555555,gain_1.5|imu
fault_triggered_router,51,22,gain_1.5,imu,0.5555555555555555,gain_1.5|imu
fault_triggered_router,51,23,gain_1.5,imu,0.5555555555555555,gain_1.5|imu
fault_triggered_router,51,28,gain_1.5,imu,0.5555555555555555,gain_1.5|imu
fault_triggered_router,51,34,gain_1.5,imu,1.0,gain_1.5|imu
fault_triggered_router,51,41,gain_1.5,imu,1.0,gain_1.5|imu
fault_triggered_router,51,42,gain_1.5,imu,0.5555555555555555,gain_1.5|imu
fault_triggered_router,51,45,gain_1.5,imu,0.3333333333333333,gain_1.5|imu
fault_triggered_router,51,51,gain_1.5,imu,0.5555555555555555,gain_1.5|imu
fault_triggered_router,51,54,gain_1.5,imu,0.5555555555555555,gain_1.5|imu
fault_triggered_router,51,56,gain_1.5,imu,1.0,gain_1.5|imu
fault_triggered_router,51,20,gain_1.5,fp,1.0,gain_1.5|fp
fault_triggered_router,51,22,gain_1.5,fp,1.0,gain_1.5|fp
fault_triggered_router,51,23,gain_1.5,fp,1.0,gain_1.5|fp
fault_triggered_router,51,28,gain_1.5,fp,1.0,gain_1.5|fp
fault_triggered_router,51,34,gain_1.5,fp,1.0,gain_1.5|fp
fault_triggered_router,51,41,gain_1.5,fp,1.0,gain_1.5|fp
fault_triggered_router,51,42,gain_1.5,fp,1.0,gain_1.5|fp
fault_triggered_router,51,45,gain_1.5,fp,0.6666666666666666,gain_1.5|fp
fault_triggered_router,51,51,gain_1.5,fp,1.0,gain_1.5|fp
fault_triggered_router,51,54,gain_1.5,fp,1.0,gain_1.5|fp
fault_triggered_router,51,56,gain_1.5,fp,1.0,gain_1.5|fp
fault_triggered_router,51,20,gain_1.5,eeg+emg+imu+fp,0.5555555555555555,gain_1.5|eeg+emg+imu+fp
fault_triggered_router,51,22,gain_1.5,eeg+emg+imu+fp,0.2222222222222222,gain_1.5|eeg+emg+imu+fp
fault_triggered_router,51,23,gain_1.5,eeg+emg+imu+fp,0.5555555555555555,gain_1.5|eeg+emg+imu+fp
fault_triggered_router,51,28,gain_1.5,eeg+emg+imu+fp,0.5555555555555555,gain_1.5|eeg+emg+imu+fp
fault_triggered_router,51,34,gain_1.5,eeg+emg+imu+fp,1.0,gain_1.5|eeg+emg+imu+fp
fault_triggered_router,51,41,gain_1.5,eeg+emg+imu+fp,0.5555555555555555,gain_1.5|eeg+emg+imu+fp
fault_triggered_router,51,42,gain_1.5,eeg+emg+imu+fp,0.5555555555555555,gain_1.5|eeg+emg+imu+fp
fault_triggered_router,51,45,gain_1.5,eeg+emg+imu+fp,0.3333333333333333,gain_1.5|eeg+emg+imu+fp
fault_triggered_router,51,51,gain_1.5,eeg+emg+imu+fp,0.5555555555555555,gain_1.5|eeg+emg+imu+fp
fault_triggered_router,51,54,gain_1.5,eeg+emg+imu+fp,0.5555555555555555,gain_1.5|eeg+emg+imu+fp
fault_triggered_router,51,56,gain_1.5,eeg+emg+imu+fp,1.0,gain_1.5|eeg+emg+imu+fp
fault_triggered_router,51,8,clean,none,0.3333333333333333,clean|none
fault_triggered_router,51,11,clean,none,0.6666666666666666,clean|none
fault_triggered_router,51,12,clean,none,1.0,clean|none
fault_triggered_router,51,13,clean,none,1.0,clean|none
fault_triggered_router,51,30,clean,none,1.0,clean|none
fault_triggered_router,51,31,clean,none,1.0,clean|none
fault_triggered_router,51,37,clean,none,1.0,clean|none
fault_triggered_router,51,52,clean,none,1.0,clean|none
fault_triggered_router,51,55,clean,none,1.0,clean|none
fault_triggered_router,51,57,clean,none,1.0,clean|none
fault_triggered_router,51,58,clean,none,1.0,clean|none
fault_triggered_router,51,8,noise_10db,eeg,0.3333333333333333,noise_10db|eeg
fault_triggered_router,51,11,noise_10db,eeg,0.6666666666666666,noise_10db|eeg
fault_triggered_router,51,12,noise_10db,eeg,1.0,noise_10db|eeg
fault_triggered_router,51,13,noise_10db,eeg,1.0,noise_10db|eeg
fault_triggered_router,51,30,noise_10db,eeg,1.0,noise_10db|eeg
fault_triggered_router,51,31,noise_10db,eeg,1.0,noise_10db|eeg
fault_triggered_router,51,37,noise_10db,eeg,1.0,noise_10db|eeg
fault_triggered_router,51,52,noise_10db,eeg,1.0,noise_10db|eeg
fault_triggered_router,51,55,noise_10db,eeg,1.0,noise_10db|eeg
fault_triggered_router,51,57,noise_10db,eeg,1.0,noise_10db|eeg
fault_triggered_router,51,58,noise_10db,eeg,1.0,noise_10db|eeg
fault_triggered_router,51,8,noise_10db,emg,0.3333333333333333,noise_10db|emg
fault_triggered_router,51,11,noise_10db,emg,0.6666666666666666,noise_10db|emg
fault_triggered_router,51,12,noise_10db,emg,1.0,noise_10db|emg
fault_triggered_router,51,13,noise_10db,emg,1.0,noise_10db|emg
fault_triggered_router,51,30,noise_10db,emg,1.0,noise_10db|emg
fault_triggered_router,51,31,noise_10db,emg,1.0,noise_10db|emg
fault_triggered_router,51,37,noise_10db,emg,1.0,noise_10db|emg
fault_triggered_router,51,52,noise_10db,emg,1.0,noise_10db|emg
fault_triggered_router,51,55,noise_10db,emg,1.0,noise_10db|emg
fault_triggered_router,51,57,noise_10db,emg,1.0,noise_10db|emg
fault_triggered_router,51,58,noise_10db,emg,1.0,noise_10db|emg
fault_triggered_router,51,8,noise_10db,imu,0.3333333333333333,noise_10db|imu
fault_triggered_router,51,11,noise_10db,imu,0.6666666666666666,noise_10db|imu
fault_triggered_router,51,12,noise_10db,imu,1.0,noise_10db|imu
fault_triggered_router,51,13,noise_10db,imu,1.0,noise_10db|imu
fault_triggered_router,51,30,noise_10db,imu,1.0,noise_10db|imu
fault_triggered_router,51,31,noise_10db,imu,1.0,noise_10db|imu
fault_triggered_router,51,37,noise_10db,imu,1.0,noise_10db|imu
fault_triggered_router,51,52,noise_10db,imu,1.0,noise_10db|imu
fault_triggered_router,51,55,noise_10db,imu,1.0,noise_10db|imu
fault_triggered_router,51,57,noise_10db,imu,1.0,noise_10db|imu
fault_triggered_router,51,58,noise_10db,imu,1.0,noise_10db|imu
fault_triggered_router,51,8,noise_10db,fp,0.3333333333333333,noise_10db|fp
fault_triggered_router,51,11,noise_10db,fp,0.6666666666666666,noise_10db|fp
fault_triggered_router,51,12,noise_10db,fp,1.0,noise_10db|fp
fault_triggered_router,51,13,noise_10db,fp,1.0,noise_10db|fp
fault_triggered_router,51,30,noise_10db,fp,1.0,noise_10db|fp
fault_triggered_router,51,31,noise_10db,fp,1.0,noise_10db|fp
fault_triggered_router,51,37,noise_10db,fp,1.0,noise_10db|fp
fault_triggered_router,51,52,noise_10db,fp,1.0,noise_10db|fp
fault_triggered_router,51,55,noise_10db,fp,1.0,noise_10db|fp
fault_triggered_router,51,57,noise_10db,fp,1.0,noise_10db|fp
fault_triggered_router,51,58,noise_10db,fp,1.0,noise_10db|fp
fault_triggered_router,51,8,noise_10db,eeg+emg+imu+fp,0.3333333333333333,noise_10db|eeg+emg+imu+fp
fault_triggered_router,51,11,noise_10db,eeg+emg+imu+fp,0.6666666666666666,noise_10db|eeg+emg+imu+fp
fault_triggered_router,51,12,noise_10db,eeg+emg+imu+fp,1.0,noise_10db|eeg+emg+imu+fp
fault_triggered_router,51,13,noise_10db,eeg+emg+imu+fp,1.0,noise_10db|eeg+emg+imu+fp
fault_triggered_router,51,30,noise_10db,eeg+emg+imu+fp,1.0,noise_10db|eeg+emg+imu+fp
fault_triggered_router,51,31,noise_10db,eeg+emg+imu+fp,1.0,noise_10db|eeg+emg+imu+fp
fault_triggered_router,51,37,noise_10db,eeg+emg+imu+fp,1.0,noise_10db|eeg+emg+imu+fp
fault_triggered_router,51,52,noise_10db,eeg+emg+imu+fp,1.0,noise_10db|eeg+emg+imu+fp
fault_triggered_router,51,55,noise_10db,eeg+emg+imu+fp,1.0,noise_10db|eeg+emg+imu+fp
fault_triggered_router,51,57,noise_10db,eeg+emg+imu+fp,1.0,noise_10db|eeg+emg+imu+fp
fault_triggered_router,51,58,noise_10db,eeg+emg+imu+fp,1.0,noise_10db|eeg+emg+imu+fp
fault_triggered_router,51,8,channel_dropout_30,eeg,0.3333333333333333,channel_dropout_30|eeg
fault_triggered_router,51,11,channel_dropout_30,eeg,0.6666666666666666,channel_dropout_30|eeg
fault_triggered_router,51,12,channel_dropout_30,eeg,1.0,channel_dropout_30|eeg
fault_triggered_router,51,13,channel_dropout_30,eeg,1.0,channel_dropout_30|eeg
fault_triggered_router,51,30,channel_dropout_30,eeg,1.0,channel_dropout_30|eeg
fault_triggered_router,51,31,channel_dropout_30,eeg,1.0,channel_dropout_30|eeg
fault_triggered_router,51,37,channel_dropout_30,eeg,1.0,channel_dropout_30|eeg
fault_triggered_router,51,52,channel_dropout_30,eeg,1.0,channel_dropout_30|eeg
fault_triggered_router,51,55,channel_dropout_30,eeg,1.0,channel_dropout_30|eeg
fault_triggered_router,51,57,channel_dropout_30,eeg,1.0,channel_dropout_30|eeg
fault_triggered_router,51,58,channel_dropout_30,eeg,1.0,channel_dropout_30|eeg
fault_triggered_router,51,8,channel_dropout_30,emg,0.3333333333333333,channel_dropout_30|emg
fault_triggered_router,51,11,channel_dropout_30,emg,0.6666666666666666,channel_dropout_30|emg
fault_triggered_router,51,12,channel_dropout_30,emg,1.0,channel_dropout_30|emg
fault_triggered_router,51,13,channel_dropout_30,emg,1.0,channel_dropout_30|emg
fault_triggered_router,51,30,channel_dropout_30,emg,1.0,channel_dropout_30|emg
fault_triggered_router,51,31,channel_dropout_30,emg,1.0,channel_dropout_30|emg
fault_triggered_router,51,37,channel_dropout_30,emg,1.0,channel_dropout_30|emg
fault_triggered_router,51,52,channel_dropout_30,emg,1.0,channel_dropout_30|emg
fault_triggered_router,51,55,channel_dropout_30,emg,0.5555555555555555,channel_dropout_30|emg
fault_triggered_router,51,57,channel_dropout_30,emg,1.0,channel_dropout_30|emg
fault_triggered_router,51,58,channel_dropout_30,emg,1.0,channel_dropout_30|emg
fault_triggered_router,51,8,channel_dropout_30,imu,0.0,channel_dropout_30|imu
fault_triggered_router,51,11,channel_dropout_30,imu,0.6666666666666666,channel_dropout_30|imu
fault_triggered_router,51,12,channel_dropout_30,imu,1.0,channel_dropout_30|imu
fault_triggered_router,51,13,channel_dropout_30,imu,1.0,channel_dropout_30|imu
fault_triggered_router,51,30,channel_dropout_30,imu,0.5555555555555555,channel_dropout_30|imu
fault_triggered_router,51,31,channel_dropout_30,imu,1.0,channel_dropout_30|imu
fault_triggered_router,51,37,channel_dropout_30,imu,1.0,channel_dropout_30|imu
fault_triggered_router,51,52,channel_dropout_30,imu,1.0,channel_dropout_30|imu
fault_triggered_router,51,55,channel_dropout_30,imu,0.2222222222222222,channel_dropout_30|imu
fault_triggered_router,51,57,channel_dropout_30,imu,0.5555555555555555,channel_dropout_30|imu
fault_triggered_router,51,58,channel_dropout_30,imu,1.0,channel_dropout_30|imu
fault_triggered_router,51,8,channel_dropout_30,fp,0.3333333333333333,channel_dropout_30|fp
fault_triggered_router,51,11,channel_dropout_30,fp,0.6666666666666666,channel_dropout_30|fp
fault_triggered_router,51,12,channel_dropout_30,fp,1.0,channel_dropout_30|fp
fault_triggered_router,51,13,channel_dropout_30,fp,1.0,channel_dropout_30|fp
fault_triggered_router,51,30,channel_dropout_30,fp,0.5555555555555555,channel_dropout_30|fp
fault_triggered_router,51,31,channel_dropout_30,fp,1.0,channel_dropout_30|fp
fault_triggered_router,51,37,channel_dropout_30,fp,1.0,channel_dropout_30|fp
fault_triggered_router,51,52,channel_dropout_30,fp,1.0,channel_dropout_30|fp
fault_triggered_router,51,55,channel_dropout_30,fp,0.5555555555555555,channel_dropout_30|fp
fault_triggered_router,51,57,channel_dropout_30,fp,1.0,channel_dropout_30|fp
fault_triggered_router,51,58,channel_dropout_30,fp,1.0,channel_dropout_30|fp
fault_triggered_router,51,8,channel_dropout_30,eeg+emg+imu+fp,0.3333333333333333,channel_dropout_30|eeg+emg+imu+fp
fault_triggered_router,51,11,channel_dropout_30,eeg+emg+imu+fp,0.2222222222222222,channel_dropout_30|eeg+emg+imu+fp
fault_triggered_router,51,12,channel_dropout_30,eeg+emg+imu+fp,1.0,channel_dropout_30|eeg+emg+imu+fp
fault_triggered_router,51,13,channel_dropout_30,eeg+emg+imu+fp,1.0,channel_dropout_30|eeg+emg+imu+fp
fault_triggered_router,51,30,channel_dropout_30,eeg+emg+imu+fp,0.5555555555555555,channel_dropout_30|eeg+emg+imu+fp
fault_triggered_router,51,31,channel_dropout_30,eeg+emg+imu+fp,0.2222222222222222,channel_dropout_30|eeg+emg+imu+fp
fault_triggered_router,51,37,channel_dropout_30,eeg+emg+imu+fp,0.2222222222222222,channel_dropout_30|eeg+emg+imu+fp
fault_triggered_router,51,52,channel_dropout_30,eeg+emg+imu+fp,1.0,channel_dropout_30|eeg+emg+imu+fp
fault_triggered_router,51,55,channel_dropout_30,eeg+emg+imu+fp,0.2222222222222222,channel_dropout_30|eeg+emg+imu+fp
fault_triggered_router,51,57,channel_dropout_30,eeg+emg+imu+fp,0.2222222222222222,channel_dropout_30|eeg+emg+imu+fp
fault_triggered_router,51,58,channel_dropout_30,eeg+emg+imu+fp,0.2222222222222222,channel_dropout_30|eeg+emg+imu+fp
fault_triggered_router,51,8,structured_dropout_30,eeg,0.3333333333333333,structured_dropout_30|eeg
fault_triggered_router,51,11,structured_dropout_30,eeg,0.6666666666666666,structured_dropout_30|eeg
fault_triggered_router,51,12,structured_dropout_30,eeg,1.0,structured_dropout_30|eeg
fault_triggered_router,51,13,structured_dropout_30,eeg,1.0,structured_dropout_30|eeg
fault_triggered_router,51,30,structured_dropout_30,eeg,1.0,structured_dropout_30|eeg
fault_triggered_router,51,31,structured_dropout_30,eeg,1.0,structured_dropout_30|eeg
fault_triggered_router,51,37,structured_dropout_30,eeg,1.0,structured_dropout_30|eeg
fault_triggered_router,51,52,structured_dropout_30,eeg,1.0,structured_dropout_30|eeg
fault_triggered_router,51,55,structured_dropout_30,eeg,1.0,structured_dropout_30|eeg
fault_triggered_router,51,57,structured_dropout_30,eeg,1.0,structured_dropout_30|eeg
fault_triggered_router,51,58,structured_dropout_30,eeg,1.0,structured_dropout_30|eeg
fault_triggered_router,51,8,structured_dropout_30,emg,0.3333333333333333,structured_dropout_30|emg
fault_triggered_router,51,11,structured_dropout_30,emg,0.6666666666666666,structured_dropout_30|emg
fault_triggered_router,51,12,structured_dropout_30,emg,1.0,structured_dropout_30|emg
fault_triggered_router,51,13,structured_dropout_30,emg,1.0,structured_dropout_30|emg
fault_triggered_router,51,30,structured_dropout_30,emg,1.0,structured_dropout_30|emg
fault_triggered_router,51,31,structured_dropout_30,emg,1.0,structured_dropout_30|emg
fault_triggered_router,51,37,structured_dropout_30,emg,1.0,structured_dropout_30|emg
fault_triggered_router,51,52,structured_dropout_30,emg,1.0,structured_dropout_30|emg
fault_triggered_router,51,55,structured_dropout_30,emg,1.0,structured_dropout_30|emg
fault_triggered_router,51,57,structured_dropout_30,emg,1.0,structured_dropout_30|emg
fault_triggered_router,51,58,structured_dropout_30,emg,1.0,structured_dropout_30|emg
fault_triggered_router,51,8,structured_dropout_30,imu,0.0,structured_dropout_30|imu
fault_triggered_router,51,11,structured_dropout_30,imu,0.6666666666666666,structured_dropout_30|imu
fault_triggered_router,51,12,structured_dropout_30,imu,1.0,structured_dropout_30|imu
fault_triggered_router,51,13,structured_dropout_30,imu,0.5555555555555555,structured_dropout_30|imu
fault_triggered_router,51,30,structured_dropout_30,imu,0.5555555555555555,structured_dropout_30|imu
fault_triggered_router,51,31,structured_dropout_30,imu,1.0,structured_dropout_30|imu
fault_triggered_router,51,37,structured_dropout_30,imu,1.0,structured_dropout_30|imu
fault_triggered_router,51,52,structured_dropout_30,imu,1.0,structured_dropout_30|imu
fault_triggered_router,51,55,structured_dropout_30,imu,0.5555555555555555,structured_dropout_30|imu
fault_triggered_router,51,57,structured_dropout_30,imu,0.5555555555555555,structured_dropout_30|imu
fault_triggered_router,51,58,structured_dropout_30,imu,1.0,structured_dropout_30|imu
fault_triggered_router,51,8,structured_dropout_30,fp,0.3333333333333333,structured_dropout_30|fp
fault_triggered_router,51,11,structured_dropout_30,fp,0.6666666666666666,structured_dropout_30|fp
fault_triggered_router,51,12,structured_dropout_30,fp,1.0,structured_dropout_30|fp
fault_triggered_router,51,13,structured_dropout_30,fp,1.0,structured_dropout_30|fp
fault_triggered_router,51,30,structured_dropout_30,fp,0.5555555555555555,structured_dropout_30|fp
fault_triggered_router,51,31,structured_dropout_30,fp,1.0,structured_dropout_30|fp
fault_triggered_router,51,37,structured_dropout_30,fp,1.0,structured_dropout_30|fp
fault_triggered_router,51,52,structured_dropout_30,fp,1.0,structured_dropout_30|fp
fault_triggered_router,51,55,structured_dropout_30,fp,0.5555555555555555,structured_dropout_30|fp
fault_triggered_router,51,57,structured_dropout_30,fp,1.0,structured_dropout_30|fp
fault_triggered_router,51,58,structured_dropout_30,fp,1.0,structured_dropout_30|fp
fault_triggered_router,51,8,structured_dropout_30,eeg+emg+imu+fp,0.3333333333333333,structured_dropout_30|eeg+emg+imu+fp
fault_triggered_router,51,11,structured_dropout_30,eeg+emg+imu+fp,0.2222222222222222,structured_dropout_30|eeg+emg+imu+fp
fault_triggered_router,51,12,structured_dropout_30,eeg+emg+imu+fp,1.0,structured_dropout_30|eeg+emg+imu+fp
fault_triggered_router,51,13,structured_dropout_30,eeg+emg+imu+fp,0.2222222222222222,structured_dropout_30|eeg+emg+imu+fp
fault_triggered_router,51,30,structured_dropout_30,eeg+emg+imu+fp,0.2222222222222222,structured_dropout_30|eeg+emg+imu+fp
fault_triggered_router,51,31,structured_dropout_30,eeg+emg+imu+fp,1.0,structured_dropout_30|eeg+emg+imu+fp
fault_triggered_router,51,37,structured_dropout_30,eeg+emg+imu+fp,1.0,structured_dropout_30|eeg+emg+imu+fp
fault_triggered_router,51,52,structured_dropout_30,eeg+emg+imu+fp,1.0,structured_dropout_30|eeg+emg+imu+fp
fault_triggered_router,51,55,structured_dropout_30,eeg+emg+imu+fp,0.2222222222222222,structured_dropout_30|eeg+emg+imu+fp
fault_triggered_router,51,57,structured_dropout_30,eeg+emg+imu+fp,0.5555555555555555,structured_dropout_30|eeg+emg+imu+fp
fault_triggered_router,51,58,structured_dropout_30,eeg+emg+imu+fp,0.5555555555555555,structured_dropout_30|eeg+emg+imu+fp
fault_triggered_router,51,8,packet_loss_30,eeg,0.3333333333333333,packet_loss_30|eeg
fault_triggered_router,51,11,packet_loss_30,eeg,0.6666666666666666,packet_loss_30|eeg
fault_triggered_router,51,12,packet_loss_30,eeg,1.0,packet_loss_30|eeg
fault_triggered_router,51,13,packet_loss_30,eeg,1.0,packet_loss_30|eeg
fault_triggered_router,51,30,packet_loss_30,eeg,1.0,packet_loss_30|eeg
fault_triggered_router,51,31,packet_loss_30,eeg,1.0,packet_loss_30|eeg
fault_triggered_router,51,37,packet_loss_30,eeg,1.0,packet_loss_30|eeg
fault_triggered_router,51,52,packet_loss_30,eeg,1.0,packet_loss_30|eeg
fault_triggered_router,51,55,packet_loss_30,eeg,1.0,packet_loss_30|eeg
fault_triggered_router,51,57,packet_loss_30,eeg,1.0,packet_loss_30|eeg
fault_triggered_router,51,58,packet_loss_30,eeg,1.0,packet_loss_30|eeg
fault_triggered_router,51,8,packet_loss_30,emg,0.3333333333333333,packet_loss_30|emg
fault_triggered_router,51,11,packet_loss_30,emg,0.6666666666666666,packet_loss_30|emg
fault_triggered_router,51,12,packet_loss_30,emg,1.0,packet_loss_30|emg
fault_triggered_router,51,13,packet_loss_30,emg,1.0,packet_loss_30|emg
fault_triggered_router,51,30,packet_loss_30,emg,1.0,packet_loss_30|emg
fault_triggered_router,51,31,packet_loss_30,emg,1.0,packet_loss_30|emg
fault_triggered_router,51,37,packet_loss_30,emg,1.0,packet_loss_30|emg
fault_triggered_router,51,52,packet_loss_30,emg,1.0,packet_loss_30|emg
fault_triggered_router,51,55,packet_loss_30,emg,1.0,packet_loss_30|emg
fault_triggered_router,51,57,packet_loss_30,emg,1.0,packet_loss_30|emg
fault_triggered_router,51,58,packet_loss_30,emg,1.0,packet_loss_30|emg
fault_triggered_router,51,8,packet_loss_30,imu,0.3333333333333333,packet_loss_30|imu
fault_triggered_router,51,11,packet_loss_30,imu,0.6666666666666666,packet_loss_30|imu
fault_triggered_router,51,12,packet_loss_30,imu,1.0,packet_loss_30|imu
fault_triggered_router,51,13,packet_loss_30,imu,1.0,packet_loss_30|imu
fault_triggered_router,51,30,packet_loss_30,imu,1.0,packet_loss_30|imu
fault_triggered_router,51,31,packet_loss_30,imu,1.0,packet_loss_30|imu
fault_triggered_router,51,37,packet_loss_30,imu,1.0,packet_loss_30|imu
fault_triggered_router,51,52,packet_loss_30,imu,1.0,packet_loss_30|imu
fault_triggered_router,51,55,packet_loss_30,imu,0.5555555555555555,packet_loss_30|imu
fault_triggered_router,51,57,packet_loss_30,imu,1.0,packet_loss_30|imu
fault_triggered_router,51,58,packet_loss_30,imu,1.0,packet_loss_30|imu
fault_triggered_router,51,8,packet_loss_30,fp,0.3333333333333333,packet_loss_30|fp
fault_triggered_router,51,11,packet_loss_30,fp,0.6666666666666666,packet_loss_30|fp
fault_triggered_router,51,12,packet_loss_30,fp,1.0,packet_loss_30|fp
fault_triggered_router,51,13,packet_loss_30,fp,1.0,packet_loss_30|fp
fault_triggered_router,51,30,packet_loss_30,fp,0.5555555555555555,packet_loss_30|fp
fault_triggered_router,51,31,packet_loss_30,fp,1.0,packet_loss_30|fp
fault_triggered_router,51,37,packet_loss_30,fp,1.0,packet_loss_30|fp
fault_triggered_router,51,52,packet_loss_30,fp,1.0,packet_loss_30|fp
fault_triggered_router,51,55,packet_loss_30,fp,0.5555555555555555,packet_loss_30|fp
fault_triggered_router,51,57,packet_loss_30,fp,1.0,packet_loss_30|fp
fault_triggered_router,51,58,packet_loss_30,fp,1.0,packet_loss_30|fp
fault_triggered_router,51,8,packet_loss_30,eeg+emg+imu+fp,0.3333333333333333,packet_loss_30|eeg+emg+imu+fp
fault_triggered_router,51,11,packet_loss_30,eeg+emg+imu+fp,0.6666666666666666,packet_loss_30|eeg+emg+imu+fp
fault_triggered_router,51,12,packet_loss_30,eeg+emg+imu+fp,1.0,packet_loss_30|eeg+emg+imu+fp
fault_triggered_router,51,13,packet_loss_30,eeg+emg+imu+fp,1.0,packet_loss_30|eeg+emg+imu+fp
fault_triggered_router,51,30,packet_loss_30,eeg+emg+imu+fp,0.5555555555555555,packet_loss_30|eeg+emg+imu+fp
fault_triggered_router,51,31,packet_loss_30,eeg+emg+imu+fp,1.0,packet_loss_30|eeg+emg+imu+fp
fault_triggered_router,51,37,packet_loss_30,eeg+emg+imu+fp,1.0,packet_loss_30|eeg+emg+imu+fp
fault_triggered_router,51,52,packet_loss_30,eeg+emg+imu+fp,1.0,packet_loss_30|eeg+emg+imu+fp
fault_triggered_router,51,55,packet_loss_30,eeg+emg+imu+fp,0.5555555555555555,packet_loss_30|eeg+emg+imu+fp
fault_triggered_router,51,57,packet_loss_30,eeg+emg+imu+fp,1.0,packet_loss_30|eeg+emg+imu+fp
fault_triggered_router,51,58,packet_loss_30,eeg+emg+imu+fp,1.0,packet_loss_30|eeg+emg+imu+fp
fault_triggered_router,51,8,shift_250ms,eeg,0.3333333333333333,shift_250ms|eeg
fault_triggered_router,51,11,shift_250ms,eeg,0.6666666666666666,shift_250ms|eeg
fault_triggered_router,51,12,shift_250ms,eeg,1.0,shift_250ms|eeg
fault_triggered_router,51,13,shift_250ms,eeg,1.0,shift_250ms|eeg
fault_triggered_router,51,30,shift_250ms,eeg,1.0,shift_250ms|eeg
fault_triggered_router,51,31,shift_250ms,eeg,1.0,shift_250ms|eeg
fault_triggered_router,51,37,shift_250ms,eeg,1.0,shift_250ms|eeg
fault_triggered_router,51,52,shift_250ms,eeg,1.0,shift_250ms|eeg
fault_triggered_router,51,55,shift_250ms,eeg,1.0,shift_250ms|eeg
fault_triggered_router,51,57,shift_250ms,eeg,1.0,shift_250ms|eeg
fault_triggered_router,51,58,shift_250ms,eeg,1.0,shift_250ms|eeg
fault_triggered_router,51,8,shift_250ms,emg,0.3333333333333333,shift_250ms|emg
fault_triggered_router,51,11,shift_250ms,emg,0.6666666666666666,shift_250ms|emg
fault_triggered_router,51,12,shift_250ms,emg,1.0,shift_250ms|emg
fault_triggered_router,51,13,shift_250ms,emg,1.0,shift_250ms|emg
fault_triggered_router,51,30,shift_250ms,emg,1.0,shift_250ms|emg
fault_triggered_router,51,31,shift_250ms,emg,1.0,shift_250ms|emg
fault_triggered_router,51,37,shift_250ms,emg,1.0,shift_250ms|emg
fault_triggered_router,51,52,shift_250ms,emg,1.0,shift_250ms|emg
fault_triggered_router,51,55,shift_250ms,emg,1.0,shift_250ms|emg
fault_triggered_router,51,57,shift_250ms,emg,1.0,shift_250ms|emg
fault_triggered_router,51,58,shift_250ms,emg,1.0,shift_250ms|emg
fault_triggered_router,51,8,shift_250ms,imu,0.3333333333333333,shift_250ms|imu
fault_triggered_router,51,11,shift_250ms,imu,0.6666666666666666,shift_250ms|imu
fault_triggered_router,51,12,shift_250ms,imu,1.0,shift_250ms|imu
fault_triggered_router,51,13,shift_250ms,imu,1.0,shift_250ms|imu
fault_triggered_router,51,30,shift_250ms,imu,1.0,shift_250ms|imu
fault_triggered_router,51,31,shift_250ms,imu,1.0,shift_250ms|imu
fault_triggered_router,51,37,shift_250ms,imu,1.0,shift_250ms|imu
fault_triggered_router,51,52,shift_250ms,imu,1.0,shift_250ms|imu
fault_triggered_router,51,55,shift_250ms,imu,0.5555555555555555,shift_250ms|imu
fault_triggered_router,51,57,shift_250ms,imu,1.0,shift_250ms|imu
fault_triggered_router,51,58,shift_250ms,imu,1.0,shift_250ms|imu
fault_triggered_router,51,8,shift_250ms,fp,0.3333333333333333,shift_250ms|fp
fault_triggered_router,51,11,shift_250ms,fp,0.6666666666666666,shift_250ms|fp
fault_triggered_router,51,12,shift_250ms,fp,1.0,shift_250ms|fp
fault_triggered_router,51,13,shift_250ms,fp,1.0,shift_250ms|fp
fault_triggered_router,51,30,shift_250ms,fp,1.0,shift_250ms|fp
fault_triggered_router,51,31,shift_250ms,fp,1.0,shift_250ms|fp
fault_triggered_router,51,37,shift_250ms,fp,1.0,shift_250ms|fp
fault_triggered_router,51,52,shift_250ms,fp,1.0,shift_250ms|fp
fault_triggered_router,51,55,shift_250ms,fp,0.5555555555555555,shift_250ms|fp
fault_triggered_router,51,57,shift_250ms,fp,1.0,shift_250ms|fp
fault_triggered_router,51,58,shift_250ms,fp,1.0,shift_250ms|fp
fault_triggered_router,51,8,shift_250ms,eeg+emg+imu+fp,0.3333333333333333,shift_250ms|eeg+emg+imu+fp
fault_triggered_router,51,11,shift_250ms,eeg+emg+imu+fp,0.6666666666666666,shift_250ms|eeg+emg+imu+fp
fault_triggered_router,51,12,shift_250ms,eeg+emg+imu+fp,1.0,shift_250ms|eeg+emg+imu+fp
fault_triggered_router,51,13,shift_250ms,eeg+emg+imu+fp,1.0,shift_250ms|eeg+emg+imu+fp
fault_triggered_router,51,30,shift_250ms,eeg+emg+imu+fp,1.0,shift_250ms|eeg+emg+imu+fp
fault_triggered_router,51,31,shift_250ms,eeg+emg+imu+fp,1.0,shift_250ms|eeg+emg+imu+fp
fault_triggered_router,51,37,shift_250ms,eeg+emg+imu+fp,1.0,shift_250ms|eeg+emg+imu+fp
fault_triggered_router,51,52,shift_250ms,eeg+emg+imu+fp,1.0,shift_250ms|eeg+emg+imu+fp
fault_triggered_router,51,55,shift_250ms,eeg+emg+imu+fp,0.5555555555555555,shift_250ms|eeg+emg+imu+fp
fault_triggered_router,51,57,shift_250ms,eeg+emg+imu+fp,1.0,shift_250ms|eeg+emg+imu+fp
fault_triggered_router,51,58,shift_250ms,eeg+emg+imu+fp,1.0,shift_250ms|eeg+emg+imu+fp
fault_triggered_router,51,8,gain_1.5,eeg,0.3333333333333333,gain_1.5|eeg
fault_triggered_router,51,11,gain_1.5,eeg,0.6666666666666666,gain_1.5|eeg
fault_triggered_router,51,12,gain_1.5,eeg,1.0,gain_1.5|eeg
fault_triggered_router,51,13,gain_1.5,eeg,1.0,gain_1.5|eeg
fault_triggered_router,51,30,gain_1.5,eeg,1.0,gain_1.5|eeg
fault_triggered_router,51,31,gain_1.5,eeg,1.0,gain_1.5|eeg
fault_triggered_router,51,37,gain_1.5,eeg,1.0,gain_1.5|eeg
fault_triggered_router,51,52,gain_1.5,eeg,1.0,gain_1.5|eeg
fault_triggered_router,51,55,gain_1.5,eeg,1.0,gain_1.5|eeg
fault_triggered_router,51,57,gain_1.5,eeg,1.0,gain_1.5|eeg
fault_triggered_router,51,58,gain_1.5,eeg,1.0,gain_1.5|eeg
fault_triggered_router,51,8,gain_1.5,emg,0.3333333333333333,gain_1.5|emg
fault_triggered_router,51,11,gain_1.5,emg,0.6666666666666666,gain_1.5|emg
fault_triggered_router,51,12,gain_1.5,emg,1.0,gain_1.5|emg
fault_triggered_router,51,13,gain_1.5,emg,1.0,gain_1.5|emg
fault_triggered_router,51,30,gain_1.5,emg,1.0,gain_1.5|emg
fault_triggered_router,51,31,gain_1.5,emg,1.0,gain_1.5|emg
fault_triggered_router,51,37,gain_1.5,emg,1.0,gain_1.5|emg
fault_triggered_router,51,52,gain_1.5,emg,1.0,gain_1.5|emg
fault_triggered_router,51,55,gain_1.5,emg,1.0,gain_1.5|emg
fault_triggered_router,51,57,gain_1.5,emg,1.0,gain_1.5|emg
fault_triggered_router,51,58,gain_1.5,emg,1.0,gain_1.5|emg
fault_triggered_router,51,8,gain_1.5,imu,0.3333333333333333,gain_1.5|imu
fault_triggered_router,51,11,gain_1.5,imu,0.6666666666666666,gain_1.5|imu
fault_triggered_router,51,12,gain_1.5,imu,0.2222222222222222,gain_1.5|imu
fault_triggered_router,51,13,gain_1.5,imu,1.0,gain_1.5|imu
fault_triggered_router,51,30,gain_1.5,imu,1.0,gain_1.5|imu
fault_triggered_router,51,31,gain_1.5,imu,0.5555555555555555,gain_1.5|imu
fault_triggered_router,51,37,gain_1.5,imu,1.0,gain_1.5|imu
fault_triggered_router,51,52,gain_1.5,imu,0.5555555555555555,gain_1.5|imu
fault_triggered_router,51,55,gain_1.5,imu,0.5555555555555555,gain_1.5|imu
fault_triggered_router,51,57,gain_1.5,imu,1.0,gain_1.5|imu
fault_triggered_router,51,58,gain_1.5,imu,1.0,gain_1.5|imu
fault_triggered_router,51,8,gain_1.5,fp,0.3333333333333333,gain_1.5|fp
fault_triggered_router,51,11,gain_1.5,fp,0.6666666666666666,gain_1.5|fp
fault_triggered_router,51,12,gain_1.5,fp,1.0,gain_1.5|fp
fault_triggered_router,51,13,gain_1.5,fp,1.0,gain_1.5|fp
fault_triggered_router,51,30,gain_1.5,fp,1.0,gain_1.5|fp
fault_triggered_router,51,31,gain_1.5,fp,1.0,gain_1.5|fp
fault_triggered_router,51,37,gain_1.5,fp,1.0,gain_1.5|fp
fault_triggered_router,51,52,gain_1.5,fp,1.0,gain_1.5|fp
fault_triggered_router,51,55,gain_1.5,fp,1.0,gain_1.5|fp
fault_triggered_router,51,57,gain_1.5,fp,1.0,gain_1.5|fp
fault_triggered_router,51,58,gain_1.5,fp,1.0,gain_1.5|fp
fault_triggered_router,51,8,gain_1.5,eeg+emg+imu+fp,0.3333333333333333,gain_1.5|eeg+emg+imu+fp
fault_triggered_router,51,11,gain_1.5,eeg+emg+imu+fp,0.6666666666666666,gain_1.5|eeg+emg+imu+fp
fault_triggered_router,51,12,gain_1.5,eeg+emg+imu+fp,0.2222222222222222,gain_1.5|eeg+emg+imu+fp
fault_triggered_router,51,13,gain_1.5,eeg+emg+imu+fp,1.0,gain_1.5|eeg+emg+imu+fp
fault_triggered_router,51,30,gain_1.5,eeg+emg+imu+fp,0.5555555555555555,gain_1.5|eeg+emg+imu+fp
fault_triggered_router,51,31,gain_1.5,eeg+emg+imu+fp,0.5555555555555555,gain_1.5|eeg+emg+imu+fp
fault_triggered_router,51,37,gain_1.5,eeg+emg+imu+fp,0.5555555555555555,gain_1.5|eeg+emg+imu+fp
fault_triggered_router,51,52,gain_1.5,eeg+emg+imu+fp,0.5555555555555555,gain_1.5|eeg+emg+imu+fp
fault_triggered_router,51,55,gain_1.5,eeg+emg+imu+fp,1.0,gain_1.5|eeg+emg+imu+fp
fault_triggered_router,51,57,gain_1.5,eeg+emg+imu+fp,1.0,gain_1.5|eeg+emg+imu+fp
fault_triggered_router,51,58,gain_1.5,eeg+emg+imu+fp,1.0,gain_1.5|eeg+emg+imu+fp
fault_triggered_router,52,1,clean,none,1.0,clean|none
fault_triggered_router,52,10,clean,none,1.0,clean|none
fault_triggered_router,52,15,clean,none,1.0,clean|none
fault_triggered_router,52,19,clean,none,1.0,clean|none
fault_triggered_router,52,36,clean,none,1.0,clean|none
fault_triggered_router,52,39,clean,none,1.0,clean|none
fault_triggered_router,52,40,clean,none,1.0,clean|none
fault_triggered_router,52,43,clean,none,0.6666666666666666,clean|none
fault_triggered_router,52,48,clean,none,1.0,clean|none
fault_triggered_router,52,49,clean,none,1.0,clean|none
fault_triggered_router,52,59,clean,none,1.0,clean|none
fault_triggered_router,52,1,noise_10db,eeg,1.0,noise_10db|eeg
fault_triggered_router,52,10,noise_10db,eeg,1.0,noise_10db|eeg
fault_triggered_router,52,15,noise_10db,eeg,1.0,noise_10db|eeg
fault_triggered_router,52,19,noise_10db,eeg,1.0,noise_10db|eeg
fault_triggered_router,52,36,noise_10db,eeg,1.0,noise_10db|eeg
fault_triggered_router,52,39,noise_10db,eeg,1.0,noise_10db|eeg
fault_triggered_router,52,40,noise_10db,eeg,1.0,noise_10db|eeg
fault_triggered_router,52,43,noise_10db,eeg,0.6666666666666666,noise_10db|eeg
fault_triggered_router,52,48,noise_10db,eeg,1.0,noise_10db|eeg
fault_triggered_router,52,49,noise_10db,eeg,1.0,noise_10db|eeg
fault_triggered_router,52,59,noise_10db,eeg,1.0,noise_10db|eeg
fault_triggered_router,52,1,noise_10db,emg,1.0,noise_10db|emg
fault_triggered_router,52,10,noise_10db,emg,1.0,noise_10db|emg
fault_triggered_router,52,15,noise_10db,emg,1.0,noise_10db|emg
fault_triggered_router,52,19,noise_10db,emg,1.0,noise_10db|emg
fault_triggered_router,52,36,noise_10db,emg,1.0,noise_10db|emg
fault_triggered_router,52,39,noise_10db,emg,1.0,noise_10db|emg
fault_triggered_router,52,40,noise_10db,emg,1.0,noise_10db|emg
fault_triggered_router,52,43,noise_10db,emg,0.6666666666666666,noise_10db|emg
fault_triggered_router,52,48,noise_10db,emg,1.0,noise_10db|emg
fault_triggered_router,52,49,noise_10db,emg,1.0,noise_10db|emg
fault_triggered_router,52,59,noise_10db,emg,1.0,noise_10db|emg
fault_triggered_router,52,1,noise_10db,imu,1.0,noise_10db|imu
fault_triggered_router,52,10,noise_10db,imu,1.0,noise_10db|imu
fault_triggered_router,52,15,noise_10db,imu,1.0,noise_10db|imu
fault_triggered_router,52,19,noise_10db,imu,1.0,noise_10db|imu
fault_triggered_router,52,36,noise_10db,imu,1.0,noise_10db|imu
fault_triggered_router,52,39,noise_10db,imu,1.0,noise_10db|imu
fault_triggered_router,52,40,noise_10db,imu,1.0,noise_10db|imu
fault_triggered_router,52,43,noise_10db,imu,0.6666666666666666,noise_10db|imu
fault_triggered_router,52,48,noise_10db,imu,1.0,noise_10db|imu
fault_triggered_router,52,49,noise_10db,imu,1.0,noise_10db|imu
fault_triggered_router,52,59,noise_10db,imu,1.0,noise_10db|imu
fault_triggered_router,52,1,noise_10db,fp,1.0,noise_10db|fp
fault_triggered_router,52,10,noise_10db,fp,1.0,noise_10db|fp
fault_triggered_router,52,15,noise_10db,fp,1.0,noise_10db|fp
fault_triggered_router,52,19,noise_10db,fp,1.0,noise_10db|fp
fault_triggered_router,52,36,noise_10db,fp,1.0,noise_10db|fp
fault_triggered_router,52,39,noise_10db,fp,1.0,noise_10db|fp
fault_triggered_router,52,40,noise_10db,fp,1.0,noise_10db|fp
fault_triggered_router,52,43,noise_10db,fp,0.6666666666666666,noise_10db|fp
fault_triggered_router,52,48,noise_10db,fp,1.0,noise_10db|fp
fault_triggered_router,52,49,noise_10db,fp,1.0,noise_10db|fp
fault_triggered_router,52,59,noise_10db,fp,1.0,noise_10db|fp
fault_triggered_router,52,1,noise_10db,eeg+emg+imu+fp,1.0,noise_10db|eeg+emg+imu+fp
fault_triggered_router,52,10,noise_10db,eeg+emg+imu+fp,1.0,noise_10db|eeg+emg+imu+fp
fault_triggered_router,52,15,noise_10db,eeg+emg+imu+fp,1.0,noise_10db|eeg+emg+imu+fp
fault_triggered_router,52,19,noise_10db,eeg+emg+imu+fp,1.0,noise_10db|eeg+emg+imu+fp
fault_triggered_router,52,36,noise_10db,eeg+emg+imu+fp,1.0,noise_10db|eeg+emg+imu+fp
fault_triggered_router,52,39,noise_10db,eeg+emg+imu+fp,1.0,noise_10db|eeg+emg+imu+fp
fault_triggered_router,52,40,noise_10db,eeg+emg+imu+fp,1.0,noise_10db|eeg+emg+imu+fp
fault_triggered_router,52,43,noise_10db,eeg+emg+imu+fp,0.6666666666666666,noise_10db|eeg+emg+imu+fp
fault_triggered_router,52,48,noise_10db,eeg+emg+imu+fp,1.0,noise_10db|eeg+emg+imu+fp
fault_triggered_router,52,49,noise_10db,eeg+emg+imu+fp,1.0,noise_10db|eeg+emg+imu+fp
fault_triggered_router,52,59,noise_10db,eeg+emg+imu+fp,1.0,noise_10db|eeg+emg+imu+fp
fault_triggered_router,52,1,channel_dropout_30,eeg,1.0,channel_dropout_30|eeg
fault_triggered_router,52,10,channel_dropout_30,eeg,1.0,channel_dropout_30|eeg
fault_triggered_router,52,15,channel_dropout_30,eeg,1.0,channel_dropout_30|eeg
fault_triggered_router,52,19,channel_dropout_30,eeg,1.0,channel_dropout_30|eeg
fault_triggered_router,52,36,channel_dropout_30,eeg,1.0,channel_dropout_30|eeg
fault_triggered_router,52,39,channel_dropout_30,eeg,1.0,channel_dropout_30|eeg
fault_triggered_router,52,40,channel_dropout_30,eeg,1.0,channel_dropout_30|eeg
fault_triggered_router,52,43,channel_dropout_30,eeg,0.6666666666666666,channel_dropout_30|eeg
fault_triggered_router,52,48,channel_dropout_30,eeg,1.0,channel_dropout_30|eeg
fault_triggered_router,52,49,channel_dropout_30,eeg,1.0,channel_dropout_30|eeg
fault_triggered_router,52,59,channel_dropout_30,eeg,1.0,channel_dropout_30|eeg
fault_triggered_router,52,1,channel_dropout_30,emg,1.0,channel_dropout_30|emg
fault_triggered_router,52,10,channel_dropout_30,emg,1.0,channel_dropout_30|emg
fault_triggered_router,52,15,channel_dropout_30,emg,1.0,channel_dropout_30|emg
fault_triggered_router,52,19,channel_dropout_30,emg,1.0,channel_dropout_30|emg
fault_triggered_router,52,36,channel_dropout_30,emg,0.5555555555555555,channel_dropout_30|emg
fault_triggered_router,52,39,channel_dropout_30,emg,1.0,channel_dropout_30|emg
fault_triggered_router,52,40,channel_dropout_30,emg,1.0,channel_dropout_30|emg
fault_triggered_router,52,43,channel_dropout_30,emg,0.6666666666666666,channel_dropout_30|emg
fault_triggered_router,52,48,channel_dropout_30,emg,1.0,channel_dropout_30|emg
fault_triggered_router,52,49,channel_dropout_30,emg,1.0,channel_dropout_30|emg
fault_triggered_router,52,59,channel_dropout_30,emg,1.0,channel_dropout_30|emg
fault_triggered_router,52,1,channel_dropout_30,imu,1.0,channel_dropout_30|imu
fault_triggered_router,52,10,channel_dropout_30,imu,1.0,channel_dropout_30|imu
fault_triggered_router,52,15,channel_dropout_30,imu,0.5555555555555555,channel_dropout_30|imu
fault_triggered_router,52,19,channel_dropout_30,imu,1.0,channel_dropout_30|imu
fault_triggered_router,52,36,channel_dropout_30,imu,0.5555555555555555,channel_dropout_30|imu
fault_triggered_router,52,39,channel_dropout_30,imu,1.0,channel_dropout_30|imu
fault_triggered_router,52,40,channel_dropout_30,imu,1.0,channel_dropout_30|imu
fault_triggered_router,52,43,channel_dropout_30,imu,0.6666666666666666,channel_dropout_30|imu
fault_triggered_router,52,48,channel_dropout_30,imu,1.0,channel_dropout_30|imu
fault_triggered_router,52,49,channel_dropout_30,imu,0.5555555555555555,channel_dropout_30|imu
fault_triggered_router,52,59,channel_dropout_30,imu,1.0,channel_dropout_30|imu
fault_triggered_router,52,1,channel_dropout_30,fp,1.0,channel_dropout_30|fp
fault_triggered_router,52,10,channel_dropout_30,fp,1.0,channel_dropout_30|fp
fault_triggered_router,52,15,channel_dropout_30,fp,1.0,channel_dropout_30|fp
fault_triggered_router,52,19,channel_dropout_30,fp,1.0,channel_dropout_30|fp
fault_triggered_router,52,36,channel_dropout_30,fp,0.5555555555555555,channel_dropout_30|fp
fault_triggered_router,52,39,channel_dropout_30,fp,0.5555555555555555,channel_dropout_30|fp
fault_triggered_router,52,40,channel_dropout_30,fp,1.0,channel_dropout_30|fp
fault_triggered_router,52,43,channel_dropout_30,fp,0.6666666666666666,channel_dropout_30|fp
fault_triggered_router,52,48,channel_dropout_30,fp,1.0,channel_dropout_30|fp
fault_triggered_router,52,49,channel_dropout_30,fp,1.0,channel_dropout_30|fp
fault_triggered_router,52,59,channel_dropout_30,fp,1.0,channel_dropout_30|fp
fault_triggered_router,52,1,channel_dropout_30,eeg+emg+imu+fp,1.0,channel_dropout_30|eeg+emg+imu+fp
fault_triggered_router,52,10,channel_dropout_30,eeg+emg+imu+fp,1.0,channel_dropout_30|eeg+emg+imu+fp
fault_triggered_router,52,15,channel_dropout_30,eeg+emg+imu+fp,0.2222222222222222,channel_dropout_30|eeg+emg+imu+fp
fault_triggered_router,52,19,channel_dropout_30,eeg+emg+imu+fp,1.0,channel_dropout_30|eeg+emg+imu+fp
fault_triggered_router,52,36,channel_dropout_30,eeg+emg+imu+fp,0.2222222222222222,channel_dropout_30|eeg+emg+imu+fp
fault_triggered_router,52,39,channel_dropout_30,eeg+emg+imu+fp,0.2222222222222222,channel_dropout_30|eeg+emg+imu+fp
fault_triggered_router,52,40,channel_dropout_30,eeg+emg+imu+fp,0.2222222222222222,channel_dropout_30|eeg+emg+imu+fp
fault_triggered_router,52,43,channel_dropout_30,eeg+emg+imu+fp,0.2222222222222222,channel_dropout_30|eeg+emg+imu+fp
fault_triggered_router,52,48,channel_dropout_30,eeg+emg+imu+fp,1.0,channel_dropout_30|eeg+emg+imu+fp
fault_triggered_router,52,49,channel_dropout_30,eeg+emg+imu+fp,0.5555555555555555,channel_dropout_30|eeg+emg+imu+fp
fault_triggered_router,52,59,channel_dropout_30,eeg+emg+imu+fp,0.5555555555555555,channel_dropout_30|eeg+emg+imu+fp
fault_triggered_router,52,1,structured_dropout_30,eeg,1.0,structured_dropout_30|eeg
fault_triggered_router,52,10,structured_dropout_30,eeg,1.0,structured_dropout_30|eeg
fault_triggered_router,52,15,structured_dropout_30,eeg,1.0,structured_dropout_30|eeg
fault_triggered_router,52,19,structured_dropout_30,eeg,1.0,structured_dropout_30|eeg
fault_triggered_router,52,36,structured_dropout_30,eeg,1.0,structured_dropout_30|eeg
fault_triggered_router,52,39,structured_dropout_30,eeg,1.0,structured_dropout_30|eeg
fault_triggered_router,52,40,structured_dropout_30,eeg,1.0,structured_dropout_30|eeg
fault_triggered_router,52,43,structured_dropout_30,eeg,0.6666666666666666,structured_dropout_30|eeg
fault_triggered_router,52,48,structured_dropout_30,eeg,1.0,structured_dropout_30|eeg
fault_triggered_router,52,49,structured_dropout_30,eeg,1.0,structured_dropout_30|eeg
fault_triggered_router,52,59,structured_dropout_30,eeg,1.0,structured_dropout_30|eeg
fault_triggered_router,52,1,structured_dropout_30,emg,1.0,structured_dropout_30|emg
fault_triggered_router,52,10,structured_dropout_30,emg,1.0,structured_dropout_30|emg
fault_triggered_router,52,15,structured_dropout_30,emg,1.0,structured_dropout_30|emg
fault_triggered_router,52,19,structured_dropout_30,emg,1.0,structured_dropout_30|emg
fault_triggered_router,52,36,structured_dropout_30,emg,0.5555555555555555,structured_dropout_30|emg
fault_triggered_router,52,39,structured_dropout_30,emg,1.0,structured_dropout_30|emg
fault_triggered_router,52,40,structured_dropout_30,emg,1.0,structured_dropout_30|emg
fault_triggered_router,52,43,structured_dropout_30,emg,0.6666666666666666,structured_dropout_30|emg
fault_triggered_router,52,48,structured_dropout_30,emg,1.0,structured_dropout_30|emg
fault_triggered_router,52,49,structured_dropout_30,emg,1.0,structured_dropout_30|emg
fault_triggered_router,52,59,structured_dropout_30,emg,1.0,structured_dropout_30|emg
fault_triggered_router,52,1,structured_dropout_30,imu,1.0,structured_dropout_30|imu
fault_triggered_router,52,10,structured_dropout_30,imu,1.0,structured_dropout_30|imu
fault_triggered_router,52,15,structured_dropout_30,imu,1.0,structured_dropout_30|imu
fault_triggered_router,52,19,structured_dropout_30,imu,1.0,structured_dropout_30|imu
fault_triggered_router,52,36,structured_dropout_30,imu,0.5555555555555555,structured_dropout_30|imu
fault_triggered_router,52,39,structured_dropout_30,imu,1.0,structured_dropout_30|imu
fault_triggered_router,52,40,structured_dropout_30,imu,1.0,structured_dropout_30|imu
fault_triggered_router,52,43,structured_dropout_30,imu,0.6666666666666666,structured_dropout_30|imu
fault_triggered_router,52,48,structured_dropout_30,imu,1.0,structured_dropout_30|imu
fault_triggered_router,52,49,structured_dropout_30,imu,0.5555555555555555,structured_dropout_30|imu
fault_triggered_router,52,59,structured_dropout_30,imu,1.0,structured_dropout_30|imu
fault_triggered_router,52,1,structured_dropout_30,fp,1.0,structured_dropout_30|fp
fault_triggered_router,52,10,structured_dropout_30,fp,1.0,structured_dropout_30|fp
fault_triggered_router,52,15,structured_dropout_30,fp,1.0,structured_dropout_30|fp
fault_triggered_router,52,19,structured_dropout_30,fp,1.0,structured_dropout_30|fp
fault_triggered_router,52,36,structured_dropout_30,fp,0.5555555555555555,structured_dropout_30|fp
fault_triggered_router,52,39,structured_dropout_30,fp,1.0,structured_dropout_30|fp
fault_triggered_router,52,40,structured_dropout_30,fp,1.0,structured_dropout_30|fp
fault_triggered_router,52,43,structured_dropout_30,fp,0.6666666666666666,structured_dropout_30|fp
fault_triggered_router,52,48,structured_dropout_30,fp,1.0,structured_dropout_30|fp
fault_triggered_router,52,49,structured_dropout_30,fp,1.0,structured_dropout_30|fp
fault_triggered_router,52,59,structured_dropout_30,fp,1.0,structured_dropout_30|fp
fault_triggered_router,52,1,structured_dropout_30,eeg+emg+imu+fp,0.5555555555555555,structured_dropout_30|eeg+emg+imu+fp
fault_triggered_router,52,10,structured_dropout_30,eeg+emg+imu+fp,1.0,structured_dropout_30|eeg+emg+imu+fp
fault_triggered_router,52,15,structured_dropout_30,eeg+emg+imu+fp,0.2222222222222222,structured_dropout_30|eeg+emg+imu+fp
fault_triggered_router,52,19,structured_dropout_30,eeg+emg+imu+fp,1.0,structured_dropout_30|eeg+emg+imu+fp
fault_triggered_router,52,36,structured_dropout_30,eeg+emg+imu+fp,0.2222222222222222,structured_dropout_30|eeg+emg+imu+fp
fault_triggered_router,52,39,structured_dropout_30,eeg+emg+imu+fp,1.0,structured_dropout_30|eeg+emg+imu+fp
fault_triggered_router,52,40,structured_dropout_30,eeg+emg+imu+fp,1.0,structured_dropout_30|eeg+emg+imu+fp
fault_triggered_router,52,43,structured_dropout_30,eeg+emg+imu+fp,0.2222222222222222,structured_dropout_30|eeg+emg+imu+fp
fault_triggered_router,52,48,structured_dropout_30,eeg+emg+imu+fp,1.0,structured_dropout_30|eeg+emg+imu+fp
fault_triggered_router,52,49,structured_dropout_30,eeg+emg+imu+fp,0.2222222222222222,structured_dropout_30|eeg+emg+imu+fp
fault_triggered_router,52,59,structured_dropout_30,eeg+emg+imu+fp,0.2222222222222222,structured_dropout_30|eeg+emg+imu+fp
fault_triggered_router,52,1,packet_loss_30,eeg,1.0,packet_loss_30|eeg
fault_triggered_router,52,10,packet_loss_30,eeg,1.0,packet_loss_30|eeg
fault_triggered_router,52,15,packet_loss_30,eeg,1.0,packet_loss_30|eeg
fault_triggered_router,52,19,packet_loss_30,eeg,1.0,packet_loss_30|eeg
fault_triggered_router,52,36,packet_loss_30,eeg,1.0,packet_loss_30|eeg
fault_triggered_router,52,39,packet_loss_30,eeg,1.0,packet_loss_30|eeg
fault_triggered_router,52,40,packet_loss_30,eeg,1.0,packet_loss_30|eeg
fault_triggered_router,52,43,packet_loss_30,eeg,0.6666666666666666,packet_loss_30|eeg
fault_triggered_router,52,48,packet_loss_30,eeg,1.0,packet_loss_30|eeg
fault_triggered_router,52,49,packet_loss_30,eeg,1.0,packet_loss_30|eeg
fault_triggered_router,52,59,packet_loss_30,eeg,1.0,packet_loss_30|eeg
fault_triggered_router,52,1,packet_loss_30,emg,1.0,packet_loss_30|emg
fault_triggered_router,52,10,packet_loss_30,emg,1.0,packet_loss_30|emg
fault_triggered_router,52,15,packet_loss_30,emg,1.0,packet_loss_30|emg
fault_triggered_router,52,19,packet_loss_30,emg,1.0,packet_loss_30|emg
fault_triggered_router,52,36,packet_loss_30,emg,1.0,packet_loss_30|emg
fault_triggered_router,52,39,packet_loss_30,emg,1.0,packet_loss_30|emg
fault_triggered_router,52,40,packet_loss_30,emg,1.0,packet_loss_30|emg
fault_triggered_router,52,43,packet_loss_30,emg,0.6666666666666666,packet_loss_30|emg
fault_triggered_router,52,48,packet_loss_30,emg,1.0,packet_loss_30|emg
fault_triggered_router,52,49,packet_loss_30,emg,1.0,packet_loss_30|emg
fault_triggered_router,52,59,packet_loss_30,emg,1.0,packet_loss_30|emg
fault_triggered_router,52,1,packet_loss_30,imu,1.0,packet_loss_30|imu
fault_triggered_router,52,10,packet_loss_30,imu,1.0,packet_loss_30|imu
fault_triggered_router,52,15,packet_loss_30,imu,1.0,packet_loss_30|imu
fault_triggered_router,52,19,packet_loss_30,imu,1.0,packet_loss_30|imu
fault_triggered_router,52,36,packet_loss_30,imu,0.5555555555555555,packet_loss_30|imu
fault_triggered_router,52,39,packet_loss_30,imu,1.0,packet_loss_30|imu
fault_triggered_router,52,40,packet_loss_30,imu,1.0,packet_loss_30|imu
fault_triggered_router,52,43,packet_loss_30,imu,0.6666666666666666,packet_loss_30|imu
fault_triggered_router,52,48,packet_loss_30,imu,1.0,packet_loss_30|imu
fault_triggered_router,52,49,packet_loss_30,imu,1.0,packet_loss_30|imu
fault_triggered_router,52,59,packet_loss_30,imu,1.0,packet_loss_30|imu
fault_triggered_router,52,1,packet_loss_30,fp,1.0,packet_loss_30|fp
fault_triggered_router,52,10,packet_loss_30,fp,1.0,packet_loss_30|fp
fault_triggered_router,52,15,packet_loss_30,fp,1.0,packet_loss_30|fp
fault_triggered_router,52,19,packet_loss_30,fp,1.0,packet_loss_30|fp
fault_triggered_router,52,36,packet_loss_30,fp,1.0,packet_loss_30|fp
fault_triggered_router,52,39,packet_loss_30,fp,1.0,packet_loss_30|fp
fault_triggered_router,52,40,packet_loss_30,fp,1.0,packet_loss_30|fp
fault_triggered_router,52,43,packet_loss_30,fp,0.6666666666666666,packet_loss_30|fp
fault_triggered_router,52,48,packet_loss_30,fp,1.0,packet_loss_30|fp
fault_triggered_router,52,49,packet_loss_30,fp,1.0,packet_loss_30|fp
fault_triggered_router,52,59,packet_loss_30,fp,1.0,packet_loss_30|fp
fault_triggered_router,52,1,packet_loss_30,eeg+emg+imu+fp,1.0,packet_loss_30|eeg+emg+imu+fp
fault_triggered_router,52,10,packet_loss_30,eeg+emg+imu+fp,1.0,packet_loss_30|eeg+emg+imu+fp
fault_triggered_router,52,15,packet_loss_30,eeg+emg+imu+fp,1.0,packet_loss_30|eeg+emg+imu+fp
fault_triggered_router,52,19,packet_loss_30,eeg+emg+imu+fp,1.0,packet_loss_30|eeg+emg+imu+fp
fault_triggered_router,52,36,packet_loss_30,eeg+emg+imu+fp,0.5555555555555555,packet_loss_30|eeg+emg+imu+fp
fault_triggered_router,52,39,packet_loss_30,eeg+emg+imu+fp,1.0,packet_loss_30|eeg+emg+imu+fp
fault_triggered_router,52,40,packet_loss_30,eeg+emg+imu+fp,1.0,packet_loss_30|eeg+emg+imu+fp
fault_triggered_router,52,43,packet_loss_30,eeg+emg+imu+fp,0.6666666666666666,packet_loss_30|eeg+emg+imu+fp
fault_triggered_router,52,48,packet_loss_30,eeg+emg+imu+fp,1.0,packet_loss_30|eeg+emg+imu+fp
fault_triggered_router,52,49,packet_loss_30,eeg+emg+imu+fp,1.0,packet_loss_30|eeg+emg+imu+fp
fault_triggered_router,52,59,packet_loss_30,eeg+emg+imu+fp,1.0,packet_loss_30|eeg+emg+imu+fp
fault_triggered_router,52,1,shift_250ms,eeg,1.0,shift_250ms|eeg
fault_triggered_router,52,10,shift_250ms,eeg,1.0,shift_250ms|eeg
fault_triggered_router,52,15,shift_250ms,eeg,1.0,shift_250ms|eeg
fault_triggered_router,52,19,shift_250ms,eeg,1.0,shift_250ms|eeg
fault_triggered_router,52,36,shift_250ms,eeg,1.0,shift_250ms|eeg
fault_triggered_router,52,39,shift_250ms,eeg,1.0,shift_250ms|eeg
fault_triggered_router,52,40,shift_250ms,eeg,1.0,shift_250ms|eeg
fault_triggered_router,52,43,shift_250ms,eeg,0.6666666666666666,shift_250ms|eeg
fault_triggered_router,52,48,shift_250ms,eeg,1.0,shift_250ms|eeg
fault_triggered_router,52,49,shift_250ms,eeg,1.0,shift_250ms|eeg
fault_triggered_router,52,59,shift_250ms,eeg,1.0,shift_250ms|eeg
fault_triggered_router,52,1,shift_250ms,emg,1.0,shift_250ms|emg
fault_triggered_router,52,10,shift_250ms,emg,1.0,shift_250ms|emg
fault_triggered_router,52,15,shift_250ms,emg,1.0,shift_250ms|emg
fault_triggered_router,52,19,shift_250ms,emg,1.0,shift_250ms|emg
fault_triggered_router,52,36,shift_250ms,emg,1.0,shift_250ms|emg
fault_triggered_router,52,39,shift_250ms,emg,1.0,shift_250ms|emg
fault_triggered_router,52,40,shift_250ms,emg,1.0,shift_250ms|emg
fault_triggered_router,52,43,shift_250ms,emg,0.6666666666666666,shift_250ms|emg
fault_triggered_router,52,48,shift_250ms,emg,1.0,shift_250ms|emg
fault_triggered_router,52,49,shift_250ms,emg,1.0,shift_250ms|emg
fault_triggered_router,52,59,shift_250ms,emg,1.0,shift_250ms|emg
fault_triggered_router,52,1,shift_250ms,imu,1.0,shift_250ms|imu
fault_triggered_router,52,10,shift_250ms,imu,1.0,shift_250ms|imu
fault_triggered_router,52,15,shift_250ms,imu,1.0,shift_250ms|imu
fault_triggered_router,52,19,shift_250ms,imu,1.0,shift_250ms|imu
fault_triggered_router,52,36,shift_250ms,imu,0.5555555555555555,shift_250ms|imu
fault_triggered_router,52,39,shift_250ms,imu,1.0,shift_250ms|imu
fault_triggered_router,52,40,shift_250ms,imu,1.0,shift_250ms|imu
fault_triggered_router,52,43,shift_250ms,imu,0.6666666666666666,shift_250ms|imu
fault_triggered_router,52,48,shift_250ms,imu,1.0,shift_250ms|imu
fault_triggered_router,52,49,shift_250ms,imu,1.0,shift_250ms|imu
fault_triggered_router,52,59,shift_250ms,imu,1.0,shift_250ms|imu
fault_triggered_router,52,1,shift_250ms,fp,1.0,shift_250ms|fp
fault_triggered_router,52,10,shift_250ms,fp,1.0,shift_250ms|fp
fault_triggered_router,52,15,shift_250ms,fp,1.0,shift_250ms|fp
fault_triggered_router,52,19,shift_250ms,fp,1.0,shift_250ms|fp
fault_triggered_router,52,36,shift_250ms,fp,1.0,shift_250ms|fp
fault_triggered_router,52,39,shift_250ms,fp,1.0,shift_250ms|fp
fault_triggered_router,52,40,shift_250ms,fp,1.0,shift_250ms|fp
fault_triggered_router,52,43,shift_250ms,fp,0.6666666666666666,shift_250ms|fp
fault_triggered_router,52,48,shift_250ms,fp,1.0,shift_250ms|fp
fault_triggered_router,52,49,shift_250ms,fp,1.0,shift_250ms|fp
fault_triggered_router,52,59,shift_250ms,fp,1.0,shift_250ms|fp
fault_triggered_router,52,1,shift_250ms,eeg+emg+imu+fp,1.0,shift_250ms|eeg+emg+imu+fp
fault_triggered_router,52,10,shift_250ms,eeg+emg+imu+fp,1.0,shift_250ms|eeg+emg+imu+fp
fault_triggered_router,52,15,shift_250ms,eeg+emg+imu+fp,1.0,shift_250ms|eeg+emg+imu+fp
fault_triggered_router,52,19,shift_250ms,eeg+emg+imu+fp,1.0,shift_250ms|eeg+emg+imu+fp
fault_triggered_router,52,36,shift_250ms,eeg+emg+imu+fp,1.0,shift_250ms|eeg+emg+imu+fp
fault_triggered_router,52,39,shift_250ms,eeg+emg+imu+fp,1.0,shift_250ms|eeg+emg+imu+fp
fault_triggered_router,52,40,shift_250ms,eeg+emg+imu+fp,1.0,shift_250ms|eeg+emg+imu+fp
fault_triggered_router,52,43,shift_250ms,eeg+emg+imu+fp,0.6666666666666666,shift_250ms|eeg+emg+imu+fp
fault_triggered_router,52,48,shift_250ms,eeg+emg+imu+fp,1.0,shift_250ms|eeg+emg+imu+fp
fault_triggered_router,52,49,shift_250ms,eeg+emg+imu+fp,1.0,shift_250ms|eeg+emg+imu+fp
fault_triggered_router,52,59,shift_250ms,eeg+emg+imu+fp,1.0,shift_250ms|eeg+emg+imu+fp
fault_triggered_router,52,1,gain_1.5,eeg,1.0,gain_1.5|eeg
fault_triggered_router,52,10,gain_1.5,eeg,1.0,gain_1.5|eeg
fault_triggered_router,52,15,gain_1.5,eeg,1.0,gain_1.5|eeg
fault_triggered_router,52,19,gain_1.5,eeg,1.0,gain_1.5|eeg
fault_triggered_router,52,36,gain_1.5,eeg,1.0,gain_1.5|eeg
fault_triggered_router,52,39,gain_1.5,eeg,1.0,gain_1.5|eeg
fault_triggered_router,52,40,gain_1.5,eeg,1.0,gain_1.5|eeg
fault_triggered_router,52,43,gain_1.5,eeg,0.6666666666666666,gain_1.5|eeg
fault_triggered_router,52,48,gain_1.5,eeg,1.0,gain_1.5|eeg
fault_triggered_router,52,49,gain_1.5,eeg,1.0,gain_1.5|eeg
fault_triggered_router,52,59,gain_1.5,eeg,1.0,gain_1.5|eeg
fault_triggered_router,52,1,gain_1.5,emg,1.0,gain_1.5|emg
fault_triggered_router,52,10,gain_1.5,emg,1.0,gain_1.5|emg
fault_triggered_router,52,15,gain_1.5,emg,1.0,gain_1.5|emg
fault_triggered_router,52,19,gain_1.5,emg,1.0,gain_1.5|emg
fault_triggered_router,52,36,gain_1.5,emg,1.0,gain_1.5|emg
fault_triggered_router,52,39,gain_1.5,emg,1.0,gain_1.5|emg
fault_triggered_router,52,40,gain_1.5,emg,1.0,gain_1.5|emg
fault_triggered_router,52,43,gain_1.5,emg,0.6666666666666666,gain_1.5|emg
fault_triggered_router,52,48,gain_1.5,emg,1.0,gain_1.5|emg
fault_triggered_router,52,49,gain_1.5,emg,1.0,gain_1.5|emg
fault_triggered_router,52,59,gain_1.5,emg,1.0,gain_1.5|emg
fault_triggered_router,52,1,gain_1.5,imu,0.5555555555555555,gain_1.5|imu
fault_triggered_router,52,10,gain_1.5,imu,0.16666666666666666,gain_1.5|imu
fault_triggered_router,52,15,gain_1.5,imu,1.0,gain_1.5|imu
fault_triggered_router,52,19,gain_1.5,imu,0.5555555555555555,gain_1.5|imu
fault_triggered_router,52,36,gain_1.5,imu,1.0,gain_1.5|imu
fault_triggered_router,52,39,gain_1.5,imu,0.5555555555555555,gain_1.5|imu
fault_triggered_router,52,40,gain_1.5,imu,0.5555555555555555,gain_1.5|imu
fault_triggered_router,52,43,gain_1.5,imu,0.3333333333333333,gain_1.5|imu
fault_triggered_router,52,48,gain_1.5,imu,0.2222222222222222,gain_1.5|imu
fault_triggered_router,52,49,gain_1.5,imu,1.0,gain_1.5|imu
fault_triggered_router,52,59,gain_1.5,imu,1.0,gain_1.5|imu
fault_triggered_router,52,1,gain_1.5,fp,1.0,gain_1.5|fp
fault_triggered_router,52,10,gain_1.5,fp,1.0,gain_1.5|fp
fault_triggered_router,52,15,gain_1.5,fp,1.0,gain_1.5|fp
fault_triggered_router,52,19,gain_1.5,fp,1.0,gain_1.5|fp
fault_triggered_router,52,36,gain_1.5,fp,1.0,gain_1.5|fp
fault_triggered_router,52,39,gain_1.5,fp,1.0,gain_1.5|fp
fault_triggered_router,52,40,gain_1.5,fp,1.0,gain_1.5|fp
fault_triggered_router,52,43,gain_1.5,fp,0.6666666666666666,gain_1.5|fp
fault_triggered_router,52,48,gain_1.5,fp,1.0,gain_1.5|fp
fault_triggered_router,52,49,gain_1.5,fp,1.0,gain_1.5|fp
fault_triggered_router,52,59,gain_1.5,fp,1.0,gain_1.5|fp
fault_triggered_router,52,1,gain_1.5,eeg+emg+imu+fp,0.2222222222222222,gain_1.5|eeg+emg+imu+fp
fault_triggered_router,52,10,gain_1.5,eeg+emg+imu+fp,0.16666666666666666,gain_1.5|eeg+emg+imu+fp
fault_triggered_router,52,15,gain_1.5,eeg+emg+imu+fp,1.0,gain_1.5|eeg+emg+imu+fp
fault_triggered_router,52,19,gain_1.5,eeg+emg+imu+fp,0.5555555555555555,gain_1.5|eeg+emg+imu+fp
fault_triggered_router,52,36,gain_1.5,eeg+emg+imu+fp,1.0,gain_1.5|eeg+emg+imu+fp
fault_triggered_router,52,39,gain_1.5,eeg+emg+imu+fp,0.5555555555555555,gain_1.5|eeg+emg+imu+fp
fault_triggered_router,52,40,gain_1.5,eeg+emg+imu+fp,0.5555555555555555,gain_1.5|eeg+emg+imu+fp
fault_triggered_router,52,43,gain_1.5,eeg+emg+imu+fp,0.6666666666666666,gain_1.5|eeg+emg+imu+fp
fault_triggered_router,52,48,gain_1.5,eeg+emg+imu+fp,0.2222222222222222,gain_1.5|eeg+emg+imu+fp
fault_triggered_router,52,49,gain_1.5,eeg+emg+imu+fp,0.5555555555555555,gain_1.5|eeg+emg+imu+fp
fault_triggered_router,52,59,gain_1.5,eeg+emg+imu+fp,1.0,gain_1.5|eeg+emg+imu+fp
fault_triggered_router,53,1,clean,none,1.0,clean|none
fault_triggered_router,53,10,clean,none,1.0,clean|none
fault_triggered_router,53,15,clean,none,1.0,clean|none
fault_triggered_router,53,19,clean,none,1.0,clean|none
fault_triggered_router,53,36,clean,none,1.0,clean|none
fault_triggered_router,53,39,clean,none,1.0,clean|none
fault_triggered_router,53,40,clean,none,1.0,clean|none
fault_triggered_router,53,43,clean,none,0.6666666666666666,clean|none
fault_triggered_router,53,48,clean,none,1.0,clean|none
fault_triggered_router,53,49,clean,none,1.0,clean|none
fault_triggered_router,53,59,clean,none,1.0,clean|none
fault_triggered_router,53,1,noise_10db,eeg,1.0,noise_10db|eeg
fault_triggered_router,53,10,noise_10db,eeg,1.0,noise_10db|eeg
fault_triggered_router,53,15,noise_10db,eeg,1.0,noise_10db|eeg
fault_triggered_router,53,19,noise_10db,eeg,1.0,noise_10db|eeg
fault_triggered_router,53,36,noise_10db,eeg,1.0,noise_10db|eeg
fault_triggered_router,53,39,noise_10db,eeg,1.0,noise_10db|eeg
fault_triggered_router,53,40,noise_10db,eeg,1.0,noise_10db|eeg
fault_triggered_router,53,43,noise_10db,eeg,0.6666666666666666,noise_10db|eeg
fault_triggered_router,53,48,noise_10db,eeg,1.0,noise_10db|eeg
fault_triggered_router,53,49,noise_10db,eeg,1.0,noise_10db|eeg
fault_triggered_router,53,59,noise_10db,eeg,1.0,noise_10db|eeg
fault_triggered_router,53,1,noise_10db,emg,1.0,noise_10db|emg
fault_triggered_router,53,10,noise_10db,emg,1.0,noise_10db|emg
fault_triggered_router,53,15,noise_10db,emg,1.0,noise_10db|emg
fault_triggered_router,53,19,noise_10db,emg,1.0,noise_10db|emg
fault_triggered_router,53,36,noise_10db,emg,1.0,noise_10db|emg
fault_triggered_router,53,39,noise_10db,emg,1.0,noise_10db|emg
fault_triggered_router,53,40,noise_10db,emg,1.0,noise_10db|emg
fault_triggered_router,53,43,noise_10db,emg,0.6666666666666666,noise_10db|emg
fault_triggered_router,53,48,noise_10db,emg,1.0,noise_10db|emg
fault_triggered_router,53,49,noise_10db,emg,1.0,noise_10db|emg
fault_triggered_router,53,59,noise_10db,emg,1.0,noise_10db|emg
fault_triggered_router,53,1,noise_10db,imu,1.0,noise_10db|imu
fault_triggered_router,53,10,noise_10db,imu,1.0,noise_10db|imu
fault_triggered_router,53,15,noise_10db,imu,1.0,noise_10db|imu
fault_triggered_router,53,19,noise_10db,imu,1.0,noise_10db|imu
fault_triggered_router,53,36,noise_10db,imu,1.0,noise_10db|imu
fault_triggered_router,53,39,noise_10db,imu,1.0,noise_10db|imu
fault_triggered_router,53,40,noise_10db,imu,1.0,noise_10db|imu
fault_triggered_router,53,43,noise_10db,imu,0.6666666666666666,noise_10db|imu
fault_triggered_router,53,48,noise_10db,imu,1.0,noise_10db|imu
fault_triggered_router,53,49,noise_10db,imu,1.0,noise_10db|imu
fault_triggered_router,53,59,noise_10db,imu,1.0,noise_10db|imu
fault_triggered_router,53,1,noise_10db,fp,1.0,noise_10db|fp
fault_triggered_router,53,10,noise_10db,fp,0.5555555555555555,noise_10db|fp
fault_triggered_router,53,15,noise_10db,fp,1.0,noise_10db|fp
fault_triggered_router,53,19,noise_10db,fp,1.0,noise_10db|fp
fault_triggered_router,53,36,noise_10db,fp,1.0,noise_10db|fp
fault_triggered_router,53,39,noise_10db,fp,1.0,noise_10db|fp
fault_triggered_router,53,40,noise_10db,fp,1.0,noise_10db|fp
fault_triggered_router,53,43,noise_10db,fp,0.6666666666666666,noise_10db|fp
fault_triggered_router,53,48,noise_10db,fp,1.0,noise_10db|fp
fault_triggered_router,53,49,noise_10db,fp,1.0,noise_10db|fp
fault_triggered_router,53,59,noise_10db,fp,1.0,noise_10db|fp
fault_triggered_router,53,1,noise_10db,eeg+emg+imu+fp,1.0,noise_10db|eeg+emg+imu+fp
fault_triggered_router,53,10,noise_10db,eeg+emg+imu+fp,0.5555555555555555,noise_10db|eeg+emg+imu+fp
fault_triggered_router,53,15,noise_10db,eeg+emg+imu+fp,1.0,noise_10db|eeg+emg+imu+fp
fault_triggered_router,53,19,noise_10db,eeg+emg+imu+fp,1.0,noise_10db|eeg+emg+imu+fp
fault_triggered_router,53,36,noise_10db,eeg+emg+imu+fp,1.0,noise_10db|eeg+emg+imu+fp
fault_triggered_router,53,39,noise_10db,eeg+emg+imu+fp,1.0,noise_10db|eeg+emg+imu+fp
fault_triggered_router,53,40,noise_10db,eeg+emg+imu+fp,1.0,noise_10db|eeg+emg+imu+fp
fault_triggered_router,53,43,noise_10db,eeg+emg+imu+fp,0.6666666666666666,noise_10db|eeg+emg+imu+fp
fault_triggered_router,53,48,noise_10db,eeg+emg+imu+fp,1.0,noise_10db|eeg+emg+imu+fp
fault_triggered_router,53,49,noise_10db,eeg+emg+imu+fp,1.0,noise_10db|eeg+emg+imu+fp
fault_triggered_router,53,59,noise_10db,eeg+emg+imu+fp,1.0,noise_10db|eeg+emg+imu+fp
fault_triggered_router,53,1,channel_dropout_30,eeg,1.0,channel_dropout_30|eeg
fault_triggered_router,53,10,channel_dropout_30,eeg,1.0,channel_dropout_30|eeg
fault_triggered_router,53,15,channel_dropout_30,eeg,1.0,channel_dropout_30|eeg
fault_triggered_router,53,19,channel_dropout_30,eeg,1.0,channel_dropout_30|eeg
fault_triggered_router,53,36,channel_dropout_30,eeg,1.0,channel_dropout_30|eeg
fault_triggered_router,53,39,channel_dropout_30,eeg,1.0,channel_dropout_30|eeg
fault_triggered_router,53,40,channel_dropout_30,eeg,1.0,channel_dropout_30|eeg
fault_triggered_router,53,43,channel_dropout_30,eeg,0.6666666666666666,channel_dropout_30|eeg
fault_triggered_router,53,48,channel_dropout_30,eeg,1.0,channel_dropout_30|eeg
fault_triggered_router,53,49,channel_dropout_30,eeg,1.0,channel_dropout_30|eeg
fault_triggered_router,53,59,channel_dropout_30,eeg,1.0,channel_dropout_30|eeg
fault_triggered_router,53,1,channel_dropout_30,emg,1.0,channel_dropout_30|emg
fault_triggered_router,53,10,channel_dropout_30,emg,1.0,channel_dropout_30|emg
fault_triggered_router,53,15,channel_dropout_30,emg,1.0,channel_dropout_30|emg
fault_triggered_router,53,19,channel_dropout_30,emg,1.0,channel_dropout_30|emg
fault_triggered_router,53,36,channel_dropout_30,emg,1.0,channel_dropout_30|emg
fault_triggered_router,53,39,channel_dropout_30,emg,1.0,channel_dropout_30|emg
fault_triggered_router,53,40,channel_dropout_30,emg,1.0,channel_dropout_30|emg
fault_triggered_router,53,43,channel_dropout_30,emg,0.6666666666666666,channel_dropout_30|emg
fault_triggered_router,53,48,channel_dropout_30,emg,1.0,channel_dropout_30|emg
fault_triggered_router,53,49,channel_dropout_30,emg,1.0,channel_dropout_30|emg
fault_triggered_router,53,59,channel_dropout_30,emg,1.0,channel_dropout_30|emg
fault_triggered_router,53,1,channel_dropout_30,imu,1.0,channel_dropout_30|imu
fault_triggered_router,53,10,channel_dropout_30,imu,1.0,channel_dropout_30|imu
fault_triggered_router,53,15,channel_dropout_30,imu,0.5555555555555555,channel_dropout_30|imu
fault_triggered_router,53,19,channel_dropout_30,imu,0.5555555555555555,channel_dropout_30|imu
fault_triggered_router,53,36,channel_dropout_30,imu,0.5555555555555555,channel_dropout_30|imu
fault_triggered_router,53,39,channel_dropout_30,imu,1.0,channel_dropout_30|imu
fault_triggered_router,53,40,channel_dropout_30,imu,1.0,channel_dropout_30|imu
fault_triggered_router,53,43,channel_dropout_30,imu,0.2222222222222222,channel_dropout_30|imu
fault_triggered_router,53,48,channel_dropout_30,imu,1.0,channel_dropout_30|imu
fault_triggered_router,53,49,channel_dropout_30,imu,0.2222222222222222,channel_dropout_30|imu
fault_triggered_router,53,59,channel_dropout_30,imu,1.0,channel_dropout_30|imu
fault_triggered_router,53,1,channel_dropout_30,fp,1.0,channel_dropout_30|fp
fault_triggered_router,53,10,channel_dropout_30,fp,1.0,channel_dropout_30|fp
fault_triggered_router,53,15,channel_dropout_30,fp,1.0,channel_dropout_30|fp
fault_triggered_router,53,19,channel_dropout_30,fp,1.0,channel_dropout_30|fp
fault_triggered_router,53,36,channel_dropout_30,fp,0.16666666666666666,channel_dropout_30|fp
fault_triggered_router,53,39,channel_dropout_30,fp,0.5555555555555555,channel_dropout_30|fp
fault_triggered_router,53,40,channel_dropout_30,fp,1.0,channel_dropout_30|fp
fault_triggered_router,53,43,channel_dropout_30,fp,0.6666666666666666,channel_dropout_30|fp
fault_triggered_router,53,48,channel_dropout_30,fp,1.0,channel_dropout_30|fp
fault_triggered_router,53,49,channel_dropout_30,fp,1.0,channel_dropout_30|fp
fault_triggered_router,53,59,channel_dropout_30,fp,1.0,channel_dropout_30|fp
fault_triggered_router,53,1,channel_dropout_30,eeg+emg+imu+fp,1.0,channel_dropout_30|eeg+emg+imu+fp
fault_triggered_router,53,10,channel_dropout_30,eeg+emg+imu+fp,1.0,channel_dropout_30|eeg+emg+imu+fp
fault_triggered_router,53,15,channel_dropout_30,eeg+emg+imu+fp,1.0,channel_dropout_30|eeg+emg+imu+fp
fault_triggered_router,53,19,channel_dropout_30,eeg+emg+imu+fp,1.0,channel_dropout_30|eeg+emg+imu+fp
fault_triggered_router,53,36,channel_dropout_30,eeg+emg+imu+fp,0.2222222222222222,channel_dropout_30|eeg+emg+imu+fp
fault_triggered_router,53,39,channel_dropout_30,eeg+emg+imu+fp,0.5555555555555555,channel_dropout_30|eeg+emg+imu+fp
fault_triggered_router,53,40,channel_dropout_30,eeg+emg+imu+fp,0.5555555555555555,channel_dropout_30|eeg+emg+imu+fp
fault_triggered_router,53,43,channel_dropout_30,eeg+emg+imu+fp,0.2222222222222222,channel_dropout_30|eeg+emg+imu+fp
fault_triggered_router,53,48,channel_dropout_30,eeg+emg+imu+fp,0.5555555555555555,channel_dropout_30|eeg+emg+imu+fp
fault_triggered_router,53,49,channel_dropout_30,eeg+emg+imu+fp,0.2222222222222222,channel_dropout_30|eeg+emg+imu+fp
fault_triggered_router,53,59,channel_dropout_30,eeg+emg+imu+fp,0.5555555555555555,channel_dropout_30|eeg+emg+imu+fp
fault_triggered_router,53,1,structured_dropout_30,eeg,1.0,structured_dropout_30|eeg
fault_triggered_router,53,10,structured_dropout_30,eeg,1.0,structured_dropout_30|eeg
fault_triggered_router,53,15,structured_dropout_30,eeg,1.0,structured_dropout_30|eeg
fault_triggered_router,53,19,structured_dropout_30,eeg,1.0,structured_dropout_30|eeg
fault_triggered_router,53,36,structured_dropout_30,eeg,1.0,structured_dropout_30|eeg
fault_triggered_router,53,39,structured_dropout_30,eeg,1.0,structured_dropout_30|eeg
fault_triggered_router,53,40,structured_dropout_30,eeg,1.0,structured_dropout_30|eeg
fault_triggered_router,53,43,structured_dropout_30,eeg,0.6666666666666666,structured_dropout_30|eeg
fault_triggered_router,53,48,structured_dropout_30,eeg,1.0,structured_dropout_30|eeg
fault_triggered_router,53,49,structured_dropout_30,eeg,1.0,structured_dropout_30|eeg
fault_triggered_router,53,59,structured_dropout_30,eeg,1.0,structured_dropout_30|eeg
fault_triggered_router,53,1,structured_dropout_30,emg,1.0,structured_dropout_30|emg
fault_triggered_router,53,10,structured_dropout_30,emg,1.0,structured_dropout_30|emg
fault_triggered_router,53,15,structured_dropout_30,emg,1.0,structured_dropout_30|emg
fault_triggered_router,53,19,structured_dropout_30,emg,1.0,structured_dropout_30|emg
fault_triggered_router,53,36,structured_dropout_30,emg,1.0,structured_dropout_30|emg
fault_triggered_router,53,39,structured_dropout_30,emg,1.0,structured_dropout_30|emg
fault_triggered_router,53,40,structured_dropout_30,emg,1.0,structured_dropout_30|emg
fault_triggered_router,53,43,structured_dropout_30,emg,0.6666666666666666,structured_dropout_30|emg
fault_triggered_router,53,48,structured_dropout_30,emg,1.0,structured_dropout_30|emg
fault_triggered_router,53,49,structured_dropout_30,emg,1.0,structured_dropout_30|emg
fault_triggered_router,53,59,structured_dropout_30,emg,1.0,structured_dropout_30|emg
fault_triggered_router,53,1,structured_dropout_30,imu,1.0,structured_dropout_30|imu
fault_triggered_router,53,10,structured_dropout_30,imu,1.0,structured_dropout_30|imu
fault_triggered_router,53,15,structured_dropout_30,imu,1.0,structured_dropout_30|imu
fault_triggered_router,53,19,structured_dropout_30,imu,1.0,structured_dropout_30|imu
fault_triggered_router,53,36,structured_dropout_30,imu,0.5555555555555555,structured_dropout_30|imu
fault_triggered_router,53,39,structured_dropout_30,imu,0.5555555555555555,structured_dropout_30|imu
fault_triggered_router,53,40,structured_dropout_30,imu,1.0,structured_dropout_30|imu
fault_triggered_router,53,43,structured_dropout_30,imu,0.6666666666666666,structured_dropout_30|imu
fault_triggered_router,53,48,structured_dropout_30,imu,1.0,structured_dropout_30|imu
fault_triggered_router,53,49,structured_dropout_30,imu,0.5555555555555555,structured_dropout_30|imu
fault_triggered_router,53,59,structured_dropout_30,imu,1.0,structured_dropout_30|imu
fault_triggered_router,53,1,structured_dropout_30,fp,1.0,structured_dropout_30|fp
fault_triggered_router,53,10,structured_dropout_30,fp,1.0,structured_dropout_30|fp
fault_triggered_router,53,15,structured_dropout_30,fp,1.0,structured_dropout_30|fp
fault_triggered_router,53,19,structured_dropout_30,fp,1.0,structured_dropout_30|fp
fault_triggered_router,53,36,structured_dropout_30,fp,1.0,structured_dropout_30|fp
fault_triggered_router,53,39,structured_dropout_30,fp,1.0,structured_dropout_30|fp
fault_triggered_router,53,40,structured_dropout_30,fp,1.0,structured_dropout_30|fp
fault_triggered_router,53,43,structured_dropout_30,fp,0.6666666666666666,structured_dropout_30|fp
fault_triggered_router,53,48,structured_dropout_30,fp,1.0,structured_dropout_30|fp
fault_triggered_router,53,49,structured_dropout_30,fp,1.0,structured_dropout_30|fp
fault_triggered_router,53,59,structured_dropout_30,fp,1.0,structured_dropout_30|fp
fault_triggered_router,53,1,structured_dropout_30,eeg+emg+imu+fp,0.2222222222222222,structured_dropout_30|eeg+emg+imu+fp
fault_triggered_router,53,10,structured_dropout_30,eeg+emg+imu+fp,0.5555555555555555,structured_dropout_30|eeg+emg+imu+fp
fault_triggered_router,53,15,structured_dropout_30,eeg+emg+imu+fp,0.5555555555555555,structured_dropout_30|eeg+emg+imu+fp
fault_triggered_router,53,19,structured_dropout_30,eeg+emg+imu+fp,1.0,structured_dropout_30|eeg+emg+imu+fp
fault_triggered_router,53,36,structured_dropout_30,eeg+emg+imu+fp,1.0,structured_dropout_30|eeg+emg+imu+fp
fault_triggered_router,53,39,structured_dropout_30,eeg+emg+imu+fp,1.0,structured_dropout_30|eeg+emg+imu+fp
fault_triggered_router,53,40,structured_dropout_30,eeg+emg+imu+fp,1.0,structured_dropout_30|eeg+emg+imu+fp
fault_triggered_router,53,43,structured_dropout_30,eeg+emg+imu+fp,0.2222222222222222,structured_dropout_30|eeg+emg+imu+fp
fault_triggered_router,53,48,structured_dropout_30,eeg+emg+imu+fp,1.0,structured_dropout_30|eeg+emg+imu+fp
fault_triggered_router,53,49,structured_dropout_30,eeg+emg+imu+fp,0.5555555555555555,structured_dropout_30|eeg+emg+imu+fp
fault_triggered_router,53,59,structured_dropout_30,eeg+emg+imu+fp,1.0,structured_dropout_30|eeg+emg+imu+fp
fault_triggered_router,53,1,packet_loss_30,eeg,1.0,packet_loss_30|eeg
fault_triggered_router,53,10,packet_loss_30,eeg,1.0,packet_loss_30|eeg
fault_triggered_router,53,15,packet_loss_30,eeg,1.0,packet_loss_30|eeg
fault_triggered_router,53,19,packet_loss_30,eeg,1.0,packet_loss_30|eeg
fault_triggered_router,53,36,packet_loss_30,eeg,1.0,packet_loss_30|eeg
fault_triggered_router,53,39,packet_loss_30,eeg,1.0,packet_loss_30|eeg
fault_triggered_router,53,40,packet_loss_30,eeg,1.0,packet_loss_30|eeg
fault_triggered_router,53,43,packet_loss_30,eeg,0.6666666666666666,packet_loss_30|eeg
fault_triggered_router,53,48,packet_loss_30,eeg,1.0,packet_loss_30|eeg
fault_triggered_router,53,49,packet_loss_30,eeg,1.0,packet_loss_30|eeg
fault_triggered_router,53,59,packet_loss_30,eeg,1.0,packet_loss_30|eeg
fault_triggered_router,53,1,packet_loss_30,emg,1.0,packet_loss_30|emg
fault_triggered_router,53,10,packet_loss_30,emg,1.0,packet_loss_30|emg
fault_triggered_router,53,15,packet_loss_30,emg,1.0,packet_loss_30|emg
fault_triggered_router,53,19,packet_loss_30,emg,1.0,packet_loss_30|emg
fault_triggered_router,53,36,packet_loss_30,emg,1.0,packet_loss_30|emg
fault_triggered_router,53,39,packet_loss_30,emg,1.0,packet_loss_30|emg
fault_triggered_router,53,40,packet_loss_30,emg,1.0,packet_loss_30|emg
fault_triggered_router,53,43,packet_loss_30,emg,0.6666666666666666,packet_loss_30|emg
fault_triggered_router,53,48,packet_loss_30,emg,1.0,packet_loss_30|emg
fault_triggered_router,53,49,packet_loss_30,emg,1.0,packet_loss_30|emg
fault_triggered_router,53,59,packet_loss_30,emg,1.0,packet_loss_30|emg
fault_triggered_router,53,1,packet_loss_30,imu,1.0,packet_loss_30|imu
fault_triggered_router,53,10,packet_loss_30,imu,1.0,packet_loss_30|imu
fault_triggered_router,53,15,packet_loss_30,imu,1.0,packet_loss_30|imu
fault_triggered_router,53,19,packet_loss_30,imu,1.0,packet_loss_30|imu
fault_triggered_router,53,36,packet_loss_30,imu,1.0,packet_loss_30|imu
fault_triggered_router,53,39,packet_loss_30,imu,1.0,packet_loss_30|imu
fault_triggered_router,53,40,packet_loss_30,imu,1.0,packet_loss_30|imu
fault_triggered_router,53,43,packet_loss_30,imu,0.6666666666666666,packet_loss_30|imu
fault_triggered_router,53,48,packet_loss_30,imu,1.0,packet_loss_30|imu
fault_triggered_router,53,49,packet_loss_30,imu,1.0,packet_loss_30|imu
fault_triggered_router,53,59,packet_loss_30,imu,1.0,packet_loss_30|imu
fault_triggered_router,53,1,packet_loss_30,fp,1.0,packet_loss_30|fp
fault_triggered_router,53,10,packet_loss_30,fp,1.0,packet_loss_30|fp
fault_triggered_router,53,15,packet_loss_30,fp,1.0,packet_loss_30|fp
fault_triggered_router,53,19,packet_loss_30,fp,1.0,packet_loss_30|fp
fault_triggered_router,53,36,packet_loss_30,fp,1.0,packet_loss_30|fp
fault_triggered_router,53,39,packet_loss_30,fp,1.0,packet_loss_30|fp
fault_triggered_router,53,40,packet_loss_30,fp,1.0,packet_loss_30|fp
fault_triggered_router,53,43,packet_loss_30,fp,0.6666666666666666,packet_loss_30|fp
fault_triggered_router,53,48,packet_loss_30,fp,1.0,packet_loss_30|fp
fault_triggered_router,53,49,packet_loss_30,fp,1.0,packet_loss_30|fp
fault_triggered_router,53,59,packet_loss_30,fp,1.0,packet_loss_30|fp
fault_triggered_router,53,1,packet_loss_30,eeg+emg+imu+fp,1.0,packet_loss_30|eeg+emg+imu+fp
fault_triggered_router,53,10,packet_loss_30,eeg+emg+imu+fp,1.0,packet_loss_30|eeg+emg+imu+fp
fault_triggered_router,53,15,packet_loss_30,eeg+emg+imu+fp,1.0,packet_loss_30|eeg+emg+imu+fp
fault_triggered_router,53,19,packet_loss_30,eeg+emg+imu+fp,1.0,packet_loss_30|eeg+emg+imu+fp
fault_triggered_router,53,36,packet_loss_30,eeg+emg+imu+fp,0.5555555555555555,packet_loss_30|eeg+emg+imu+fp
fault_triggered_router,53,39,packet_loss_30,eeg+emg+imu+fp,1.0,packet_loss_30|eeg+emg+imu+fp
fault_triggered_router,53,40,packet_loss_30,eeg+emg+imu+fp,1.0,packet_loss_30|eeg+emg+imu+fp
fault_triggered_router,53,43,packet_loss_30,eeg+emg+imu+fp,0.6666666666666666,packet_loss_30|eeg+emg+imu+fp
fault_triggered_router,53,48,packet_loss_30,eeg+emg+imu+fp,1.0,packet_loss_30|eeg+emg+imu+fp
fault_triggered_router,53,49,packet_loss_30,eeg+emg+imu+fp,1.0,packet_loss_30|eeg+emg+imu+fp
fault_triggered_router,53,59,packet_loss_30,eeg+emg+imu+fp,1.0,packet_loss_30|eeg+emg+imu+fp
fault_triggered_router,53,1,shift_250ms,eeg,1.0,shift_250ms|eeg
fault_triggered_router,53,10,shift_250ms,eeg,1.0,shift_250ms|eeg
fault_triggered_router,53,15,shift_250ms,eeg,1.0,shift_250ms|eeg
fault_triggered_router,53,19,shift_250ms,eeg,1.0,shift_250ms|eeg
fault_triggered_router,53,36,shift_250ms,eeg,1.0,shift_250ms|eeg
fault_triggered_router,53,39,shift_250ms,eeg,1.0,shift_250ms|eeg
fault_triggered_router,53,40,shift_250ms,eeg,1.0,shift_250ms|eeg
fault_triggered_router,53,43,shift_250ms,eeg,0.6666666666666666,shift_250ms|eeg
fault_triggered_router,53,48,shift_250ms,eeg,1.0,shift_250ms|eeg
fault_triggered_router,53,49,shift_250ms,eeg,1.0,shift_250ms|eeg
fault_triggered_router,53,59,shift_250ms,eeg,1.0,shift_250ms|eeg
fault_triggered_router,53,1,shift_250ms,emg,1.0,shift_250ms|emg
fault_triggered_router,53,10,shift_250ms,emg,1.0,shift_250ms|emg
fault_triggered_router,53,15,shift_250ms,emg,1.0,shift_250ms|emg
fault_triggered_router,53,19,shift_250ms,emg,1.0,shift_250ms|emg
fault_triggered_router,53,36,shift_250ms,emg,1.0,shift_250ms|emg
fault_triggered_router,53,39,shift_250ms,emg,1.0,shift_250ms|emg
fault_triggered_router,53,40,shift_250ms,emg,1.0,shift_250ms|emg
fault_triggered_router,53,43,shift_250ms,emg,0.6666666666666666,shift_250ms|emg
fault_triggered_router,53,48,shift_250ms,emg,1.0,shift_250ms|emg
fault_triggered_router,53,49,shift_250ms,emg,1.0,shift_250ms|emg
fault_triggered_router,53,59,shift_250ms,emg,1.0,shift_250ms|emg
fault_triggered_router,53,1,shift_250ms,imu,1.0,shift_250ms|imu
fault_triggered_router,53,10,shift_250ms,imu,1.0,shift_250ms|imu
fault_triggered_router,53,15,shift_250ms,imu,1.0,shift_250ms|imu
fault_triggered_router,53,19,shift_250ms,imu,1.0,shift_250ms|imu
fault_triggered_router,53,36,shift_250ms,imu,1.0,shift_250ms|imu
fault_triggered_router,53,39,shift_250ms,imu,1.0,shift_250ms|imu
fault_triggered_router,53,40,shift_250ms,imu,1.0,shift_250ms|imu
fault_triggered_router,53,43,shift_250ms,imu,0.6666666666666666,shift_250ms|imu
fault_triggered_router,53,48,shift_250ms,imu,1.0,shift_250ms|imu
fault_triggered_router,53,49,shift_250ms,imu,1.0,shift_250ms|imu
fault_triggered_router,53,59,shift_250ms,imu,1.0,shift_250ms|imu
fault_triggered_router,53,1,shift_250ms,fp,1.0,shift_250ms|fp
fault_triggered_router,53,10,shift_250ms,fp,1.0,shift_250ms|fp
fault_triggered_router,53,15,shift_250ms,fp,1.0,shift_250ms|fp
fault_triggered_router,53,19,shift_250ms,fp,1.0,shift_250ms|fp
fault_triggered_router,53,36,shift_250ms,fp,1.0,shift_250ms|fp
fault_triggered_router,53,39,shift_250ms,fp,1.0,shift_250ms|fp
fault_triggered_router,53,40,shift_250ms,fp,1.0,shift_250ms|fp
fault_triggered_router,53,43,shift_250ms,fp,0.6666666666666666,shift_250ms|fp
fault_triggered_router,53,48,shift_250ms,fp,1.0,shift_250ms|fp
fault_triggered_router,53,49,shift_250ms,fp,1.0,shift_250ms|fp
fault_triggered_router,53,59,shift_250ms,fp,1.0,shift_250ms|fp
fault_triggered_router,53,1,shift_250ms,eeg+emg+imu+fp,1.0,shift_250ms|eeg+emg+imu+fp
fault_triggered_router,53,10,shift_250ms,eeg+emg+imu+fp,1.0,shift_250ms|eeg+emg+imu+fp
fault_triggered_router,53,15,shift_250ms,eeg+emg+imu+fp,1.0,shift_250ms|eeg+emg+imu+fp
fault_triggered_router,53,19,shift_250ms,eeg+emg+imu+fp,1.0,shift_250ms|eeg+emg+imu+fp
fault_triggered_router,53,36,shift_250ms,eeg+emg+imu+fp,1.0,shift_250ms|eeg+emg+imu+fp
fault_triggered_router,53,39,shift_250ms,eeg+emg+imu+fp,1.0,shift_250ms|eeg+emg+imu+fp
fault_triggered_router,53,40,shift_250ms,eeg+emg+imu+fp,1.0,shift_250ms|eeg+emg+imu+fp
fault_triggered_router,53,43,shift_250ms,eeg+emg+imu+fp,0.6666666666666666,shift_250ms|eeg+emg+imu+fp
fault_triggered_router,53,48,shift_250ms,eeg+emg+imu+fp,1.0,shift_250ms|eeg+emg+imu+fp
fault_triggered_router,53,49,shift_250ms,eeg+emg+imu+fp,1.0,shift_250ms|eeg+emg+imu+fp
fault_triggered_router,53,59,shift_250ms,eeg+emg+imu+fp,1.0,shift_250ms|eeg+emg+imu+fp
fault_triggered_router,53,1,gain_1.5,eeg,1.0,gain_1.5|eeg
fault_triggered_router,53,10,gain_1.5,eeg,1.0,gain_1.5|eeg
fault_triggered_router,53,15,gain_1.5,eeg,1.0,gain_1.5|eeg
fault_triggered_router,53,19,gain_1.5,eeg,1.0,gain_1.5|eeg
fault_triggered_router,53,36,gain_1.5,eeg,1.0,gain_1.5|eeg
fault_triggered_router,53,39,gain_1.5,eeg,1.0,gain_1.5|eeg
fault_triggered_router,53,40,gain_1.5,eeg,1.0,gain_1.5|eeg
fault_triggered_router,53,43,gain_1.5,eeg,0.6666666666666666,gain_1.5|eeg
fault_triggered_router,53,48,gain_1.5,eeg,1.0,gain_1.5|eeg
fault_triggered_router,53,49,gain_1.5,eeg,1.0,gain_1.5|eeg
fault_triggered_router,53,59,gain_1.5,eeg,1.0,gain_1.5|eeg
fault_triggered_router,53,1,gain_1.5,emg,1.0,gain_1.5|emg
fault_triggered_router,53,10,gain_1.5,emg,1.0,gain_1.5|emg
fault_triggered_router,53,15,gain_1.5,emg,1.0,gain_1.5|emg
fault_triggered_router,53,19,gain_1.5,emg,1.0,gain_1.5|emg
fault_triggered_router,53,36,gain_1.5,emg,1.0,gain_1.5|emg
fault_triggered_router,53,39,gain_1.5,emg,1.0,gain_1.5|emg
fault_triggered_router,53,40,gain_1.5,emg,1.0,gain_1.5|emg
fault_triggered_router,53,43,gain_1.5,emg,0.6666666666666666,gain_1.5|emg
fault_triggered_router,53,48,gain_1.5,emg,1.0,gain_1.5|emg
fault_triggered_router,53,49,gain_1.5,emg,1.0,gain_1.5|emg
fault_triggered_router,53,59,gain_1.5,emg,1.0,gain_1.5|emg
fault_triggered_router,53,1,gain_1.5,imu,0.5555555555555555,gain_1.5|imu
fault_triggered_router,53,10,gain_1.5,imu,0.5555555555555555,gain_1.5|imu
fault_triggered_router,53,15,gain_1.5,imu,1.0,gain_1.5|imu
fault_triggered_router,53,19,gain_1.5,imu,0.5555555555555555,gain_1.5|imu
fault_triggered_router,53,36,gain_1.5,imu,1.0,gain_1.5|imu
fault_triggered_router,53,39,gain_1.5,imu,0.5555555555555555,gain_1.5|imu
fault_triggered_router,53,40,gain_1.5,imu,1.0,gain_1.5|imu
fault_triggered_router,53,43,gain_1.5,imu,0.6666666666666666,gain_1.5|imu
fault_triggered_router,53,48,gain_1.5,imu,0.2222222222222222,gain_1.5|imu
fault_triggered_router,53,49,gain_1.5,imu,1.0,gain_1.5|imu
fault_triggered_router,53,59,gain_1.5,imu,0.5555555555555555,gain_1.5|imu
fault_triggered_router,53,1,gain_1.5,fp,1.0,gain_1.5|fp
fault_triggered_router,53,10,gain_1.5,fp,0.5555555555555555,gain_1.5|fp
fault_triggered_router,53,15,gain_1.5,fp,1.0,gain_1.5|fp
fault_triggered_router,53,19,gain_1.5,fp,1.0,gain_1.5|fp
fault_triggered_router,53,36,gain_1.5,fp,1.0,gain_1.5|fp
fault_triggered_router,53,39,gain_1.5,fp,1.0,gain_1.5|fp
fault_triggered_router,53,40,gain_1.5,fp,1.0,gain_1.5|fp
fault_triggered_router,53,43,gain_1.5,fp,0.6666666666666666,gain_1.5|fp
fault_triggered_router,53,48,gain_1.5,fp,1.0,gain_1.5|fp
fault_triggered_router,53,49,gain_1.5,fp,1.0,gain_1.5|fp
fault_triggered_router,53,59,gain_1.5,fp,1.0,gain_1.5|fp
fault_triggered_router,53,1,gain_1.5,eeg+emg+imu+fp,0.2222222222222222,gain_1.5|eeg+emg+imu+fp
fault_triggered_router,53,10,gain_1.5,eeg+emg+imu+fp,0.16666666666666666,gain_1.5|eeg+emg+imu+fp
fault_triggered_router,53,15,gain_1.5,eeg+emg+imu+fp,1.0,gain_1.5|eeg+emg+imu+fp
fault_triggered_router,53,19,gain_1.5,eeg+emg+imu+fp,0.5555555555555555,gain_1.5|eeg+emg+imu+fp
fault_triggered_router,53,36,gain_1.5,eeg+emg+imu+fp,1.0,gain_1.5|eeg+emg+imu+fp
fault_triggered_router,53,39,gain_1.5,eeg+emg+imu+fp,0.2222222222222222,gain_1.5|eeg+emg+imu+fp
fault_triggered_router,53,40,gain_1.5,eeg+emg+imu+fp,0.5555555555555555,gain_1.5|eeg+emg+imu+fp
fault_triggered_router,53,43,gain_1.5,eeg+emg+imu+fp,0.2222222222222222,gain_1.5|eeg+emg+imu+fp
fault_triggered_router,53,48,gain_1.5,eeg+emg+imu+fp,0.2222222222222222,gain_1.5|eeg+emg+imu+fp
fault_triggered_router,53,49,gain_1.5,eeg+emg+imu+fp,0.5555555555555555,gain_1.5|eeg+emg+imu+fp
fault_triggered_router,53,59,gain_1.5,eeg+emg+imu+fp,0.2222222222222222,gain_1.5|eeg+emg+imu+fp
fault_triggered_router,52,3,clean,none,0.3333333333333333,clean|none
fault_triggered_router,52,7,clean,none,1.0,clean|none
fault_triggered_router,52,14,clean,none,1.0,clean|none
fault_triggered_router,52,16,clean,none,1.0,clean|none
fault_triggered_router,52,21,clean,none,1.0,clean|none
fault_triggered_router,52,25,clean,none,1.0,clean|none
fault_triggered_router,52,26,clean,none,0.5555555555555555,clean|none
fault_triggered_router,52,27,clean,none,1.0,clean|none
fault_triggered_router,52,29,clean,none,0.5555555555555555,clean|none
fault_triggered_router,52,38,clean,none,1.0,clean|none
fault_triggered_router,52,46,clean,none,1.0,clean|none
fault_triggered_router,52,3,noise_10db,eeg,0.3333333333333333,noise_10db|eeg
fault_triggered_router,52,7,noise_10db,eeg,1.0,noise_10db|eeg
fault_triggered_router,52,14,noise_10db,eeg,1.0,noise_10db|eeg
fault_triggered_router,52,16,noise_10db,eeg,1.0,noise_10db|eeg
fault_triggered_router,52,21,noise_10db,eeg,1.0,noise_10db|eeg
fault_triggered_router,52,25,noise_10db,eeg,1.0,noise_10db|eeg
fault_triggered_router,52,26,noise_10db,eeg,0.5555555555555555,noise_10db|eeg
fault_triggered_router,52,27,noise_10db,eeg,1.0,noise_10db|eeg
fault_triggered_router,52,29,noise_10db,eeg,0.5555555555555555,noise_10db|eeg
fault_triggered_router,52,38,noise_10db,eeg,1.0,noise_10db|eeg
fault_triggered_router,52,46,noise_10db,eeg,1.0,noise_10db|eeg
fault_triggered_router,52,3,noise_10db,emg,0.3333333333333333,noise_10db|emg
fault_triggered_router,52,7,noise_10db,emg,1.0,noise_10db|emg
fault_triggered_router,52,14,noise_10db,emg,1.0,noise_10db|emg
fault_triggered_router,52,16,noise_10db,emg,1.0,noise_10db|emg
fault_triggered_router,52,21,noise_10db,emg,1.0,noise_10db|emg
fault_triggered_router,52,25,noise_10db,emg,0.5555555555555555,noise_10db|emg
fault_triggered_router,52,26,noise_10db,emg,0.5555555555555555,noise_10db|emg
fault_triggered_router,52,27,noise_10db,emg,1.0,noise_10db|emg
fault_triggered_router,52,29,noise_10db,emg,0.5555555555555555,noise_10db|emg
fault_triggered_router,52,38,noise_10db,emg,1.0,noise_10db|emg
fault_triggered_router,52,46,noise_10db,emg,1.0,noise_10db|emg
fault_triggered_router,52,3,noise_10db,imu,0.3333333333333333,noise_10db|imu
fault_triggered_router,52,7,noise_10db,imu,1.0,noise_10db|imu
fault_triggered_router,52,14,noise_10db,imu,1.0,noise_10db|imu
fault_triggered_router,52,16,noise_10db,imu,1.0,noise_10db|imu
fault_triggered_router,52,21,noise_10db,imu,1.0,noise_10db|imu
fault_triggered_router,52,25,noise_10db,imu,0.5555555555555555,noise_10db|imu
fault_triggered_router,52,26,noise_10db,imu,0.5555555555555555,noise_10db|imu
fault_triggered_router,52,27,noise_10db,imu,1.0,noise_10db|imu
fault_triggered_router,52,29,noise_10db,imu,0.5555555555555555,noise_10db|imu
fault_triggered_router,52,38,noise_10db,imu,1.0,noise_10db|imu
fault_triggered_router,52,46,noise_10db,imu,1.0,noise_10db|imu
fault_triggered_router,52,3,noise_10db,fp,0.3333333333333333,noise_10db|fp
fault_triggered_router,52,7,noise_10db,fp,1.0,noise_10db|fp
fault_triggered_router,52,14,noise_10db,fp,1.0,noise_10db|fp
fault_triggered_router,52,16,noise_10db,fp,1.0,noise_10db|fp
fault_triggered_router,52,21,noise_10db,fp,1.0,noise_10db|fp
fault_triggered_router,52,25,noise_10db,fp,0.5555555555555555,noise_10db|fp
fault_triggered_router,52,26,noise_10db,fp,0.5555555555555555,noise_10db|fp
fault_triggered_router,52,27,noise_10db,fp,1.0,noise_10db|fp
fault_triggered_router,52,29,noise_10db,fp,0.5555555555555555,noise_10db|fp
fault_triggered_router,52,38,noise_10db,fp,1.0,noise_10db|fp
fault_triggered_router,52,46,noise_10db,fp,1.0,noise_10db|fp
fault_triggered_router,52,3,noise_10db,eeg+emg+imu+fp,0.3333333333333333,noise_10db|eeg+emg+imu+fp
fault_triggered_router,52,7,noise_10db,eeg+emg+imu+fp,1.0,noise_10db|eeg+emg+imu+fp
fault_triggered_router,52,14,noise_10db,eeg+emg+imu+fp,1.0,noise_10db|eeg+emg+imu+fp
fault_triggered_router,52,16,noise_10db,eeg+emg+imu+fp,1.0,noise_10db|eeg+emg+imu+fp
fault_triggered_router,52,21,noise_10db,eeg+emg+imu+fp,1.0,noise_10db|eeg+emg+imu+fp
fault_triggered_router,52,25,noise_10db,eeg+emg+imu+fp,0.5555555555555555,noise_10db|eeg+emg+imu+fp
fault_triggered_router,52,26,noise_10db,eeg+emg+imu+fp,1.0,noise_10db|eeg+emg+imu+fp
fault_triggered_router,52,27,noise_10db,eeg+emg+imu+fp,1.0,noise_10db|eeg+emg+imu+fp
fault_triggered_router,52,29,noise_10db,eeg+emg+imu+fp,0.5555555555555555,noise_10db|eeg+emg+imu+fp
fault_triggered_router,52,38,noise_10db,eeg+emg+imu+fp,1.0,noise_10db|eeg+emg+imu+fp
fault_triggered_router,52,46,noise_10db,eeg+emg+imu+fp,1.0,noise_10db|eeg+emg+imu+fp
fault_triggered_router,52,3,channel_dropout_30,eeg,0.3333333333333333,channel_dropout_30|eeg
fault_triggered_router,52,7,channel_dropout_30,eeg,1.0,channel_dropout_30|eeg
fault_triggered_router,52,14,channel_dropout_30,eeg,1.0,channel_dropout_30|eeg
fault_triggered_router,52,16,channel_dropout_30,eeg,1.0,channel_dropout_30|eeg
fault_triggered_router,52,21,channel_dropout_30,eeg,1.0,channel_dropout_30|eeg
fault_triggered_router,52,25,channel_dropout_30,eeg,1.0,channel_dropout_30|eeg
fault_triggered_router,52,26,channel_dropout_30,eeg,0.5555555555555555,channel_dropout_30|eeg
fault_triggered_router,52,27,channel_dropout_30,eeg,1.0,channel_dropout_30|eeg
fault_triggered_router,52,29,channel_dropout_30,eeg,0.5555555555555555,channel_dropout_30|eeg
fault_triggered_router,52,38,channel_dropout_30,eeg,1.0,channel_dropout_30|eeg
fault_triggered_router,52,46,channel_dropout_30,eeg,1.0,channel_dropout_30|eeg
fault_triggered_router,52,3,channel_dropout_30,emg,0.3333333333333333,channel_dropout_30|emg
fault_triggered_router,52,7,channel_dropout_30,emg,1.0,channel_dropout_30|emg
fault_triggered_router,52,14,channel_dropout_30,emg,1.0,channel_dropout_30|emg
fault_triggered_router,52,16,channel_dropout_30,emg,1.0,channel_dropout_30|emg
fault_triggered_router,52,21,channel_dropout_30,emg,1.0,channel_dropout_30|emg
fault_triggered_router,52,25,channel_dropout_30,emg,1.0,channel_dropout_30|emg
fault_triggered_router,52,26,channel_dropout_30,emg,0.5555555555555555,channel_dropout_30|emg
fault_triggered_router,52,27,channel_dropout_30,emg,1.0,channel_dropout_30|emg
fault_triggered_router,52,29,channel_dropout_30,emg,0.5555555555555555,channel_dropout_30|emg
fault_triggered_router,52,38,channel_dropout_30,emg,1.0,channel_dropout_30|emg
fault_triggered_router,52,46,channel_dropout_30,emg,1.0,channel_dropout_30|emg
fault_triggered_router,52,3,channel_dropout_30,imu,0.3333333333333333,channel_dropout_30|imu
fault_triggered_router,52,7,channel_dropout_30,imu,0.5555555555555555,channel_dropout_30|imu
fault_triggered_router,52,14,channel_dropout_30,imu,1.0,channel_dropout_30|imu
fault_triggered_router,52,16,channel_dropout_30,imu,0.5555555555555555,channel_dropout_30|imu
fault_triggered_router,52,21,channel_dropout_30,imu,0.5555555555555555,channel_dropout_30|imu
fault_triggered_router,52,25,channel_dropout_30,imu,1.0,channel_dropout_30|imu
fault_triggered_router,52,26,channel_dropout_30,imu,0.16666666666666666,channel_dropout_30|imu
fault_triggered_router,52,27,channel_dropout_30,imu,1.0,channel_dropout_30|imu
fault_triggered_router,52,29,channel_dropout_30,imu,0.2222222222222222,channel_dropout_30|imu
fault_triggered_router,52,38,channel_dropout_30,imu,1.0,channel_dropout_30|imu
fault_triggered_router,52,46,channel_dropout_30,imu,1.0,channel_dropout_30|imu
fault_triggered_router,52,3,channel_dropout_30,fp,0.3333333333333333,channel_dropout_30|fp
fault_triggered_router,52,7,channel_dropout_30,fp,1.0,channel_dropout_30|fp
fault_triggered_router,52,14,channel_dropout_30,fp,1.0,channel_dropout_30|fp
fault_triggered_router,52,16,channel_dropout_30,fp,1.0,channel_dropout_30|fp
fault_triggered_router,52,21,channel_dropout_30,fp,1.0,channel_dropout_30|fp
fault_triggered_router,52,25,channel_dropout_30,fp,1.0,channel_dropout_30|fp
fault_triggered_router,52,26,channel_dropout_30,fp,0.5555555555555555,channel_dropout_30|fp
fault_triggered_router,52,27,channel_dropout_30,fp,1.0,channel_dropout_30|fp
fault_triggered_router,52,29,channel_dropout_30,fp,0.2222222222222222,channel_dropout_30|fp
fault_triggered_router,52,38,channel_dropout_30,fp,1.0,channel_dropout_30|fp
fault_triggered_router,52,46,channel_dropout_30,fp,1.0,channel_dropout_30|fp
fault_triggered_router,52,3,channel_dropout_30,eeg+emg+imu+fp,0.3333333333333333,channel_dropout_30|eeg+emg+imu+fp
fault_triggered_router,52,7,channel_dropout_30,eeg+emg+imu+fp,0.2222222222222222,channel_dropout_30|eeg+emg+imu+fp
fault_triggered_router,52,14,channel_dropout_30,eeg+emg+imu+fp,1.0,channel_dropout_30|eeg+emg+imu+fp
fault_triggered_router,52,16,channel_dropout_30,eeg+emg+imu+fp,0.5555555555555555,channel_dropout_30|eeg+emg+imu+fp
fault_triggered_router,52,21,channel_dropout_30,eeg+emg+imu+fp,1.0,channel_dropout_30|eeg+emg+imu+fp
fault_triggered_router,52,25,channel_dropout_30,eeg+emg+imu+fp,0.5555555555555555,channel_dropout_30|eeg+emg+imu+fp
fault_triggered_router,52,26,channel_dropout_30,eeg+emg+imu+fp,0.2222222222222222,channel_dropout_30|eeg+emg+imu+fp
fault_triggered_router,52,27,channel_dropout_30,eeg+emg+imu+fp,1.0,channel_dropout_30|eeg+emg+imu+fp
fault_triggered_router,52,29,channel_dropout_30,eeg+emg+imu+fp,0.2222222222222222,channel_dropout_30|eeg+emg+imu+fp
fault_triggered_router,52,38,channel_dropout_30,eeg+emg+imu+fp,0.5555555555555555,channel_dropout_30|eeg+emg+imu+fp
fault_triggered_router,52,46,channel_dropout_30,eeg+emg+imu+fp,0.5555555555555555,channel_dropout_30|eeg+emg+imu+fp
fault_triggered_router,52,3,structured_dropout_30,eeg,0.3333333333333333,structured_dropout_30|eeg
fault_triggered_router,52,7,structured_dropout_30,eeg,1.0,structured_dropout_30|eeg
fault_triggered_router,52,14,structured_dropout_30,eeg,1.0,structured_dropout_30|eeg
fault_triggered_router,52,16,structured_dropout_30,eeg,1.0,structured_dropout_30|eeg
fault_triggered_router,52,21,structured_dropout_30,eeg,1.0,structured_dropout_30|eeg
fault_triggered_router,52,25,structured_dropout_30,eeg,1.0,structured_dropout_30|eeg
fault_triggered_router,52,26,structured_dropout_30,eeg,0.5555555555555555,structured_dropout_30|eeg
fault_triggered_router,52,27,structured_dropout_30,eeg,1.0,structured_dropout_30|eeg
fault_triggered_router,52,29,structured_dropout_30,eeg,0.5555555555555555,structured_dropout_30|eeg
fault_triggered_router,52,38,structured_dropout_30,eeg,1.0,structured_dropout_30|eeg
fault_triggered_router,52,46,structured_dropout_30,eeg,1.0,structured_dropout_30|eeg
fault_triggered_router,52,3,structured_dropout_30,emg,0.3333333333333333,structured_dropout_30|emg
fault_triggered_router,52,7,structured_dropout_30,emg,1.0,structured_dropout_30|emg
fault_triggered_router,52,14,structured_dropout_30,emg,1.0,structured_dropout_30|emg
fault_triggered_router,52,16,structured_dropout_30,emg,1.0,structured_dropout_30|emg
fault_triggered_router,52,21,structured_dropout_30,emg,1.0,structured_dropout_30|emg
fault_triggered_router,52,25,structured_dropout_30,emg,1.0,structured_dropout_30|emg
fault_triggered_router,52,26,structured_dropout_30,emg,0.5555555555555555,structured_dropout_30|emg
fault_triggered_router,52,27,structured_dropout_30,emg,1.0,structured_dropout_30|emg
fault_triggered_router,52,29,structured_dropout_30,emg,0.2222222222222222,structured_dropout_30|emg
fault_triggered_router,52,38,structured_dropout_30,emg,1.0,structured_dropout_30|emg
fault_triggered_router,52,46,structured_dropout_30,emg,1.0,structured_dropout_30|emg
fault_triggered_router,52,3,structured_dropout_30,imu,0.3333333333333333,structured_dropout_30|imu
fault_triggered_router,52,7,structured_dropout_30,imu,0.5555555555555555,structured_dropout_30|imu
fault_triggered_router,52,14,structured_dropout_30,imu,1.0,structured_dropout_30|imu
fault_triggered_router,52,16,structured_dropout_30,imu,0.2222222222222222,structured_dropout_30|imu
fault_triggered_router,52,21,structured_dropout_30,imu,0.5555555555555555,structured_dropout_30|imu
fault_triggered_router,52,25,structured_dropout_30,imu,1.0,structured_dropout_30|imu
fault_triggered_router,52,26,structured_dropout_30,imu,0.5555555555555555,structured_dropout_30|imu
fault_triggered_router,52,27,structured_dropout_30,imu,1.0,structured_dropout_30|imu
fault_triggered_router,52,29,structured_dropout_30,imu,0.2222222222222222,structured_dropout_30|imu
fault_triggered_router,52,38,structured_dropout_30,imu,1.0,structured_dropout_30|imu
fault_triggered_router,52,46,structured_dropout_30,imu,1.0,structured_dropout_30|imu
fault_triggered_router,52,3,structured_dropout_30,fp,0.3333333333333333,structured_dropout_30|fp
fault_triggered_router,52,7,structured_dropout_30,fp,1.0,structured_dropout_30|fp
fault_triggered_router,52,14,structured_dropout_30,fp,1.0,structured_dropout_30|fp
fault_triggered_router,52,16,structured_dropout_30,fp,1.0,structured_dropout_30|fp
fault_triggered_router,52,21,structured_dropout_30,fp,1.0,structured_dropout_30|fp
fault_triggered_router,52,25,structured_dropout_30,fp,1.0,structured_dropout_30|fp
fault_triggered_router,52,26,structured_dropout_30,fp,0.5555555555555555,structured_dropout_30|fp
fault_triggered_router,52,27,structured_dropout_30,fp,1.0,structured_dropout_30|fp
fault_triggered_router,52,29,structured_dropout_30,fp,0.2222222222222222,structured_dropout_30|fp
fault_triggered_router,52,38,structured_dropout_30,fp,1.0,structured_dropout_30|fp
fault_triggered_router,52,46,structured_dropout_30,fp,1.0,structured_dropout_30|fp
fault_triggered_router,52,3,structured_dropout_30,eeg+emg+imu+fp,0.3333333333333333,structured_dropout_30|eeg+emg+imu+fp
fault_triggered_router,52,7,structured_dropout_30,eeg+emg+imu+fp,0.2222222222222222,structured_dropout_30|eeg+emg+imu+fp
fault_triggered_router,52,14,structured_dropout_30,eeg+emg+imu+fp,0.5555555555555555,structured_dropout_30|eeg+emg+imu+fp
fault_triggered_router,52,16,structured_dropout_30,eeg+emg+imu+fp,0.2222222222222222,structured_dropout_30|eeg+emg+imu+fp
fault_triggered_router,52,21,structured_dropout_30,eeg+emg+imu+fp,1.0,structured_dropout_30|eeg+emg+imu+fp
fault_triggered_router,52,25,structured_dropout_30,eeg+emg+imu+fp,1.0,structured_dropout_30|eeg+emg+imu+fp
fault_triggered_router,52,26,structured_dropout_30,eeg+emg+imu+fp,0.2222222222222222,structured_dropout_30|eeg+emg+imu+fp
fault_triggered_router,52,27,structured_dropout_30,eeg+emg+imu+fp,0.5555555555555555,structured_dropout_30|eeg+emg+imu+fp
fault_triggered_router,52,29,structured_dropout_30,eeg+emg+imu+fp,0.2222222222222222,structured_dropout_30|eeg+emg+imu+fp
fault_triggered_router,52,38,structured_dropout_30,eeg+emg+imu+fp,0.2222222222222222,structured_dropout_30|eeg+emg+imu+fp
fault_triggered_router,52,46,structured_dropout_30,eeg+emg+imu+fp,0.2222222222222222,structured_dropout_30|eeg+emg+imu+fp
fault_triggered_router,52,3,packet_loss_30,eeg,0.3333333333333333,packet_loss_30|eeg
fault_triggered_router,52,7,packet_loss_30,eeg,1.0,packet_loss_30|eeg
fault_triggered_router,52,14,packet_loss_30,eeg,1.0,packet_loss_30|eeg
fault_triggered_router,52,16,packet_loss_30,eeg,1.0,packet_loss_30|eeg
fault_triggered_router,52,21,packet_loss_30,eeg,1.0,packet_loss_30|eeg
fault_triggered_router,52,25,packet_loss_30,eeg,1.0,packet_loss_30|eeg
fault_triggered_router,52,26,packet_loss_30,eeg,0.5555555555555555,packet_loss_30|eeg
fault_triggered_router,52,27,packet_loss_30,eeg,1.0,packet_loss_30|eeg
fault_triggered_router,52,29,packet_loss_30,eeg,0.5555555555555555,packet_loss_30|eeg
fault_triggered_router,52,38,packet_loss_30,eeg,1.0,packet_loss_30|eeg
fault_triggered_router,52,46,packet_loss_30,eeg,1.0,packet_loss_30|eeg
fault_triggered_router,52,3,packet_loss_30,emg,0.3333333333333333,packet_loss_30|emg
fault_triggered_router,52,7,packet_loss_30,emg,1.0,packet_loss_30|emg
fault_triggered_router,52,14,packet_loss_30,emg,1.0,packet_loss_30|emg
fault_triggered_router,52,16,packet_loss_30,emg,1.0,packet_loss_30|emg
fault_triggered_router,52,21,packet_loss_30,emg,1.0,packet_loss_30|emg
fault_triggered_router,52,25,packet_loss_30,emg,1.0,packet_loss_30|emg
fault_triggered_router,52,26,packet_loss_30,emg,0.5555555555555555,packet_loss_30|emg
fault_triggered_router,52,27,packet_loss_30,emg,1.0,packet_loss_30|emg
fault_triggered_router,52,29,packet_loss_30,emg,0.5555555555555555,packet_loss_30|emg
fault_triggered_router,52,38,packet_loss_30,emg,1.0,packet_loss_30|emg
fault_triggered_router,52,46,packet_loss_30,emg,1.0,packet_loss_30|emg
fault_triggered_router,52,3,packet_loss_30,imu,0.3333333333333333,packet_loss_30|imu
fault_triggered_router,52,7,packet_loss_30,imu,1.0,packet_loss_30|imu
fault_triggered_router,52,14,packet_loss_30,imu,1.0,packet_loss_30|imu
fault_triggered_router,52,16,packet_loss_30,imu,1.0,packet_loss_30|imu
fault_triggered_router,52,21,packet_loss_30,imu,0.5555555555555555,packet_loss_30|imu
fault_triggered_router,52,25,packet_loss_30,imu,1.0,packet_loss_30|imu
fault_triggered_router,52,26,packet_loss_30,imu,0.5555555555555555,packet_loss_30|imu
fault_triggered_router,52,27,packet_loss_30,imu,1.0,packet_loss_30|imu
fault_triggered_router,52,29,packet_loss_30,imu,0.2222222222222222,packet_loss_30|imu
fault_triggered_router,52,38,packet_loss_30,imu,1.0,packet_loss_30|imu
fault_triggered_router,52,46,packet_loss_30,imu,1.0,packet_loss_30|imu
fault_triggered_router,52,3,packet_loss_30,fp,0.3333333333333333,packet_loss_30|fp
fault_triggered_router,52,7,packet_loss_30,fp,1.0,packet_loss_30|fp
fault_triggered_router,52,14,packet_loss_30,fp,1.0,packet_loss_30|fp
fault_triggered_router,52,16,packet_loss_30,fp,1.0,packet_loss_30|fp
fault_triggered_router,52,21,packet_loss_30,fp,1.0,packet_loss_30|fp
fault_triggered_router,52,25,packet_loss_30,fp,1.0,packet_loss_30|fp
fault_triggered_router,52,26,packet_loss_30,fp,0.5555555555555555,packet_loss_30|fp
fault_triggered_router,52,27,packet_loss_30,fp,1.0,packet_loss_30|fp
fault_triggered_router,52,29,packet_loss_30,fp,0.5555555555555555,packet_loss_30|fp
fault_triggered_router,52,38,packet_loss_30,fp,1.0,packet_loss_30|fp
fault_triggered_router,52,46,packet_loss_30,fp,1.0,packet_loss_30|fp
fault_triggered_router,52,3,packet_loss_30,eeg+emg+imu+fp,0.3333333333333333,packet_loss_30|eeg+emg+imu+fp
fault_triggered_router,52,7,packet_loss_30,eeg+emg+imu+fp,1.0,packet_loss_30|eeg+emg+imu+fp
fault_triggered_router,52,14,packet_loss_30,eeg+emg+imu+fp,1.0,packet_loss_30|eeg+emg+imu+fp
fault_triggered_router,52,16,packet_loss_30,eeg+emg+imu+fp,0.5555555555555555,packet_loss_30|eeg+emg+imu+fp
fault_triggered_router,52,21,packet_loss_30,eeg+emg+imu+fp,1.0,packet_loss_30|eeg+emg+imu+fp
fault_triggered_router,52,25,packet_loss_30,eeg+emg+imu+fp,1.0,packet_loss_30|eeg+emg+imu+fp
fault_triggered_router,52,26,packet_loss_30,eeg+emg+imu+fp,0.5555555555555555,packet_loss_30|eeg+emg+imu+fp
fault_triggered_router,52,27,packet_loss_30,eeg+emg+imu+fp,1.0,packet_loss_30|eeg+emg+imu+fp
fault_triggered_router,52,29,packet_loss_30,eeg+emg+imu+fp,0.2222222222222222,packet_loss_30|eeg+emg+imu+fp
fault_triggered_router,52,38,packet_loss_30,eeg+emg+imu+fp,1.0,packet_loss_30|eeg+emg+imu+fp
fault_triggered_router,52,46,packet_loss_30,eeg+emg+imu+fp,1.0,packet_loss_30|eeg+emg+imu+fp
fault_triggered_router,52,3,shift_250ms,eeg,0.3333333333333333,shift_250ms|eeg
fault_triggered_router,52,7,shift_250ms,eeg,1.0,shift_250ms|eeg
fault_triggered_router,52,14,shift_250ms,eeg,1.0,shift_250ms|eeg
fault_triggered_router,52,16,shift_250ms,eeg,1.0,shift_250ms|eeg
fault_triggered_router,52,21,shift_250ms,eeg,1.0,shift_250ms|eeg
fault_triggered_router,52,25,shift_250ms,eeg,1.0,shift_250ms|eeg
fault_triggered_router,52,26,shift_250ms,eeg,0.5555555555555555,shift_250ms|eeg
fault_triggered_router,52,27,shift_250ms,eeg,1.0,shift_250ms|eeg
fault_triggered_router,52,29,shift_250ms,eeg,0.5555555555555555,shift_250ms|eeg
fault_triggered_router,52,38,shift_250ms,eeg,1.0,shift_250ms|eeg
fault_triggered_router,52,46,shift_250ms,eeg,1.0,shift_250ms|eeg
fault_triggered_router,52,3,shift_250ms,emg,0.3333333333333333,shift_250ms|emg
fault_triggered_router,52,7,shift_250ms,emg,1.0,shift_250ms|emg
fault_triggered_router,52,14,shift_250ms,emg,1.0,shift_250ms|emg
fault_triggered_router,52,16,shift_250ms,emg,1.0,shift_250ms|emg
fault_triggered_router,52,21,shift_250ms,emg,1.0,shift_250ms|emg
fault_triggered_router,52,25,shift_250ms,emg,1.0,shift_250ms|emg
fault_triggered_router,52,26,shift_250ms,emg,0.5555555555555555,shift_250ms|emg
fault_triggered_router,52,27,shift_250ms,emg,1.0,shift_250ms|emg
fault_triggered_router,52,29,shift_250ms,emg,0.5555555555555555,shift_250ms|emg
fault_triggered_router,52,38,shift_250ms,emg,1.0,shift_250ms|emg
fault_triggered_router,52,46,shift_250ms,emg,1.0,shift_250ms|emg
fault_triggered_router,52,3,shift_250ms,imu,0.3333333333333333,shift_250ms|imu
fault_triggered_router,52,7,shift_250ms,imu,1.0,shift_250ms|imu
fault_triggered_router,52,14,shift_250ms,imu,1.0,shift_250ms|imu
fault_triggered_router,52,16,shift_250ms,imu,1.0,shift_250ms|imu
fault_triggered_router,52,21,shift_250ms,imu,1.0,shift_250ms|imu
fault_triggered_router,52,25,shift_250ms,imu,1.0,shift_250ms|imu
fault_triggered_router,52,26,shift_250ms,imu,0.5555555555555555,shift_250ms|imu
fault_triggered_router,52,27,shift_250ms,imu,1.0,shift_250ms|imu
fault_triggered_router,52,29,shift_250ms,imu,0.2222222222222222,shift_250ms|imu
fault_triggered_router,52,38,shift_250ms,imu,1.0,shift_250ms|imu
fault_triggered_router,52,46,shift_250ms,imu,1.0,shift_250ms|imu
fault_triggered_router,52,3,shift_250ms,fp,0.3333333333333333,shift_250ms|fp
fault_triggered_router,52,7,shift_250ms,fp,1.0,shift_250ms|fp
fault_triggered_router,52,14,shift_250ms,fp,1.0,shift_250ms|fp
fault_triggered_router,52,16,shift_250ms,fp,1.0,shift_250ms|fp
fault_triggered_router,52,21,shift_250ms,fp,1.0,shift_250ms|fp
fault_triggered_router,52,25,shift_250ms,fp,1.0,shift_250ms|fp
fault_triggered_router,52,26,shift_250ms,fp,0.5555555555555555,shift_250ms|fp
fault_triggered_router,52,27,shift_250ms,fp,1.0,shift_250ms|fp
fault_triggered_router,52,29,shift_250ms,fp,0.5555555555555555,shift_250ms|fp
fault_triggered_router,52,38,shift_250ms,fp,1.0,shift_250ms|fp
fault_triggered_router,52,46,shift_250ms,fp,1.0,shift_250ms|fp
fault_triggered_router,52,3,shift_250ms,eeg+emg+imu+fp,0.3333333333333333,shift_250ms|eeg+emg+imu+fp
fault_triggered_router,52,7,shift_250ms,eeg+emg+imu+fp,1.0,shift_250ms|eeg+emg+imu+fp
fault_triggered_router,52,14,shift_250ms,eeg+emg+imu+fp,1.0,shift_250ms|eeg+emg+imu+fp
fault_triggered_router,52,16,shift_250ms,eeg+emg+imu+fp,1.0,shift_250ms|eeg+emg+imu+fp
fault_triggered_router,52,21,shift_250ms,eeg+emg+imu+fp,1.0,shift_250ms|eeg+emg+imu+fp
fault_triggered_router,52,25,shift_250ms,eeg+emg+imu+fp,1.0,shift_250ms|eeg+emg+imu+fp
fault_triggered_router,52,26,shift_250ms,eeg+emg+imu+fp,0.5555555555555555,shift_250ms|eeg+emg+imu+fp
fault_triggered_router,52,27,shift_250ms,eeg+emg+imu+fp,1.0,shift_250ms|eeg+emg+imu+fp
fault_triggered_router,52,29,shift_250ms,eeg+emg+imu+fp,0.2222222222222222,shift_250ms|eeg+emg+imu+fp
fault_triggered_router,52,38,shift_250ms,eeg+emg+imu+fp,1.0,shift_250ms|eeg+emg+imu+fp
fault_triggered_router,52,46,shift_250ms,eeg+emg+imu+fp,1.0,shift_250ms|eeg+emg+imu+fp
fault_triggered_router,52,3,gain_1.5,eeg,0.3333333333333333,gain_1.5|eeg
fault_triggered_router,52,7,gain_1.5,eeg,1.0,gain_1.5|eeg
fault_triggered_router,52,14,gain_1.5,eeg,1.0,gain_1.5|eeg
fault_triggered_router,52,16,gain_1.5,eeg,1.0,gain_1.5|eeg
fault_triggered_router,52,21,gain_1.5,eeg,1.0,gain_1.5|eeg
fault_triggered_router,52,25,gain_1.5,eeg,1.0,gain_1.5|eeg
fault_triggered_router,52,26,gain_1.5,eeg,0.5555555555555555,gain_1.5|eeg
fault_triggered_router,52,27,gain_1.5,eeg,1.0,gain_1.5|eeg
fault_triggered_router,52,29,gain_1.5,eeg,0.5555555555555555,gain_1.5|eeg
fault_triggered_router,52,38,gain_1.5,eeg,1.0,gain_1.5|eeg
fault_triggered_router,52,46,gain_1.5,eeg,1.0,gain_1.5|eeg
fault_triggered_router,52,3,gain_1.5,emg,0.3333333333333333,gain_1.5|emg
fault_triggered_router,52,7,gain_1.5,emg,1.0,gain_1.5|emg
fault_triggered_router,52,14,gain_1.5,emg,1.0,gain_1.5|emg
fault_triggered_router,52,16,gain_1.5,emg,1.0,gain_1.5|emg
fault_triggered_router,52,21,gain_1.5,emg,1.0,gain_1.5|emg
fault_triggered_router,52,25,gain_1.5,emg,1.0,gain_1.5|emg
fault_triggered_router,52,26,gain_1.5,emg,0.5555555555555555,gain_1.5|emg
fault_triggered_router,52,27,gain_1.5,emg,1.0,gain_1.5|emg
fault_triggered_router,52,29,gain_1.5,emg,0.5555555555555555,gain_1.5|emg
fault_triggered_router,52,38,gain_1.5,emg,1.0,gain_1.5|emg
fault_triggered_router,52,46,gain_1.5,emg,1.0,gain_1.5|emg
fault_triggered_router,52,3,gain_1.5,imu,0.3333333333333333,gain_1.5|imu
fault_triggered_router,52,7,gain_1.5,imu,0.5555555555555555,gain_1.5|imu
fault_triggered_router,52,14,gain_1.5,imu,1.0,gain_1.5|imu
fault_triggered_router,52,16,gain_1.5,imu,1.0,gain_1.5|imu
fault_triggered_router,52,21,gain_1.5,imu,0.2222222222222222,gain_1.5|imu
fault_triggered_router,52,25,gain_1.5,imu,0.2222222222222222,gain_1.5|imu
fault_triggered_router,52,26,gain_1.5,imu,1.0,gain_1.5|imu
fault_triggered_router,52,27,gain_1.5,imu,1.0,gain_1.5|imu
fault_triggered_router,52,29,gain_1.5,imu,1.0,gain_1.5|imu
fault_triggered_router,52,38,gain_1.5,imu,1.0,gain_1.5|imu
fault_triggered_router,52,46,gain_1.5,imu,1.0,gain_1.5|imu
fault_triggered_router,52,3,gain_1.5,fp,0.3333333333333333,gain_1.5|fp
fault_triggered_router,52,7,gain_1.5,fp,1.0,gain_1.5|fp
fault_triggered_router,52,14,gain_1.5,fp,1.0,gain_1.5|fp
fault_triggered_router,52,16,gain_1.5,fp,1.0,gain_1.5|fp
fault_triggered_router,52,21,gain_1.5,fp,0.5555555555555555,gain_1.5|fp
fault_triggered_router,52,25,gain_1.5,fp,1.0,gain_1.5|fp
fault_triggered_router,52,26,gain_1.5,fp,0.5555555555555555,gain_1.5|fp
fault_triggered_router,52,27,gain_1.5,fp,1.0,gain_1.5|fp
fault_triggered_router,52,29,gain_1.5,fp,0.5555555555555555,gain_1.5|fp
fault_triggered_router,52,38,gain_1.5,fp,1.0,gain_1.5|fp
fault_triggered_router,52,46,gain_1.5,fp,1.0,gain_1.5|fp
fault_triggered_router,52,3,gain_1.5,eeg+emg+imu+fp,0.0,gain_1.5|eeg+emg+imu+fp
fault_triggered_router,52,7,gain_1.5,eeg+emg+imu+fp,0.2222222222222222,gain_1.5|eeg+emg+imu+fp
fault_triggered_router,52,14,gain_1.5,eeg+emg+imu+fp,0.2222222222222222,gain_1.5|eeg+emg+imu+fp
fault_triggered_router,52,16,gain_1.5,eeg+emg+imu+fp,1.0,gain_1.5|eeg+emg+imu+fp
fault_triggered_router,52,21,gain_1.5,eeg+emg+imu+fp,0.2222222222222222,gain_1.5|eeg+emg+imu+fp
fault_triggered_router,52,25,gain_1.5,eeg+emg+imu+fp,0.2222222222222222,gain_1.5|eeg+emg+imu+fp
fault_triggered_router,52,26,gain_1.5,eeg+emg+imu+fp,0.5555555555555555,gain_1.5|eeg+emg+imu+fp
fault_triggered_router,52,27,gain_1.5,eeg+emg+imu+fp,0.2222222222222222,gain_1.5|eeg+emg+imu+fp
fault_triggered_router,52,29,gain_1.5,eeg+emg+imu+fp,1.0,gain_1.5|eeg+emg+imu+fp
fault_triggered_router,52,38,gain_1.5,eeg+emg+imu+fp,0.2222222222222222,gain_1.5|eeg+emg+imu+fp
fault_triggered_router,52,46,gain_1.5,eeg+emg+imu+fp,0.5555555555555555,gain_1.5|eeg+emg+imu+fp
fault_triggered_router,53,3,clean,none,0.3333333333333333,clean|none
fault_triggered_router,53,7,clean,none,1.0,clean|none
fault_triggered_router,53,14,clean,none,1.0,clean|none
fault_triggered_router,53,16,clean,none,1.0,clean|none
fault_triggered_router,53,21,clean,none,0.5555555555555555,clean|none
fault_triggered_router,53,25,clean,none,0.5555555555555555,clean|none
fault_triggered_router,53,26,clean,none,0.2222222222222222,clean|none
fault_triggered_router,53,27,clean,none,1.0,clean|none
fault_triggered_router,53,29,clean,none,1.0,clean|none
fault_triggered_router,53,38,clean,none,1.0,clean|none
fault_triggered_router,53,46,clean,none,1.0,clean|none
fault_triggered_router,53,3,noise_10db,eeg,0.3333333333333333,noise_10db|eeg
fault_triggered_router,53,7,noise_10db,eeg,1.0,noise_10db|eeg
fault_triggered_router,53,14,noise_10db,eeg,1.0,noise_10db|eeg
fault_triggered_router,53,16,noise_10db,eeg,1.0,noise_10db|eeg
fault_triggered_router,53,21,noise_10db,eeg,0.5555555555555555,noise_10db|eeg
fault_triggered_router,53,25,noise_10db,eeg,0.5555555555555555,noise_10db|eeg
fault_triggered_router,53,26,noise_10db,eeg,0.2222222222222222,noise_10db|eeg
fault_triggered_router,53,27,noise_10db,eeg,1.0,noise_10db|eeg
fault_triggered_router,53,29,noise_10db,eeg,1.0,noise_10db|eeg
fault_triggered_router,53,38,noise_10db,eeg,1.0,noise_10db|eeg
fault_triggered_router,53,46,noise_10db,eeg,1.0,noise_10db|eeg
fault_triggered_router,53,3,noise_10db,emg,0.3333333333333333,noise_10db|emg
fault_triggered_router,53,7,noise_10db,emg,1.0,noise_10db|emg
fault_triggered_router,53,14,noise_10db,emg,1.0,noise_10db|emg
fault_triggered_router,53,16,noise_10db,emg,1.0,noise_10db|emg
fault_triggered_router,53,21,noise_10db,emg,0.5555555555555555,noise_10db|emg
fault_triggered_router,53,25,noise_10db,emg,0.5555555555555555,noise_10db|emg
fault_triggered_router,53,26,noise_10db,emg,0.2222222222222222,noise_10db|emg
fault_triggered_router,53,27,noise_10db,emg,1.0,noise_10db|emg
fault_triggered_router,53,29,noise_10db,emg,1.0,noise_10db|emg
fault_triggered_router,53,38,noise_10db,emg,1.0,noise_10db|emg
fault_triggered_router,53,46,noise_10db,emg,1.0,noise_10db|emg
fault_triggered_router,53,3,noise_10db,imu,0.3333333333333333,noise_10db|imu
fault_triggered_router,53,7,noise_10db,imu,1.0,noise_10db|imu
fault_triggered_router,53,14,noise_10db,imu,1.0,noise_10db|imu
fault_triggered_router,53,16,noise_10db,imu,1.0,noise_10db|imu
fault_triggered_router,53,21,noise_10db,imu,0.5555555555555555,noise_10db|imu
fault_triggered_router,53,25,noise_10db,imu,0.5555555555555555,noise_10db|imu
fault_triggered_router,53,26,noise_10db,imu,0.5555555555555555,noise_10db|imu
fault_triggered_router,53,27,noise_10db,imu,1.0,noise_10db|imu
fault_triggered_router,53,29,noise_10db,imu,1.0,noise_10db|imu
fault_triggered_router,53,38,noise_10db,imu,1.0,noise_10db|imu
fault_triggered_router,53,46,noise_10db,imu,1.0,noise_10db|imu
fault_triggered_router,53,3,noise_10db,fp,0.3333333333333333,noise_10db|fp
fault_triggered_router,53,7,noise_10db,fp,1.0,noise_10db|fp
fault_triggered_router,53,14,noise_10db,fp,1.0,noise_10db|fp
fault_triggered_router,53,16,noise_10db,fp,1.0,noise_10db|fp
fault_triggered_router,53,21,noise_10db,fp,0.16666666666666666,noise_10db|fp
fault_triggered_router,53,25,noise_10db,fp,0.5555555555555555,noise_10db|fp
fault_triggered_router,53,26,noise_10db,fp,0.5555555555555555,noise_10db|fp
fault_triggered_router,53,27,noise_10db,fp,1.0,noise_10db|fp
fault_triggered_router,53,29,noise_10db,fp,1.0,noise_10db|fp
fault_triggered_router,53,38,noise_10db,fp,1.0,noise_10db|fp
fault_triggered_router,53,46,noise_10db,fp,1.0,noise_10db|fp
fault_triggered_router,53,3,noise_10db,eeg+emg+imu+fp,0.3333333333333333,noise_10db|eeg+emg+imu+fp
fault_triggered_router,53,7,noise_10db,eeg+emg+imu+fp,1.0,noise_10db|eeg+emg+imu+fp
fault_triggered_router,53,14,noise_10db,eeg+emg+imu+fp,1.0,noise_10db|eeg+emg+imu+fp
fault_triggered_router,53,16,noise_10db,eeg+emg+imu+fp,1.0,noise_10db|eeg+emg+imu+fp
fault_triggered_router,53,21,noise_10db,eeg+emg+imu+fp,0.16666666666666666,noise_10db|eeg+emg+imu+fp
fault_triggered_router,53,25,noise_10db,eeg+emg+imu+fp,0.5555555555555555,noise_10db|eeg+emg+imu+fp
fault_triggered_router,53,26,noise_10db,eeg+emg+imu+fp,0.5555555555555555,noise_10db|eeg+emg+imu+fp
fault_triggered_router,53,27,noise_10db,eeg+emg+imu+fp,1.0,noise_10db|eeg+emg+imu+fp
fault_triggered_router,53,29,noise_10db,eeg+emg+imu+fp,1.0,noise_10db|eeg+emg+imu+fp
fault_triggered_router,53,38,noise_10db,eeg+emg+imu+fp,1.0,noise_10db|eeg+emg+imu+fp
fault_triggered_router,53,46,noise_10db,eeg+emg+imu+fp,1.0,noise_10db|eeg+emg+imu+fp
fault_triggered_router,53,3,channel_dropout_30,eeg,0.3333333333333333,channel_dropout_30|eeg
fault_triggered_router,53,7,channel_dropout_30,eeg,1.0,channel_dropout_30|eeg
fault_triggered_router,53,14,channel_dropout_30,eeg,1.0,channel_dropout_30|eeg
fault_triggered_router,53,16,channel_dropout_30,eeg,1.0,channel_dropout_30|eeg
fault_triggered_router,53,21,channel_dropout_30,eeg,0.5555555555555555,channel_dropout_30|eeg
fault_triggered_router,53,25,channel_dropout_30,eeg,0.5555555555555555,channel_dropout_30|eeg
fault_triggered_router,53,26,channel_dropout_30,eeg,0.2222222222222222,channel_dropout_30|eeg
fault_triggered_router,53,27,channel_dropout_30,eeg,1.0,channel_dropout_30|eeg
fault_triggered_router,53,29,channel_dropout_30,eeg,1.0,channel_dropout_30|eeg
fault_triggered_router,53,38,channel_dropout_30,eeg,1.0,channel_dropout_30|eeg
fault_triggered_router,53,46,channel_dropout_30,eeg,1.0,channel_dropout_30|eeg
fault_triggered_router,53,3,channel_dropout_30,emg,0.3333333333333333,channel_dropout_30|emg
fault_triggered_router,53,7,channel_dropout_30,emg,1.0,channel_dropout_30|emg
fault_triggered_router,53,14,channel_dropout_30,emg,1.0,channel_dropout_30|emg
fault_triggered_router,53,16,channel_dropout_30,emg,1.0,channel_dropout_30|emg
fault_triggered_router,53,21,channel_dropout_30,emg,0.5555555555555555,channel_dropout_30|emg
fault_triggered_router,53,25,channel_dropout_30,emg,0.5555555555555555,channel_dropout_30|emg
fault_triggered_router,53,26,channel_dropout_30,emg,0.5555555555555555,channel_dropout_30|emg
fault_triggered_router,53,27,channel_dropout_30,emg,1.0,channel_dropout_30|emg
fault_triggered_router,53,29,channel_dropout_30,emg,1.0,channel_dropout_30|emg
fault_triggered_router,53,38,channel_dropout_30,emg,1.0,channel_dropout_30|emg
fault_triggered_router,53,46,channel_dropout_30,emg,1.0,channel_dropout_30|emg
fault_triggered_router,53,3,channel_dropout_30,imu,0.3333333333333333,channel_dropout_30|imu
fault_triggered_router,53,7,channel_dropout_30,imu,0.5555555555555555,channel_dropout_30|imu
fault_triggered_router,53,14,channel_dropout_30,imu,0.5555555555555555,channel_dropout_30|imu
fault_triggered_router,53,16,channel_dropout_30,imu,0.2222222222222222,channel_dropout_30|imu
fault_triggered_router,53,21,channel_dropout_30,imu,0.5555555555555555,channel_dropout_30|imu
fault_triggered_router,53,25,channel_dropout_30,imu,1.0,channel_dropout_30|imu
fault_triggered_router,53,26,channel_dropout_30,imu,0.2222222222222222,channel_dropout_30|imu
fault_triggered_router,53,27,channel_dropout_30,imu,0.5555555555555555,channel_dropout_30|imu
fault_triggered_router,53,29,channel_dropout_30,imu,0.5555555555555555,channel_dropout_30|imu
fault_triggered_router,53,38,channel_dropout_30,imu,1.0,channel_dropout_30|imu
fault_triggered_router,53,46,channel_dropout_30,imu,1.0,channel_dropout_30|imu
fault_triggered_router,53,3,channel_dropout_30,fp,0.3333333333333333,channel_dropout_30|fp
fault_triggered_router,53,7,channel_dropout_30,fp,1.0,channel_dropout_30|fp
fault_triggered_router,53,14,channel_dropout_30,fp,1.0,channel_dropout_30|fp
fault_triggered_router,53,16,channel_dropout_30,fp,1.0,channel_dropout_30|fp
fault_triggered_router,53,21,channel_dropout_30,fp,1.0,channel_dropout_30|fp
fault_triggered_router,53,25,channel_dropout_30,fp,0.5555555555555555,channel_dropout_30|fp
fault_triggered_router,53,26,channel_dropout_30,fp,0.2222222222222222,channel_dropout_30|fp
fault_triggered_router,53,27,channel_dropout_30,fp,1.0,channel_dropout_30|fp
fault_triggered_router,53,29,channel_dropout_30,fp,1.0,channel_dropout_30|fp
fault_triggered_router,53,38,channel_dropout_30,fp,1.0,channel_dropout_30|fp
fault_triggered_router,53,46,channel_dropout_30,fp,1.0,channel_dropout_30|fp
fault_triggered_router,53,3,channel_dropout_30,eeg+emg+imu+fp,0.3333333333333333,channel_dropout_30|eeg+emg+imu+fp
fault_triggered_router,53,7,channel_dropout_30,eeg+emg+imu+fp,0.5555555555555555,channel_dropout_30|eeg+emg+imu+fp
fault_triggered_router,53,14,channel_dropout_30,eeg+emg+imu+fp,1.0,channel_dropout_30|eeg+emg+imu+fp
fault_triggered_router,53,16,channel_dropout_30,eeg+emg+imu+fp,1.0,channel_dropout_30|eeg+emg+imu+fp
fault_triggered_router,53,21,channel_dropout_30,eeg+emg+imu+fp,0.5555555555555555,channel_dropout_30|eeg+emg+imu+fp
fault_triggered_router,53,25,channel_dropout_30,eeg+emg+imu+fp,1.0,channel_dropout_30|eeg+emg+imu+fp
fault_triggered_router,53,26,channel_dropout_30,eeg+emg+imu+fp,0.2222222222222222,channel_dropout_30|eeg+emg+imu+fp
fault_triggered_router,53,27,channel_dropout_30,eeg+emg+imu+fp,1.0,channel_dropout_30|eeg+emg+imu+fp
fault_triggered_router,53,29,channel_dropout_30,eeg+emg+imu+fp,0.2222222222222222,channel_dropout_30|eeg+emg+imu+fp
fault_triggered_router,53,38,channel_dropout_30,eeg+emg+imu+fp,1.0,channel_dropout_30|eeg+emg+imu+fp
fault_triggered_router,53,46,channel_dropout_30,eeg+emg+imu+fp,1.0,channel_dropout_30|eeg+emg+imu+fp
fault_triggered_router,53,3,structured_dropout_30,eeg,0.3333333333333333,structured_dropout_30|eeg
fault_triggered_router,53,7,structured_dropout_30,eeg,1.0,structured_dropout_30|eeg
fault_triggered_router,53,14,structured_dropout_30,eeg,1.0,structured_dropout_30|eeg
fault_triggered_router,53,16,structured_dropout_30,eeg,1.0,structured_dropout_30|eeg
fault_triggered_router,53,21,structured_dropout_30,eeg,0.5555555555555555,structured_dropout_30|eeg
fault_triggered_router,53,25,structured_dropout_30,eeg,0.5555555555555555,structured_dropout_30|eeg
fault_triggered_router,53,26,structured_dropout_30,eeg,0.2222222222222222,structured_dropout_30|eeg
fault_triggered_router,53,27,structured_dropout_30,eeg,1.0,structured_dropout_30|eeg
fault_triggered_router,53,29,structured_dropout_30,eeg,1.0,structured_dropout_30|eeg
fault_triggered_router,53,38,structured_dropout_30,eeg,1.0,structured_dropout_30|eeg
fault_triggered_router,53,46,structured_dropout_30,eeg,1.0,structured_dropout_30|eeg
fault_triggered_router,53,3,structured_dropout_30,emg,0.3333333333333333,structured_dropout_30|emg
fault_triggered_router,53,7,structured_dropout_30,emg,1.0,structured_dropout_30|emg
fault_triggered_router,53,14,structured_dropout_30,emg,1.0,structured_dropout_30|emg
fault_triggered_router,53,16,structured_dropout_30,emg,1.0,structured_dropout_30|emg
fault_triggered_router,53,21,structured_dropout_30,emg,0.5555555555555555,structured_dropout_30|emg
fault_triggered_router,53,25,structured_dropout_30,emg,0.5555555555555555,structured_dropout_30|emg
fault_triggered_router,53,26,structured_dropout_30,emg,0.2222222222222222,structured_dropout_30|emg
fault_triggered_router,53,27,structured_dropout_30,emg,1.0,structured_dropout_30|emg
fault_triggered_router,53,29,structured_dropout_30,emg,0.5555555555555555,structured_dropout_30|emg
fault_triggered_router,53,38,structured_dropout_30,emg,1.0,structured_dropout_30|emg
fault_triggered_router,53,46,structured_dropout_30,emg,1.0,structured_dropout_30|emg
fault_triggered_router,53,3,structured_dropout_30,imu,0.3333333333333333,structured_dropout_30|imu
fault_triggered_router,53,7,structured_dropout_30,imu,1.0,structured_dropout_30|imu
fault_triggered_router,53,14,structured_dropout_30,imu,0.2222222222222222,structured_dropout_30|imu
fault_triggered_router,53,16,structured_dropout_30,imu,0.2222222222222222,structured_dropout_30|imu
fault_triggered_router,53,21,structured_dropout_30,imu,0.5555555555555555,structured_dropout_30|imu
fault_triggered_router,53,25,structured_dropout_30,imu,1.0,structured_dropout_30|imu
fault_triggered_router,53,26,structured_dropout_30,imu,0.2222222222222222,structured_dropout_30|imu
fault_triggered_router,53,27,structured_dropout_30,imu,1.0,structured_dropout_30|imu
fault_triggered_router,53,29,structured_dropout_30,imu,0.2222222222222222,structured_dropout_30|imu
fault_triggered_router,53,38,structured_dropout_30,imu,1.0,structured_dropout_30|imu
fault_triggered_router,53,46,structured_dropout_30,imu,1.0,structured_dropout_30|imu
fault_triggered_router,53,3,structured_dropout_30,fp,0.3333333333333333,structured_dropout_30|fp
fault_triggered_router,53,7,structured_dropout_30,fp,1.0,structured_dropout_30|fp
fault_triggered_router,53,14,structured_dropout_30,fp,1.0,structured_dropout_30|fp
fault_triggered_router,53,16,structured_dropout_30,fp,1.0,structured_dropout_30|fp
fault_triggered_router,53,21,structured_dropout_30,fp,1.0,structured_dropout_30|fp
fault_triggered_router,53,25,structured_dropout_30,fp,0.5555555555555555,structured_dropout_30|fp
fault_triggered_router,53,26,structured_dropout_30,fp,0.2222222222222222,structured_dropout_30|fp
fault_triggered_router,53,27,structured_dropout_30,fp,1.0,structured_dropout_30|fp
fault_triggered_router,53,29,structured_dropout_30,fp,0.5555555555555555,structured_dropout_30|fp
fault_triggered_router,53,38,structured_dropout_30,fp,1.0,structured_dropout_30|fp
fault_triggered_router,53,46,structured_dropout_30,fp,1.0,structured_dropout_30|fp
fault_triggered_router,53,3,structured_dropout_30,eeg+emg+imu+fp,0.3333333333333333,structured_dropout_30|eeg+emg+imu+fp
fault_triggered_router,53,7,structured_dropout_30,eeg+emg+imu+fp,1.0,structured_dropout_30|eeg+emg+imu+fp
fault_triggered_router,53,14,structured_dropout_30,eeg+emg+imu+fp,0.5555555555555555,structured_dropout_30|eeg+emg+imu+fp
fault_triggered_router,53,16,structured_dropout_30,eeg+emg+imu+fp,1.0,structured_dropout_30|eeg+emg+imu+fp
fault_triggered_router,53,21,structured_dropout_30,eeg+emg+imu+fp,1.0,structured_dropout_30|eeg+emg+imu+fp
fault_triggered_router,53,25,structured_dropout_30,eeg+emg+imu+fp,1.0,structured_dropout_30|eeg+emg+imu+fp
fault_triggered_router,53,26,structured_dropout_30,eeg+emg+imu+fp,0.2222222222222222,structured_dropout_30|eeg+emg+imu+fp
fault_triggered_router,53,27,structured_dropout_30,eeg+emg+imu+fp,1.0,structured_dropout_30|eeg+emg+imu+fp
fault_triggered_router,53,29,structured_dropout_30,eeg+emg+imu+fp,0.2222222222222222,structured_dropout_30|eeg+emg+imu+fp
fault_triggered_router,53,38,structured_dropout_30,eeg+emg+imu+fp,1.0,structured_dropout_30|eeg+emg+imu+fp
fault_triggered_router,53,46,structured_dropout_30,eeg+emg+imu+fp,1.0,structured_dropout_30|eeg+emg+imu+fp
fault_triggered_router,53,3,packet_loss_30,eeg,0.3333333333333333,packet_loss_30|eeg
fault_triggered_router,53,7,packet_loss_30,eeg,1.0,packet_loss_30|eeg
fault_triggered_router,53,14,packet_loss_30,eeg,1.0,packet_loss_30|eeg
fault_triggered_router,53,16,packet_loss_30,eeg,1.0,packet_loss_30|eeg
fault_triggered_router,53,21,packet_loss_30,eeg,0.5555555555555555,packet_loss_30|eeg
fault_triggered_router,53,25,packet_loss_30,eeg,0.5555555555555555,packet_loss_30|eeg
fault_triggered_router,53,26,packet_loss_30,eeg,0.2222222222222222,packet_loss_30|eeg
fault_triggered_router,53,27,packet_loss_30,eeg,1.0,packet_loss_30|eeg
fault_triggered_router,53,29,packet_loss_30,eeg,1.0,packet_loss_30|eeg
fault_triggered_router,53,38,packet_loss_30,eeg,1.0,packet_loss_30|eeg
fault_triggered_router,53,46,packet_loss_30,eeg,1.0,packet_loss_30|eeg
fault_triggered_router,53,3,packet_loss_30,emg,0.3333333333333333,packet_loss_30|emg
fault_triggered_router,53,7,packet_loss_30,emg,1.0,packet_loss_30|emg
fault_triggered_router,53,14,packet_loss_30,emg,1.0,packet_loss_30|emg
fault_triggered_router,53,16,packet_loss_30,emg,1.0,packet_loss_30|emg
fault_triggered_router,53,21,packet_loss_30,emg,0.5555555555555555,packet_loss_30|emg
fault_triggered_router,53,25,packet_loss_30,emg,0.5555555555555555,packet_loss_30|emg
fault_triggered_router,53,26,packet_loss_30,emg,0.2222222222222222,packet_loss_30|emg
fault_triggered_router,53,27,packet_loss_30,emg,1.0,packet_loss_30|emg
fault_triggered_router,53,29,packet_loss_30,emg,1.0,packet_loss_30|emg
fault_triggered_router,53,38,packet_loss_30,emg,1.0,packet_loss_30|emg
fault_triggered_router,53,46,packet_loss_30,emg,1.0,packet_loss_30|emg
fault_triggered_router,53,3,packet_loss_30,imu,0.3333333333333333,packet_loss_30|imu
fault_triggered_router,53,7,packet_loss_30,imu,1.0,packet_loss_30|imu
fault_triggered_router,53,14,packet_loss_30,imu,1.0,packet_loss_30|imu
fault_triggered_router,53,16,packet_loss_30,imu,1.0,packet_loss_30|imu
fault_triggered_router,53,21,packet_loss_30,imu,0.5555555555555555,packet_loss_30|imu
fault_triggered_router,53,25,packet_loss_30,imu,1.0,packet_loss_30|imu
fault_triggered_router,53,26,packet_loss_30,imu,0.16666666666666666,packet_loss_30|imu
fault_triggered_router,53,27,packet_loss_30,imu,1.0,packet_loss_30|imu
fault_triggered_router,53,29,packet_loss_30,imu,0.2222222222222222,packet_loss_30|imu
fault_triggered_router,53,38,packet_loss_30,imu,1.0,packet_loss_30|imu
fault_triggered_router,53,46,packet_loss_30,imu,1.0,packet_loss_30|imu
fault_triggered_router,53,3,packet_loss_30,fp,0.3333333333333333,packet_loss_30|fp
fault_triggered_router,53,7,packet_loss_30,fp,1.0,packet_loss_30|fp
fault_triggered_router,53,14,packet_loss_30,fp,1.0,packet_loss_30|fp
fault_triggered_router,53,16,packet_loss_30,fp,1.0,packet_loss_30|fp
fault_triggered_router,53,21,packet_loss_30,fp,0.5555555555555555,packet_loss_30|fp
fault_triggered_router,53,25,packet_loss_30,fp,0.5555555555555555,packet_loss_30|fp
fault_triggered_router,53,26,packet_loss_30,fp,0.2222222222222222,packet_loss_30|fp
fault_triggered_router,53,27,packet_loss_30,fp,1.0,packet_loss_30|fp
fault_triggered_router,53,29,packet_loss_30,fp,1.0,packet_loss_30|fp
fault_triggered_router,53,38,packet_loss_30,fp,1.0,packet_loss_30|fp
fault_triggered_router,53,46,packet_loss_30,fp,1.0,packet_loss_30|fp
fault_triggered_router,53,3,packet_loss_30,eeg+emg+imu+fp,0.3333333333333333,packet_loss_30|eeg+emg+imu+fp
fault_triggered_router,53,7,packet_loss_30,eeg+emg+imu+fp,1.0,packet_loss_30|eeg+emg+imu+fp
fault_triggered_router,53,14,packet_loss_30,eeg+emg+imu+fp,1.0,packet_loss_30|eeg+emg+imu+fp
fault_triggered_router,53,16,packet_loss_30,eeg+emg+imu+fp,0.5555555555555555,packet_loss_30|eeg+emg+imu+fp
fault_triggered_router,53,21,packet_loss_30,eeg+emg+imu+fp,0.5555555555555555,packet_loss_30|eeg+emg+imu+fp
fault_triggered_router,53,25,packet_loss_30,eeg+emg+imu+fp,1.0,packet_loss_30|eeg+emg+imu+fp
fault_triggered_router,53,26,packet_loss_30,eeg+emg+imu+fp,0.16666666666666666,packet_loss_30|eeg+emg+imu+fp
fault_triggered_router,53,27,packet_loss_30,eeg+emg+imu+fp,1.0,packet_loss_30|eeg+emg+imu+fp
fault_triggered_router,53,29,packet_loss_30,eeg+emg+imu+fp,0.2222222222222222,packet_loss_30|eeg+emg+imu+fp
fault_triggered_router,53,38,packet_loss_30,eeg+emg+imu+fp,1.0,packet_loss_30|eeg+emg+imu+fp
fault_triggered_router,53,46,packet_loss_30,eeg+emg+imu+fp,1.0,packet_loss_30|eeg+emg+imu+fp
fault_triggered_router,53,3,shift_250ms,eeg,0.3333333333333333,shift_250ms|eeg
fault_triggered_router,53,7,shift_250ms,eeg,1.0,shift_250ms|eeg
fault_triggered_router,53,14,shift_250ms,eeg,1.0,shift_250ms|eeg
fault_triggered_router,53,16,shift_250ms,eeg,1.0,shift_250ms|eeg
fault_triggered_router,53,21,shift_250ms,eeg,0.5555555555555555,shift_250ms|eeg
fault_triggered_router,53,25,shift_250ms,eeg,0.5555555555555555,shift_250ms|eeg
fault_triggered_router,53,26,shift_250ms,eeg,0.2222222222222222,shift_250ms|eeg
fault_triggered_router,53,27,shift_250ms,eeg,1.0,shift_250ms|eeg
fault_triggered_router,53,29,shift_250ms,eeg,1.0,shift_250ms|eeg
fault_triggered_router,53,38,shift_250ms,eeg,1.0,shift_250ms|eeg
fault_triggered_router,53,46,shift_250ms,eeg,1.0,shift_250ms|eeg
fault_triggered_router,53,3,shift_250ms,emg,0.3333333333333333,shift_250ms|emg
fault_triggered_router,53,7,shift_250ms,emg,1.0,shift_250ms|emg
fault_triggered_router,53,14,shift_250ms,emg,1.0,shift_250ms|emg
fault_triggered_router,53,16,shift_250ms,emg,1.0,shift_250ms|emg
fault_triggered_router,53,21,shift_250ms,emg,0.5555555555555555,shift_250ms|emg
fault_triggered_router,53,25,shift_250ms,emg,0.5555555555555555,shift_250ms|emg
fault_triggered_router,53,26,shift_250ms,emg,0.2222222222222222,shift_250ms|emg
fault_triggered_router,53,27,shift_250ms,emg,1.0,shift_250ms|emg
fault_triggered_router,53,29,shift_250ms,emg,1.0,shift_250ms|emg
fault_triggered_router,53,38,shift_250ms,emg,1.0,shift_250ms|emg
fault_triggered_router,53,46,shift_250ms,emg,1.0,shift_250ms|emg
fault_triggered_router,53,3,shift_250ms,imu,0.3333333333333333,shift_250ms|imu
fault_triggered_router,53,7,shift_250ms,imu,1.0,shift_250ms|imu
fault_triggered_router,53,14,shift_250ms,imu,1.0,shift_250ms|imu
fault_triggered_router,53,16,shift_250ms,imu,1.0,shift_250ms|imu
fault_triggered_router,53,21,shift_250ms,imu,0.5555555555555555,shift_250ms|imu
fault_triggered_router,53,25,shift_250ms,imu,1.0,shift_250ms|imu
fault_triggered_router,53,26,shift_250ms,imu,0.2222222222222222,shift_250ms|imu
fault_triggered_router,53,27,shift_250ms,imu,1.0,shift_250ms|imu
fault_triggered_router,53,29,shift_250ms,imu,1.0,shift_250ms|imu
fault_triggered_router,53,38,shift_250ms,imu,1.0,shift_250ms|imu
fault_triggered_router,53,46,shift_250ms,imu,1.0,shift_250ms|imu
fault_triggered_router,53,3,shift_250ms,fp,0.3333333333333333,shift_250ms|fp
fault_triggered_router,53,7,shift_250ms,fp,1.0,shift_250ms|fp
fault_triggered_router,53,14,shift_250ms,fp,1.0,shift_250ms|fp
fault_triggered_router,53,16,shift_250ms,fp,1.0,shift_250ms|fp
fault_triggered_router,53,21,shift_250ms,fp,0.5555555555555555,shift_250ms|fp
fault_triggered_router,53,25,shift_250ms,fp,0.5555555555555555,shift_250ms|fp
fault_triggered_router,53,26,shift_250ms,fp,0.2222222222222222,shift_250ms|fp
fault_triggered_router,53,27,shift_250ms,fp,1.0,shift_250ms|fp
fault_triggered_router,53,29,shift_250ms,fp,1.0,shift_250ms|fp
fault_triggered_router,53,38,shift_250ms,fp,1.0,shift_250ms|fp
fault_triggered_router,53,46,shift_250ms,fp,1.0,shift_250ms|fp
fault_triggered_router,53,3,shift_250ms,eeg+emg+imu+fp,0.3333333333333333,shift_250ms|eeg+emg+imu+fp
fault_triggered_router,53,7,shift_250ms,eeg+emg+imu+fp,1.0,shift_250ms|eeg+emg+imu+fp
fault_triggered_router,53,14,shift_250ms,eeg+emg+imu+fp,1.0,shift_250ms|eeg+emg+imu+fp
fault_triggered_router,53,16,shift_250ms,eeg+emg+imu+fp,1.0,shift_250ms|eeg+emg+imu+fp
fault_triggered_router,53,21,shift_250ms,eeg+emg+imu+fp,0.5555555555555555,shift_250ms|eeg+emg+imu+fp
fault_triggered_router,53,25,shift_250ms,eeg+emg+imu+fp,1.0,shift_250ms|eeg+emg+imu+fp
fault_triggered_router,53,26,shift_250ms,eeg+emg+imu+fp,0.2222222222222222,shift_250ms|eeg+emg+imu+fp
fault_triggered_router,53,27,shift_250ms,eeg+emg+imu+fp,1.0,shift_250ms|eeg+emg+imu+fp
fault_triggered_router,53,29,shift_250ms,eeg+emg+imu+fp,1.0,shift_250ms|eeg+emg+imu+fp
fault_triggered_router,53,38,shift_250ms,eeg+emg+imu+fp,1.0,shift_250ms|eeg+emg+imu+fp
fault_triggered_router,53,46,shift_250ms,eeg+emg+imu+fp,1.0,shift_250ms|eeg+emg+imu+fp
fault_triggered_router,53,3,gain_1.5,eeg,0.3333333333333333,gain_1.5|eeg
fault_triggered_router,53,7,gain_1.5,eeg,1.0,gain_1.5|eeg
fault_triggered_router,53,14,gain_1.5,eeg,1.0,gain_1.5|eeg
fault_triggered_router,53,16,gain_1.5,eeg,1.0,gain_1.5|eeg
fault_triggered_router,53,21,gain_1.5,eeg,0.5555555555555555,gain_1.5|eeg
fault_triggered_router,53,25,gain_1.5,eeg,0.5555555555555555,gain_1.5|eeg
fault_triggered_router,53,26,gain_1.5,eeg,0.5555555555555555,gain_1.5|eeg
fault_triggered_router,53,27,gain_1.5,eeg,1.0,gain_1.5|eeg
fault_triggered_router,53,29,gain_1.5,eeg,1.0,gain_1.5|eeg
fault_triggered_router,53,38,gain_1.5,eeg,1.0,gain_1.5|eeg
fault_triggered_router,53,46,gain_1.5,eeg,1.0,gain_1.5|eeg
fault_triggered_router,53,3,gain_1.5,emg,0.3333333333333333,gain_1.5|emg
fault_triggered_router,53,7,gain_1.5,emg,1.0,gain_1.5|emg
fault_triggered_router,53,14,gain_1.5,emg,1.0,gain_1.5|emg
fault_triggered_router,53,16,gain_1.5,emg,1.0,gain_1.5|emg
fault_triggered_router,53,21,gain_1.5,emg,0.5555555555555555,gain_1.5|emg
fault_triggered_router,53,25,gain_1.5,emg,0.5555555555555555,gain_1.5|emg
fault_triggered_router,53,26,gain_1.5,emg,0.5555555555555555,gain_1.5|emg
fault_triggered_router,53,27,gain_1.5,emg,1.0,gain_1.5|emg
fault_triggered_router,53,29,gain_1.5,emg,1.0,gain_1.5|emg
fault_triggered_router,53,38,gain_1.5,emg,1.0,gain_1.5|emg
fault_triggered_router,53,46,gain_1.5,emg,1.0,gain_1.5|emg
fault_triggered_router,53,3,gain_1.5,imu,0.0,gain_1.5|imu
fault_triggered_router,53,7,gain_1.5,imu,0.2222222222222222,gain_1.5|imu
fault_triggered_router,53,14,gain_1.5,imu,0.2222222222222222,gain_1.5|imu
fault_triggered_router,53,16,gain_1.5,imu,0.5555555555555555,gain_1.5|imu
fault_triggered_router,53,21,gain_1.5,imu,0.2222222222222222,gain_1.5|imu
fault_triggered_router,53,25,gain_1.5,imu,0.2222222222222222,gain_1.5|imu
fault_triggered_router,53,26,gain_1.5,imu,1.0,gain_1.5|imu
fault_triggered_router,53,27,gain_1.5,imu,0.5555555555555555,gain_1.5|imu
fault_triggered_router,53,29,gain_1.5,imu,1.0,gain_1.5|imu
fault_triggered_router,53,38,gain_1.5,imu,0.2222222222222222,gain_1.5|imu
fault_triggered_router,53,46,gain_1.5,imu,0.5555555555555555,gain_1.5|imu
fault_triggered_router,53,3,gain_1.5,fp,0.3333333333333333,gain_1.5|fp
fault_triggered_router,53,7,gain_1.5,fp,1.0,gain_1.5|fp
fault_triggered_router,53,14,gain_1.5,fp,1.0,gain_1.5|fp
fault_triggered_router,53,16,gain_1.5,fp,1.0,gain_1.5|fp
fault_triggered_router,53,21,gain_1.5,fp,0.16666666666666666,gain_1.5|fp
fault_triggered_router,53,25,gain_1.5,fp,0.5555555555555555,gain_1.5|fp
fault_triggered_router,53,26,gain_1.5,fp,0.2222222222222222,gain_1.5|fp
fault_triggered_router,53,27,gain_1.5,fp,1.0,gain_1.5|fp
fault_triggered_router,53,29,gain_1.5,fp,1.0,gain_1.5|fp
fault_triggered_router,53,38,gain_1.5,fp,1.0,gain_1.5|fp
fault_triggered_router,53,46,gain_1.5,fp,1.0,gain_1.5|fp
fault_triggered_router,53,3,gain_1.5,eeg+emg+imu+fp,0.0,gain_1.5|eeg+emg+imu+fp
fault_triggered_router,53,7,gain_1.5,eeg+emg+imu+fp,0.2222222222222222,gain_1.5|eeg+emg+imu+fp
fault_triggered_router,53,14,gain_1.5,eeg+emg+imu+fp,0.2222222222222222,gain_1.5|eeg+emg+imu+fp
fault_triggered_router,53,16,gain_1.5,eeg+emg+imu+fp,0.2222222222222222,gain_1.5|eeg+emg+imu+fp
fault_triggered_router,53,21,gain_1.5,eeg+emg+imu+fp,0.16666666666666666,gain_1.5|eeg+emg+imu+fp
fault_triggered_router,53,25,gain_1.5,eeg+emg+imu+fp,0.2222222222222222,gain_1.5|eeg+emg+imu+fp
fault_triggered_router,53,26,gain_1.5,eeg+emg+imu+fp,1.0,gain_1.5|eeg+emg+imu+fp
fault_triggered_router,53,27,gain_1.5,eeg+emg+imu+fp,0.2222222222222222,gain_1.5|eeg+emg+imu+fp
fault_triggered_router,53,29,gain_1.5,eeg+emg+imu+fp,1.0,gain_1.5|eeg+emg+imu+fp
fault_triggered_router,53,38,gain_1.5,eeg+emg+imu+fp,0.2222222222222222,gain_1.5|eeg+emg+imu+fp
fault_triggered_router,53,46,gain_1.5,eeg+emg+imu+fp,0.2222222222222222,gain_1.5|eeg+emg+imu+fp
fault_triggered_router,52,4,clean,none,1.0,clean|none
fault_triggered_router,52,5,clean,none,1.0,clean|none
fault_triggered_router,52,6,clean,none,1.0,clean|none
fault_triggered_router,52,9,clean,none,1.0,clean|none
fault_triggered_router,52,17,clean,none,1.0,clean|none
fault_triggered_router,52,18,clean,none,1.0,clean|none
fault_triggered_router,52,32,clean,none,0.6666666666666666,clean|none
fault_triggered_router,52,33,clean,none,1.0,clean|none
fault_triggered_router,52,35,clean,none,1.0,clean|none
fault_triggered_router,52,44,clean,none,1.0,clean|none
fault_triggered_router,52,53,clean,none,1.0,clean|none
fault_triggered_router,52,4,noise_10db,eeg,1.0,noise_10db|eeg
fault_triggered_router,52,5,noise_10db,eeg,1.0,noise_10db|eeg
fault_triggered_router,52,6,noise_10db,eeg,1.0,noise_10db|eeg
fault_triggered_router,52,9,noise_10db,eeg,1.0,noise_10db|eeg
fault_triggered_router,52,17,noise_10db,eeg,1.0,noise_10db|eeg
fault_triggered_router,52,18,noise_10db,eeg,1.0,noise_10db|eeg
fault_triggered_router,52,32,noise_10db,eeg,0.6666666666666666,noise_10db|eeg
fault_triggered_router,52,33,noise_10db,eeg,1.0,noise_10db|eeg
fault_triggered_router,52,35,noise_10db,eeg,1.0,noise_10db|eeg
fault_triggered_router,52,44,noise_10db,eeg,1.0,noise_10db|eeg
fault_triggered_router,52,53,noise_10db,eeg,1.0,noise_10db|eeg
fault_triggered_router,52,4,noise_10db,emg,1.0,noise_10db|emg
fault_triggered_router,52,5,noise_10db,emg,1.0,noise_10db|emg
fault_triggered_router,52,6,noise_10db,emg,1.0,noise_10db|emg
fault_triggered_router,52,9,noise_10db,emg,1.0,noise_10db|emg
fault_triggered_router,52,17,noise_10db,emg,1.0,noise_10db|emg
fault_triggered_router,52,18,noise_10db,emg,1.0,noise_10db|emg
fault_triggered_router,52,32,noise_10db,emg,0.6666666666666666,noise_10db|emg
fault_triggered_router,52,33,noise_10db,emg,1.0,noise_10db|emg
fault_triggered_router,52,35,noise_10db,emg,1.0,noise_10db|emg
fault_triggered_router,52,44,noise_10db,emg,1.0,noise_10db|emg
fault_triggered_router,52,53,noise_10db,emg,1.0,noise_10db|emg
fault_triggered_router,52,4,noise_10db,imu,1.0,noise_10db|imu
fault_triggered_router,52,5,noise_10db,imu,1.0,noise_10db|imu
fault_triggered_router,52,6,noise_10db,imu,1.0,noise_10db|imu
fault_triggered_router,52,9,noise_10db,imu,1.0,noise_10db|imu
fault_triggered_router,52,17,noise_10db,imu,1.0,noise_10db|imu
fault_triggered_router,52,18,noise_10db,imu,1.0,noise_10db|imu
fault_triggered_router,52,32,noise_10db,imu,0.6666666666666666,noise_10db|imu
fault_triggered_router,52,33,noise_10db,imu,1.0,noise_10db|imu
fault_triggered_router,52,35,noise_10db,imu,1.0,noise_10db|imu
fault_triggered_router,52,44,noise_10db,imu,1.0,noise_10db|imu
fault_triggered_router,52,53,noise_10db,imu,1.0,noise_10db|imu
fault_triggered_router,52,4,noise_10db,fp,1.0,noise_10db|fp
fault_triggered_router,52,5,noise_10db,fp,1.0,noise_10db|fp
fault_triggered_router,52,6,noise_10db,fp,1.0,noise_10db|fp
fault_triggered_router,52,9,noise_10db,fp,1.0,noise_10db|fp
fault_triggered_router,52,17,noise_10db,fp,1.0,noise_10db|fp
fault_triggered_router,52,18,noise_10db,fp,1.0,noise_10db|fp
fault_triggered_router,52,32,noise_10db,fp,0.6666666666666666,noise_10db|fp
fault_triggered_router,52,33,noise_10db,fp,1.0,noise_10db|fp
fault_triggered_router,52,35,noise_10db,fp,1.0,noise_10db|fp
fault_triggered_router,52,44,noise_10db,fp,1.0,noise_10db|fp
fault_triggered_router,52,53,noise_10db,fp,1.0,noise_10db|fp
fault_triggered_router,52,4,noise_10db,eeg+emg+imu+fp,1.0,noise_10db|eeg+emg+imu+fp
fault_triggered_router,52,5,noise_10db,eeg+emg+imu+fp,0.5555555555555555,noise_10db|eeg+emg+imu+fp
fault_triggered_router,52,6,noise_10db,eeg+emg+imu+fp,1.0,noise_10db|eeg+emg+imu+fp
fault_triggered_router,52,9,noise_10db,eeg+emg+imu+fp,1.0,noise_10db|eeg+emg+imu+fp
fault_triggered_router,52,17,noise_10db,eeg+emg+imu+fp,1.0,noise_10db|eeg+emg+imu+fp
fault_triggered_router,52,18,noise_10db,eeg+emg+imu+fp,1.0,noise_10db|eeg+emg+imu+fp
fault_triggered_router,52,32,noise_10db,eeg+emg+imu+fp,0.6666666666666666,noise_10db|eeg+emg+imu+fp
fault_triggered_router,52,33,noise_10db,eeg+emg+imu+fp,1.0,noise_10db|eeg+emg+imu+fp
fault_triggered_router,52,35,noise_10db,eeg+emg+imu+fp,1.0,noise_10db|eeg+emg+imu+fp
fault_triggered_router,52,44,noise_10db,eeg+emg+imu+fp,1.0,noise_10db|eeg+emg+imu+fp
fault_triggered_router,52,53,noise_10db,eeg+emg+imu+fp,1.0,noise_10db|eeg+emg+imu+fp
fault_triggered_router,52,4,channel_dropout_30,eeg,1.0,channel_dropout_30|eeg
fault_triggered_router,52,5,channel_dropout_30,eeg,1.0,channel_dropout_30|eeg
fault_triggered_router,52,6,channel_dropout_30,eeg,1.0,channel_dropout_30|eeg
fault_triggered_router,52,9,channel_dropout_30,eeg,1.0,channel_dropout_30|eeg
fault_triggered_router,52,17,channel_dropout_30,eeg,1.0,channel_dropout_30|eeg
fault_triggered_router,52,18,channel_dropout_30,eeg,1.0,channel_dropout_30|eeg
fault_triggered_router,52,32,channel_dropout_30,eeg,0.6666666666666666,channel_dropout_30|eeg
fault_triggered_router,52,33,channel_dropout_30,eeg,1.0,channel_dropout_30|eeg
fault_triggered_router,52,35,channel_dropout_30,eeg,1.0,channel_dropout_30|eeg
fault_triggered_router,52,44,channel_dropout_30,eeg,1.0,channel_dropout_30|eeg
fault_triggered_router,52,53,channel_dropout_30,eeg,1.0,channel_dropout_30|eeg
fault_triggered_router,52,4,channel_dropout_30,emg,1.0,channel_dropout_30|emg
fault_triggered_router,52,5,channel_dropout_30,emg,1.0,channel_dropout_30|emg
fault_triggered_router,52,6,channel_dropout_30,emg,1.0,channel_dropout_30|emg
fault_triggered_router,52,9,channel_dropout_30,emg,1.0,channel_dropout_30|emg
fault_triggered_router,52,17,channel_dropout_30,emg,1.0,channel_dropout_30|emg
fault_triggered_router,52,18,channel_dropout_30,emg,1.0,channel_dropout_30|emg
fault_triggered_router,52,32,channel_dropout_30,emg,0.6666666666666666,channel_dropout_30|emg
fault_triggered_router,52,33,channel_dropout_30,emg,1.0,channel_dropout_30|emg
fault_triggered_router,52,35,channel_dropout_30,emg,1.0,channel_dropout_30|emg
fault_triggered_router,52,44,channel_dropout_30,emg,1.0,channel_dropout_30|emg
fault_triggered_router,52,53,channel_dropout_30,emg,1.0,channel_dropout_30|emg
fault_triggered_router,52,4,channel_dropout_30,imu,0.5555555555555555,channel_dropout_30|imu
fault_triggered_router,52,5,channel_dropout_30,imu,1.0,channel_dropout_30|imu
fault_triggered_router,52,6,channel_dropout_30,imu,0.2222222222222222,channel_dropout_30|imu
fault_triggered_router,52,9,channel_dropout_30,imu,1.0,channel_dropout_30|imu
fault_triggered_router,52,17,channel_dropout_30,imu,0.2222222222222222,channel_dropout_30|imu
fault_triggered_router,52,18,channel_dropout_30,imu,0.5555555555555555,channel_dropout_30|imu
fault_triggered_router,52,32,channel_dropout_30,imu,0.6666666666666666,channel_dropout_30|imu
fault_triggered_router,52,33,channel_dropout_30,imu,1.0,channel_dropout_30|imu
fault_triggered_router,52,35,channel_dropout_30,imu,1.0,channel_dropout_30|imu
fault_triggered_router,52,44,channel_dropout_30,imu,1.0,channel_dropout_30|imu
fault_triggered_router,52,53,channel_dropout_30,imu,1.0,channel_dropout_30|imu
fault_triggered_router,52,4,channel_dropout_30,fp,1.0,channel_dropout_30|fp
fault_triggered_router,52,5,channel_dropout_30,fp,1.0,channel_dropout_30|fp
fault_triggered_router,52,6,channel_dropout_30,fp,1.0,channel_dropout_30|fp
fault_triggered_router,52,9,channel_dropout_30,fp,1.0,channel_dropout_30|fp
fault_triggered_router,52,17,channel_dropout_30,fp,1.0,channel_dropout_30|fp
fault_triggered_router,52,18,channel_dropout_30,fp,1.0,channel_dropout_30|fp
fault_triggered_router,52,32,channel_dropout_30,fp,0.6666666666666666,channel_dropout_30|fp
fault_triggered_router,52,33,channel_dropout_30,fp,1.0,channel_dropout_30|fp
fault_triggered_router,52,35,channel_dropout_30,fp,1.0,channel_dropout_30|fp
fault_triggered_router,52,44,channel_dropout_30,fp,1.0,channel_dropout_30|fp
fault_triggered_router,52,53,channel_dropout_30,fp,1.0,channel_dropout_30|fp
fault_triggered_router,52,4,channel_dropout_30,eeg+emg+imu+fp,1.0,channel_dropout_30|eeg+emg+imu+fp
fault_triggered_router,52,5,channel_dropout_30,eeg+emg+imu+fp,0.5555555555555555,channel_dropout_30|eeg+emg+imu+fp
fault_triggered_router,52,6,channel_dropout_30,eeg+emg+imu+fp,0.2222222222222222,channel_dropout_30|eeg+emg+imu+fp
fault_triggered_router,52,9,channel_dropout_30,eeg+emg+imu+fp,0.5555555555555555,channel_dropout_30|eeg+emg+imu+fp
fault_triggered_router,52,17,channel_dropout_30,eeg+emg+imu+fp,0.2222222222222222,channel_dropout_30|eeg+emg+imu+fp
fault_triggered_router,52,18,channel_dropout_30,eeg+emg+imu+fp,0.2222222222222222,channel_dropout_30|eeg+emg+imu+fp
fault_triggered_router,52,32,channel_dropout_30,eeg+emg+imu+fp,0.2222222222222222,channel_dropout_30|eeg+emg+imu+fp
fault_triggered_router,52,33,channel_dropout_30,eeg+emg+imu+fp,0.16666666666666666,channel_dropout_30|eeg+emg+imu+fp
fault_triggered_router,52,35,channel_dropout_30,eeg+emg+imu+fp,0.2222222222222222,channel_dropout_30|eeg+emg+imu+fp
fault_triggered_router,52,44,channel_dropout_30,eeg+emg+imu+fp,0.5555555555555555,channel_dropout_30|eeg+emg+imu+fp
fault_triggered_router,52,53,channel_dropout_30,eeg+emg+imu+fp,0.5555555555555555,channel_dropout_30|eeg+emg+imu+fp
fault_triggered_router,52,4,structured_dropout_30,eeg,1.0,structured_dropout_30|eeg
fault_triggered_router,52,5,structured_dropout_30,eeg,1.0,structured_dropout_30|eeg
fault_triggered_router,52,6,structured_dropout_30,eeg,1.0,structured_dropout_30|eeg
fault_triggered_router,52,9,structured_dropout_30,eeg,1.0,structured_dropout_30|eeg
fault_triggered_router,52,17,structured_dropout_30,eeg,1.0,structured_dropout_30|eeg
fault_triggered_router,52,18,structured_dropout_30,eeg,1.0,structured_dropout_30|eeg
fault_triggered_router,52,32,structured_dropout_30,eeg,0.6666666666666666,structured_dropout_30|eeg
fault_triggered_router,52,33,structured_dropout_30,eeg,1.0,structured_dropout_30|eeg
fault_triggered_router,52,35,structured_dropout_30,eeg,1.0,structured_dropout_30|eeg
fault_triggered_router,52,44,structured_dropout_30,eeg,1.0,structured_dropout_30|eeg
fault_triggered_router,52,53,structured_dropout_30,eeg,1.0,structured_dropout_30|eeg
fault_triggered_router,52,4,structured_dropout_30,emg,1.0,structured_dropout_30|emg
fault_triggered_router,52,5,structured_dropout_30,emg,1.0,structured_dropout_30|emg
fault_triggered_router,52,6,structured_dropout_30,emg,0.5555555555555555,structured_dropout_30|emg
fault_triggered_router,52,9,structured_dropout_30,emg,1.0,structured_dropout_30|emg
fault_triggered_router,52,17,structured_dropout_30,emg,1.0,structured_dropout_30|emg
fault_triggered_router,52,18,structured_dropout_30,emg,1.0,structured_dropout_30|emg
fault_triggered_router,52,32,structured_dropout_30,emg,0.6666666666666666,structured_dropout_30|emg
fault_triggered_router,52,33,structured_dropout_30,emg,1.0,structured_dropout_30|emg
fault_triggered_router,52,35,structured_dropout_30,emg,1.0,structured_dropout_30|emg
fault_triggered_router,52,44,structured_dropout_30,emg,1.0,structured_dropout_30|emg
fault_triggered_router,52,53,structured_dropout_30,emg,1.0,structured_dropout_30|emg
fault_triggered_router,52,4,structured_dropout_30,imu,1.0,structured_dropout_30|imu
fault_triggered_router,52,5,structured_dropout_30,imu,1.0,structured_dropout_30|imu
fault_triggered_router,52,6,structured_dropout_30,imu,0.5555555555555555,structured_dropout_30|imu
fault_triggered_router,52,9,structured_dropout_30,imu,1.0,structured_dropout_30|imu
fault_triggered_router,52,17,structured_dropout_30,imu,1.0,structured_dropout_30|imu
fault_triggered_router,52,18,structured_dropout_30,imu,1.0,structured_dropout_30|imu
fault_triggered_router,52,32,structured_dropout_30,imu,0.6666666666666666,structured_dropout_30|imu
fault_triggered_router,52,33,structured_dropout_30,imu,1.0,structured_dropout_30|imu
fault_triggered_router,52,35,structured_dropout_30,imu,1.0,structured_dropout_30|imu
fault_triggered_router,52,44,structured_dropout_30,imu,1.0,structured_dropout_30|imu
fault_triggered_router,52,53,structured_dropout_30,imu,1.0,structured_dropout_30|imu
fault_triggered_router,52,4,structured_dropout_30,fp,1.0,structured_dropout_30|fp
fault_triggered_router,52,5,structured_dropout_30,fp,1.0,structured_dropout_30|fp
fault_triggered_router,52,6,structured_dropout_30,fp,1.0,structured_dropout_30|fp
fault_triggered_router,52,9,structured_dropout_30,fp,1.0,structured_dropout_30|fp
fault_triggered_router,52,17,structured_dropout_30,fp,1.0,structured_dropout_30|fp
fault_triggered_router,52,18,structured_dropout_30,fp,1.0,structured_dropout_30|fp
fault_triggered_router,52,32,structured_dropout_30,fp,0.6666666666666666,structured_dropout_30|fp
fault_triggered_router,52,33,structured_dropout_30,fp,1.0,structured_dropout_30|fp
fault_triggered_router,52,35,structured_dropout_30,fp,1.0,structured_dropout_30|fp
fault_triggered_router,52,44,structured_dropout_30,fp,1.0,structured_dropout_30|fp
fault_triggered_router,52,53,structured_dropout_30,fp,1.0,structured_dropout_30|fp
fault_triggered_router,52,4,structured_dropout_30,eeg+emg+imu+fp,1.0,structured_dropout_30|eeg+emg+imu+fp
fault_triggered_router,52,5,structured_dropout_30,eeg+emg+imu+fp,1.0,structured_dropout_30|eeg+emg+imu+fp
fault_triggered_router,52,6,structured_dropout_30,eeg+emg+imu+fp,0.2222222222222222,structured_dropout_30|eeg+emg+imu+fp
fault_triggered_router,52,9,structured_dropout_30,eeg+emg+imu+fp,1.0,structured_dropout_30|eeg+emg+imu+fp
fault_triggered_router,52,17,structured_dropout_30,eeg+emg+imu+fp,0.2222222222222222,structured_dropout_30|eeg+emg+imu+fp
fault_triggered_router,52,18,structured_dropout_30,eeg+emg+imu+fp,0.2222222222222222,structured_dropout_30|eeg+emg+imu+fp
fault_triggered_router,52,32,structured_dropout_30,eeg+emg+imu+fp,0.6666666666666666,structured_dropout_30|eeg+emg+imu+fp
fault_triggered_router,52,33,structured_dropout_30,eeg+emg+imu+fp,0.5555555555555555,structured_dropout_30|eeg+emg+imu+fp
fault_triggered_router,52,35,structured_dropout_30,eeg+emg+imu+fp,1.0,structured_dropout_30|eeg+emg+imu+fp
fault_triggered_router,52,44,structured_dropout_30,eeg+emg+imu+fp,0.2222222222222222,structured_dropout_30|eeg+emg+imu+fp
fault_triggered_router,52,53,structured_dropout_30,eeg+emg+imu+fp,0.2222222222222222,structured_dropout_30|eeg+emg+imu+fp
fault_triggered_router,52,4,packet_loss_30,eeg,1.0,packet_loss_30|eeg
fault_triggered_router,52,5,packet_loss_30,eeg,1.0,packet_loss_30|eeg
fault_triggered_router,52,6,packet_loss_30,eeg,1.0,packet_loss_30|eeg
fault_triggered_router,52,9,packet_loss_30,eeg,1.0,packet_loss_30|eeg
fault_triggered_router,52,17,packet_loss_30,eeg,1.0,packet_loss_30|eeg
fault_triggered_router,52,18,packet_loss_30,eeg,1.0,packet_loss_30|eeg
fault_triggered_router,52,32,packet_loss_30,eeg,0.6666666666666666,packet_loss_30|eeg
fault_triggered_router,52,33,packet_loss_30,eeg,1.0,packet_loss_30|eeg
fault_triggered_router,52,35,packet_loss_30,eeg,1.0,packet_loss_30|eeg
fault_triggered_router,52,44,packet_loss_30,eeg,1.0,packet_loss_30|eeg
fault_triggered_router,52,53,packet_loss_30,eeg,1.0,packet_loss_30|eeg
fault_triggered_router,52,4,packet_loss_30,emg,1.0,packet_loss_30|emg
fault_triggered_router,52,5,packet_loss_30,emg,1.0,packet_loss_30|emg
fault_triggered_router,52,6,packet_loss_30,emg,1.0,packet_loss_30|emg
fault_triggered_router,52,9,packet_loss_30,emg,1.0,packet_loss_30|emg
fault_triggered_router,52,17,packet_loss_30,emg,1.0,packet_loss_30|emg
fault_triggered_router,52,18,packet_loss_30,emg,1.0,packet_loss_30|emg
fault_triggered_router,52,32,packet_loss_30,emg,0.6666666666666666,packet_loss_30|emg
fault_triggered_router,52,33,packet_loss_30,emg,1.0,packet_loss_30|emg
fault_triggered_router,52,35,packet_loss_30,emg,1.0,packet_loss_30|emg
fault_triggered_router,52,44,packet_loss_30,emg,1.0,packet_loss_30|emg
fault_triggered_router,52,53,packet_loss_30,emg,1.0,packet_loss_30|emg
fault_triggered_router,52,4,packet_loss_30,imu,1.0,packet_loss_30|imu
fault_triggered_router,52,5,packet_loss_30,imu,1.0,packet_loss_30|imu
fault_triggered_router,52,6,packet_loss_30,imu,1.0,packet_loss_30|imu
fault_triggered_router,52,9,packet_loss_30,imu,1.0,packet_loss_30|imu
fault_triggered_router,52,17,packet_loss_30,imu,1.0,packet_loss_30|imu
fault_triggered_router,52,18,packet_loss_30,imu,1.0,packet_loss_30|imu
fault_triggered_router,52,32,packet_loss_30,imu,0.6666666666666666,packet_loss_30|imu
fault_triggered_router,52,33,packet_loss_30,imu,1.0,packet_loss_30|imu
fault_triggered_router,52,35,packet_loss_30,imu,1.0,packet_loss_30|imu
fault_triggered_router,52,44,packet_loss_30,imu,1.0,packet_loss_30|imu
fault_triggered_router,52,53,packet_loss_30,imu,1.0,packet_loss_30|imu
fault_triggered_router,52,4,packet_loss_30,fp,1.0,packet_loss_30|fp
fault_triggered_router,52,5,packet_loss_30,fp,1.0,packet_loss_30|fp
fault_triggered_router,52,6,packet_loss_30,fp,1.0,packet_loss_30|fp
fault_triggered_router,52,9,packet_loss_30,fp,1.0,packet_loss_30|fp
fault_triggered_router,52,17,packet_loss_30,fp,1.0,packet_loss_30|fp
fault_triggered_router,52,18,packet_loss_30,fp,1.0,packet_loss_30|fp
fault_triggered_router,52,32,packet_loss_30,fp,0.6666666666666666,packet_loss_30|fp
fault_triggered_router,52,33,packet_loss_30,fp,1.0,packet_loss_30|fp
fault_triggered_router,52,35,packet_loss_30,fp,1.0,packet_loss_30|fp
fault_triggered_router,52,44,packet_loss_30,fp,1.0,packet_loss_30|fp
fault_triggered_router,52,53,packet_loss_30,fp,1.0,packet_loss_30|fp
fault_triggered_router,52,4,packet_loss_30,eeg+emg+imu+fp,1.0,packet_loss_30|eeg+emg+imu+fp
fault_triggered_router,52,5,packet_loss_30,eeg+emg+imu+fp,1.0,packet_loss_30|eeg+emg+imu+fp
fault_triggered_router,52,6,packet_loss_30,eeg+emg+imu+fp,1.0,packet_loss_30|eeg+emg+imu+fp
fault_triggered_router,52,9,packet_loss_30,eeg+emg+imu+fp,1.0,packet_loss_30|eeg+emg+imu+fp
fault_triggered_router,52,17,packet_loss_30,eeg+emg+imu+fp,0.5555555555555555,packet_loss_30|eeg+emg+imu+fp
fault_triggered_router,52,18,packet_loss_30,eeg+emg+imu+fp,1.0,packet_loss_30|eeg+emg+imu+fp
fault_triggered_router,52,32,packet_loss_30,eeg+emg+imu+fp,0.6666666666666666,packet_loss_30|eeg+emg+imu+fp
fault_triggered_router,52,33,packet_loss_30,eeg+emg+imu+fp,1.0,packet_loss_30|eeg+emg+imu+fp
fault_triggered_router,52,35,packet_loss_30,eeg+emg+imu+fp,1.0,packet_loss_30|eeg+emg+imu+fp
fault_triggered_router,52,44,packet_loss_30,eeg+emg+imu+fp,1.0,packet_loss_30|eeg+emg+imu+fp
fault_triggered_router,52,53,packet_loss_30,eeg+emg+imu+fp,1.0,packet_loss_30|eeg+emg+imu+fp
fault_triggered_router,52,4,shift_250ms,eeg,1.0,shift_250ms|eeg
fault_triggered_router,52,5,shift_250ms,eeg,1.0,shift_250ms|eeg
fault_triggered_router,52,6,shift_250ms,eeg,1.0,shift_250ms|eeg
fault_triggered_router,52,9,shift_250ms,eeg,1.0,shift_250ms|eeg
fault_triggered_router,52,17,shift_250ms,eeg,1.0,shift_250ms|eeg
fault_triggered_router,52,18,shift_250ms,eeg,1.0,shift_250ms|eeg
fault_triggered_router,52,32,shift_250ms,eeg,0.6666666666666666,shift_250ms|eeg
fault_triggered_router,52,33,shift_250ms,eeg,1.0,shift_250ms|eeg
fault_triggered_router,52,35,shift_250ms,eeg,1.0,shift_250ms|eeg
fault_triggered_router,52,44,shift_250ms,eeg,1.0,shift_250ms|eeg
fault_triggered_router,52,53,shift_250ms,eeg,1.0,shift_250ms|eeg
fault_triggered_router,52,4,shift_250ms,emg,1.0,shift_250ms|emg
fault_triggered_router,52,5,shift_250ms,emg,1.0,shift_250ms|emg
fault_triggered_router,52,6,shift_250ms,emg,1.0,shift_250ms|emg
fault_triggered_router,52,9,shift_250ms,emg,1.0,shift_250ms|emg
fault_triggered_router,52,17,shift_250ms,emg,1.0,shift_250ms|emg
fault_triggered_router,52,18,shift_250ms,emg,1.0,shift_250ms|emg
fault_triggered_router,52,32,shift_250ms,emg,0.6666666666666666,shift_250ms|emg
fault_triggered_router,52,33,shift_250ms,emg,1.0,shift_250ms|emg
fault_triggered_router,52,35,shift_250ms,emg,1.0,shift_250ms|emg
fault_triggered_router,52,44,shift_250ms,emg,1.0,shift_250ms|emg
fault_triggered_router,52,53,shift_250ms,emg,1.0,shift_250ms|emg
fault_triggered_router,52,4,shift_250ms,imu,1.0,shift_250ms|imu
fault_triggered_router,52,5,shift_250ms,imu,1.0,shift_250ms|imu
fault_triggered_router,52,6,shift_250ms,imu,1.0,shift_250ms|imu
fault_triggered_router,52,9,shift_250ms,imu,1.0,shift_250ms|imu
fault_triggered_router,52,17,shift_250ms,imu,1.0,shift_250ms|imu
fault_triggered_router,52,18,shift_250ms,imu,1.0,shift_250ms|imu
fault_triggered_router,52,32,shift_250ms,imu,0.6666666666666666,shift_250ms|imu
fault_triggered_router,52,33,shift_250ms,imu,1.0,shift_250ms|imu
fault_triggered_router,52,35,shift_250ms,imu,1.0,shift_250ms|imu
fault_triggered_router,52,44,shift_250ms,imu,1.0,shift_250ms|imu
fault_triggered_router,52,53,shift_250ms,imu,1.0,shift_250ms|imu
fault_triggered_router,52,4,shift_250ms,fp,1.0,shift_250ms|fp
fault_triggered_router,52,5,shift_250ms,fp,1.0,shift_250ms|fp
fault_triggered_router,52,6,shift_250ms,fp,1.0,shift_250ms|fp
fault_triggered_router,52,9,shift_250ms,fp,1.0,shift_250ms|fp
fault_triggered_router,52,17,shift_250ms,fp,1.0,shift_250ms|fp
fault_triggered_router,52,18,shift_250ms,fp,1.0,shift_250ms|fp
fault_triggered_router,52,32,shift_250ms,fp,0.6666666666666666,shift_250ms|fp
fault_triggered_router,52,33,shift_250ms,fp,1.0,shift_250ms|fp
fault_triggered_router,52,35,shift_250ms,fp,1.0,shift_250ms|fp
fault_triggered_router,52,44,shift_250ms,fp,1.0,shift_250ms|fp
fault_triggered_router,52,53,shift_250ms,fp,1.0,shift_250ms|fp
fault_triggered_router,52,4,shift_250ms,eeg+emg+imu+fp,1.0,shift_250ms|eeg+emg+imu+fp
fault_triggered_router,52,5,shift_250ms,eeg+emg+imu+fp,1.0,shift_250ms|eeg+emg+imu+fp
fault_triggered_router,52,6,shift_250ms,eeg+emg+imu+fp,1.0,shift_250ms|eeg+emg+imu+fp
fault_triggered_router,52,9,shift_250ms,eeg+emg+imu+fp,1.0,shift_250ms|eeg+emg+imu+fp
fault_triggered_router,52,17,shift_250ms,eeg+emg+imu+fp,1.0,shift_250ms|eeg+emg+imu+fp
fault_triggered_router,52,18,shift_250ms,eeg+emg+imu+fp,1.0,shift_250ms|eeg+emg+imu+fp
fault_triggered_router,52,32,shift_250ms,eeg+emg+imu+fp,0.6666666666666666,shift_250ms|eeg+emg+imu+fp
fault_triggered_router,52,33,shift_250ms,eeg+emg+imu+fp,1.0,shift_250ms|eeg+emg+imu+fp
fault_triggered_router,52,35,shift_250ms,eeg+emg+imu+fp,1.0,shift_250ms|eeg+emg+imu+fp
fault_triggered_router,52,44,shift_250ms,eeg+emg+imu+fp,1.0,shift_250ms|eeg+emg+imu+fp
fault_triggered_router,52,53,shift_250ms,eeg+emg+imu+fp,1.0,shift_250ms|eeg+emg+imu+fp
fault_triggered_router,52,4,gain_1.5,eeg,1.0,gain_1.5|eeg
fault_triggered_router,52,5,gain_1.5,eeg,1.0,gain_1.5|eeg
fault_triggered_router,52,6,gain_1.5,eeg,1.0,gain_1.5|eeg
fault_triggered_router,52,9,gain_1.5,eeg,1.0,gain_1.5|eeg
fault_triggered_router,52,17,gain_1.5,eeg,1.0,gain_1.5|eeg
fault_triggered_router,52,18,gain_1.5,eeg,1.0,gain_1.5|eeg
fault_triggered_router,52,32,gain_1.5,eeg,0.6666666666666666,gain_1.5|eeg
fault_triggered_router,52,33,gain_1.5,eeg,1.0,gain_1.5|eeg
fault_triggered_router,52,35,gain_1.5,eeg,1.0,gain_1.5|eeg
fault_triggered_router,52,44,gain_1.5,eeg,1.0,gain_1.5|eeg
fault_triggered_router,52,53,gain_1.5,eeg,1.0,gain_1.5|eeg
fault_triggered_router,52,4,gain_1.5,emg,1.0,gain_1.5|emg
fault_triggered_router,52,5,gain_1.5,emg,1.0,gain_1.5|emg
fault_triggered_router,52,6,gain_1.5,emg,1.0,gain_1.5|emg
fault_triggered_router,52,9,gain_1.5,emg,1.0,gain_1.5|emg
fault_triggered_router,52,17,gain_1.5,emg,1.0,gain_1.5|emg
fault_triggered_router,52,18,gain_1.5,emg,1.0,gain_1.5|emg
fault_triggered_router,52,32,gain_1.5,emg,0.6666666666666666,gain_1.5|emg
fault_triggered_router,52,33,gain_1.5,emg,1.0,gain_1.5|emg
fault_triggered_router,52,35,gain_1.5,emg,1.0,gain_1.5|emg
fault_triggered_router,52,44,gain_1.5,emg,1.0,gain_1.5|emg
fault_triggered_router,52,53,gain_1.5,emg,1.0,gain_1.5|emg
fault_triggered_router,52,4,gain_1.5,imu,1.0,gain_1.5|imu
fault_triggered_router,52,5,gain_1.5,imu,0.2222222222222222,gain_1.5|imu
fault_triggered_router,52,6,gain_1.5,imu,1.0,gain_1.5|imu
fault_triggered_router,52,9,gain_1.5,imu,0.5555555555555555,gain_1.5|imu
fault_triggered_router,52,17,gain_1.5,imu,1.0,gain_1.5|imu
fault_triggered_router,52,18,gain_1.5,imu,1.0,gain_1.5|imu
fault_triggered_router,52,32,gain_1.5,imu,0.6666666666666666,gain_1.5|imu
fault_triggered_router,52,33,gain_1.5,imu,0.2222222222222222,gain_1.5|imu
fault_triggered_router,52,35,gain_1.5,imu,0.5555555555555555,gain_1.5|imu
fault_triggered_router,52,44,gain_1.5,imu,0.5555555555555555,gain_1.5|imu
fault_triggered_router,52,53,gain_1.5,imu,0.2222222222222222,gain_1.5|imu
fault_triggered_router,52,4,gain_1.5,fp,1.0,gain_1.5|fp
fault_triggered_router,52,5,gain_1.5,fp,1.0,gain_1.5|fp
fault_triggered_router,52,6,gain_1.5,fp,1.0,gain_1.5|fp
fault_triggered_router,52,9,gain_1.5,fp,1.0,gain_1.5|fp
fault_triggered_router,52,17,gain_1.5,fp,1.0,gain_1.5|fp
fault_triggered_router,52,18,gain_1.5,fp,1.0,gain_1.5|fp
fault_triggered_router,52,32,gain_1.5,fp,0.6666666666666666,gain_1.5|fp
fault_triggered_router,52,33,gain_1.5,fp,1.0,gain_1.5|fp
fault_triggered_router,52,35,gain_1.5,fp,1.0,gain_1.5|fp
fault_triggered_router,52,44,gain_1.5,fp,1.0,gain_1.5|fp
fault_triggered_router,52,53,gain_1.5,fp,1.0,gain_1.5|fp
fault_triggered_router,52,4,gain_1.5,eeg+emg+imu+fp,1.0,gain_1.5|eeg+emg+imu+fp
fault_triggered_router,52,5,gain_1.5,eeg+emg+imu+fp,0.2222222222222222,gain_1.5|eeg+emg+imu+fp
fault_triggered_router,52,6,gain_1.5,eeg+emg+imu+fp,1.0,gain_1.5|eeg+emg+imu+fp
fault_triggered_router,52,9,gain_1.5,eeg+emg+imu+fp,0.2222222222222222,gain_1.5|eeg+emg+imu+fp
fault_triggered_router,52,17,gain_1.5,eeg+emg+imu+fp,1.0,gain_1.5|eeg+emg+imu+fp
fault_triggered_router,52,18,gain_1.5,eeg+emg+imu+fp,1.0,gain_1.5|eeg+emg+imu+fp
fault_triggered_router,52,32,gain_1.5,eeg+emg+imu+fp,0.6666666666666666,gain_1.5|eeg+emg+imu+fp
fault_triggered_router,52,33,gain_1.5,eeg+emg+imu+fp,0.2222222222222222,gain_1.5|eeg+emg+imu+fp
fault_triggered_router,52,35,gain_1.5,eeg+emg+imu+fp,0.2222222222222222,gain_1.5|eeg+emg+imu+fp
fault_triggered_router,52,44,gain_1.5,eeg+emg+imu+fp,0.5555555555555555,gain_1.5|eeg+emg+imu+fp
fault_triggered_router,52,53,gain_1.5,eeg+emg+imu+fp,0.2222222222222222,gain_1.5|eeg+emg+imu+fp
fault_triggered_router,53,4,clean,none,1.0,clean|none
fault_triggered_router,53,5,clean,none,1.0,clean|none
fault_triggered_router,53,6,clean,none,1.0,clean|none
fault_triggered_router,53,9,clean,none,1.0,clean|none
fault_triggered_router,53,17,clean,none,1.0,clean|none
fault_triggered_router,53,18,clean,none,1.0,clean|none
fault_triggered_router,53,32,clean,none,0.6666666666666666,clean|none
fault_triggered_router,53,33,clean,none,1.0,clean|none
fault_triggered_router,53,35,clean,none,1.0,clean|none
fault_triggered_router,53,44,clean,none,1.0,clean|none
fault_triggered_router,53,53,clean,none,1.0,clean|none
fault_triggered_router,53,4,noise_10db,eeg,1.0,noise_10db|eeg
fault_triggered_router,53,5,noise_10db,eeg,1.0,noise_10db|eeg
fault_triggered_router,53,6,noise_10db,eeg,1.0,noise_10db|eeg
fault_triggered_router,53,9,noise_10db,eeg,1.0,noise_10db|eeg
fault_triggered_router,53,17,noise_10db,eeg,1.0,noise_10db|eeg
fault_triggered_router,53,18,noise_10db,eeg,1.0,noise_10db|eeg
fault_triggered_router,53,32,noise_10db,eeg,0.6666666666666666,noise_10db|eeg
fault_triggered_router,53,33,noise_10db,eeg,1.0,noise_10db|eeg
fault_triggered_router,53,35,noise_10db,eeg,1.0,noise_10db|eeg
fault_triggered_router,53,44,noise_10db,eeg,1.0,noise_10db|eeg
fault_triggered_router,53,53,noise_10db,eeg,1.0,noise_10db|eeg
fault_triggered_router,53,4,noise_10db,emg,1.0,noise_10db|emg
fault_triggered_router,53,5,noise_10db,emg,1.0,noise_10db|emg
fault_triggered_router,53,6,noise_10db,emg,1.0,noise_10db|emg
fault_triggered_router,53,9,noise_10db,emg,1.0,noise_10db|emg
fault_triggered_router,53,17,noise_10db,emg,1.0,noise_10db|emg
fault_triggered_router,53,18,noise_10db,emg,1.0,noise_10db|emg
fault_triggered_router,53,32,noise_10db,emg,0.6666666666666666,noise_10db|emg
fault_triggered_router,53,33,noise_10db,emg,1.0,noise_10db|emg
fault_triggered_router,53,35,noise_10db,emg,1.0,noise_10db|emg
fault_triggered_router,53,44,noise_10db,emg,1.0,noise_10db|emg
fault_triggered_router,53,53,noise_10db,emg,1.0,noise_10db|emg
fault_triggered_router,53,4,noise_10db,imu,1.0,noise_10db|imu
fault_triggered_router,53,5,noise_10db,imu,1.0,noise_10db|imu
fault_triggered_router,53,6,noise_10db,imu,1.0,noise_10db|imu
fault_triggered_router,53,9,noise_10db,imu,1.0,noise_10db|imu
fault_triggered_router,53,17,noise_10db,imu,1.0,noise_10db|imu
fault_triggered_router,53,18,noise_10db,imu,1.0,noise_10db|imu
fault_triggered_router,53,32,noise_10db,imu,0.6666666666666666,noise_10db|imu
fault_triggered_router,53,33,noise_10db,imu,1.0,noise_10db|imu
fault_triggered_router,53,35,noise_10db,imu,1.0,noise_10db|imu
fault_triggered_router,53,44,noise_10db,imu,1.0,noise_10db|imu
fault_triggered_router,53,53,noise_10db,imu,1.0,noise_10db|imu
fault_triggered_router,53,4,noise_10db,fp,1.0,noise_10db|fp
fault_triggered_router,53,5,noise_10db,fp,1.0,noise_10db|fp
fault_triggered_router,53,6,noise_10db,fp,1.0,noise_10db|fp
fault_triggered_router,53,9,noise_10db,fp,1.0,noise_10db|fp
fault_triggered_router,53,17,noise_10db,fp,1.0,noise_10db|fp
fault_triggered_router,53,18,noise_10db,fp,1.0,noise_10db|fp
fault_triggered_router,53,32,noise_10db,fp,0.6666666666666666,noise_10db|fp
fault_triggered_router,53,33,noise_10db,fp,1.0,noise_10db|fp
fault_triggered_router,53,35,noise_10db,fp,1.0,noise_10db|fp
fault_triggered_router,53,44,noise_10db,fp,1.0,noise_10db|fp
fault_triggered_router,53,53,noise_10db,fp,1.0,noise_10db|fp
fault_triggered_router,53,4,noise_10db,eeg+emg+imu+fp,1.0,noise_10db|eeg+emg+imu+fp
fault_triggered_router,53,5,noise_10db,eeg+emg+imu+fp,1.0,noise_10db|eeg+emg+imu+fp
fault_triggered_router,53,6,noise_10db,eeg+emg+imu+fp,1.0,noise_10db|eeg+emg+imu+fp
fault_triggered_router,53,9,noise_10db,eeg+emg+imu+fp,1.0,noise_10db|eeg+emg+imu+fp
fault_triggered_router,53,17,noise_10db,eeg+emg+imu+fp,1.0,noise_10db|eeg+emg+imu+fp
fault_triggered_router,53,18,noise_10db,eeg+emg+imu+fp,1.0,noise_10db|eeg+emg+imu+fp
fault_triggered_router,53,32,noise_10db,eeg+emg+imu+fp,0.6666666666666666,noise_10db|eeg+emg+imu+fp
fault_triggered_router,53,33,noise_10db,eeg+emg+imu+fp,1.0,noise_10db|eeg+emg+imu+fp
fault_triggered_router,53,35,noise_10db,eeg+emg+imu+fp,1.0,noise_10db|eeg+emg+imu+fp
fault_triggered_router,53,44,noise_10db,eeg+emg+imu+fp,1.0,noise_10db|eeg+emg+imu+fp
fault_triggered_router,53,53,noise_10db,eeg+emg+imu+fp,1.0,noise_10db|eeg+emg+imu+fp
fault_triggered_router,53,4,channel_dropout_30,eeg,1.0,channel_dropout_30|eeg
fault_triggered_router,53,5,channel_dropout_30,eeg,1.0,channel_dropout_30|eeg
fault_triggered_router,53,6,channel_dropout_30,eeg,1.0,channel_dropout_30|eeg
fault_triggered_router,53,9,channel_dropout_30,eeg,1.0,channel_dropout_30|eeg
fault_triggered_router,53,17,channel_dropout_30,eeg,1.0,channel_dropout_30|eeg
fault_triggered_router,53,18,channel_dropout_30,eeg,1.0,channel_dropout_30|eeg
fault_triggered_router,53,32,channel_dropout_30,eeg,0.6666666666666666,channel_dropout_30|eeg
fault_triggered_router,53,33,channel_dropout_30,eeg,1.0,channel_dropout_30|eeg
fault_triggered_router,53,35,channel_dropout_30,eeg,1.0,channel_dropout_30|eeg
fault_triggered_router,53,44,channel_dropout_30,eeg,1.0,channel_dropout_30|eeg
fault_triggered_router,53,53,channel_dropout_30,eeg,1.0,channel_dropout_30|eeg
fault_triggered_router,53,4,channel_dropout_30,emg,1.0,channel_dropout_30|emg
fault_triggered_router,53,5,channel_dropout_30,emg,1.0,channel_dropout_30|emg
fault_triggered_router,53,6,channel_dropout_30,emg,0.5555555555555555,channel_dropout_30|emg
fault_triggered_router,53,9,channel_dropout_30,emg,1.0,channel_dropout_30|emg
fault_triggered_router,53,17,channel_dropout_30,emg,1.0,channel_dropout_30|emg
fault_triggered_router,53,18,channel_dropout_30,emg,1.0,channel_dropout_30|emg
fault_triggered_router,53,32,channel_dropout_30,emg,0.6666666666666666,channel_dropout_30|emg
fault_triggered_router,53,33,channel_dropout_30,emg,1.0,channel_dropout_30|emg
fault_triggered_router,53,35,channel_dropout_30,emg,1.0,channel_dropout_30|emg
fault_triggered_router,53,44,channel_dropout_30,emg,1.0,channel_dropout_30|emg
fault_triggered_router,53,53,channel_dropout_30,emg,1.0,channel_dropout_30|emg
fault_triggered_router,53,4,channel_dropout_30,imu,0.5555555555555555,channel_dropout_30|imu
fault_triggered_router,53,5,channel_dropout_30,imu,1.0,channel_dropout_30|imu
fault_triggered_router,53,6,channel_dropout_30,imu,0.2222222222222222,channel_dropout_30|imu
fault_triggered_router,53,9,channel_dropout_30,imu,1.0,channel_dropout_30|imu
fault_triggered_router,53,17,channel_dropout_30,imu,0.5555555555555555,channel_dropout_30|imu
fault_triggered_router,53,18,channel_dropout_30,imu,0.5555555555555555,channel_dropout_30|imu
fault_triggered_router,53,32,channel_dropout_30,imu,0.6666666666666666,channel_dropout_30|imu
fault_triggered_router,53,33,channel_dropout_30,imu,1.0,channel_dropout_30|imu
fault_triggered_router,53,35,channel_dropout_30,imu,1.0,channel_dropout_30|imu
fault_triggered_router,53,44,channel_dropout_30,imu,1.0,channel_dropout_30|imu
fault_triggered_router,53,53,channel_dropout_30,imu,1.0,channel_dropout_30|imu
fault_triggered_router,53,4,channel_dropout_30,fp,1.0,channel_dropout_30|fp
fault_triggered_router,53,5,channel_dropout_30,fp,1.0,channel_dropout_30|fp
fault_triggered_router,53,6,channel_dropout_30,fp,1.0,channel_dropout_30|fp
fault_triggered_router,53,9,channel_dropout_30,fp,1.0,channel_dropout_30|fp
fault_triggered_router,53,17,channel_dropout_30,fp,1.0,channel_dropout_30|fp
fault_triggered_router,53,18,channel_dropout_30,fp,1.0,channel_dropout_30|fp
fault_triggered_router,53,32,channel_dropout_30,fp,0.6666666666666666,channel_dropout_30|fp
fault_triggered_router,53,33,channel_dropout_30,fp,1.0,channel_dropout_30|fp
fault_triggered_router,53,35,channel_dropout_30,fp,1.0,channel_dropout_30|fp
fault_triggered_router,53,44,channel_dropout_30,fp,1.0,channel_dropout_30|fp
fault_triggered_router,53,53,channel_dropout_30,fp,1.0,channel_dropout_30|fp
fault_triggered_router,53,4,channel_dropout_30,eeg+emg+imu+fp,1.0,channel_dropout_30|eeg+emg+imu+fp
fault_triggered_router,53,5,channel_dropout_30,eeg+emg+imu+fp,1.0,channel_dropout_30|eeg+emg+imu+fp
fault_triggered_router,53,6,channel_dropout_30,eeg+emg+imu+fp,0.5555555555555555,channel_dropout_30|eeg+emg+imu+fp
fault_triggered_router,53,9,channel_dropout_30,eeg+emg+imu+fp,0.5555555555555555,channel_dropout_30|eeg+emg+imu+fp
fault_triggered_router,53,17,channel_dropout_30,eeg+emg+imu+fp,0.2222222222222222,channel_dropout_30|eeg+emg+imu+fp
fault_triggered_router,53,18,channel_dropout_30,eeg+emg+imu+fp,0.2222222222222222,channel_dropout_30|eeg+emg+imu+fp
fault_triggered_router,53,32,channel_dropout_30,eeg+emg+imu+fp,0.6666666666666666,channel_dropout_30|eeg+emg+imu+fp
fault_triggered_router,53,33,channel_dropout_30,eeg+emg+imu+fp,1.0,channel_dropout_30|eeg+emg+imu+fp
fault_triggered_router,53,35,channel_dropout_30,eeg+emg+imu+fp,0.2222222222222222,channel_dropout_30|eeg+emg+imu+fp
fault_triggered_router,53,44,channel_dropout_30,eeg+emg+imu+fp,1.0,channel_dropout_30|eeg+emg+imu+fp
fault_triggered_router,53,53,channel_dropout_30,eeg+emg+imu+fp,1.0,channel_dropout_30|eeg+emg+imu+fp
fault_triggered_router,53,4,structured_dropout_30,eeg,1.0,structured_dropout_30|eeg
fault_triggered_router,53,5,structured_dropout_30,eeg,1.0,structured_dropout_30|eeg
fault_triggered_router,53,6,structured_dropout_30,eeg,1.0,structured_dropout_30|eeg
fault_triggered_router,53,9,structured_dropout_30,eeg,1.0,structured_dropout_30|eeg
fault_triggered_router,53,17,structured_dropout_30,eeg,1.0,structured_dropout_30|eeg
fault_triggered_router,53,18,structured_dropout_30,eeg,1.0,structured_dropout_30|eeg
fault_triggered_router,53,32,structured_dropout_30,eeg,0.6666666666666666,structured_dropout_30|eeg
fault_triggered_router,53,33,structured_dropout_30,eeg,1.0,structured_dropout_30|eeg
fault_triggered_router,53,35,structured_dropout_30,eeg,1.0,structured_dropout_30|eeg
fault_triggered_router,53,44,structured_dropout_30,eeg,1.0,structured_dropout_30|eeg
fault_triggered_router,53,53,structured_dropout_30,eeg,1.0,structured_dropout_30|eeg
fault_triggered_router,53,4,structured_dropout_30,emg,1.0,structured_dropout_30|emg
fault_triggered_router,53,5,structured_dropout_30,emg,1.0,structured_dropout_30|emg
fault_triggered_router,53,6,structured_dropout_30,emg,0.5555555555555555,structured_dropout_30|emg
fault_triggered_router,53,9,structured_dropout_30,emg,1.0,structured_dropout_30|emg
fault_triggered_router,53,17,structured_dropout_30,emg,1.0,structured_dropout_30|emg
fault_triggered_router,53,18,structured_dropout_30,emg,1.0,structured_dropout_30|emg
fault_triggered_router,53,32,structured_dropout_30,emg,0.6666666666666666,structured_dropout_30|emg
fault_triggered_router,53,33,structured_dropout_30,emg,1.0,structured_dropout_30|emg
fault_triggered_router,53,35,structured_dropout_30,emg,1.0,structured_dropout_30|emg
fault_triggered_router,53,44,structured_dropout_30,emg,1.0,structured_dropout_30|emg
fault_triggered_router,53,53,structured_dropout_30,emg,1.0,structured_dropout_30|emg
fault_triggered_router,53,4,structured_dropout_30,imu,1.0,structured_dropout_30|imu
fault_triggered_router,53,5,structured_dropout_30,imu,1.0,structured_dropout_30|imu
fault_triggered_router,53,6,structured_dropout_30,imu,0.5555555555555555,structured_dropout_30|imu
fault_triggered_router,53,9,structured_dropout_30,imu,1.0,structured_dropout_30|imu
fault_triggered_router,53,17,structured_dropout_30,imu,0.5555555555555555,structured_dropout_30|imu
fault_triggered_router,53,18,structured_dropout_30,imu,0.5555555555555555,structured_dropout_30|imu
fault_triggered_router,53,32,structured_dropout_30,imu,0.6666666666666666,structured_dropout_30|imu
fault_triggered_router,53,33,structured_dropout_30,imu,1.0,structured_dropout_30|imu
fault_triggered_router,53,35,structured_dropout_30,imu,1.0,structured_dropout_30|imu
fault_triggered_router,53,44,structured_dropout_30,imu,1.0,structured_dropout_30|imu
fault_triggered_router,53,53,structured_dropout_30,imu,1.0,structured_dropout_30|imu
fault_triggered_router,53,4,structured_dropout_30,fp,1.0,structured_dropout_30|fp
fault_triggered_router,53,5,structured_dropout_30,fp,1.0,structured_dropout_30|fp
fault_triggered_router,53,6,structured_dropout_30,fp,1.0,structured_dropout_30|fp
fault_triggered_router,53,9,structured_dropout_30,fp,1.0,structured_dropout_30|fp
fault_triggered_router,53,17,structured_dropout_30,fp,0.5555555555555555,structured_dropout_30|fp
fault_triggered_router,53,18,structured_dropout_30,fp,1.0,structured_dropout_30|fp
fault_triggered_router,53,32,structured_dropout_30,fp,0.6666666666666666,structured_dropout_30|fp
fault_triggered_router,53,33,structured_dropout_30,fp,1.0,structured_dropout_30|fp
fault_triggered_router,53,35,structured_dropout_30,fp,1.0,structured_dropout_30|fp
fault_triggered_router,53,44,structured_dropout_30,fp,1.0,structured_dropout_30|fp
fault_triggered_router,53,53,structured_dropout_30,fp,1.0,structured_dropout_30|fp
fault_triggered_router,53,4,structured_dropout_30,eeg+emg+imu+fp,1.0,structured_dropout_30|eeg+emg+imu+fp
fault_triggered_router,53,5,structured_dropout_30,eeg+emg+imu+fp,1.0,structured_dropout_30|eeg+emg+imu+fp
fault_triggered_router,53,6,structured_dropout_30,eeg+emg+imu+fp,0.2222222222222222,structured_dropout_30|eeg+emg+imu+fp
fault_triggered_router,53,9,structured_dropout_30,eeg+emg+imu+fp,1.0,structured_dropout_30|eeg+emg+imu+fp
fault_triggered_router,53,17,structured_dropout_30,eeg+emg+imu+fp,0.2222222222222222,structured_dropout_30|eeg+emg+imu+fp
fault_triggered_router,53,18,structured_dropout_30,eeg+emg+imu+fp,1.0,structured_dropout_30|eeg+emg+imu+fp
fault_triggered_router,53,32,structured_dropout_30,eeg+emg+imu+fp,0.6666666666666666,structured_dropout_30|eeg+emg+imu+fp
fault_triggered_router,53,33,structured_dropout_30,eeg+emg+imu+fp,1.0,structured_dropout_30|eeg+emg+imu+fp
fault_triggered_router,53,35,structured_dropout_30,eeg+emg+imu+fp,1.0,structured_dropout_30|eeg+emg+imu+fp
fault_triggered_router,53,44,structured_dropout_30,eeg+emg+imu+fp,1.0,structured_dropout_30|eeg+emg+imu+fp
fault_triggered_router,53,53,structured_dropout_30,eeg+emg+imu+fp,1.0,structured_dropout_30|eeg+emg+imu+fp
fault_triggered_router,53,4,packet_loss_30,eeg,1.0,packet_loss_30|eeg
fault_triggered_router,53,5,packet_loss_30,eeg,1.0,packet_loss_30|eeg
fault_triggered_router,53,6,packet_loss_30,eeg,1.0,packet_loss_30|eeg
fault_triggered_router,53,9,packet_loss_30,eeg,1.0,packet_loss_30|eeg
fault_triggered_router,53,17,packet_loss_30,eeg,1.0,packet_loss_30|eeg
fault_triggered_router,53,18,packet_loss_30,eeg,1.0,packet_loss_30|eeg
fault_triggered_router,53,32,packet_loss_30,eeg,0.6666666666666666,packet_loss_30|eeg
fault_triggered_router,53,33,packet_loss_30,eeg,1.0,packet_loss_30|eeg
fault_triggered_router,53,35,packet_loss_30,eeg,1.0,packet_loss_30|eeg
fault_triggered_router,53,44,packet_loss_30,eeg,1.0,packet_loss_30|eeg
fault_triggered_router,53,53,packet_loss_30,eeg,1.0,packet_loss_30|eeg
fault_triggered_router,53,4,packet_loss_30,emg,1.0,packet_loss_30|emg
fault_triggered_router,53,5,packet_loss_30,emg,1.0,packet_loss_30|emg
fault_triggered_router,53,6,packet_loss_30,emg,1.0,packet_loss_30|emg
fault_triggered_router,53,9,packet_loss_30,emg,1.0,packet_loss_30|emg
fault_triggered_router,53,17,packet_loss_30,emg,1.0,packet_loss_30|emg
fault_triggered_router,53,18,packet_loss_30,emg,1.0,packet_loss_30|emg
fault_triggered_router,53,32,packet_loss_30,emg,0.6666666666666666,packet_loss_30|emg
fault_triggered_router,53,33,packet_loss_30,emg,1.0,packet_loss_30|emg
fault_triggered_router,53,35,packet_loss_30,emg,1.0,packet_loss_30|emg
fault_triggered_router,53,44,packet_loss_30,emg,1.0,packet_loss_30|emg
fault_triggered_router,53,53,packet_loss_30,emg,1.0,packet_loss_30|emg
fault_triggered_router,53,4,packet_loss_30,imu,1.0,packet_loss_30|imu
fault_triggered_router,53,5,packet_loss_30,imu,1.0,packet_loss_30|imu
fault_triggered_router,53,6,packet_loss_30,imu,0.5555555555555555,packet_loss_30|imu
fault_triggered_router,53,9,packet_loss_30,imu,1.0,packet_loss_30|imu
fault_triggered_router,53,17,packet_loss_30,imu,0.5555555555555555,packet_loss_30|imu
fault_triggered_router,53,18,packet_loss_30,imu,1.0,packet_loss_30|imu
fault_triggered_router,53,32,packet_loss_30,imu,0.6666666666666666,packet_loss_30|imu
fault_triggered_router,53,33,packet_loss_30,imu,1.0,packet_loss_30|imu
fault_triggered_router,53,35,packet_loss_30,imu,1.0,packet_loss_30|imu
fault_triggered_router,53,44,packet_loss_30,imu,1.0,packet_loss_30|imu
fault_triggered_router,53,53,packet_loss_30,imu,1.0,packet_loss_30|imu
fault_triggered_router,53,4,packet_loss_30,fp,1.0,packet_loss_30|fp
fault_triggered_router,53,5,packet_loss_30,fp,1.0,packet_loss_30|fp
fault_triggered_router,53,6,packet_loss_30,fp,1.0,packet_loss_30|fp
fault_triggered_router,53,9,packet_loss_30,fp,1.0,packet_loss_30|fp
fault_triggered_router,53,17,packet_loss_30,fp,1.0,packet_loss_30|fp
fault_triggered_router,53,18,packet_loss_30,fp,1.0,packet_loss_30|fp
fault_triggered_router,53,32,packet_loss_30,fp,0.6666666666666666,packet_loss_30|fp
fault_triggered_router,53,33,packet_loss_30,fp,1.0,packet_loss_30|fp
fault_triggered_router,53,35,packet_loss_30,fp,1.0,packet_loss_30|fp
fault_triggered_router,53,44,packet_loss_30,fp,1.0,packet_loss_30|fp
fault_triggered_router,53,53,packet_loss_30,fp,1.0,packet_loss_30|fp
fault_triggered_router,53,4,packet_loss_30,eeg+emg+imu+fp,1.0,packet_loss_30|eeg+emg+imu+fp
fault_triggered_router,53,5,packet_loss_30,eeg+emg+imu+fp,1.0,packet_loss_30|eeg+emg+imu+fp
fault_triggered_router,53,6,packet_loss_30,eeg+emg+imu+fp,0.5555555555555555,packet_loss_30|eeg+emg+imu+fp
fault_triggered_router,53,9,packet_loss_30,eeg+emg+imu+fp,1.0,packet_loss_30|eeg+emg+imu+fp
fault_triggered_router,53,17,packet_loss_30,eeg+emg+imu+fp,0.2222222222222222,packet_loss_30|eeg+emg+imu+fp
fault_triggered_router,53,18,packet_loss_30,eeg+emg+imu+fp,0.5555555555555555,packet_loss_30|eeg+emg+imu+fp
fault_triggered_router,53,32,packet_loss_30,eeg+emg+imu+fp,0.6666666666666666,packet_loss_30|eeg+emg+imu+fp
fault_triggered_router,53,33,packet_loss_30,eeg+emg+imu+fp,1.0,packet_loss_30|eeg+emg+imu+fp
fault_triggered_router,53,35,packet_loss_30,eeg+emg+imu+fp,1.0,packet_loss_30|eeg+emg+imu+fp
fault_triggered_router,53,44,packet_loss_30,eeg+emg+imu+fp,1.0,packet_loss_30|eeg+emg+imu+fp
fault_triggered_router,53,53,packet_loss_30,eeg+emg+imu+fp,1.0,packet_loss_30|eeg+emg+imu+fp
fault_triggered_router,53,4,shift_250ms,eeg,1.0,shift_250ms|eeg
fault_triggered_router,53,5,shift_250ms,eeg,1.0,shift_250ms|eeg
fault_triggered_router,53,6,shift_250ms,eeg,1.0,shift_250ms|eeg
fault_triggered_router,53,9,shift_250ms,eeg,1.0,shift_250ms|eeg
fault_triggered_router,53,17,shift_250ms,eeg,1.0,shift_250ms|eeg
fault_triggered_router,53,18,shift_250ms,eeg,1.0,shift_250ms|eeg
fault_triggered_router,53,32,shift_250ms,eeg,0.6666666666666666,shift_250ms|eeg
fault_triggered_router,53,33,shift_250ms,eeg,1.0,shift_250ms|eeg
fault_triggered_router,53,35,shift_250ms,eeg,1.0,shift_250ms|eeg
fault_triggered_router,53,44,shift_250ms,eeg,1.0,shift_250ms|eeg
fault_triggered_router,53,53,shift_250ms,eeg,1.0,shift_250ms|eeg
fault_triggered_router,53,4,shift_250ms,emg,1.0,shift_250ms|emg
fault_triggered_router,53,5,shift_250ms,emg,1.0,shift_250ms|emg
fault_triggered_router,53,6,shift_250ms,emg,1.0,shift_250ms|emg
fault_triggered_router,53,9,shift_250ms,emg,1.0,shift_250ms|emg
fault_triggered_router,53,17,shift_250ms,emg,1.0,shift_250ms|emg
fault_triggered_router,53,18,shift_250ms,emg,1.0,shift_250ms|emg
fault_triggered_router,53,32,shift_250ms,emg,0.6666666666666666,shift_250ms|emg
fault_triggered_router,53,33,shift_250ms,emg,1.0,shift_250ms|emg
fault_triggered_router,53,35,shift_250ms,emg,1.0,shift_250ms|emg
fault_triggered_router,53,44,shift_250ms,emg,1.0,shift_250ms|emg
fault_triggered_router,53,53,shift_250ms,emg,1.0,shift_250ms|emg
fault_triggered_router,53,4,shift_250ms,imu,1.0,shift_250ms|imu
fault_triggered_router,53,5,shift_250ms,imu,1.0,shift_250ms|imu
fault_triggered_router,53,6,shift_250ms,imu,1.0,shift_250ms|imu
fault_triggered_router,53,9,shift_250ms,imu,1.0,shift_250ms|imu
fault_triggered_router,53,17,shift_250ms,imu,1.0,shift_250ms|imu
fault_triggered_router,53,18,shift_250ms,imu,1.0,shift_250ms|imu
fault_triggered_router,53,32,shift_250ms,imu,0.6666666666666666,shift_250ms|imu
fault_triggered_router,53,33,shift_250ms,imu,1.0,shift_250ms|imu
fault_triggered_router,53,35,shift_250ms,imu,1.0,shift_250ms|imu
fault_triggered_router,53,44,shift_250ms,imu,1.0,shift_250ms|imu
fault_triggered_router,53,53,shift_250ms,imu,1.0,shift_250ms|imu
fault_triggered_router,53,4,shift_250ms,fp,1.0,shift_250ms|fp
fault_triggered_router,53,5,shift_250ms,fp,1.0,shift_250ms|fp
fault_triggered_router,53,6,shift_250ms,fp,1.0,shift_250ms|fp
fault_triggered_router,53,9,shift_250ms,fp,1.0,shift_250ms|fp
fault_triggered_router,53,17,shift_250ms,fp,1.0,shift_250ms|fp
fault_triggered_router,53,18,shift_250ms,fp,1.0,shift_250ms|fp
fault_triggered_router,53,32,shift_250ms,fp,0.6666666666666666,shift_250ms|fp
fault_triggered_router,53,33,shift_250ms,fp,1.0,shift_250ms|fp
fault_triggered_router,53,35,shift_250ms,fp,1.0,shift_250ms|fp
fault_triggered_router,53,44,shift_250ms,fp,1.0,shift_250ms|fp
fault_triggered_router,53,53,shift_250ms,fp,1.0,shift_250ms|fp
fault_triggered_router,53,4,shift_250ms,eeg+emg+imu+fp,1.0,shift_250ms|eeg+emg+imu+fp
fault_triggered_router,53,5,shift_250ms,eeg+emg+imu+fp,1.0,shift_250ms|eeg+emg+imu+fp
fault_triggered_router,53,6,shift_250ms,eeg+emg+imu+fp,1.0,shift_250ms|eeg+emg+imu+fp
fault_triggered_router,53,9,shift_250ms,eeg+emg+imu+fp,1.0,shift_250ms|eeg+emg+imu+fp
fault_triggered_router,53,17,shift_250ms,eeg+emg+imu+fp,1.0,shift_250ms|eeg+emg+imu+fp
fault_triggered_router,53,18,shift_250ms,eeg+emg+imu+fp,1.0,shift_250ms|eeg+emg+imu+fp
fault_triggered_router,53,32,shift_250ms,eeg+emg+imu+fp,0.6666666666666666,shift_250ms|eeg+emg+imu+fp
fault_triggered_router,53,33,shift_250ms,eeg+emg+imu+fp,1.0,shift_250ms|eeg+emg+imu+fp
fault_triggered_router,53,35,shift_250ms,eeg+emg+imu+fp,1.0,shift_250ms|eeg+emg+imu+fp
fault_triggered_router,53,44,shift_250ms,eeg+emg+imu+fp,1.0,shift_250ms|eeg+emg+imu+fp
fault_triggered_router,53,53,shift_250ms,eeg+emg+imu+fp,1.0,shift_250ms|eeg+emg+imu+fp
fault_triggered_router,53,4,gain_1.5,eeg,1.0,gain_1.5|eeg
fault_triggered_router,53,5,gain_1.5,eeg,1.0,gain_1.5|eeg
fault_triggered_router,53,6,gain_1.5,eeg,1.0,gain_1.5|eeg
fault_triggered_router,53,9,gain_1.5,eeg,1.0,gain_1.5|eeg
fault_triggered_router,53,17,gain_1.5,eeg,1.0,gain_1.5|eeg
fault_triggered_router,53,18,gain_1.5,eeg,1.0,gain_1.5|eeg
fault_triggered_router,53,32,gain_1.5,eeg,0.6666666666666666,gain_1.5|eeg
fault_triggered_router,53,33,gain_1.5,eeg,1.0,gain_1.5|eeg
fault_triggered_router,53,35,gain_1.5,eeg,1.0,gain_1.5|eeg
fault_triggered_router,53,44,gain_1.5,eeg,1.0,gain_1.5|eeg
fault_triggered_router,53,53,gain_1.5,eeg,1.0,gain_1.5|eeg
fault_triggered_router,53,4,gain_1.5,emg,1.0,gain_1.5|emg
fault_triggered_router,53,5,gain_1.5,emg,1.0,gain_1.5|emg
fault_triggered_router,53,6,gain_1.5,emg,1.0,gain_1.5|emg
fault_triggered_router,53,9,gain_1.5,emg,1.0,gain_1.5|emg
fault_triggered_router,53,17,gain_1.5,emg,1.0,gain_1.5|emg
fault_triggered_router,53,18,gain_1.5,emg,1.0,gain_1.5|emg
fault_triggered_router,53,32,gain_1.5,emg,0.6666666666666666,gain_1.5|emg
fault_triggered_router,53,33,gain_1.5,emg,1.0,gain_1.5|emg
fault_triggered_router,53,35,gain_1.5,emg,1.0,gain_1.5|emg
fault_triggered_router,53,44,gain_1.5,emg,1.0,gain_1.5|emg
fault_triggered_router,53,53,gain_1.5,emg,1.0,gain_1.5|emg
fault_triggered_router,53,4,gain_1.5,imu,1.0,gain_1.5|imu
fault_triggered_router,53,5,gain_1.5,imu,0.2222222222222222,gain_1.5|imu
fault_triggered_router,53,6,gain_1.5,imu,1.0,gain_1.5|imu
fault_triggered_router,53,9,gain_1.5,imu,0.5555555555555555,gain_1.5|imu
fault_triggered_router,53,17,gain_1.5,imu,1.0,gain_1.5|imu
fault_triggered_router,53,18,gain_1.5,imu,1.0,gain_1.5|imu
fault_triggered_router,53,32,gain_1.5,imu,0.6666666666666666,gain_1.5|imu
fault_triggered_router,53,33,gain_1.5,imu,0.5555555555555555,gain_1.5|imu
fault_triggered_router,53,35,gain_1.5,imu,0.5555555555555555,gain_1.5|imu
fault_triggered_router,53,44,gain_1.5,imu,0.5555555555555555,gain_1.5|imu
fault_triggered_router,53,53,gain_1.5,imu,0.2222222222222222,gain_1.5|imu
fault_triggered_router,53,4,gain_1.5,fp,1.0,gain_1.5|fp
fault_triggered_router,53,5,gain_1.5,fp,1.0,gain_1.5|fp
fault_triggered_router,53,6,gain_1.5,fp,1.0,gain_1.5|fp
fault_triggered_router,53,9,gain_1.5,fp,1.0,gain_1.5|fp
fault_triggered_router,53,17,gain_1.5,fp,1.0,gain_1.5|fp
fault_triggered_router,53,18,gain_1.5,fp,1.0,gain_1.5|fp
fault_triggered_router,53,32,gain_1.5,fp,0.6666666666666666,gain_1.5|fp
fault_triggered_router,53,33,gain_1.5,fp,1.0,gain_1.5|fp
fault_triggered_router,53,35,gain_1.5,fp,1.0,gain_1.5|fp
fault_triggered_router,53,44,gain_1.5,fp,1.0,gain_1.5|fp
fault_triggered_router,53,53,gain_1.5,fp,1.0,gain_1.5|fp
fault_triggered_router,53,4,gain_1.5,eeg+emg+imu+fp,1.0,gain_1.5|eeg+emg+imu+fp
fault_triggered_router,53,5,gain_1.5,eeg+emg+imu+fp,0.2222222222222222,gain_1.5|eeg+emg+imu+fp
fault_triggered_router,53,6,gain_1.5,eeg+emg+imu+fp,0.5555555555555555,gain_1.5|eeg+emg+imu+fp
fault_triggered_router,53,9,gain_1.5,eeg+emg+imu+fp,0.2222222222222222,gain_1.5|eeg+emg+imu+fp
fault_triggered_router,53,17,gain_1.5,eeg+emg+imu+fp,1.0,gain_1.5|eeg+emg+imu+fp
fault_triggered_router,53,18,gain_1.5,eeg+emg+imu+fp,1.0,gain_1.5|eeg+emg+imu+fp
fault_triggered_router,53,32,gain_1.5,eeg+emg+imu+fp,0.0,gain_1.5|eeg+emg+imu+fp
fault_triggered_router,53,33,gain_1.5,eeg+emg+imu+fp,0.2222222222222222,gain_1.5|eeg+emg+imu+fp
fault_triggered_router,53,35,gain_1.5,eeg+emg+imu+fp,0.2222222222222222,gain_1.5|eeg+emg+imu+fp
fault_triggered_router,53,44,gain_1.5,eeg+emg+imu+fp,0.2222222222222222,gain_1.5|eeg+emg+imu+fp
fault_triggered_router,53,53,gain_1.5,eeg+emg+imu+fp,0.2222222222222222,gain_1.5|eeg+emg+imu+fp
fault_triggered_router,52,20,clean,none,1.0,clean|none
fault_triggered_router,52,22,clean,none,1.0,clean|none
fault_triggered_router,52,23,clean,none,1.0,clean|none
fault_triggered_router,52,28,clean,none,1.0,clean|none
fault_triggered_router,52,34,clean,none,1.0,clean|none
fault_triggered_router,52,41,clean,none,1.0,clean|none
fault_triggered_router,52,42,clean,none,1.0,clean|none
fault_triggered_router,52,45,clean,none,0.6666666666666666,clean|none
fault_triggered_router,52,51,clean,none,1.0,clean|none
fault_triggered_router,52,54,clean,none,1.0,clean|none
fault_triggered_router,52,56,clean,none,1.0,clean|none
fault_triggered_router,52,20,noise_10db,eeg,1.0,noise_10db|eeg
fault_triggered_router,52,22,noise_10db,eeg,1.0,noise_10db|eeg
fault_triggered_router,52,23,noise_10db,eeg,1.0,noise_10db|eeg
fault_triggered_router,52,28,noise_10db,eeg,1.0,noise_10db|eeg
fault_triggered_router,52,34,noise_10db,eeg,1.0,noise_10db|eeg
fault_triggered_router,52,41,noise_10db,eeg,1.0,noise_10db|eeg
fault_triggered_router,52,42,noise_10db,eeg,1.0,noise_10db|eeg
fault_triggered_router,52,45,noise_10db,eeg,0.6666666666666666,noise_10db|eeg
fault_triggered_router,52,51,noise_10db,eeg,1.0,noise_10db|eeg
fault_triggered_router,52,54,noise_10db,eeg,1.0,noise_10db|eeg
fault_triggered_router,52,56,noise_10db,eeg,1.0,noise_10db|eeg
fault_triggered_router,52,20,noise_10db,emg,1.0,noise_10db|emg
fault_triggered_router,52,22,noise_10db,emg,1.0,noise_10db|emg
fault_triggered_router,52,23,noise_10db,emg,1.0,noise_10db|emg
fault_triggered_router,52,28,noise_10db,emg,1.0,noise_10db|emg
fault_triggered_router,52,34,noise_10db,emg,1.0,noise_10db|emg
fault_triggered_router,52,41,noise_10db,emg,1.0,noise_10db|emg
fault_triggered_router,52,42,noise_10db,emg,1.0,noise_10db|emg
fault_triggered_router,52,45,noise_10db,emg,0.6666666666666666,noise_10db|emg
fault_triggered_router,52,51,noise_10db,emg,1.0,noise_10db|emg
fault_triggered_router,52,54,noise_10db,emg,1.0,noise_10db|emg
fault_triggered_router,52,56,noise_10db,emg,1.0,noise_10db|emg
fault_triggered_router,52,20,noise_10db,imu,1.0,noise_10db|imu
fault_triggered_router,52,22,noise_10db,imu,1.0,noise_10db|imu
fault_triggered_router,52,23,noise_10db,imu,1.0,noise_10db|imu
fault_triggered_router,52,28,noise_10db,imu,1.0,noise_10db|imu
fault_triggered_router,52,34,noise_10db,imu,1.0,noise_10db|imu
fault_triggered_router,52,41,noise_10db,imu,1.0,noise_10db|imu
fault_triggered_router,52,42,noise_10db,imu,1.0,noise_10db|imu
fault_triggered_router,52,45,noise_10db,imu,0.6666666666666666,noise_10db|imu
fault_triggered_router,52,51,noise_10db,imu,1.0,noise_10db|imu
fault_triggered_router,52,54,noise_10db,imu,1.0,noise_10db|imu
fault_triggered_router,52,56,noise_10db,imu,1.0,noise_10db|imu
fault_triggered_router,52,20,noise_10db,fp,1.0,noise_10db|fp
fault_triggered_router,52,22,noise_10db,fp,1.0,noise_10db|fp
fault_triggered_router,52,23,noise_10db,fp,1.0,noise_10db|fp
fault_triggered_router,52,28,noise_10db,fp,1.0,noise_10db|fp
fault_triggered_router,52,34,noise_10db,fp,1.0,noise_10db|fp
fault_triggered_router,52,41,noise_10db,fp,1.0,noise_10db|fp
fault_triggered_router,52,42,noise_10db,fp,1.0,noise_10db|fp
fault_triggered_router,52,45,noise_10db,fp,0.6666666666666666,noise_10db|fp
fault_triggered_router,52,51,noise_10db,fp,1.0,noise_10db|fp
fault_triggered_router,52,54,noise_10db,fp,1.0,noise_10db|fp
fault_triggered_router,52,56,noise_10db,fp,1.0,noise_10db|fp
fault_triggered_router,52,20,noise_10db,eeg+emg+imu+fp,1.0,noise_10db|eeg+emg+imu+fp
fault_triggered_router,52,22,noise_10db,eeg+emg+imu+fp,1.0,noise_10db|eeg+emg+imu+fp
fault_triggered_router,52,23,noise_10db,eeg+emg+imu+fp,1.0,noise_10db|eeg+emg+imu+fp
fault_triggered_router,52,28,noise_10db,eeg+emg+imu+fp,1.0,noise_10db|eeg+emg+imu+fp
fault_triggered_router,52,34,noise_10db,eeg+emg+imu+fp,1.0,noise_10db|eeg+emg+imu+fp
fault_triggered_router,52,41,noise_10db,eeg+emg+imu+fp,1.0,noise_10db|eeg+emg+imu+fp
fault_triggered_router,52,42,noise_10db,eeg+emg+imu+fp,1.0,noise_10db|eeg+emg+imu+fp
fault_triggered_router,52,45,noise_10db,eeg+emg+imu+fp,0.6666666666666666,noise_10db|eeg+emg+imu+fp
fault_triggered_router,52,51,noise_10db,eeg+emg+imu+fp,1.0,noise_10db|eeg+emg+imu+fp
fault_triggered_router,52,54,noise_10db,eeg+emg+imu+fp,1.0,noise_10db|eeg+emg+imu+fp
fault_triggered_router,52,56,noise_10db,eeg+emg+imu+fp,1.0,noise_10db|eeg+emg+imu+fp
fault_triggered_router,52,20,channel_dropout_30,eeg,1.0,channel_dropout_30|eeg
fault_triggered_router,52,22,channel_dropout_30,eeg,1.0,channel_dropout_30|eeg
fault_triggered_router,52,23,channel_dropout_30,eeg,1.0,channel_dropout_30|eeg
fault_triggered_router,52,28,channel_dropout_30,eeg,1.0,channel_dropout_30|eeg
fault_triggered_router,52,34,channel_dropout_30,eeg,1.0,channel_dropout_30|eeg
fault_triggered_router,52,41,channel_dropout_30,eeg,1.0,channel_dropout_30|eeg
fault_triggered_router,52,42,channel_dropout_30,eeg,1.0,channel_dropout_30|eeg
fault_triggered_router,52,45,channel_dropout_30,eeg,0.6666666666666666,channel_dropout_30|eeg
fault_triggered_router,52,51,channel_dropout_30,eeg,1.0,channel_dropout_30|eeg
fault_triggered_router,52,54,channel_dropout_30,eeg,1.0,channel_dropout_30|eeg
fault_triggered_router,52,56,channel_dropout_30,eeg,1.0,channel_dropout_30|eeg
fault_triggered_router,52,20,channel_dropout_30,emg,1.0,channel_dropout_30|emg
fault_triggered_router,52,22,channel_dropout_30,emg,1.0,channel_dropout_30|emg
fault_triggered_router,52,23,channel_dropout_30,emg,1.0,channel_dropout_30|emg
fault_triggered_router,52,28,channel_dropout_30,emg,1.0,channel_dropout_30|emg
fault_triggered_router,52,34,channel_dropout_30,emg,1.0,channel_dropout_30|emg
fault_triggered_router,52,41,channel_dropout_30,emg,1.0,channel_dropout_30|emg
fault_triggered_router,52,42,channel_dropout_30,emg,1.0,channel_dropout_30|emg
fault_triggered_router,52,45,channel_dropout_30,emg,0.6666666666666666,channel_dropout_30|emg
fault_triggered_router,52,51,channel_dropout_30,emg,1.0,channel_dropout_30|emg
fault_triggered_router,52,54,channel_dropout_30,emg,1.0,channel_dropout_30|emg
fault_triggered_router,52,56,channel_dropout_30,emg,1.0,channel_dropout_30|emg
fault_triggered_router,52,20,channel_dropout_30,imu,1.0,channel_dropout_30|imu
fault_triggered_router,52,22,channel_dropout_30,imu,1.0,channel_dropout_30|imu
fault_triggered_router,52,23,channel_dropout_30,imu,1.0,channel_dropout_30|imu
fault_triggered_router,52,28,channel_dropout_30,imu,1.0,channel_dropout_30|imu
fault_triggered_router,52,34,channel_dropout_30,imu,1.0,channel_dropout_30|imu
fault_triggered_router,52,41,channel_dropout_30,imu,1.0,channel_dropout_30|imu
fault_triggered_router,52,42,channel_dropout_30,imu,0.2222222222222222,channel_dropout_30|imu
fault_triggered_router,52,45,channel_dropout_30,imu,0.6666666666666666,channel_dropout_30|imu
fault_triggered_router,52,51,channel_dropout_30,imu,1.0,channel_dropout_30|imu
fault_triggered_router,52,54,channel_dropout_30,imu,1.0,channel_dropout_30|imu
fault_triggered_router,52,56,channel_dropout_30,imu,0.5555555555555555,channel_dropout_30|imu
fault_triggered_router,52,20,channel_dropout_30,fp,1.0,channel_dropout_30|fp
fault_triggered_router,52,22,channel_dropout_30,fp,1.0,channel_dropout_30|fp
fault_triggered_router,52,23,channel_dropout_30,fp,1.0,channel_dropout_30|fp
fault_triggered_router,52,28,channel_dropout_30,fp,1.0,channel_dropout_30|fp
fault_triggered_router,52,34,channel_dropout_30,fp,1.0,channel_dropout_30|fp
fault_triggered_router,52,41,channel_dropout_30,fp,1.0,channel_dropout_30|fp
fault_triggered_router,52,42,channel_dropout_30,fp,0.5555555555555555,channel_dropout_30|fp
fault_triggered_router,52,45,channel_dropout_30,fp,0.6666666666666666,channel_dropout_30|fp
fault_triggered_router,52,51,channel_dropout_30,fp,1.0,channel_dropout_30|fp
fault_triggered_router,52,54,channel_dropout_30,fp,0.5555555555555555,channel_dropout_30|fp
fault_triggered_router,52,56,channel_dropout_30,fp,0.5555555555555555,channel_dropout_30|fp
fault_triggered_router,52,20,channel_dropout_30,eeg+emg+imu+fp,0.5555555555555555,channel_dropout_30|eeg+emg+imu+fp
fault_triggered_router,52,22,channel_dropout_30,eeg+emg+imu+fp,1.0,channel_dropout_30|eeg+emg+imu+fp
fault_triggered_router,52,23,channel_dropout_30,eeg+emg+imu+fp,1.0,channel_dropout_30|eeg+emg+imu+fp
fault_triggered_router,52,28,channel_dropout_30,eeg+emg+imu+fp,1.0,channel_dropout_30|eeg+emg+imu+fp
fault_triggered_router,52,34,channel_dropout_30,eeg+emg+imu+fp,1.0,channel_dropout_30|eeg+emg+imu+fp
fault_triggered_router,52,41,channel_dropout_30,eeg+emg+imu+fp,1.0,channel_dropout_30|eeg+emg+imu+fp
fault_triggered_router,52,42,channel_dropout_30,eeg+emg+imu+fp,1.0,channel_dropout_30|eeg+emg+imu+fp
fault_triggered_router,52,45,channel_dropout_30,eeg+emg+imu+fp,0.2222222222222222,channel_dropout_30|eeg+emg+imu+fp
fault_triggered_router,52,51,channel_dropout_30,eeg+emg+imu+fp,0.2222222222222222,channel_dropout_30|eeg+emg+imu+fp
fault_triggered_router,52,54,channel_dropout_30,eeg+emg+imu+fp,1.0,channel_dropout_30|eeg+emg+imu+fp
fault_triggered_router,52,56,channel_dropout_30,eeg+emg+imu+fp,0.5555555555555555,channel_dropout_30|eeg+emg+imu+fp
fault_triggered_router,52,20,structured_dropout_30,eeg,1.0,structured_dropout_30|eeg
fault_triggered_router,52,22,structured_dropout_30,eeg,1.0,structured_dropout_30|eeg
fault_triggered_router,52,23,structured_dropout_30,eeg,1.0,structured_dropout_30|eeg
fault_triggered_router,52,28,structured_dropout_30,eeg,1.0,structured_dropout_30|eeg
fault_triggered_router,52,34,structured_dropout_30,eeg,1.0,structured_dropout_30|eeg
fault_triggered_router,52,41,structured_dropout_30,eeg,1.0,structured_dropout_30|eeg
fault_triggered_router,52,42,structured_dropout_30,eeg,1.0,structured_dropout_30|eeg
fault_triggered_router,52,45,structured_dropout_30,eeg,0.6666666666666666,structured_dropout_30|eeg
fault_triggered_router,52,51,structured_dropout_30,eeg,1.0,structured_dropout_30|eeg
fault_triggered_router,52,54,structured_dropout_30,eeg,1.0,structured_dropout_30|eeg
fault_triggered_router,52,56,structured_dropout_30,eeg,1.0,structured_dropout_30|eeg
fault_triggered_router,52,20,structured_dropout_30,emg,1.0,structured_dropout_30|emg
fault_triggered_router,52,22,structured_dropout_30,emg,1.0,structured_dropout_30|emg
fault_triggered_router,52,23,structured_dropout_30,emg,1.0,structured_dropout_30|emg
fault_triggered_router,52,28,structured_dropout_30,emg,1.0,structured_dropout_30|emg
fault_triggered_router,52,34,structured_dropout_30,emg,1.0,structured_dropout_30|emg
fault_triggered_router,52,41,structured_dropout_30,emg,1.0,structured_dropout_30|emg
fault_triggered_router,52,42,structured_dropout_30,emg,1.0,structured_dropout_30|emg
fault_triggered_router,52,45,structured_dropout_30,emg,0.6666666666666666,structured_dropout_30|emg
fault_triggered_router,52,51,structured_dropout_30,emg,1.0,structured_dropout_30|emg
fault_triggered_router,52,54,structured_dropout_30,emg,1.0,structured_dropout_30|emg
fault_triggered_router,52,56,structured_dropout_30,emg,1.0,structured_dropout_30|emg
fault_triggered_router,52,20,structured_dropout_30,imu,1.0,structured_dropout_30|imu
fault_triggered_router,52,22,structured_dropout_30,imu,1.0,structured_dropout_30|imu
fault_triggered_router,52,23,structured_dropout_30,imu,1.0,structured_dropout_30|imu
fault_triggered_router,52,28,structured_dropout_30,imu,1.0,structured_dropout_30|imu
fault_triggered_router,52,34,structured_dropout_30,imu,1.0,structured_dropout_30|imu
fault_triggered_router,52,41,structured_dropout_30,imu,1.0,structured_dropout_30|imu
fault_triggered_router,52,42,structured_dropout_30,imu,0.2222222222222222,structured_dropout_30|imu
fault_triggered_router,52,45,structured_dropout_30,imu,0.6666666666666666,structured_dropout_30|imu
fault_triggered_router,52,51,structured_dropout_30,imu,1.0,structured_dropout_30|imu
fault_triggered_router,52,54,structured_dropout_30,imu,1.0,structured_dropout_30|imu
fault_triggered_router,52,56,structured_dropout_30,imu,1.0,structured_dropout_30|imu
fault_triggered_router,52,20,structured_dropout_30,fp,1.0,structured_dropout_30|fp
fault_triggered_router,52,22,structured_dropout_30,fp,1.0,structured_dropout_30|fp
fault_triggered_router,52,23,structured_dropout_30,fp,1.0,structured_dropout_30|fp
fault_triggered_router,52,28,structured_dropout_30,fp,1.0,structured_dropout_30|fp
fault_triggered_router,52,34,structured_dropout_30,fp,1.0,structured_dropout_30|fp
fault_triggered_router,52,41,structured_dropout_30,fp,1.0,structured_dropout_30|fp
fault_triggered_router,52,42,structured_dropout_30,fp,1.0,structured_dropout_30|fp
fault_triggered_router,52,45,structured_dropout_30,fp,0.6666666666666666,structured_dropout_30|fp
fault_triggered_router,52,51,structured_dropout_30,fp,1.0,structured_dropout_30|fp
fault_triggered_router,52,54,structured_dropout_30,fp,1.0,structured_dropout_30|fp
fault_triggered_router,52,56,structured_dropout_30,fp,1.0,structured_dropout_30|fp
fault_triggered_router,52,20,structured_dropout_30,eeg+emg+imu+fp,0.5555555555555555,structured_dropout_30|eeg+emg+imu+fp
fault_triggered_router,52,22,structured_dropout_30,eeg+emg+imu+fp,1.0,structured_dropout_30|eeg+emg+imu+fp
fault_triggered_router,52,23,structured_dropout_30,eeg+emg+imu+fp,1.0,structured_dropout_30|eeg+emg+imu+fp
fault_triggered_router,52,28,structured_dropout_30,eeg+emg+imu+fp,1.0,structured_dropout_30|eeg+emg+imu+fp
fault_triggered_router,52,34,structured_dropout_30,eeg+emg+imu+fp,1.0,structured_dropout_30|eeg+emg+imu+fp
fault_triggered_router,52,41,structured_dropout_30,eeg+emg+imu+fp,0.2222222222222222,structured_dropout_30|eeg+emg+imu+fp
fault_triggered_router,52,42,structured_dropout_30,eeg+emg+imu+fp,0.2222222222222222,structured_dropout_30|eeg+emg+imu+fp
fault_triggered_router,52,45,structured_dropout_30,eeg+emg+imu+fp,0.6666666666666666,structured_dropout_30|eeg+emg+imu+fp
fault_triggered_router,52,51,structured_dropout_30,eeg+emg+imu+fp,0.2222222222222222,structured_dropout_30|eeg+emg+imu+fp
fault_triggered_router,52,54,structured_dropout_30,eeg+emg+imu+fp,1.0,structured_dropout_30|eeg+emg+imu+fp
fault_triggered_router,52,56,structured_dropout_30,eeg+emg+imu+fp,0.5555555555555555,structured_dropout_30|eeg+emg+imu+fp
fault_triggered_router,52,20,packet_loss_30,eeg,1.0,packet_loss_30|eeg
fault_triggered_router,52,22,packet_loss_30,eeg,1.0,packet_loss_30|eeg
fault_triggered_router,52,23,packet_loss_30,eeg,1.0,packet_loss_30|eeg
fault_triggered_router,52,28,packet_loss_30,eeg,1.0,packet_loss_30|eeg
fault_triggered_router,52,34,packet_loss_30,eeg,1.0,packet_loss_30|eeg
fault_triggered_router,52,41,packet_loss_30,eeg,1.0,packet_loss_30|eeg
fault_triggered_router,52,42,packet_loss_30,eeg,1.0,packet_loss_30|eeg
fault_triggered_router,52,45,packet_loss_30,eeg,0.6666666666666666,packet_loss_30|eeg
fault_triggered_router,52,51,packet_loss_30,eeg,1.0,packet_loss_30|eeg
fault_triggered_router,52,54,packet_loss_30,eeg,1.0,packet_loss_30|eeg
fault_triggered_router,52,56,packet_loss_30,eeg,1.0,packet_loss_30|eeg
fault_triggered_router,52,20,packet_loss_30,emg,1.0,packet_loss_30|emg
fault_triggered_router,52,22,packet_loss_30,emg,1.0,packet_loss_30|emg
fault_triggered_router,52,23,packet_loss_30,emg,1.0,packet_loss_30|emg
fault_triggered_router,52,28,packet_loss_30,emg,1.0,packet_loss_30|emg
fault_triggered_router,52,34,packet_loss_30,emg,1.0,packet_loss_30|emg
fault_triggered_router,52,41,packet_loss_30,emg,1.0,packet_loss_30|emg
fault_triggered_router,52,42,packet_loss_30,emg,1.0,packet_loss_30|emg
fault_triggered_router,52,45,packet_loss_30,emg,0.6666666666666666,packet_loss_30|emg
fault_triggered_router,52,51,packet_loss_30,emg,1.0,packet_loss_30|emg
fault_triggered_router,52,54,packet_loss_30,emg,1.0,packet_loss_30|emg
fault_triggered_router,52,56,packet_loss_30,emg,1.0,packet_loss_30|emg
fault_triggered_router,52,20,packet_loss_30,imu,1.0,packet_loss_30|imu
fault_triggered_router,52,22,packet_loss_30,imu,1.0,packet_loss_30|imu
fault_triggered_router,52,23,packet_loss_30,imu,1.0,packet_loss_30|imu
fault_triggered_router,52,28,packet_loss_30,imu,1.0,packet_loss_30|imu
fault_triggered_router,52,34,packet_loss_30,imu,1.0,packet_loss_30|imu
fault_triggered_router,52,41,packet_loss_30,imu,1.0,packet_loss_30|imu
fault_triggered_router,52,42,packet_loss_30,imu,1.0,packet_loss_30|imu
fault_triggered_router,52,45,packet_loss_30,imu,0.6666666666666666,packet_loss_30|imu
fault_triggered_router,52,51,packet_loss_30,imu,1.0,packet_loss_30|imu
fault_triggered_router,52,54,packet_loss_30,imu,1.0,packet_loss_30|imu
fault_triggered_router,52,56,packet_loss_30,imu,1.0,packet_loss_30|imu
fault_triggered_router,52,20,packet_loss_30,fp,1.0,packet_loss_30|fp
fault_triggered_router,52,22,packet_loss_30,fp,1.0,packet_loss_30|fp
fault_triggered_router,52,23,packet_loss_30,fp,1.0,packet_loss_30|fp
fault_triggered_router,52,28,packet_loss_30,fp,1.0,packet_loss_30|fp
fault_triggered_router,52,34,packet_loss_30,fp,1.0,packet_loss_30|fp
fault_triggered_router,52,41,packet_loss_30,fp,1.0,packet_loss_30|fp
fault_triggered_router,52,42,packet_loss_30,fp,1.0,packet_loss_30|fp
fault_triggered_router,52,45,packet_loss_30,fp,0.6666666666666666,packet_loss_30|fp
fault_triggered_router,52,51,packet_loss_30,fp,1.0,packet_loss_30|fp
fault_triggered_router,52,54,packet_loss_30,fp,1.0,packet_loss_30|fp
fault_triggered_router,52,56,packet_loss_30,fp,1.0,packet_loss_30|fp
fault_triggered_router,52,20,packet_loss_30,eeg+emg+imu+fp,1.0,packet_loss_30|eeg+emg+imu+fp
fault_triggered_router,52,22,packet_loss_30,eeg+emg+imu+fp,1.0,packet_loss_30|eeg+emg+imu+fp
fault_triggered_router,52,23,packet_loss_30,eeg+emg+imu+fp,1.0,packet_loss_30|eeg+emg+imu+fp
fault_triggered_router,52,28,packet_loss_30,eeg+emg+imu+fp,1.0,packet_loss_30|eeg+emg+imu+fp
fault_triggered_router,52,34,packet_loss_30,eeg+emg+imu+fp,1.0,packet_loss_30|eeg+emg+imu+fp
fault_triggered_router,52,41,packet_loss_30,eeg+emg+imu+fp,1.0,packet_loss_30|eeg+emg+imu+fp
fault_triggered_router,52,42,packet_loss_30,eeg+emg+imu+fp,0.5555555555555555,packet_loss_30|eeg+emg+imu+fp
fault_triggered_router,52,45,packet_loss_30,eeg+emg+imu+fp,0.6666666666666666,packet_loss_30|eeg+emg+imu+fp
fault_triggered_router,52,51,packet_loss_30,eeg+emg+imu+fp,1.0,packet_loss_30|eeg+emg+imu+fp
fault_triggered_router,52,54,packet_loss_30,eeg+emg+imu+fp,1.0,packet_loss_30|eeg+emg+imu+fp
fault_triggered_router,52,56,packet_loss_30,eeg+emg+imu+fp,1.0,packet_loss_30|eeg+emg+imu+fp
fault_triggered_router,52,20,shift_250ms,eeg,1.0,shift_250ms|eeg
fault_triggered_router,52,22,shift_250ms,eeg,1.0,shift_250ms|eeg
fault_triggered_router,52,23,shift_250ms,eeg,1.0,shift_250ms|eeg
fault_triggered_router,52,28,shift_250ms,eeg,1.0,shift_250ms|eeg
fault_triggered_router,52,34,shift_250ms,eeg,1.0,shift_250ms|eeg
fault_triggered_router,52,41,shift_250ms,eeg,1.0,shift_250ms|eeg
fault_triggered_router,52,42,shift_250ms,eeg,1.0,shift_250ms|eeg
fault_triggered_router,52,45,shift_250ms,eeg,0.6666666666666666,shift_250ms|eeg
fault_triggered_router,52,51,shift_250ms,eeg,1.0,shift_250ms|eeg
fault_triggered_router,52,54,shift_250ms,eeg,1.0,shift_250ms|eeg
fault_triggered_router,52,56,shift_250ms,eeg,1.0,shift_250ms|eeg
fault_triggered_router,52,20,shift_250ms,emg,1.0,shift_250ms|emg
fault_triggered_router,52,22,shift_250ms,emg,1.0,shift_250ms|emg
fault_triggered_router,52,23,shift_250ms,emg,1.0,shift_250ms|emg
fault_triggered_router,52,28,shift_250ms,emg,1.0,shift_250ms|emg
fault_triggered_router,52,34,shift_250ms,emg,1.0,shift_250ms|emg
fault_triggered_router,52,41,shift_250ms,emg,1.0,shift_250ms|emg
fault_triggered_router,52,42,shift_250ms,emg,1.0,shift_250ms|emg
fault_triggered_router,52,45,shift_250ms,emg,0.6666666666666666,shift_250ms|emg
fault_triggered_router,52,51,shift_250ms,emg,1.0,shift_250ms|emg
fault_triggered_router,52,54,shift_250ms,emg,1.0,shift_250ms|emg
fault_triggered_router,52,56,shift_250ms,emg,1.0,shift_250ms|emg
fault_triggered_router,52,20,shift_250ms,imu,1.0,shift_250ms|imu
fault_triggered_router,52,22,shift_250ms,imu,1.0,shift_250ms|imu
fault_triggered_router,52,23,shift_250ms,imu,1.0,shift_250ms|imu
fault_triggered_router,52,28,shift_250ms,imu,1.0,shift_250ms|imu
fault_triggered_router,52,34,shift_250ms,imu,1.0,shift_250ms|imu
fault_triggered_router,52,41,shift_250ms,imu,1.0,shift_250ms|imu
fault_triggered_router,52,42,shift_250ms,imu,1.0,shift_250ms|imu
fault_triggered_router,52,45,shift_250ms,imu,0.6666666666666666,shift_250ms|imu
fault_triggered_router,52,51,shift_250ms,imu,1.0,shift_250ms|imu
fault_triggered_router,52,54,shift_250ms,imu,1.0,shift_250ms|imu
fault_triggered_router,52,56,shift_250ms,imu,1.0,shift_250ms|imu
fault_triggered_router,52,20,shift_250ms,fp,1.0,shift_250ms|fp
fault_triggered_router,52,22,shift_250ms,fp,1.0,shift_250ms|fp
fault_triggered_router,52,23,shift_250ms,fp,1.0,shift_250ms|fp
fault_triggered_router,52,28,shift_250ms,fp,1.0,shift_250ms|fp
fault_triggered_router,52,34,shift_250ms,fp,1.0,shift_250ms|fp
fault_triggered_router,52,41,shift_250ms,fp,1.0,shift_250ms|fp
fault_triggered_router,52,42,shift_250ms,fp,1.0,shift_250ms|fp
fault_triggered_router,52,45,shift_250ms,fp,0.6666666666666666,shift_250ms|fp
fault_triggered_router,52,51,shift_250ms,fp,1.0,shift_250ms|fp
fault_triggered_router,52,54,shift_250ms,fp,1.0,shift_250ms|fp
fault_triggered_router,52,56,shift_250ms,fp,1.0,shift_250ms|fp
fault_triggered_router,52,20,shift_250ms,eeg+emg+imu+fp,1.0,shift_250ms|eeg+emg+imu+fp
fault_triggered_router,52,22,shift_250ms,eeg+emg+imu+fp,1.0,shift_250ms|eeg+emg+imu+fp
fault_triggered_router,52,23,shift_250ms,eeg+emg+imu+fp,1.0,shift_250ms|eeg+emg+imu+fp
fault_triggered_router,52,28,shift_250ms,eeg+emg+imu+fp,1.0,shift_250ms|eeg+emg+imu+fp
fault_triggered_router,52,34,shift_250ms,eeg+emg+imu+fp,1.0,shift_250ms|eeg+emg+imu+fp
fault_triggered_router,52,41,shift_250ms,eeg+emg+imu+fp,1.0,shift_250ms|eeg+emg+imu+fp
fault_triggered_router,52,42,shift_250ms,eeg+emg+imu+fp,1.0,shift_250ms|eeg+emg+imu+fp
fault_triggered_router,52,45,shift_250ms,eeg+emg+imu+fp,0.6666666666666666,shift_250ms|eeg+emg+imu+fp
fault_triggered_router,52,51,shift_250ms,eeg+emg+imu+fp,1.0,shift_250ms|eeg+emg+imu+fp
fault_triggered_router,52,54,shift_250ms,eeg+emg+imu+fp,1.0,shift_250ms|eeg+emg+imu+fp
fault_triggered_router,52,56,shift_250ms,eeg+emg+imu+fp,1.0,shift_250ms|eeg+emg+imu+fp
fault_triggered_router,52,20,gain_1.5,eeg,1.0,gain_1.5|eeg
fault_triggered_router,52,22,gain_1.5,eeg,1.0,gain_1.5|eeg
fault_triggered_router,52,23,gain_1.5,eeg,1.0,gain_1.5|eeg
fault_triggered_router,52,28,gain_1.5,eeg,1.0,gain_1.5|eeg
fault_triggered_router,52,34,gain_1.5,eeg,1.0,gain_1.5|eeg
fault_triggered_router,52,41,gain_1.5,eeg,1.0,gain_1.5|eeg
fault_triggered_router,52,42,gain_1.5,eeg,1.0,gain_1.5|eeg
fault_triggered_router,52,45,gain_1.5,eeg,0.6666666666666666,gain_1.5|eeg
fault_triggered_router,52,51,gain_1.5,eeg,1.0,gain_1.5|eeg
fault_triggered_router,52,54,gain_1.5,eeg,1.0,gain_1.5|eeg
fault_triggered_router,52,56,gain_1.5,eeg,1.0,gain_1.5|eeg
fault_triggered_router,52,20,gain_1.5,emg,1.0,gain_1.5|emg
fault_triggered_router,52,22,gain_1.5,emg,1.0,gain_1.5|emg
fault_triggered_router,52,23,gain_1.5,emg,1.0,gain_1.5|emg
fault_triggered_router,52,28,gain_1.5,emg,1.0,gain_1.5|emg
fault_triggered_router,52,34,gain_1.5,emg,1.0,gain_1.5|emg
fault_triggered_router,52,41,gain_1.5,emg,1.0,gain_1.5|emg
fault_triggered_router,52,42,gain_1.5,emg,1.0,gain_1.5|emg
fault_triggered_router,52,45,gain_1.5,emg,0.6666666666666666,gain_1.5|emg
fault_triggered_router,52,51,gain_1.5,emg,1.0,gain_1.5|emg
fault_triggered_router,52,54,gain_1.5,emg,1.0,gain_1.5|emg
fault_triggered_router,52,56,gain_1.5,emg,1.0,gain_1.5|emg
fault_triggered_router,52,20,gain_1.5,imu,0.5555555555555555,gain_1.5|imu
fault_triggered_router,52,22,gain_1.5,imu,0.5555555555555555,gain_1.5|imu
fault_triggered_router,52,23,gain_1.5,imu,0.5555555555555555,gain_1.5|imu
fault_triggered_router,52,28,gain_1.5,imu,0.5555555555555555,gain_1.5|imu
fault_triggered_router,52,34,gain_1.5,imu,1.0,gain_1.5|imu
fault_triggered_router,52,41,gain_1.5,imu,0.5555555555555555,gain_1.5|imu
fault_triggered_router,52,42,gain_1.5,imu,1.0,gain_1.5|imu
fault_triggered_router,52,45,gain_1.5,imu,0.3333333333333333,gain_1.5|imu
fault_triggered_router,52,51,gain_1.5,imu,0.5555555555555555,gain_1.5|imu
fault_triggered_router,52,54,gain_1.5,imu,0.5555555555555555,gain_1.5|imu
fault_triggered_router,52,56,gain_1.5,imu,1.0,gain_1.5|imu
fault_triggered_router,52,20,gain_1.5,fp,1.0,gain_1.5|fp
fault_triggered_router,52,22,gain_1.5,fp,1.0,gain_1.5|fp
fault_triggered_router,52,23,gain_1.5,fp,1.0,gain_1.5|fp
fault_triggered_router,52,28,gain_1.5,fp,1.0,gain_1.5|fp
fault_triggered_router,52,34,gain_1.5,fp,1.0,gain_1.5|fp
fault_triggered_router,52,41,gain_1.5,fp,1.0,gain_1.5|fp
fault_triggered_router,52,42,gain_1.5,fp,1.0,gain_1.5|fp
fault_triggered_router,52,45,gain_1.5,fp,0.6666666666666666,gain_1.5|fp
fault_triggered_router,52,51,gain_1.5,fp,1.0,gain_1.5|fp
fault_triggered_router,52,54,gain_1.5,fp,1.0,gain_1.5|fp
fault_triggered_router,52,56,gain_1.5,fp,1.0,gain_1.5|fp
fault_triggered_router,52,20,gain_1.5,eeg+emg+imu+fp,0.2222222222222222,gain_1.5|eeg+emg+imu+fp
fault_triggered_router,52,22,gain_1.5,eeg+emg+imu+fp,0.2222222222222222,gain_1.5|eeg+emg+imu+fp
fault_triggered_router,52,23,gain_1.5,eeg+emg+imu+fp,0.5555555555555555,gain_1.5|eeg+emg+imu+fp
fault_triggered_router,52,28,gain_1.5,eeg+emg+imu+fp,0.2222222222222222,gain_1.5|eeg+emg+imu+fp
fault_triggered_router,52,34,gain_1.5,eeg+emg+imu+fp,0.5555555555555555,gain_1.5|eeg+emg+imu+fp
fault_triggered_router,52,41,gain_1.5,eeg+emg+imu+fp,0.5555555555555555,gain_1.5|eeg+emg+imu+fp
fault_triggered_router,52,42,gain_1.5,eeg+emg+imu+fp,1.0,gain_1.5|eeg+emg+imu+fp
fault_triggered_router,52,45,gain_1.5,eeg+emg+imu+fp,0.3333333333333333,gain_1.5|eeg+emg+imu+fp
fault_triggered_router,52,51,gain_1.5,eeg+emg+imu+fp,0.5555555555555555,gain_1.5|eeg+emg+imu+fp
fault_triggered_router,52,54,gain_1.5,eeg+emg+imu+fp,0.5555555555555555,gain_1.5|eeg+emg+imu+fp
fault_triggered_router,52,56,gain_1.5,eeg+emg+imu+fp,1.0,gain_1.5|eeg+emg+imu+fp
fault_triggered_router,53,20,clean,none,1.0,clean|none
fault_triggered_router,53,22,clean,none,1.0,clean|none
fault_triggered_router,53,23,clean,none,1.0,clean|none
fault_triggered_router,53,28,clean,none,1.0,clean|none
fault_triggered_router,53,34,clean,none,1.0,clean|none
fault_triggered_router,53,41,clean,none,1.0,clean|none
fault_triggered_router,53,42,clean,none,1.0,clean|none
fault_triggered_router,53,45,clean,none,0.6666666666666666,clean|none
fault_triggered_router,53,51,clean,none,1.0,clean|none
fault_triggered_router,53,54,clean,none,1.0,clean|none
fault_triggered_router,53,56,clean,none,1.0,clean|none
fault_triggered_router,53,20,noise_10db,eeg,1.0,noise_10db|eeg
fault_triggered_router,53,22,noise_10db,eeg,1.0,noise_10db|eeg
fault_triggered_router,53,23,noise_10db,eeg,1.0,noise_10db|eeg
fault_triggered_router,53,28,noise_10db,eeg,1.0,noise_10db|eeg
fault_triggered_router,53,34,noise_10db,eeg,1.0,noise_10db|eeg
fault_triggered_router,53,41,noise_10db,eeg,1.0,noise_10db|eeg
fault_triggered_router,53,42,noise_10db,eeg,1.0,noise_10db|eeg
fault_triggered_router,53,45,noise_10db,eeg,0.6666666666666666,noise_10db|eeg
fault_triggered_router,53,51,noise_10db,eeg,1.0,noise_10db|eeg
fault_triggered_router,53,54,noise_10db,eeg,1.0,noise_10db|eeg
fault_triggered_router,53,56,noise_10db,eeg,1.0,noise_10db|eeg
fault_triggered_router,53,20,noise_10db,emg,1.0,noise_10db|emg
fault_triggered_router,53,22,noise_10db,emg,1.0,noise_10db|emg
fault_triggered_router,53,23,noise_10db,emg,1.0,noise_10db|emg
fault_triggered_router,53,28,noise_10db,emg,1.0,noise_10db|emg
fault_triggered_router,53,34,noise_10db,emg,1.0,noise_10db|emg
fault_triggered_router,53,41,noise_10db,emg,1.0,noise_10db|emg
fault_triggered_router,53,42,noise_10db,emg,1.0,noise_10db|emg
fault_triggered_router,53,45,noise_10db,emg,0.6666666666666666,noise_10db|emg
fault_triggered_router,53,51,noise_10db,emg,1.0,noise_10db|emg
fault_triggered_router,53,54,noise_10db,emg,1.0,noise_10db|emg
fault_triggered_router,53,56,noise_10db,emg,1.0,noise_10db|emg
fault_triggered_router,53,20,noise_10db,imu,1.0,noise_10db|imu
fault_triggered_router,53,22,noise_10db,imu,1.0,noise_10db|imu
fault_triggered_router,53,23,noise_10db,imu,1.0,noise_10db|imu
fault_triggered_router,53,28,noise_10db,imu,1.0,noise_10db|imu
fault_triggered_router,53,34,noise_10db,imu,1.0,noise_10db|imu
fault_triggered_router,53,41,noise_10db,imu,1.0,noise_10db|imu
fault_triggered_router,53,42,noise_10db,imu,1.0,noise_10db|imu
fault_triggered_router,53,45,noise_10db,imu,0.6666666666666666,noise_10db|imu
fault_triggered_router,53,51,noise_10db,imu,1.0,noise_10db|imu
fault_triggered_router,53,54,noise_10db,imu,1.0,noise_10db|imu
fault_triggered_router,53,56,noise_10db,imu,1.0,noise_10db|imu
fault_triggered_router,53,20,noise_10db,fp,1.0,noise_10db|fp
fault_triggered_router,53,22,noise_10db,fp,1.0,noise_10db|fp
fault_triggered_router,53,23,noise_10db,fp,1.0,noise_10db|fp
fault_triggered_router,53,28,noise_10db,fp,1.0,noise_10db|fp
fault_triggered_router,53,34,noise_10db,fp,1.0,noise_10db|fp
fault_triggered_router,53,41,noise_10db,fp,1.0,noise_10db|fp
fault_triggered_router,53,42,noise_10db,fp,1.0,noise_10db|fp
fault_triggered_router,53,45,noise_10db,fp,0.6666666666666666,noise_10db|fp
fault_triggered_router,53,51,noise_10db,fp,1.0,noise_10db|fp
fault_triggered_router,53,54,noise_10db,fp,1.0,noise_10db|fp
fault_triggered_router,53,56,noise_10db,fp,1.0,noise_10db|fp
fault_triggered_router,53,20,noise_10db,eeg+emg+imu+fp,1.0,noise_10db|eeg+emg+imu+fp
fault_triggered_router,53,22,noise_10db,eeg+emg+imu+fp,1.0,noise_10db|eeg+emg+imu+fp
fault_triggered_router,53,23,noise_10db,eeg+emg+imu+fp,1.0,noise_10db|eeg+emg+imu+fp
fault_triggered_router,53,28,noise_10db,eeg+emg+imu+fp,1.0,noise_10db|eeg+emg+imu+fp
fault_triggered_router,53,34,noise_10db,eeg+emg+imu+fp,1.0,noise_10db|eeg+emg+imu+fp
fault_triggered_router,53,41,noise_10db,eeg+emg+imu+fp,1.0,noise_10db|eeg+emg+imu+fp
fault_triggered_router,53,42,noise_10db,eeg+emg+imu+fp,1.0,noise_10db|eeg+emg+imu+fp
fault_triggered_router,53,45,noise_10db,eeg+emg+imu+fp,0.6666666666666666,noise_10db|eeg+emg+imu+fp
fault_triggered_router,53,51,noise_10db,eeg+emg+imu+fp,1.0,noise_10db|eeg+emg+imu+fp
fault_triggered_router,53,54,noise_10db,eeg+emg+imu+fp,1.0,noise_10db|eeg+emg+imu+fp
fault_triggered_router,53,56,noise_10db,eeg+emg+imu+fp,1.0,noise_10db|eeg+emg+imu+fp
fault_triggered_router,53,20,channel_dropout_30,eeg,1.0,channel_dropout_30|eeg
fault_triggered_router,53,22,channel_dropout_30,eeg,1.0,channel_dropout_30|eeg
fault_triggered_router,53,23,channel_dropout_30,eeg,1.0,channel_dropout_30|eeg
fault_triggered_router,53,28,channel_dropout_30,eeg,1.0,channel_dropout_30|eeg
fault_triggered_router,53,34,channel_dropout_30,eeg,1.0,channel_dropout_30|eeg
fault_triggered_router,53,41,channel_dropout_30,eeg,1.0,channel_dropout_30|eeg
fault_triggered_router,53,42,channel_dropout_30,eeg,1.0,channel_dropout_30|eeg
fault_triggered_router,53,45,channel_dropout_30,eeg,0.6666666666666666,channel_dropout_30|eeg
fault_triggered_router,53,51,channel_dropout_30,eeg,1.0,channel_dropout_30|eeg
fault_triggered_router,53,54,channel_dropout_30,eeg,1.0,channel_dropout_30|eeg
fault_triggered_router,53,56,channel_dropout_30,eeg,1.0,channel_dropout_30|eeg
fault_triggered_router,53,20,channel_dropout_30,emg,1.0,channel_dropout_30|emg
fault_triggered_router,53,22,channel_dropout_30,emg,1.0,channel_dropout_30|emg
fault_triggered_router,53,23,channel_dropout_30,emg,1.0,channel_dropout_30|emg
fault_triggered_router,53,28,channel_dropout_30,emg,1.0,channel_dropout_30|emg
fault_triggered_router,53,34,channel_dropout_30,emg,1.0,channel_dropout_30|emg
fault_triggered_router,53,41,channel_dropout_30,emg,1.0,channel_dropout_30|emg
fault_triggered_router,53,42,channel_dropout_30,emg,1.0,channel_dropout_30|emg
fault_triggered_router,53,45,channel_dropout_30,emg,0.6666666666666666,channel_dropout_30|emg
fault_triggered_router,53,51,channel_dropout_30,emg,1.0,channel_dropout_30|emg
fault_triggered_router,53,54,channel_dropout_30,emg,1.0,channel_dropout_30|emg
fault_triggered_router,53,56,channel_dropout_30,emg,1.0,channel_dropout_30|emg
fault_triggered_router,53,20,channel_dropout_30,imu,1.0,channel_dropout_30|imu
fault_triggered_router,53,22,channel_dropout_30,imu,1.0,channel_dropout_30|imu
fault_triggered_router,53,23,channel_dropout_30,imu,1.0,channel_dropout_30|imu
fault_triggered_router,53,28,channel_dropout_30,imu,1.0,channel_dropout_30|imu
fault_triggered_router,53,34,channel_dropout_30,imu,0.5555555555555555,channel_dropout_30|imu
fault_triggered_router,53,41,channel_dropout_30,imu,1.0,channel_dropout_30|imu
fault_triggered_router,53,42,channel_dropout_30,imu,0.5555555555555555,channel_dropout_30|imu
fault_triggered_router,53,45,channel_dropout_30,imu,0.6666666666666666,channel_dropout_30|imu
fault_triggered_router,53,51,channel_dropout_30,imu,1.0,channel_dropout_30|imu
fault_triggered_router,53,54,channel_dropout_30,imu,1.0,channel_dropout_30|imu
fault_triggered_router,53,56,channel_dropout_30,imu,1.0,channel_dropout_30|imu
fault_triggered_router,53,20,channel_dropout_30,fp,1.0,channel_dropout_30|fp
fault_triggered_router,53,22,channel_dropout_30,fp,1.0,channel_dropout_30|fp
fault_triggered_router,53,23,channel_dropout_30,fp,0.5555555555555555,channel_dropout_30|fp
fault_triggered_router,53,28,channel_dropout_30,fp,1.0,channel_dropout_30|fp
fault_triggered_router,53,34,channel_dropout_30,fp,1.0,channel_dropout_30|fp
fault_triggered_router,53,41,channel_dropout_30,fp,1.0,channel_dropout_30|fp
fault_triggered_router,53,42,channel_dropout_30,fp,0.16666666666666666,channel_dropout_30|fp
fault_triggered_router,53,45,channel_dropout_30,fp,0.6666666666666666,channel_dropout_30|fp
fault_triggered_router,53,51,channel_dropout_30,fp,1.0,channel_dropout_30|fp
fault_triggered_router,53,54,channel_dropout_30,fp,0.5555555555555555,channel_dropout_30|fp
fault_triggered_router,53,56,channel_dropout_30,fp,0.5555555555555555,channel_dropout_30|fp
fault_triggered_router,53,20,channel_dropout_30,eeg+emg+imu+fp,0.5555555555555555,channel_dropout_30|eeg+emg+imu+fp
fault_triggered_router,53,22,channel_dropout_30,eeg+emg+imu+fp,1.0,channel_dropout_30|eeg+emg+imu+fp
fault_triggered_router,53,23,channel_dropout_30,eeg+emg+imu+fp,1.0,channel_dropout_30|eeg+emg+imu+fp
fault_triggered_router,53,28,channel_dropout_30,eeg+emg+imu+fp,0.5555555555555555,channel_dropout_30|eeg+emg+imu+fp
fault_triggered_router,53,34,channel_dropout_30,eeg+emg+imu+fp,0.5555555555555555,channel_dropout_30|eeg+emg+imu+fp
fault_triggered_router,53,41,channel_dropout_30,eeg+emg+imu+fp,0.5555555555555555,channel_dropout_30|eeg+emg+imu+fp
fault_triggered_router,53,42,channel_dropout_30,eeg+emg+imu+fp,0.2222222222222222,channel_dropout_30|eeg+emg+imu+fp
fault_triggered_router,53,45,channel_dropout_30,eeg+emg+imu+fp,0.2222222222222222,channel_dropout_30|eeg+emg+imu+fp
fault_triggered_router,53,51,channel_dropout_30,eeg+emg+imu+fp,0.5555555555555555,channel_dropout_30|eeg+emg+imu+fp
fault_triggered_router,53,54,channel_dropout_30,eeg+emg+imu+fp,1.0,channel_dropout_30|eeg+emg+imu+fp
fault_triggered_router,53,56,channel_dropout_30,eeg+emg+imu+fp,0.5555555555555555,channel_dropout_30|eeg+emg+imu+fp
fault_triggered_router,53,20,structured_dropout_30,eeg,1.0,structured_dropout_30|eeg
fault_triggered_router,53,22,structured_dropout_30,eeg,1.0,structured_dropout_30|eeg
fault_triggered_router,53,23,structured_dropout_30,eeg,1.0,structured_dropout_30|eeg
fault_triggered_router,53,28,structured_dropout_30,eeg,1.0,structured_dropout_30|eeg
fault_triggered_router,53,34,structured_dropout_30,eeg,1.0,structured_dropout_30|eeg
fault_triggered_router,53,41,structured_dropout_30,eeg,1.0,structured_dropout_30|eeg
fault_triggered_router,53,42,structured_dropout_30,eeg,1.0,structured_dropout_30|eeg
fault_triggered_router,53,45,structured_dropout_30,eeg,0.6666666666666666,structured_dropout_30|eeg
fault_triggered_router,53,51,structured_dropout_30,eeg,1.0,structured_dropout_30|eeg
fault_triggered_router,53,54,structured_dropout_30,eeg,1.0,structured_dropout_30|eeg
fault_triggered_router,53,56,structured_dropout_30,eeg,1.0,structured_dropout_30|eeg
fault_triggered_router,53,20,structured_dropout_30,emg,1.0,structured_dropout_30|emg
fault_triggered_router,53,22,structured_dropout_30,emg,1.0,structured_dropout_30|emg
fault_triggered_router,53,23,structured_dropout_30,emg,1.0,structured_dropout_30|emg
fault_triggered_router,53,28,structured_dropout_30,emg,1.0,structured_dropout_30|emg
fault_triggered_router,53,34,structured_dropout_30,emg,1.0,structured_dropout_30|emg
fault_triggered_router,53,41,structured_dropout_30,emg,1.0,structured_dropout_30|emg
fault_triggered_router,53,42,structured_dropout_30,emg,1.0,structured_dropout_30|emg
fault_triggered_router,53,45,structured_dropout_30,emg,0.6666666666666666,structured_dropout_30|emg
fault_triggered_router,53,51,structured_dropout_30,emg,1.0,structured_dropout_30|emg
fault_triggered_router,53,54,structured_dropout_30,emg,1.0,structured_dropout_30|emg
fault_triggered_router,53,56,structured_dropout_30,emg,1.0,structured_dropout_30|emg
fault_triggered_router,53,20,structured_dropout_30,imu,1.0,structured_dropout_30|imu
fault_triggered_router,53,22,structured_dropout_30,imu,1.0,structured_dropout_30|imu
fault_triggered_router,53,23,structured_dropout_30,imu,1.0,structured_dropout_30|imu
fault_triggered_router,53,28,structured_dropout_30,imu,1.0,structured_dropout_30|imu
fault_triggered_router,53,34,structured_dropout_30,imu,1.0,structured_dropout_30|imu
fault_triggered_router,53,41,structured_dropout_30,imu,1.0,structured_dropout_30|imu
fault_triggered_router,53,42,structured_dropout_30,imu,0.5555555555555555,structured_dropout_30|imu
fault_triggered_router,53,45,structured_dropout_30,imu,0.6666666666666666,structured_dropout_30|imu
fault_triggered_router,53,51,structured_dropout_30,imu,1.0,structured_dropout_30|imu
fault_triggered_router,53,54,structured_dropout_30,imu,1.0,structured_dropout_30|imu
fault_triggered_router,53,56,structured_dropout_30,imu,0.5555555555555555,structured_dropout_30|imu
fault_triggered_router,53,20,structured_dropout_30,fp,1.0,structured_dropout_30|fp
fault_triggered_router,53,22,structured_dropout_30,fp,1.0,structured_dropout_30|fp
fault_triggered_router,53,23,structured_dropout_30,fp,1.0,structured_dropout_30|fp
fault_triggered_router,53,28,structured_dropout_30,fp,1.0,structured_dropout_30|fp
fault_triggered_router,53,34,structured_dropout_30,fp,1.0,structured_dropout_30|fp
fault_triggered_router,53,41,structured_dropout_30,fp,1.0,structured_dropout_30|fp
fault_triggered_router,53,42,structured_dropout_30,fp,1.0,structured_dropout_30|fp
fault_triggered_router,53,45,structured_dropout_30,fp,0.6666666666666666,structured_dropout_30|fp
fault_triggered_router,53,51,structured_dropout_30,fp,1.0,structured_dropout_30|fp
fault_triggered_router,53,54,structured_dropout_30,fp,1.0,structured_dropout_30|fp
fault_triggered_router,53,56,structured_dropout_30,fp,1.0,structured_dropout_30|fp
fault_triggered_router,53,20,structured_dropout_30,eeg+emg+imu+fp,0.2222222222222222,structured_dropout_30|eeg+emg+imu+fp
fault_triggered_router,53,22,structured_dropout_30,eeg+emg+imu+fp,0.5555555555555555,structured_dropout_30|eeg+emg+imu+fp
fault_triggered_router,53,23,structured_dropout_30,eeg+emg+imu+fp,1.0,structured_dropout_30|eeg+emg+imu+fp
fault_triggered_router,53,28,structured_dropout_30,eeg+emg+imu+fp,1.0,structured_dropout_30|eeg+emg+imu+fp
fault_triggered_router,53,34,structured_dropout_30,eeg+emg+imu+fp,1.0,structured_dropout_30|eeg+emg+imu+fp
fault_triggered_router,53,41,structured_dropout_30,eeg+emg+imu+fp,0.2222222222222222,structured_dropout_30|eeg+emg+imu+fp
fault_triggered_router,53,42,structured_dropout_30,eeg+emg+imu+fp,0.2222222222222222,structured_dropout_30|eeg+emg+imu+fp
fault_triggered_router,53,45,structured_dropout_30,eeg+emg+imu+fp,0.6666666666666666,structured_dropout_30|eeg+emg+imu+fp
fault_triggered_router,53,51,structured_dropout_30,eeg+emg+imu+fp,0.5555555555555555,structured_dropout_30|eeg+emg+imu+fp
fault_triggered_router,53,54,structured_dropout_30,eeg+emg+imu+fp,1.0,structured_dropout_30|eeg+emg+imu+fp
fault_triggered_router,53,56,structured_dropout_30,eeg+emg+imu+fp,0.5555555555555555,structured_dropout_30|eeg+emg+imu+fp
fault_triggered_router,53,20,packet_loss_30,eeg,1.0,packet_loss_30|eeg
fault_triggered_router,53,22,packet_loss_30,eeg,1.0,packet_loss_30|eeg
fault_triggered_router,53,23,packet_loss_30,eeg,1.0,packet_loss_30|eeg
fault_triggered_router,53,28,packet_loss_30,eeg,1.0,packet_loss_30|eeg
fault_triggered_router,53,34,packet_loss_30,eeg,1.0,packet_loss_30|eeg
fault_triggered_router,53,41,packet_loss_30,eeg,1.0,packet_loss_30|eeg
fault_triggered_router,53,42,packet_loss_30,eeg,1.0,packet_loss_30|eeg
fault_triggered_router,53,45,packet_loss_30,eeg,0.6666666666666666,packet_loss_30|eeg
fault_triggered_router,53,51,packet_loss_30,eeg,1.0,packet_loss_30|eeg
fault_triggered_router,53,54,packet_loss_30,eeg,1.0,packet_loss_30|eeg
fault_triggered_router,53,56,packet_loss_30,eeg,1.0,packet_loss_30|eeg
fault_triggered_router,53,20,packet_loss_30,emg,1.0,packet_loss_30|emg
fault_triggered_router,53,22,packet_loss_30,emg,1.0,packet_loss_30|emg
fault_triggered_router,53,23,packet_loss_30,emg,1.0,packet_loss_30|emg
fault_triggered_router,53,28,packet_loss_30,emg,1.0,packet_loss_30|emg
fault_triggered_router,53,34,packet_loss_30,emg,1.0,packet_loss_30|emg
fault_triggered_router,53,41,packet_loss_30,emg,1.0,packet_loss_30|emg
fault_triggered_router,53,42,packet_loss_30,emg,1.0,packet_loss_30|emg
fault_triggered_router,53,45,packet_loss_30,emg,0.6666666666666666,packet_loss_30|emg
fault_triggered_router,53,51,packet_loss_30,emg,1.0,packet_loss_30|emg
fault_triggered_router,53,54,packet_loss_30,emg,1.0,packet_loss_30|emg
fault_triggered_router,53,56,packet_loss_30,emg,1.0,packet_loss_30|emg
fault_triggered_router,53,20,packet_loss_30,imu,1.0,packet_loss_30|imu
fault_triggered_router,53,22,packet_loss_30,imu,1.0,packet_loss_30|imu
fault_triggered_router,53,23,packet_loss_30,imu,1.0,packet_loss_30|imu
fault_triggered_router,53,28,packet_loss_30,imu,1.0,packet_loss_30|imu
fault_triggered_router,53,34,packet_loss_30,imu,1.0,packet_loss_30|imu
fault_triggered_router,53,41,packet_loss_30,imu,1.0,packet_loss_30|imu
fault_triggered_router,53,42,packet_loss_30,imu,1.0,packet_loss_30|imu
fault_triggered_router,53,45,packet_loss_30,imu,0.6666666666666666,packet_loss_30|imu
fault_triggered_router,53,51,packet_loss_30,imu,1.0,packet_loss_30|imu
fault_triggered_router,53,54,packet_loss_30,imu,1.0,packet_loss_30|imu
fault_triggered_router,53,56,packet_loss_30,imu,1.0,packet_loss_30|imu
fault_triggered_router,53,20,packet_loss_30,fp,1.0,packet_loss_30|fp
fault_triggered_router,53,22,packet_loss_30,fp,1.0,packet_loss_30|fp
fault_triggered_router,53,23,packet_loss_30,fp,1.0,packet_loss_30|fp
fault_triggered_router,53,28,packet_loss_30,fp,1.0,packet_loss_30|fp
fault_triggered_router,53,34,packet_loss_30,fp,1.0,packet_loss_30|fp
fault_triggered_router,53,41,packet_loss_30,fp,1.0,packet_loss_30|fp
fault_triggered_router,53,42,packet_loss_30,fp,1.0,packet_loss_30|fp
fault_triggered_router,53,45,packet_loss_30,fp,0.6666666666666666,packet_loss_30|fp
fault_triggered_router,53,51,packet_loss_30,fp,1.0,packet_loss_30|fp
fault_triggered_router,53,54,packet_loss_30,fp,1.0,packet_loss_30|fp
fault_triggered_router,53,56,packet_loss_30,fp,1.0,packet_loss_30|fp
fault_triggered_router,53,20,packet_loss_30,eeg+emg+imu+fp,1.0,packet_loss_30|eeg+emg+imu+fp
fault_triggered_router,53,22,packet_loss_30,eeg+emg+imu+fp,1.0,packet_loss_30|eeg+emg+imu+fp
fault_triggered_router,53,23,packet_loss_30,eeg+emg+imu+fp,1.0,packet_loss_30|eeg+emg+imu+fp
fault_triggered_router,53,28,packet_loss_30,eeg+emg+imu+fp,1.0,packet_loss_30|eeg+emg+imu+fp
fault_triggered_router,53,34,packet_loss_30,eeg+emg+imu+fp,1.0,packet_loss_30|eeg+emg+imu+fp
fault_triggered_router,53,41,packet_loss_30,eeg+emg+imu+fp,1.0,packet_loss_30|eeg+emg+imu+fp
fault_triggered_router,53,42,packet_loss_30,eeg+emg+imu+fp,1.0,packet_loss_30|eeg+emg+imu+fp
fault_triggered_router,53,45,packet_loss_30,eeg+emg+imu+fp,0.6666666666666666,packet_loss_30|eeg+emg+imu+fp
fault_triggered_router,53,51,packet_loss_30,eeg+emg+imu+fp,1.0,packet_loss_30|eeg+emg+imu+fp
fault_triggered_router,53,54,packet_loss_30,eeg+emg+imu+fp,1.0,packet_loss_30|eeg+emg+imu+fp
fault_triggered_router,53,56,packet_loss_30,eeg+emg+imu+fp,1.0,packet_loss_30|eeg+emg+imu+fp
fault_triggered_router,53,20,shift_250ms,eeg,1.0,shift_250ms|eeg
fault_triggered_router,53,22,shift_250ms,eeg,1.0,shift_250ms|eeg
fault_triggered_router,53,23,shift_250ms,eeg,1.0,shift_250ms|eeg
fault_triggered_router,53,28,shift_250ms,eeg,1.0,shift_250ms|eeg
fault_triggered_router,53,34,shift_250ms,eeg,1.0,shift_250ms|eeg
fault_triggered_router,53,41,shift_250ms,eeg,1.0,shift_250ms|eeg
fault_triggered_router,53,42,shift_250ms,eeg,1.0,shift_250ms|eeg
fault_triggered_router,53,45,shift_250ms,eeg,0.6666666666666666,shift_250ms|eeg
fault_triggered_router,53,51,shift_250ms,eeg,1.0,shift_250ms|eeg
fault_triggered_router,53,54,shift_250ms,eeg,1.0,shift_250ms|eeg
fault_triggered_router,53,56,shift_250ms,eeg,1.0,shift_250ms|eeg
fault_triggered_router,53,20,shift_250ms,emg,1.0,shift_250ms|emg
fault_triggered_router,53,22,shift_250ms,emg,1.0,shift_250ms|emg
fault_triggered_router,53,23,shift_250ms,emg,1.0,shift_250ms|emg
fault_triggered_router,53,28,shift_250ms,emg,1.0,shift_250ms|emg
fault_triggered_router,53,34,shift_250ms,emg,1.0,shift_250ms|emg
fault_triggered_router,53,41,shift_250ms,emg,1.0,shift_250ms|emg
fault_triggered_router,53,42,shift_250ms,emg,1.0,shift_250ms|emg
fault_triggered_router,53,45,shift_250ms,emg,0.6666666666666666,shift_250ms|emg
fault_triggered_router,53,51,shift_250ms,emg,1.0,shift_250ms|emg
fault_triggered_router,53,54,shift_250ms,emg,1.0,shift_250ms|emg
fault_triggered_router,53,56,shift_250ms,emg,1.0,shift_250ms|emg
fault_triggered_router,53,20,shift_250ms,imu,1.0,shift_250ms|imu
fault_triggered_router,53,22,shift_250ms,imu,1.0,shift_250ms|imu
fault_triggered_router,53,23,shift_250ms,imu,1.0,shift_250ms|imu
fault_triggered_router,53,28,shift_250ms,imu,1.0,shift_250ms|imu
fault_triggered_router,53,34,shift_250ms,imu,1.0,shift_250ms|imu
fault_triggered_router,53,41,shift_250ms,imu,1.0,shift_250ms|imu
fault_triggered_router,53,42,shift_250ms,imu,1.0,shift_250ms|imu
fault_triggered_router,53,45,shift_250ms,imu,0.6666666666666666,shift_250ms|imu
fault_triggered_router,53,51,shift_250ms,imu,1.0,shift_250ms|imu
fault_triggered_router,53,54,shift_250ms,imu,1.0,shift_250ms|imu
fault_triggered_router,53,56,shift_250ms,imu,1.0,shift_250ms|imu
fault_triggered_router,53,20,shift_250ms,fp,1.0,shift_250ms|fp
fault_triggered_router,53,22,shift_250ms,fp,1.0,shift_250ms|fp
fault_triggered_router,53,23,shift_250ms,fp,1.0,shift_250ms|fp
fault_triggered_router,53,28,shift_250ms,fp,1.0,shift_250ms|fp
fault_triggered_router,53,34,shift_250ms,fp,1.0,shift_250ms|fp
fault_triggered_router,53,41,shift_250ms,fp,1.0,shift_250ms|fp
fault_triggered_router,53,42,shift_250ms,fp,1.0,shift_250ms|fp
fault_triggered_router,53,45,shift_250ms,fp,0.6666666666666666,shift_250ms|fp
fault_triggered_router,53,51,shift_250ms,fp,1.0,shift_250ms|fp
fault_triggered_router,53,54,shift_250ms,fp,1.0,shift_250ms|fp
fault_triggered_router,53,56,shift_250ms,fp,1.0,shift_250ms|fp
fault_triggered_router,53,20,shift_250ms,eeg+emg+imu+fp,1.0,shift_250ms|eeg+emg+imu+fp
fault_triggered_router,53,22,shift_250ms,eeg+emg+imu+fp,1.0,shift_250ms|eeg+emg+imu+fp
fault_triggered_router,53,23,shift_250ms,eeg+emg+imu+fp,1.0,shift_250ms|eeg+emg+imu+fp
fault_triggered_router,53,28,shift_250ms,eeg+emg+imu+fp,1.0,shift_250ms|eeg+emg+imu+fp
fault_triggered_router,53,34,shift_250ms,eeg+emg+imu+fp,1.0,shift_250ms|eeg+emg+imu+fp
fault_triggered_router,53,41,shift_250ms,eeg+emg+imu+fp,1.0,shift_250ms|eeg+emg+imu+fp
fault_triggered_router,53,42,shift_250ms,eeg+emg+imu+fp,1.0,shift_250ms|eeg+emg+imu+fp
fault_triggered_router,53,45,shift_250ms,eeg+emg+imu+fp,0.6666666666666666,shift_250ms|eeg+emg+imu+fp
fault_triggered_router,53,51,shift_250ms,eeg+emg+imu+fp,1.0,shift_250ms|eeg+emg+imu+fp
fault_triggered_router,53,54,shift_250ms,eeg+emg+imu+fp,1.0,shift_250ms|eeg+emg+imu+fp
fault_triggered_router,53,56,shift_250ms,eeg+emg+imu+fp,1.0,shift_250ms|eeg+emg+imu+fp
fault_triggered_router,53,20,gain_1.5,eeg,1.0,gain_1.5|eeg
fault_triggered_router,53,22,gain_1.5,eeg,1.0,gain_1.5|eeg
fault_triggered_router,53,23,gain_1.5,eeg,1.0,gain_1.5|eeg
fault_triggered_router,53,28,gain_1.5,eeg,1.0,gain_1.5|eeg
fault_triggered_router,53,34,gain_1.5,eeg,1.0,gain_1.5|eeg
fault_triggered_router,53,41,gain_1.5,eeg,1.0,gain_1.5|eeg
fault_triggered_router,53,42,gain_1.5,eeg,1.0,gain_1.5|eeg
fault_triggered_router,53,45,gain_1.5,eeg,0.6666666666666666,gain_1.5|eeg
fault_triggered_router,53,51,gain_1.5,eeg,1.0,gain_1.5|eeg
fault_triggered_router,53,54,gain_1.5,eeg,1.0,gain_1.5|eeg
fault_triggered_router,53,56,gain_1.5,eeg,1.0,gain_1.5|eeg
fault_triggered_router,53,20,gain_1.5,emg,1.0,gain_1.5|emg
fault_triggered_router,53,22,gain_1.5,emg,1.0,gain_1.5|emg
fault_triggered_router,53,23,gain_1.5,emg,1.0,gain_1.5|emg
fault_triggered_router,53,28,gain_1.5,emg,1.0,gain_1.5|emg
fault_triggered_router,53,34,gain_1.5,emg,1.0,gain_1.5|emg
fault_triggered_router,53,41,gain_1.5,emg,1.0,gain_1.5|emg
fault_triggered_router,53,42,gain_1.5,emg,1.0,gain_1.5|emg
fault_triggered_router,53,45,gain_1.5,emg,0.6666666666666666,gain_1.5|emg
fault_triggered_router,53,51,gain_1.5,emg,1.0,gain_1.5|emg
fault_triggered_router,53,54,gain_1.5,emg,1.0,gain_1.5|emg
fault_triggered_router,53,56,gain_1.5,emg,1.0,gain_1.5|emg
fault_triggered_router,53,20,gain_1.5,imu,0.5555555555555555,gain_1.5|imu
fault_triggered_router,53,22,gain_1.5,imu,0.5555555555555555,gain_1.5|imu
fault_triggered_router,53,23,gain_1.5,imu,0.5555555555555555,gain_1.5|imu
fault_triggered_router,53,28,gain_1.5,imu,0.2222222222222222,gain_1.5|imu
fault_triggered_router,53,34,gain_1.5,imu,0.5555555555555555,gain_1.5|imu
fault_triggered_router,53,41,gain_1.5,imu,1.0,gain_1.5|imu
fault_triggered_router,53,42,gain_1.5,imu,1.0,gain_1.5|imu
fault_triggered_router,53,45,gain_1.5,imu,0.6666666666666666,gain_1.5|imu
fault_triggered_router,53,51,gain_1.5,imu,0.5555555555555555,gain_1.5|imu
fault_triggered_router,53,54,gain_1.5,imu,0.5555555555555555,gain_1.5|imu
fault_triggered_router,53,56,gain_1.5,imu,1.0,gain_1.5|imu
fault_triggered_router,53,20,gain_1.5,fp,1.0,gain_1.5|fp
fault_triggered_router,53,22,gain_1.5,fp,1.0,gain_1.5|fp
fault_triggered_router,53,23,gain_1.5,fp,1.0,gain_1.5|fp
fault_triggered_router,53,28,gain_1.5,fp,1.0,gain_1.5|fp
fault_triggered_router,53,34,gain_1.5,fp,1.0,gain_1.5|fp
fault_triggered_router,53,41,gain_1.5,fp,1.0,gain_1.5|fp
fault_triggered_router,53,42,gain_1.5,fp,1.0,gain_1.5|fp
fault_triggered_router,53,45,gain_1.5,fp,0.6666666666666666,gain_1.5|fp
fault_triggered_router,53,51,gain_1.5,fp,1.0,gain_1.5|fp
fault_triggered_router,53,54,gain_1.5,fp,1.0,gain_1.5|fp
fault_triggered_router,53,56,gain_1.5,fp,1.0,gain_1.5|fp
fault_triggered_router,53,20,gain_1.5,eeg+emg+imu+fp,0.5555555555555555,gain_1.5|eeg+emg+imu+fp
fault_triggered_router,53,22,gain_1.5,eeg+emg+imu+fp,0.2222222222222222,gain_1.5|eeg+emg+imu+fp
fault_triggered_router,53,23,gain_1.5,eeg+emg+imu+fp,0.5555555555555555,gain_1.5|eeg+emg+imu+fp
fault_triggered_router,53,28,gain_1.5,eeg+emg+imu+fp,0.2222222222222222,gain_1.5|eeg+emg+imu+fp
fault_triggered_router,53,34,gain_1.5,eeg+emg+imu+fp,0.5555555555555555,gain_1.5|eeg+emg+imu+fp
fault_triggered_router,53,41,gain_1.5,eeg+emg+imu+fp,1.0,gain_1.5|eeg+emg+imu+fp
fault_triggered_router,53,42,gain_1.5,eeg+emg+imu+fp,1.0,gain_1.5|eeg+emg+imu+fp
fault_triggered_router,53,45,gain_1.5,eeg+emg+imu+fp,0.6666666666666666,gain_1.5|eeg+emg+imu+fp
fault_triggered_router,53,51,gain_1.5,eeg+emg+imu+fp,0.5555555555555555,gain_1.5|eeg+emg+imu+fp
fault_triggered_router,53,54,gain_1.5,eeg+emg+imu+fp,0.5555555555555555,gain_1.5|eeg+emg+imu+fp
fault_triggered_router,53,56,gain_1.5,eeg+emg+imu+fp,1.0,gain_1.5|eeg+emg+imu+fp
fault_triggered_router,52,8,clean,none,0.3333333333333333,clean|none
fault_triggered_router,52,11,clean,none,0.6666666666666666,clean|none
fault_triggered_router,52,12,clean,none,1.0,clean|none
fault_triggered_router,52,13,clean,none,1.0,clean|none
fault_triggered_router,52,30,clean,none,1.0,clean|none
fault_triggered_router,52,31,clean,none,1.0,clean|none
fault_triggered_router,52,37,clean,none,1.0,clean|none
fault_triggered_router,52,52,clean,none,1.0,clean|none
fault_triggered_router,52,55,clean,none,0.5555555555555555,clean|none
fault_triggered_router,52,57,clean,none,1.0,clean|none
fault_triggered_router,52,58,clean,none,1.0,clean|none
fault_triggered_router,52,8,noise_10db,eeg,0.3333333333333333,noise_10db|eeg
fault_triggered_router,52,11,noise_10db,eeg,0.6666666666666666,noise_10db|eeg
fault_triggered_router,52,12,noise_10db,eeg,1.0,noise_10db|eeg
fault_triggered_router,52,13,noise_10db,eeg,1.0,noise_10db|eeg
fault_triggered_router,52,30,noise_10db,eeg,1.0,noise_10db|eeg
fault_triggered_router,52,31,noise_10db,eeg,1.0,noise_10db|eeg
fault_triggered_router,52,37,noise_10db,eeg,1.0,noise_10db|eeg
fault_triggered_router,52,52,noise_10db,eeg,1.0,noise_10db|eeg
fault_triggered_router,52,55,noise_10db,eeg,0.5555555555555555,noise_10db|eeg
fault_triggered_router,52,57,noise_10db,eeg,1.0,noise_10db|eeg
fault_triggered_router,52,58,noise_10db,eeg,1.0,noise_10db|eeg
fault_triggered_router,52,8,noise_10db,emg,0.3333333333333333,noise_10db|emg
fault_triggered_router,52,11,noise_10db,emg,0.6666666666666666,noise_10db|emg
fault_triggered_router,52,12,noise_10db,emg,1.0,noise_10db|emg
fault_triggered_router,52,13,noise_10db,emg,1.0,noise_10db|emg
fault_triggered_router,52,30,noise_10db,emg,1.0,noise_10db|emg
fault_triggered_router,52,31,noise_10db,emg,1.0,noise_10db|emg
fault_triggered_router,52,37,noise_10db,emg,1.0,noise_10db|emg
fault_triggered_router,52,52,noise_10db,emg,1.0,noise_10db|emg
fault_triggered_router,52,55,noise_10db,emg,0.5555555555555555,noise_10db|emg
fault_triggered_router,52,57,noise_10db,emg,1.0,noise_10db|emg
fault_triggered_router,52,58,noise_10db,emg,1.0,noise_10db|emg
fault_triggered_router,52,8,noise_10db,imu,0.3333333333333333,noise_10db|imu
fault_triggered_router,52,11,noise_10db,imu,0.6666666666666666,noise_10db|imu
fault_triggered_router,52,12,noise_10db,imu,1.0,noise_10db|imu
fault_triggered_router,52,13,noise_10db,imu,1.0,noise_10db|imu
fault_triggered_router,52,30,noise_10db,imu,1.0,noise_10db|imu
fault_triggered_router,52,31,noise_10db,imu,1.0,noise_10db|imu
fault_triggered_router,52,37,noise_10db,imu,1.0,noise_10db|imu
fault_triggered_router,52,52,noise_10db,imu,1.0,noise_10db|imu
fault_triggered_router,52,55,noise_10db,imu,0.5555555555555555,noise_10db|imu
fault_triggered_router,52,57,noise_10db,imu,1.0,noise_10db|imu
fault_triggered_router,52,58,noise_10db,imu,1.0,noise_10db|imu
fault_triggered_router,52,8,noise_10db,fp,0.3333333333333333,noise_10db|fp
fault_triggered_router,52,11,noise_10db,fp,0.6666666666666666,noise_10db|fp
fault_triggered_router,52,12,noise_10db,fp,1.0,noise_10db|fp
fault_triggered_router,52,13,noise_10db,fp,1.0,noise_10db|fp
fault_triggered_router,52,30,noise_10db,fp,1.0,noise_10db|fp
fault_triggered_router,52,31,noise_10db,fp,1.0,noise_10db|fp
fault_triggered_router,52,37,noise_10db,fp,1.0,noise_10db|fp
fault_triggered_router,52,52,noise_10db,fp,1.0,noise_10db|fp
fault_triggered_router,52,55,noise_10db,fp,1.0,noise_10db|fp
fault_triggered_router,52,57,noise_10db,fp,1.0,noise_10db|fp
fault_triggered_router,52,58,noise_10db,fp,1.0,noise_10db|fp
fault_triggered_router,52,8,noise_10db,eeg+emg+imu+fp,0.3333333333333333,noise_10db|eeg+emg+imu+fp
fault_triggered_router,52,11,noise_10db,eeg+emg+imu+fp,0.6666666666666666,noise_10db|eeg+emg+imu+fp
fault_triggered_router,52,12,noise_10db,eeg+emg+imu+fp,1.0,noise_10db|eeg+emg+imu+fp
fault_triggered_router,52,13,noise_10db,eeg+emg+imu+fp,1.0,noise_10db|eeg+emg+imu+fp
fault_triggered_router,52,30,noise_10db,eeg+emg+imu+fp,1.0,noise_10db|eeg+emg+imu+fp
fault_triggered_router,52,31,noise_10db,eeg+emg+imu+fp,1.0,noise_10db|eeg+emg+imu+fp
fault_triggered_router,52,37,noise_10db,eeg+emg+imu+fp,1.0,noise_10db|eeg+emg+imu+fp
fault_triggered_router,52,52,noise_10db,eeg+emg+imu+fp,1.0,noise_10db|eeg+emg+imu+fp
fault_triggered_router,52,55,noise_10db,eeg+emg+imu+fp,1.0,noise_10db|eeg+emg+imu+fp
fault_triggered_router,52,57,noise_10db,eeg+emg+imu+fp,1.0,noise_10db|eeg+emg+imu+fp
fault_triggered_router,52,58,noise_10db,eeg+emg+imu+fp,1.0,noise_10db|eeg+emg+imu+fp
fault_triggered_router,52,8,channel_dropout_30,eeg,0.3333333333333333,channel_dropout_30|eeg
fault_triggered_router,52,11,channel_dropout_30,eeg,0.6666666666666666,channel_dropout_30|eeg
fault_triggered_router,52,12,channel_dropout_30,eeg,1.0,channel_dropout_30|eeg
fault_triggered_router,52,13,channel_dropout_30,eeg,1.0,channel_dropout_30|eeg
fault_triggered_router,52,30,channel_dropout_30,eeg,1.0,channel_dropout_30|eeg
fault_triggered_router,52,31,channel_dropout_30,eeg,1.0,channel_dropout_30|eeg
fault_triggered_router,52,37,channel_dropout_30,eeg,1.0,channel_dropout_30|eeg
fault_triggered_router,52,52,channel_dropout_30,eeg,1.0,channel_dropout_30|eeg
fault_triggered_router,52,55,channel_dropout_30,eeg,0.5555555555555555,channel_dropout_30|eeg
fault_triggered_router,52,57,channel_dropout_30,eeg,1.0,channel_dropout_30|eeg
fault_triggered_router,52,58,channel_dropout_30,eeg,1.0,channel_dropout_30|eeg
fault_triggered_router,52,8,channel_dropout_30,emg,0.3333333333333333,channel_dropout_30|emg
fault_triggered_router,52,11,channel_dropout_30,emg,0.6666666666666666,channel_dropout_30|emg
fault_triggered_router,52,12,channel_dropout_30,emg,1.0,channel_dropout_30|emg
fault_triggered_router,52,13,channel_dropout_30,emg,1.0,channel_dropout_30|emg
fault_triggered_router,52,30,channel_dropout_30,emg,1.0,channel_dropout_30|emg
fault_triggered_router,52,31,channel_dropout_30,emg,1.0,channel_dropout_30|emg
fault_triggered_router,52,37,channel_dropout_30,emg,1.0,channel_dropout_30|emg
fault_triggered_router,52,52,channel_dropout_30,emg,1.0,channel_dropout_30|emg
fault_triggered_router,52,55,channel_dropout_30,emg,0.5555555555555555,channel_dropout_30|emg
fault_triggered_router,52,57,channel_dropout_30,emg,1.0,channel_dropout_30|emg
fault_triggered_router,52,58,channel_dropout_30,emg,1.0,channel_dropout_30|emg
fault_triggered_router,52,8,channel_dropout_30,imu,0.0,channel_dropout_30|imu
fault_triggered_router,52,11,channel_dropout_30,imu,0.2222222222222222,channel_dropout_30|imu
fault_triggered_router,52,12,channel_dropout_30,imu,1.0,channel_dropout_30|imu
fault_triggered_router,52,13,channel_dropout_30,imu,1.0,channel_dropout_30|imu
fault_triggered_router,52,30,channel_dropout_30,imu,0.5555555555555555,channel_dropout_30|imu
fault_triggered_router,52,31,channel_dropout_30,imu,1.0,channel_dropout_30|imu
fault_triggered_router,52,37,channel_dropout_30,imu,1.0,channel_dropout_30|imu
fault_triggered_router,52,52,channel_dropout_30,imu,1.0,channel_dropout_30|imu
fault_triggered_router,52,55,channel_dropout_30,imu,0.2222222222222222,channel_dropout_30|imu
fault_triggered_router,52,57,channel_dropout_30,imu,1.0,channel_dropout_30|imu
fault_triggered_router,52,58,channel_dropout_30,imu,0.5555555555555555,channel_dropout_30|imu
fault_triggered_router,52,8,channel_dropout_30,fp,0.3333333333333333,channel_dropout_30|fp
fault_triggered_router,52,11,channel_dropout_30,fp,0.6666666666666666,channel_dropout_30|fp
fault_triggered_router,52,12,channel_dropout_30,fp,1.0,channel_dropout_30|fp
fault_triggered_router,52,13,channel_dropout_30,fp,1.0,channel_dropout_30|fp
fault_triggered_router,52,30,channel_dropout_30,fp,1.0,channel_dropout_30|fp
fault_triggered_router,52,31,channel_dropout_30,fp,1.0,channel_dropout_30|fp
fault_triggered_router,52,37,channel_dropout_30,fp,1.0,channel_dropout_30|fp
fault_triggered_router,52,52,channel_dropout_30,fp,1.0,channel_dropout_30|fp
fault_triggered_router,52,55,channel_dropout_30,fp,0.5555555555555555,channel_dropout_30|fp
fault_triggered_router,52,57,channel_dropout_30,fp,1.0,channel_dropout_30|fp
fault_triggered_router,52,58,channel_dropout_30,fp,1.0,channel_dropout_30|fp
fault_triggered_router,52,8,channel_dropout_30,eeg+emg+imu+fp,0.3333333333333333,channel_dropout_30|eeg+emg+imu+fp
fault_triggered_router,52,11,channel_dropout_30,eeg+emg+imu+fp,0.2222222222222222,channel_dropout_30|eeg+emg+imu+fp
fault_triggered_router,52,12,channel_dropout_30,eeg+emg+imu+fp,1.0,channel_dropout_30|eeg+emg+imu+fp
fault_triggered_router,52,13,channel_dropout_30,eeg+emg+imu+fp,0.5555555555555555,channel_dropout_30|eeg+emg+imu+fp
fault_triggered_router,52,30,channel_dropout_30,eeg+emg+imu+fp,0.5555555555555555,channel_dropout_30|eeg+emg+imu+fp
fault_triggered_router,52,31,channel_dropout_30,eeg+emg+imu+fp,0.16666666666666666,channel_dropout_30|eeg+emg+imu+fp
fault_triggered_router,52,37,channel_dropout_30,eeg+emg+imu+fp,0.2222222222222222,channel_dropout_30|eeg+emg+imu+fp
fault_triggered_router,52,52,channel_dropout_30,eeg+emg+imu+fp,0.5555555555555555,channel_dropout_30|eeg+emg+imu+fp
fault_triggered_router,52,55,channel_dropout_30,eeg+emg+imu+fp,0.16666666666666666,channel_dropout_30|eeg+emg+imu+fp
fault_triggered_router,52,57,channel_dropout_30,eeg+emg+imu+fp,0.5555555555555555,channel_dropout_30|eeg+emg+imu+fp
fault_triggered_router,52,58,channel_dropout_30,eeg+emg+imu+fp,0.2222222222222222,channel_dropout_30|eeg+emg+imu+fp
fault_triggered_router,52,8,structured_dropout_30,eeg,0.3333333333333333,structured_dropout_30|eeg
fault_triggered_router,52,11,structured_dropout_30,eeg,0.6666666666666666,structured_dropout_30|eeg
fault_triggered_router,52,12,structured_dropout_30,eeg,1.0,structured_dropout_30|eeg
fault_triggered_router,52,13,structured_dropout_30,eeg,1.0,structured_dropout_30|eeg
fault_triggered_router,52,30,structured_dropout_30,eeg,1.0,structured_dropout_30|eeg
fault_triggered_router,52,31,structured_dropout_30,eeg,1.0,structured_dropout_30|eeg
fault_triggered_router,52,37,structured_dropout_30,eeg,1.0,structured_dropout_30|eeg
fault_triggered_router,52,52,structured_dropout_30,eeg,1.0,structured_dropout_30|eeg
fault_triggered_router,52,55,structured_dropout_30,eeg,0.5555555555555555,structured_dropout_30|eeg
fault_triggered_router,52,57,structured_dropout_30,eeg,1.0,structured_dropout_30|eeg
fault_triggered_router,52,58,structured_dropout_30,eeg,1.0,structured_dropout_30|eeg
fault_triggered_router,52,8,structured_dropout_30,emg,0.3333333333333333,structured_dropout_30|emg
fault_triggered_router,52,11,structured_dropout_30,emg,0.6666666666666666,structured_dropout_30|emg
fault_triggered_router,52,12,structured_dropout_30,emg,1.0,structured_dropout_30|emg
fault_triggered_router,52,13,structured_dropout_30,emg,1.0,structured_dropout_30|emg
fault_triggered_router,52,30,structured_dropout_30,emg,1.0,structured_dropout_30|emg
fault_triggered_router,52,31,structured_dropout_30,emg,1.0,structured_dropout_30|emg
fault_triggered_router,52,37,structured_dropout_30,emg,1.0,structured_dropout_30|emg
fault_triggered_router,52,52,structured_dropout_30,emg,1.0,structured_dropout_30|emg
fault_triggered_router,52,55,structured_dropout_30,emg,0.5555555555555555,structured_dropout_30|emg
fault_triggered_router,52,57,structured_dropout_30,emg,1.0,structured_dropout_30|emg
fault_triggered_router,52,58,structured_dropout_30,emg,1.0,structured_dropout_30|emg
fault_triggered_router,52,8,structured_dropout_30,imu,0.3333333333333333,structured_dropout_30|imu
fault_triggered_router,52,11,structured_dropout_30,imu,0.2222222222222222,structured_dropout_30|imu
fault_triggered_router,52,12,structured_dropout_30,imu,1.0,structured_dropout_30|imu
fault_triggered_router,52,13,structured_dropout_30,imu,1.0,structured_dropout_30|imu
fault_triggered_router,52,30,structured_dropout_30,imu,0.5555555555555555,structured_dropout_30|imu
fault_triggered_router,52,31,structured_dropout_30,imu,1.0,structured_dropout_30|imu
fault_triggered_router,52,37,structured_dropout_30,imu,0.5555555555555555,structured_dropout_30|imu
fault_triggered_router,52,52,structured_dropout_30,imu,1.0,structured_dropout_30|imu
fault_triggered_router,52,55,structured_dropout_30,imu,0.5555555555555555,structured_dropout_30|imu
fault_triggered_router,52,57,structured_dropout_30,imu,1.0,structured_dropout_30|imu
fault_triggered_router,52,58,structured_dropout_30,imu,1.0,structured_dropout_30|imu
fault_triggered_router,52,8,structured_dropout_30,fp,0.3333333333333333,structured_dropout_30|fp
fault_triggered_router,52,11,structured_dropout_30,fp,0.6666666666666666,structured_dropout_30|fp
fault_triggered_router,52,12,structured_dropout_30,fp,1.0,structured_dropout_30|fp
fault_triggered_router,52,13,structured_dropout_30,fp,1.0,structured_dropout_30|fp
fault_triggered_router,52,30,structured_dropout_30,fp,1.0,structured_dropout_30|fp
fault_triggered_router,52,31,structured_dropout_30,fp,1.0,structured_dropout_30|fp
fault_triggered_router,52,37,structured_dropout_30,fp,1.0,structured_dropout_30|fp
fault_triggered_router,52,52,structured_dropout_30,fp,1.0,structured_dropout_30|fp
fault_triggered_router,52,55,structured_dropout_30,fp,0.5555555555555555,structured_dropout_30|fp
fault_triggered_router,52,57,structured_dropout_30,fp,1.0,structured_dropout_30|fp
fault_triggered_router,52,58,structured_dropout_30,fp,1.0,structured_dropout_30|fp
fault_triggered_router,52,8,structured_dropout_30,eeg+emg+imu+fp,0.0,structured_dropout_30|eeg+emg+imu+fp
fault_triggered_router,52,11,structured_dropout_30,eeg+emg+imu+fp,0.2222222222222222,structured_dropout_30|eeg+emg+imu+fp
fault_triggered_router,52,12,structured_dropout_30,eeg+emg+imu+fp,1.0,structured_dropout_30|eeg+emg+imu+fp
fault_triggered_router,52,13,structured_dropout_30,eeg+emg+imu+fp,0.2222222222222222,structured_dropout_30|eeg+emg+imu+fp
fault_triggered_router,52,30,structured_dropout_30,eeg+emg+imu+fp,0.2222222222222222,structured_dropout_30|eeg+emg+imu+fp
fault_triggered_router,52,31,structured_dropout_30,eeg+emg+imu+fp,0.5555555555555555,structured_dropout_30|eeg+emg+imu+fp
fault_triggered_router,52,37,structured_dropout_30,eeg+emg+imu+fp,0.2222222222222222,structured_dropout_30|eeg+emg+imu+fp
fault_triggered_router,52,52,structured_dropout_30,eeg+emg+imu+fp,0.2222222222222222,structured_dropout_30|eeg+emg+imu+fp
fault_triggered_router,52,55,structured_dropout_30,eeg+emg+imu+fp,0.2222222222222222,structured_dropout_30|eeg+emg+imu+fp
fault_triggered_router,52,57,structured_dropout_30,eeg+emg+imu+fp,0.2222222222222222,structured_dropout_30|eeg+emg+imu+fp
fault_triggered_router,52,58,structured_dropout_30,eeg+emg+imu+fp,0.2222222222222222,structured_dropout_30|eeg+emg+imu+fp
fault_triggered_router,52,8,packet_loss_30,eeg,0.3333333333333333,packet_loss_30|eeg
fault_triggered_router,52,11,packet_loss_30,eeg,0.6666666666666666,packet_loss_30|eeg
fault_triggered_router,52,12,packet_loss_30,eeg,1.0,packet_loss_30|eeg
fault_triggered_router,52,13,packet_loss_30,eeg,1.0,packet_loss_30|eeg
fault_triggered_router,52,30,packet_loss_30,eeg,1.0,packet_loss_30|eeg
fault_triggered_router,52,31,packet_loss_30,eeg,1.0,packet_loss_30|eeg
fault_triggered_router,52,37,packet_loss_30,eeg,1.0,packet_loss_30|eeg
fault_triggered_router,52,52,packet_loss_30,eeg,1.0,packet_loss_30|eeg
fault_triggered_router,52,55,packet_loss_30,eeg,0.5555555555555555,packet_loss_30|eeg
fault_triggered_router,52,57,packet_loss_30,eeg,1.0,packet_loss_30|eeg
fault_triggered_router,52,58,packet_loss_30,eeg,1.0,packet_loss_30|eeg
fault_triggered_router,52,8,packet_loss_30,emg,0.3333333333333333,packet_loss_30|emg
fault_triggered_router,52,11,packet_loss_30,emg,0.6666666666666666,packet_loss_30|emg
fault_triggered_router,52,12,packet_loss_30,emg,1.0,packet_loss_30|emg
fault_triggered_router,52,13,packet_loss_30,emg,1.0,packet_loss_30|emg
fault_triggered_router,52,30,packet_loss_30,emg,1.0,packet_loss_30|emg
fault_triggered_router,52,31,packet_loss_30,emg,1.0,packet_loss_30|emg
fault_triggered_router,52,37,packet_loss_30,emg,1.0,packet_loss_30|emg
fault_triggered_router,52,52,packet_loss_30,emg,1.0,packet_loss_30|emg
fault_triggered_router,52,55,packet_loss_30,emg,0.5555555555555555,packet_loss_30|emg
fault_triggered_router,52,57,packet_loss_30,emg,1.0,packet_loss_30|emg
fault_triggered_router,52,58,packet_loss_30,emg,1.0,packet_loss_30|emg
fault_triggered_router,52,8,packet_loss_30,imu,0.3333333333333333,packet_loss_30|imu
fault_triggered_router,52,11,packet_loss_30,imu,0.2222222222222222,packet_loss_30|imu
fault_triggered_router,52,12,packet_loss_30,imu,1.0,packet_loss_30|imu
fault_triggered_router,52,13,packet_loss_30,imu,1.0,packet_loss_30|imu
fault_triggered_router,52,30,packet_loss_30,imu,1.0,packet_loss_30|imu
fault_triggered_router,52,31,packet_loss_30,imu,1.0,packet_loss_30|imu
fault_triggered_router,52,37,packet_loss_30,imu,1.0,packet_loss_30|imu
fault_triggered_router,52,52,packet_loss_30,imu,1.0,packet_loss_30|imu
fault_triggered_router,52,55,packet_loss_30,imu,0.5555555555555555,packet_loss_30|imu
fault_triggered_router,52,57,packet_loss_30,imu,1.0,packet_loss_30|imu
fault_triggered_router,52,58,packet_loss_30,imu,1.0,packet_loss_30|imu
fault_triggered_router,52,8,packet_loss_30,fp,0.3333333333333333,packet_loss_30|fp
fault_triggered_router,52,11,packet_loss_30,fp,0.6666666666666666,packet_loss_30|fp
fault_triggered_router,52,12,packet_loss_30,fp,1.0,packet_loss_30|fp
fault_triggered_router,52,13,packet_loss_30,fp,1.0,packet_loss_30|fp
fault_triggered_router,52,30,packet_loss_30,fp,1.0,packet_loss_30|fp
fault_triggered_router,52,31,packet_loss_30,fp,1.0,packet_loss_30|fp
fault_triggered_router,52,37,packet_loss_30,fp,1.0,packet_loss_30|fp
fault_triggered_router,52,52,packet_loss_30,fp,1.0,packet_loss_30|fp
fault_triggered_router,52,55,packet_loss_30,fp,0.5555555555555555,packet_loss_30|fp
fault_triggered_router,52,57,packet_loss_30,fp,1.0,packet_loss_30|fp
fault_triggered_router,52,58,packet_loss_30,fp,1.0,packet_loss_30|fp
fault_triggered_router,52,8,packet_loss_30,eeg+emg+imu+fp,0.3333333333333333,packet_loss_30|eeg+emg+imu+fp
fault_triggered_router,52,11,packet_loss_30,eeg+emg+imu+fp,0.2222222222222222,packet_loss_30|eeg+emg+imu+fp
fault_triggered_router,52,12,packet_loss_30,eeg+emg+imu+fp,1.0,packet_loss_30|eeg+emg+imu+fp
fault_triggered_router,52,13,packet_loss_30,eeg+emg+imu+fp,1.0,packet_loss_30|eeg+emg+imu+fp
fault_triggered_router,52,30,packet_loss_30,eeg+emg+imu+fp,1.0,packet_loss_30|eeg+emg+imu+fp
fault_triggered_router,52,31,packet_loss_30,eeg+emg+imu+fp,1.0,packet_loss_30|eeg+emg+imu+fp
fault_triggered_router,52,37,packet_loss_30,eeg+emg+imu+fp,1.0,packet_loss_30|eeg+emg+imu+fp
fault_triggered_router,52,52,packet_loss_30,eeg+emg+imu+fp,1.0,packet_loss_30|eeg+emg+imu+fp
fault_triggered_router,52,55,packet_loss_30,eeg+emg+imu+fp,0.5555555555555555,packet_loss_30|eeg+emg+imu+fp
fault_triggered_router,52,57,packet_loss_30,eeg+emg+imu+fp,1.0,packet_loss_30|eeg+emg+imu+fp
fault_triggered_router,52,58,packet_loss_30,eeg+emg+imu+fp,1.0,packet_loss_30|eeg+emg+imu+fp
fault_triggered_router,52,8,shift_250ms,eeg,0.3333333333333333,shift_250ms|eeg
fault_triggered_router,52,11,shift_250ms,eeg,0.6666666666666666,shift_250ms|eeg
fault_triggered_router,52,12,shift_250ms,eeg,1.0,shift_250ms|eeg
fault_triggered_router,52,13,shift_250ms,eeg,1.0,shift_250ms|eeg
fault_triggered_router,52,30,shift_250ms,eeg,1.0,shift_250ms|eeg
fault_triggered_router,52,31,shift_250ms,eeg,1.0,shift_250ms|eeg
fault_triggered_router,52,37,shift_250ms,eeg,1.0,shift_250ms|eeg
fault_triggered_router,52,52,shift_250ms,eeg,1.0,shift_250ms|eeg
fault_triggered_router,52,55,shift_250ms,eeg,0.5555555555555555,shift_250ms|eeg
fault_triggered_router,52,57,shift_250ms,eeg,1.0,shift_250ms|eeg
fault_triggered_router,52,58,shift_250ms,eeg,1.0,shift_250ms|eeg
fault_triggered_router,52,8,shift_250ms,emg,0.3333333333333333,shift_250ms|emg
fault_triggered_router,52,11,shift_250ms,emg,0.6666666666666666,shift_250ms|emg
fault_triggered_router,52,12,shift_250ms,emg,1.0,shift_250ms|emg
fault_triggered_router,52,13,shift_250ms,emg,1.0,shift_250ms|emg
fault_triggered_router,52,30,shift_250ms,emg,1.0,shift_250ms|emg
fault_triggered_router,52,31,shift_250ms,emg,1.0,shift_250ms|emg
fault_triggered_router,52,37,shift_250ms,emg,1.0,shift_250ms|emg
fault_triggered_router,52,52,shift_250ms,emg,1.0,shift_250ms|emg
fault_triggered_router,52,55,shift_250ms,emg,0.5555555555555555,shift_250ms|emg
fault_triggered_router,52,57,shift_250ms,emg,1.0,shift_250ms|emg
fault_triggered_router,52,58,shift_250ms,emg,1.0,shift_250ms|emg
fault_triggered_router,52,8,shift_250ms,imu,0.3333333333333333,shift_250ms|imu
fault_triggered_router,52,11,shift_250ms,imu,0.6666666666666666,shift_250ms|imu
fault_triggered_router,52,12,shift_250ms,imu,1.0,shift_250ms|imu
fault_triggered_router,52,13,shift_250ms,imu,1.0,shift_250ms|imu
fault_triggered_router,52,30,shift_250ms,imu,1.0,shift_250ms|imu
fault_triggered_router,52,31,shift_250ms,imu,1.0,shift_250ms|imu
fault_triggered_router,52,37,shift_250ms,imu,1.0,shift_250ms|imu
fault_triggered_router,52,52,shift_250ms,imu,1.0,shift_250ms|imu
fault_triggered_router,52,55,shift_250ms,imu,0.5555555555555555,shift_250ms|imu
fault_triggered_router,52,57,shift_250ms,imu,1.0,shift_250ms|imu
fault_triggered_router,52,58,shift_250ms,imu,1.0,shift_250ms|imu
fault_triggered_router,52,8,shift_250ms,fp,0.3333333333333333,shift_250ms|fp
fault_triggered_router,52,11,shift_250ms,fp,0.6666666666666666,shift_250ms|fp
fault_triggered_router,52,12,shift_250ms,fp,1.0,shift_250ms|fp
fault_triggered_router,52,13,shift_250ms,fp,1.0,shift_250ms|fp
fault_triggered_router,52,30,shift_250ms,fp,1.0,shift_250ms|fp
fault_triggered_router,52,31,shift_250ms,fp,1.0,shift_250ms|fp
fault_triggered_router,52,37,shift_250ms,fp,1.0,shift_250ms|fp
fault_triggered_router,52,52,shift_250ms,fp,1.0,shift_250ms|fp
fault_triggered_router,52,55,shift_250ms,fp,0.5555555555555555,shift_250ms|fp
fault_triggered_router,52,57,shift_250ms,fp,1.0,shift_250ms|fp
fault_triggered_router,52,58,shift_250ms,fp,1.0,shift_250ms|fp
fault_triggered_router,52,8,shift_250ms,eeg+emg+imu+fp,0.3333333333333333,shift_250ms|eeg+emg+imu+fp
fault_triggered_router,52,11,shift_250ms,eeg+emg+imu+fp,0.6666666666666666,shift_250ms|eeg+emg+imu+fp
fault_triggered_router,52,12,shift_250ms,eeg+emg+imu+fp,1.0,shift_250ms|eeg+emg+imu+fp
fault_triggered_router,52,13,shift_250ms,eeg+emg+imu+fp,1.0,shift_250ms|eeg+emg+imu+fp
fault_triggered_router,52,30,shift_250ms,eeg+emg+imu+fp,1.0,shift_250ms|eeg+emg+imu+fp
fault_triggered_router,52,31,shift_250ms,eeg+emg+imu+fp,1.0,shift_250ms|eeg+emg+imu+fp
fault_triggered_router,52,37,shift_250ms,eeg+emg+imu+fp,1.0,shift_250ms|eeg+emg+imu+fp
fault_triggered_router,52,52,shift_250ms,eeg+emg+imu+fp,1.0,shift_250ms|eeg+emg+imu+fp
fault_triggered_router,52,55,shift_250ms,eeg+emg+imu+fp,0.5555555555555555,shift_250ms|eeg+emg+imu+fp
fault_triggered_router,52,57,shift_250ms,eeg+emg+imu+fp,1.0,shift_250ms|eeg+emg+imu+fp
fault_triggered_router,52,58,shift_250ms,eeg+emg+imu+fp,1.0,shift_250ms|eeg+emg+imu+fp
fault_triggered_router,52,8,gain_1.5,eeg,0.3333333333333333,gain_1.5|eeg
fault_triggered_router,52,11,gain_1.5,eeg,0.6666666666666666,gain_1.5|eeg
fault_triggered_router,52,12,gain_1.5,eeg,1.0,gain_1.5|eeg
fault_triggered_router,52,13,gain_1.5,eeg,1.0,gain_1.5|eeg
fault_triggered_router,52,30,gain_1.5,eeg,1.0,gain_1.5|eeg
fault_triggered_router,52,31,gain_1.5,eeg,1.0,gain_1.5|eeg
fault_triggered_router,52,37,gain_1.5,eeg,1.0,gain_1.5|eeg
fault_triggered_router,52,52,gain_1.5,eeg,1.0,gain_1.5|eeg
fault_triggered_router,52,55,gain_1.5,eeg,0.5555555555555555,gain_1.5|eeg
fault_triggered_router,52,57,gain_1.5,eeg,1.0,gain_1.5|eeg
fault_triggered_router,52,58,gain_1.5,eeg,1.0,gain_1.5|eeg
fault_triggered_router,52,8,gain_1.5,emg,0.3333333333333333,gain_1.5|emg
fault_triggered_router,52,11,gain_1.5,emg,0.6666666666666666,gain_1.5|emg
fault_triggered_router,52,12,gain_1.5,emg,1.0,gain_1.5|emg
fault_triggered_router,52,13,gain_1.5,emg,1.0,gain_1.5|emg
fault_triggered_router,52,30,gain_1.5,emg,1.0,gain_1.5|emg
fault_triggered_router,52,31,gain_1.5,emg,1.0,gain_1.5|emg
fault_triggered_router,52,37,gain_1.5,emg,1.0,gain_1.5|emg
fault_triggered_router,52,52,gain_1.5,emg,1.0,gain_1.5|emg
fault_triggered_router,52,55,gain_1.5,emg,0.5555555555555555,gain_1.5|emg
fault_triggered_router,52,57,gain_1.5,emg,1.0,gain_1.5|emg
fault_triggered_router,52,58,gain_1.5,emg,1.0,gain_1.5|emg
fault_triggered_router,52,8,gain_1.5,imu,0.3333333333333333,gain_1.5|imu
fault_triggered_router,52,11,gain_1.5,imu,0.6666666666666666,gain_1.5|imu
fault_triggered_router,52,12,gain_1.5,imu,0.2222222222222222,gain_1.5|imu
fault_triggered_router,52,13,gain_1.5,imu,0.5555555555555555,gain_1.5|imu
fault_triggered_router,52,30,gain_1.5,imu,1.0,gain_1.5|imu
fault_triggered_router,52,31,gain_1.5,imu,0.5555555555555555,gain_1.5|imu
fault_triggered_router,52,37,gain_1.5,imu,1.0,gain_1.5|imu
fault_triggered_router,52,52,gain_1.5,imu,0.5555555555555555,gain_1.5|imu
fault_triggered_router,52,55,gain_1.5,imu,1.0,gain_1.5|imu
fault_triggered_router,52,57,gain_1.5,imu,1.0,gain_1.5|imu
fault_triggered_router,52,58,gain_1.5,imu,1.0,gain_1.5|imu
fault_triggered_router,52,8,gain_1.5,fp,0.3333333333333333,gain_1.5|fp
fault_triggered_router,52,11,gain_1.5,fp,0.6666666666666666,gain_1.5|fp
fault_triggered_router,52,12,gain_1.5,fp,1.0,gain_1.5|fp
fault_triggered_router,52,13,gain_1.5,fp,1.0,gain_1.5|fp
fault_triggered_router,52,30,gain_1.5,fp,1.0,gain_1.5|fp
fault_triggered_router,52,31,gain_1.5,fp,1.0,gain_1.5|fp
fault_triggered_router,52,37,gain_1.5,fp,1.0,gain_1.5|fp
fault_triggered_router,52,52,gain_1.5,fp,1.0,gain_1.5|fp
fault_triggered_router,52,55,gain_1.5,fp,1.0,gain_1.5|fp
fault_triggered_router,52,57,gain_1.5,fp,1.0,gain_1.5|fp
fault_triggered_router,52,58,gain_1.5,fp,1.0,gain_1.5|fp
fault_triggered_router,52,8,gain_1.5,eeg+emg+imu+fp,0.3333333333333333,gain_1.5|eeg+emg+imu+fp
fault_triggered_router,52,11,gain_1.5,eeg+emg+imu+fp,0.6666666666666666,gain_1.5|eeg+emg+imu+fp
fault_triggered_router,52,12,gain_1.5,eeg+emg+imu+fp,0.2222222222222222,gain_1.5|eeg+emg+imu+fp
fault_triggered_router,52,13,gain_1.5,eeg+emg+imu+fp,0.5555555555555555,gain_1.5|eeg+emg+imu+fp
fault_triggered_router,52,30,gain_1.5,eeg+emg+imu+fp,0.5555555555555555,gain_1.5|eeg+emg+imu+fp
fault_triggered_router,52,31,gain_1.5,eeg+emg+imu+fp,0.5555555555555555,gain_1.5|eeg+emg+imu+fp
fault_triggered_router,52,37,gain_1.5,eeg+emg+imu+fp,0.2222222222222222,gain_1.5|eeg+emg+imu+fp
fault_triggered_router,52,52,gain_1.5,eeg+emg+imu+fp,0.5555555555555555,gain_1.5|eeg+emg+imu+fp
fault_triggered_router,52,55,gain_1.5,eeg+emg+imu+fp,1.0,gain_1.5|eeg+emg+imu+fp
fault_triggered_router,52,57,gain_1.5,eeg+emg+imu+fp,0.5555555555555555,gain_1.5|eeg+emg+imu+fp
fault_triggered_router,52,58,gain_1.5,eeg+emg+imu+fp,1.0,gain_1.5|eeg+emg+imu+fp
fault_triggered_router,53,8,clean,none,0.3333333333333333,clean|none
fault_triggered_router,53,11,clean,none,0.6666666666666666,clean|none
fault_triggered_router,53,12,clean,none,1.0,clean|none
fault_triggered_router,53,13,clean,none,1.0,clean|none
fault_triggered_router,53,30,clean,none,1.0,clean|none
fault_triggered_router,53,31,clean,none,1.0,clean|none
fault_triggered_router,53,37,clean,none,1.0,clean|none
fault_triggered_router,53,52,clean,none,1.0,clean|none
fault_triggered_router,53,55,clean,none,1.0,clean|none
fault_triggered_router,53,57,clean,none,1.0,clean|none
fault_triggered_router,53,58,clean,none,1.0,clean|none
fault_triggered_router,53,8,noise_10db,eeg,0.3333333333333333,noise_10db|eeg
fault_triggered_router,53,11,noise_10db,eeg,0.6666666666666666,noise_10db|eeg
fault_triggered_router,53,12,noise_10db,eeg,1.0,noise_10db|eeg
fault_triggered_router,53,13,noise_10db,eeg,1.0,noise_10db|eeg
fault_triggered_router,53,30,noise_10db,eeg,1.0,noise_10db|eeg
fault_triggered_router,53,31,noise_10db,eeg,1.0,noise_10db|eeg
fault_triggered_router,53,37,noise_10db,eeg,1.0,noise_10db|eeg
fault_triggered_router,53,52,noise_10db,eeg,1.0,noise_10db|eeg
fault_triggered_router,53,55,noise_10db,eeg,1.0,noise_10db|eeg
fault_triggered_router,53,57,noise_10db,eeg,1.0,noise_10db|eeg
fault_triggered_router,53,58,noise_10db,eeg,1.0,noise_10db|eeg
fault_triggered_router,53,8,noise_10db,emg,0.3333333333333333,noise_10db|emg
fault_triggered_router,53,11,noise_10db,emg,0.6666666666666666,noise_10db|emg
fault_triggered_router,53,12,noise_10db,emg,1.0,noise_10db|emg
fault_triggered_router,53,13,noise_10db,emg,1.0,noise_10db|emg
fault_triggered_router,53,30,noise_10db,emg,1.0,noise_10db|emg
fault_triggered_router,53,31,noise_10db,emg,1.0,noise_10db|emg
fault_triggered_router,53,37,noise_10db,emg,1.0,noise_10db|emg
fault_triggered_router,53,52,noise_10db,emg,1.0,noise_10db|emg
fault_triggered_router,53,55,noise_10db,emg,1.0,noise_10db|emg
fault_triggered_router,53,57,noise_10db,emg,1.0,noise_10db|emg
fault_triggered_router,53,58,noise_10db,emg,1.0,noise_10db|emg
fault_triggered_router,53,8,noise_10db,imu,0.3333333333333333,noise_10db|imu
fault_triggered_router,53,11,noise_10db,imu,0.6666666666666666,noise_10db|imu
fault_triggered_router,53,12,noise_10db,imu,1.0,noise_10db|imu
fault_triggered_router,53,13,noise_10db,imu,1.0,noise_10db|imu
fault_triggered_router,53,30,noise_10db,imu,1.0,noise_10db|imu
fault_triggered_router,53,31,noise_10db,imu,1.0,noise_10db|imu
fault_triggered_router,53,37,noise_10db,imu,1.0,noise_10db|imu
fault_triggered_router,53,52,noise_10db,imu,1.0,noise_10db|imu
fault_triggered_router,53,55,noise_10db,imu,1.0,noise_10db|imu
fault_triggered_router,53,57,noise_10db,imu,1.0,noise_10db|imu
fault_triggered_router,53,58,noise_10db,imu,1.0,noise_10db|imu
fault_triggered_router,53,8,noise_10db,fp,0.3333333333333333,noise_10db|fp
fault_triggered_router,53,11,noise_10db,fp,0.6666666666666666,noise_10db|fp
fault_triggered_router,53,12,noise_10db,fp,1.0,noise_10db|fp
fault_triggered_router,53,13,noise_10db,fp,1.0,noise_10db|fp
fault_triggered_router,53,30,noise_10db,fp,1.0,noise_10db|fp
fault_triggered_router,53,31,noise_10db,fp,1.0,noise_10db|fp
fault_triggered_router,53,37,noise_10db,fp,1.0,noise_10db|fp
fault_triggered_router,53,52,noise_10db,fp,1.0,noise_10db|fp
fault_triggered_router,53,55,noise_10db,fp,1.0,noise_10db|fp
fault_triggered_router,53,57,noise_10db,fp,1.0,noise_10db|fp
fault_triggered_router,53,58,noise_10db,fp,1.0,noise_10db|fp
fault_triggered_router,53,8,noise_10db,eeg+emg+imu+fp,0.3333333333333333,noise_10db|eeg+emg+imu+fp
fault_triggered_router,53,11,noise_10db,eeg+emg+imu+fp,0.6666666666666666,noise_10db|eeg+emg+imu+fp
fault_triggered_router,53,12,noise_10db,eeg+emg+imu+fp,1.0,noise_10db|eeg+emg+imu+fp
fault_triggered_router,53,13,noise_10db,eeg+emg+imu+fp,1.0,noise_10db|eeg+emg+imu+fp
fault_triggered_router,53,30,noise_10db,eeg+emg+imu+fp,1.0,noise_10db|eeg+emg+imu+fp
fault_triggered_router,53,31,noise_10db,eeg+emg+imu+fp,1.0,noise_10db|eeg+emg+imu+fp
fault_triggered_router,53,37,noise_10db,eeg+emg+imu+fp,1.0,noise_10db|eeg+emg+imu+fp
fault_triggered_router,53,52,noise_10db,eeg+emg+imu+fp,1.0,noise_10db|eeg+emg+imu+fp
fault_triggered_router,53,55,noise_10db,eeg+emg+imu+fp,1.0,noise_10db|eeg+emg+imu+fp
fault_triggered_router,53,57,noise_10db,eeg+emg+imu+fp,1.0,noise_10db|eeg+emg+imu+fp
fault_triggered_router,53,58,noise_10db,eeg+emg+imu+fp,1.0,noise_10db|eeg+emg+imu+fp
fault_triggered_router,53,8,channel_dropout_30,eeg,0.3333333333333333,channel_dropout_30|eeg
fault_triggered_router,53,11,channel_dropout_30,eeg,0.6666666666666666,channel_dropout_30|eeg
fault_triggered_router,53,12,channel_dropout_30,eeg,1.0,channel_dropout_30|eeg
fault_triggered_router,53,13,channel_dropout_30,eeg,1.0,channel_dropout_30|eeg
fault_triggered_router,53,30,channel_dropout_30,eeg,1.0,channel_dropout_30|eeg
fault_triggered_router,53,31,channel_dropout_30,eeg,1.0,channel_dropout_30|eeg
fault_triggered_router,53,37,channel_dropout_30,eeg,1.0,channel_dropout_30|eeg
fault_triggered_router,53,52,channel_dropout_30,eeg,1.0,channel_dropout_30|eeg
fault_triggered_router,53,55,channel_dropout_30,eeg,1.0,channel_dropout_30|eeg
fault_triggered_router,53,57,channel_dropout_30,eeg,1.0,channel_dropout_30|eeg
fault_triggered_router,53,58,channel_dropout_30,eeg,1.0,channel_dropout_30|eeg
fault_triggered_router,53,8,channel_dropout_30,emg,0.3333333333333333,channel_dropout_30|emg
fault_triggered_router,53,11,channel_dropout_30,emg,0.6666666666666666,channel_dropout_30|emg
fault_triggered_router,53,12,channel_dropout_30,emg,1.0,channel_dropout_30|emg
fault_triggered_router,53,13,channel_dropout_30,emg,1.0,channel_dropout_30|emg
fault_triggered_router,53,30,channel_dropout_30,emg,1.0,channel_dropout_30|emg
fault_triggered_router,53,31,channel_dropout_30,emg,1.0,channel_dropout_30|emg
fault_triggered_router,53,37,channel_dropout_30,emg,1.0,channel_dropout_30|emg
fault_triggered_router,53,52,channel_dropout_30,emg,1.0,channel_dropout_30|emg
fault_triggered_router,53,55,channel_dropout_30,emg,1.0,channel_dropout_30|emg
fault_triggered_router,53,57,channel_dropout_30,emg,1.0,channel_dropout_30|emg
fault_triggered_router,53,58,channel_dropout_30,emg,1.0,channel_dropout_30|emg
fault_triggered_router,53,8,channel_dropout_30,imu,0.0,channel_dropout_30|imu
fault_triggered_router,53,11,channel_dropout_30,imu,0.2222222222222222,channel_dropout_30|imu
fault_triggered_router,53,12,channel_dropout_30,imu,1.0,channel_dropout_30|imu
fault_triggered_router,53,13,channel_dropout_30,imu,1.0,channel_dropout_30|imu
fault_triggered_router,53,30,channel_dropout_30,imu,1.0,channel_dropout_30|imu
fault_triggered_router,53,31,channel_dropout_30,imu,1.0,channel_dropout_30|imu
fault_triggered_router,53,37,channel_dropout_30,imu,1.0,channel_dropout_30|imu
fault_triggered_router,53,52,channel_dropout_30,imu,0.5555555555555555,channel_dropout_30|imu
fault_triggered_router,53,55,channel_dropout_30,imu,0.5555555555555555,channel_dropout_30|imu
fault_triggered_router,53,57,channel_dropout_30,imu,0.2222222222222222,channel_dropout_30|imu
fault_triggered_router,53,58,channel_dropout_30,imu,1.0,channel_dropout_30|imu
fault_triggered_router,53,8,channel_dropout_30,fp,0.3333333333333333,channel_dropout_30|fp
fault_triggered_router,53,11,channel_dropout_30,fp,0.6666666666666666,channel_dropout_30|fp
fault_triggered_router,53,12,channel_dropout_30,fp,1.0,channel_dropout_30|fp
fault_triggered_router,53,13,channel_dropout_30,fp,1.0,channel_dropout_30|fp
fault_triggered_router,53,30,channel_dropout_30,fp,1.0,channel_dropout_30|fp
fault_triggered_router,53,31,channel_dropout_30,fp,1.0,channel_dropout_30|fp
fault_triggered_router,53,37,channel_dropout_30,fp,1.0,channel_dropout_30|fp
fault_triggered_router,53,52,channel_dropout_30,fp,1.0,channel_dropout_30|fp
fault_triggered_router,53,55,channel_dropout_30,fp,1.0,channel_dropout_30|fp
fault_triggered_router,53,57,channel_dropout_30,fp,1.0,channel_dropout_30|fp
fault_triggered_router,53,58,channel_dropout_30,fp,1.0,channel_dropout_30|fp
fault_triggered_router,53,8,channel_dropout_30,eeg+emg+imu+fp,0.3333333333333333,channel_dropout_30|eeg+emg+imu+fp
fault_triggered_router,53,11,channel_dropout_30,eeg+emg+imu+fp,0.6666666666666666,channel_dropout_30|eeg+emg+imu+fp
fault_triggered_router,53,12,channel_dropout_30,eeg+emg+imu+fp,1.0,channel_dropout_30|eeg+emg+imu+fp
fault_triggered_router,53,13,channel_dropout_30,eeg+emg+imu+fp,1.0,channel_dropout_30|eeg+emg+imu+fp
fault_triggered_router,53,30,channel_dropout_30,eeg+emg+imu+fp,0.5555555555555555,channel_dropout_30|eeg+emg+imu+fp
fault_triggered_router,53,31,channel_dropout_30,eeg+emg+imu+fp,0.2222222222222222,channel_dropout_30|eeg+emg+imu+fp
fault_triggered_router,53,37,channel_dropout_30,eeg+emg+imu+fp,0.2222222222222222,channel_dropout_30|eeg+emg+imu+fp
fault_triggered_router,53,52,channel_dropout_30,eeg+emg+imu+fp,0.5555555555555555,channel_dropout_30|eeg+emg+imu+fp
fault_triggered_router,53,55,channel_dropout_30,eeg+emg+imu+fp,0.2222222222222222,channel_dropout_30|eeg+emg+imu+fp
fault_triggered_router,53,57,channel_dropout_30,eeg+emg+imu+fp,0.2222222222222222,channel_dropout_30|eeg+emg+imu+fp
fault_triggered_router,53,58,channel_dropout_30,eeg+emg+imu+fp,0.2222222222222222,channel_dropout_30|eeg+emg+imu+fp
fault_triggered_router,53,8,structured_dropout_30,eeg,0.3333333333333333,structured_dropout_30|eeg
fault_triggered_router,53,11,structured_dropout_30,eeg,0.6666666666666666,structured_dropout_30|eeg
fault_triggered_router,53,12,structured_dropout_30,eeg,1.0,structured_dropout_30|eeg
fault_triggered_router,53,13,structured_dropout_30,eeg,1.0,structured_dropout_30|eeg
fault_triggered_router,53,30,structured_dropout_30,eeg,1.0,structured_dropout_30|eeg
fault_triggered_router,53,31,structured_dropout_30,eeg,1.0,structured_dropout_30|eeg
fault_triggered_router,53,37,structured_dropout_30,eeg,1.0,structured_dropout_30|eeg
fault_triggered_router,53,52,structured_dropout_30,eeg,1.0,structured_dropout_30|eeg
fault_triggered_router,53,55,structured_dropout_30,eeg,1.0,structured_dropout_30|eeg
fault_triggered_router,53,57,structured_dropout_30,eeg,1.0,structured_dropout_30|eeg
fault_triggered_router,53,58,structured_dropout_30,eeg,1.0,structured_dropout_30|eeg
fault_triggered_router,53,8,structured_dropout_30,emg,0.3333333333333333,structured_dropout_30|emg
fault_triggered_router,53,11,structured_dropout_30,emg,0.6666666666666666,structured_dropout_30|emg
fault_triggered_router,53,12,structured_dropout_30,emg,1.0,structured_dropout_30|emg
fault_triggered_router,53,13,structured_dropout_30,emg,1.0,structured_dropout_30|emg
fault_triggered_router,53,30,structured_dropout_30,emg,1.0,structured_dropout_30|emg
fault_triggered_router,53,31,structured_dropout_30,emg,1.0,structured_dropout_30|emg
fault_triggered_router,53,37,structured_dropout_30,emg,1.0,structured_dropout_30|emg
fault_triggered_router,53,52,structured_dropout_30,emg,1.0,structured_dropout_30|emg
fault_triggered_router,53,55,structured_dropout_30,emg,1.0,structured_dropout_30|emg
fault_triggered_router,53,57,structured_dropout_30,emg,1.0,structured_dropout_30|emg
fault_triggered_router,53,58,structured_dropout_30,emg,1.0,structured_dropout_30|emg
fault_triggered_router,53,8,structured_dropout_30,imu,0.0,structured_dropout_30|imu
fault_triggered_router,53,11,structured_dropout_30,imu,0.2222222222222222,structured_dropout_30|imu
fault_triggered_router,53,12,structured_dropout_30,imu,1.0,structured_dropout_30|imu
fault_triggered_router,53,13,structured_dropout_30,imu,1.0,structured_dropout_30|imu
fault_triggered_router,53,30,structured_dropout_30,imu,0.5555555555555555,structured_dropout_30|imu
fault_triggered_router,53,31,structured_dropout_30,imu,1.0,structured_dropout_30|imu
fault_triggered_router,53,37,structured_dropout_30,imu,1.0,structured_dropout_30|imu
fault_triggered_router,53,52,structured_dropout_30,imu,1.0,structured_dropout_30|imu
fault_triggered_router,53,55,structured_dropout_30,imu,0.2222222222222222,structured_dropout_30|imu
fault_triggered_router,53,57,structured_dropout_30,imu,1.0,structured_dropout_30|imu
fault_triggered_router,53,58,structured_dropout_30,imu,1.0,structured_dropout_30|imu
fault_triggered_router,53,8,structured_dropout_30,fp,0.3333333333333333,structured_dropout_30|fp
fault_triggered_router,53,11,structured_dropout_30,fp,0.6666666666666666,structured_dropout_30|fp
fault_triggered_router,53,12,structured_dropout_30,fp,1.0,structured_dropout_30|fp
fault_triggered_router,53,13,structured_dropout_30,fp,1.0,structured_dropout_30|fp
fault_triggered_router,53,30,structured_dropout_30,fp,1.0,structured_dropout_30|fp
fault_triggered_router,53,31,structured_dropout_30,fp,1.0,structured_dropout_30|fp
fault_triggered_router,53,37,structured_dropout_30,fp,1.0,structured_dropout_30|fp
fault_triggered_router,53,52,structured_dropout_30,fp,1.0,structured_dropout_30|fp
fault_triggered_router,53,55,structured_dropout_30,fp,1.0,structured_dropout_30|fp
fault_triggered_router,53,57,structured_dropout_30,fp,1.0,structured_dropout_30|fp
fault_triggered_router,53,58,structured_dropout_30,fp,1.0,structured_dropout_30|fp
fault_triggered_router,53,8,structured_dropout_30,eeg+emg+imu+fp,0.0,structured_dropout_30|eeg+emg+imu+fp
fault_triggered_router,53,11,structured_dropout_30,eeg+emg+imu+fp,0.6666666666666666,structured_dropout_30|eeg+emg+imu+fp
fault_triggered_router,53,12,structured_dropout_30,eeg+emg+imu+fp,0.5555555555555555,structured_dropout_30|eeg+emg+imu+fp
fault_triggered_router,53,13,structured_dropout_30,eeg+emg+imu+fp,0.2222222222222222,structured_dropout_30|eeg+emg+imu+fp
fault_triggered_router,53,30,structured_dropout_30,eeg+emg+imu+fp,0.5555555555555555,structured_dropout_30|eeg+emg+imu+fp
fault_triggered_router,53,31,structured_dropout_30,eeg+emg+imu+fp,1.0,structured_dropout_30|eeg+emg+imu+fp
fault_triggered_router,53,37,structured_dropout_30,eeg+emg+imu+fp,0.5555555555555555,structured_dropout_30|eeg+emg+imu+fp
fault_triggered_router,53,52,structured_dropout_30,eeg+emg+imu+fp,0.5555555555555555,structured_dropout_30|eeg+emg+imu+fp
fault_triggered_router,53,55,structured_dropout_30,eeg+emg+imu+fp,0.2222222222222222,structured_dropout_30|eeg+emg+imu+fp
fault_triggered_router,53,57,structured_dropout_30,eeg+emg+imu+fp,1.0,structured_dropout_30|eeg+emg+imu+fp
fault_triggered_router,53,58,structured_dropout_30,eeg+emg+imu+fp,1.0,structured_dropout_30|eeg+emg+imu+fp
fault_triggered_router,53,8,packet_loss_30,eeg,0.3333333333333333,packet_loss_30|eeg
fault_triggered_router,53,11,packet_loss_30,eeg,0.6666666666666666,packet_loss_30|eeg
fault_triggered_router,53,12,packet_loss_30,eeg,1.0,packet_loss_30|eeg
fault_triggered_router,53,13,packet_loss_30,eeg,1.0,packet_loss_30|eeg
fault_triggered_router,53,30,packet_loss_30,eeg,1.0,packet_loss_30|eeg
fault_triggered_router,53,31,packet_loss_30,eeg,1.0,packet_loss_30|eeg
fault_triggered_router,53,37,packet_loss_30,eeg,1.0,packet_loss_30|eeg
fault_triggered_router,53,52,packet_loss_30,eeg,1.0,packet_loss_30|eeg
fault_triggered_router,53,55,packet_loss_30,eeg,1.0,packet_loss_30|eeg
fault_triggered_router,53,57,packet_loss_30,eeg,1.0,packet_loss_30|eeg
fault_triggered_router,53,58,packet_loss_30,eeg,1.0,packet_loss_30|eeg
fault_triggered_router,53,8,packet_loss_30,emg,0.3333333333333333,packet_loss_30|emg
fault_triggered_router,53,11,packet_loss_30,emg,0.6666666666666666,packet_loss_30|emg
fault_triggered_router,53,12,packet_loss_30,emg,1.0,packet_loss_30|emg
fault_triggered_router,53,13,packet_loss_30,emg,1.0,packet_loss_30|emg
fault_triggered_router,53,30,packet_loss_30,emg,1.0,packet_loss_30|emg
fault_triggered_router,53,31,packet_loss_30,emg,1.0,packet_loss_30|emg
fault_triggered_router,53,37,packet_loss_30,emg,1.0,packet_loss_30|emg
fault_triggered_router,53,52,packet_loss_30,emg,1.0,packet_loss_30|emg
fault_triggered_router,53,55,packet_loss_30,emg,1.0,packet_loss_30|emg
fault_triggered_router,53,57,packet_loss_30,emg,1.0,packet_loss_30|emg
fault_triggered_router,53,58,packet_loss_30,emg,1.0,packet_loss_30|emg
fault_triggered_router,53,8,packet_loss_30,imu,0.3333333333333333,packet_loss_30|imu
fault_triggered_router,53,11,packet_loss_30,imu,0.2222222222222222,packet_loss_30|imu
fault_triggered_router,53,12,packet_loss_30,imu,1.0,packet_loss_30|imu
fault_triggered_router,53,13,packet_loss_30,imu,1.0,packet_loss_30|imu
fault_triggered_router,53,30,packet_loss_30,imu,1.0,packet_loss_30|imu
fault_triggered_router,53,31,packet_loss_30,imu,1.0,packet_loss_30|imu
fault_triggered_router,53,37,packet_loss_30,imu,1.0,packet_loss_30|imu
fault_triggered_router,53,52,packet_loss_30,imu,1.0,packet_loss_30|imu
fault_triggered_router,53,55,packet_loss_30,imu,0.5555555555555555,packet_loss_30|imu
fault_triggered_router,53,57,packet_loss_30,imu,1.0,packet_loss_30|imu
fault_triggered_router,53,58,packet_loss_30,imu,1.0,packet_loss_30|imu
fault_triggered_router,53,8,packet_loss_30,fp,0.3333333333333333,packet_loss_30|fp
fault_triggered_router,53,11,packet_loss_30,fp,0.6666666666666666,packet_loss_30|fp
fault_triggered_router,53,12,packet_loss_30,fp,1.0,packet_loss_30|fp
fault_triggered_router,53,13,packet_loss_30,fp,1.0,packet_loss_30|fp
fault_triggered_router,53,30,packet_loss_30,fp,1.0,packet_loss_30|fp
fault_triggered_router,53,31,packet_loss_30,fp,1.0,packet_loss_30|fp
fault_triggered_router,53,37,packet_loss_30,fp,1.0,packet_loss_30|fp
fault_triggered_router,53,52,packet_loss_30,fp,1.0,packet_loss_30|fp
fault_triggered_router,53,55,packet_loss_30,fp,1.0,packet_loss_30|fp
fault_triggered_router,53,57,packet_loss_30,fp,1.0,packet_loss_30|fp
fault_triggered_router,53,58,packet_loss_30,fp,1.0,packet_loss_30|fp
fault_triggered_router,53,8,packet_loss_30,eeg+emg+imu+fp,0.3333333333333333,packet_loss_30|eeg+emg+imu+fp
fault_triggered_router,53,11,packet_loss_30,eeg+emg+imu+fp,0.2222222222222222,packet_loss_30|eeg+emg+imu+fp
fault_triggered_router,53,12,packet_loss_30,eeg+emg+imu+fp,1.0,packet_loss_30|eeg+emg+imu+fp
fault_triggered_router,53,13,packet_loss_30,eeg+emg+imu+fp,1.0,packet_loss_30|eeg+emg+imu+fp
fault_triggered_router,53,30,packet_loss_30,eeg+emg+imu+fp,1.0,packet_loss_30|eeg+emg+imu+fp
fault_triggered_router,53,31,packet_loss_30,eeg+emg+imu+fp,1.0,packet_loss_30|eeg+emg+imu+fp
fault_triggered_router,53,37,packet_loss_30,eeg+emg+imu+fp,1.0,packet_loss_30|eeg+emg+imu+fp
fault_triggered_router,53,52,packet_loss_30,eeg+emg+imu+fp,1.0,packet_loss_30|eeg+emg+imu+fp
fault_triggered_router,53,55,packet_loss_30,eeg+emg+imu+fp,0.5555555555555555,packet_loss_30|eeg+emg+imu+fp
fault_triggered_router,53,57,packet_loss_30,eeg+emg+imu+fp,1.0,packet_loss_30|eeg+emg+imu+fp
fault_triggered_router,53,58,packet_loss_30,eeg+emg+imu+fp,1.0,packet_loss_30|eeg+emg+imu+fp
fault_triggered_router,53,8,shift_250ms,eeg,0.3333333333333333,shift_250ms|eeg
fault_triggered_router,53,11,shift_250ms,eeg,0.6666666666666666,shift_250ms|eeg
fault_triggered_router,53,12,shift_250ms,eeg,1.0,shift_250ms|eeg
fault_triggered_router,53,13,shift_250ms,eeg,1.0,shift_250ms|eeg
fault_triggered_router,53,30,shift_250ms,eeg,1.0,shift_250ms|eeg
fault_triggered_router,53,31,shift_250ms,eeg,1.0,shift_250ms|eeg
fault_triggered_router,53,37,shift_250ms,eeg,1.0,shift_250ms|eeg
fault_triggered_router,53,52,shift_250ms,eeg,1.0,shift_250ms|eeg
fault_triggered_router,53,55,shift_250ms,eeg,1.0,shift_250ms|eeg
fault_triggered_router,53,57,shift_250ms,eeg,1.0,shift_250ms|eeg
fault_triggered_router,53,58,shift_250ms,eeg,1.0,shift_250ms|eeg
fault_triggered_router,53,8,shift_250ms,emg,0.3333333333333333,shift_250ms|emg
fault_triggered_router,53,11,shift_250ms,emg,0.6666666666666666,shift_250ms|emg
fault_triggered_router,53,12,shift_250ms,emg,1.0,shift_250ms|emg
fault_triggered_router,53,13,shift_250ms,emg,1.0,shift_250ms|emg
fault_triggered_router,53,30,shift_250ms,emg,1.0,shift_250ms|emg
fault_triggered_router,53,31,shift_250ms,emg,1.0,shift_250ms|emg
fault_triggered_router,53,37,shift_250ms,emg,1.0,shift_250ms|emg
fault_triggered_router,53,52,shift_250ms,emg,1.0,shift_250ms|emg
fault_triggered_router,53,55,shift_250ms,emg,1.0,shift_250ms|emg
fault_triggered_router,53,57,shift_250ms,emg,1.0,shift_250ms|emg
fault_triggered_router,53,58,shift_250ms,emg,1.0,shift_250ms|emg
fault_triggered_router,53,8,shift_250ms,imu,0.3333333333333333,shift_250ms|imu
fault_triggered_router,53,11,shift_250ms,imu,0.6666666666666666,shift_250ms|imu
fault_triggered_router,53,12,shift_250ms,imu,1.0,shift_250ms|imu
fault_triggered_router,53,13,shift_250ms,imu,1.0,shift_250ms|imu
fault_triggered_router,53,30,shift_250ms,imu,1.0,shift_250ms|imu
fault_triggered_router,53,31,shift_250ms,imu,1.0,shift_250ms|imu
fault_triggered_router,53,37,shift_250ms,imu,1.0,shift_250ms|imu
fault_triggered_router,53,52,shift_250ms,imu,1.0,shift_250ms|imu
fault_triggered_router,53,55,shift_250ms,imu,0.5555555555555555,shift_250ms|imu
fault_triggered_router,53,57,shift_250ms,imu,1.0,shift_250ms|imu
fault_triggered_router,53,58,shift_250ms,imu,1.0,shift_250ms|imu
fault_triggered_router,53,8,shift_250ms,fp,0.3333333333333333,shift_250ms|fp
fault_triggered_router,53,11,shift_250ms,fp,0.6666666666666666,shift_250ms|fp
fault_triggered_router,53,12,shift_250ms,fp,1.0,shift_250ms|fp
fault_triggered_router,53,13,shift_250ms,fp,1.0,shift_250ms|fp
fault_triggered_router,53,30,shift_250ms,fp,1.0,shift_250ms|fp
fault_triggered_router,53,31,shift_250ms,fp,1.0,shift_250ms|fp
fault_triggered_router,53,37,shift_250ms,fp,1.0,shift_250ms|fp
fault_triggered_router,53,52,shift_250ms,fp,1.0,shift_250ms|fp
fault_triggered_router,53,55,shift_250ms,fp,1.0,shift_250ms|fp
fault_triggered_router,53,57,shift_250ms,fp,1.0,shift_250ms|fp
fault_triggered_router,53,58,shift_250ms,fp,1.0,shift_250ms|fp
fault_triggered_router,53,8,shift_250ms,eeg+emg+imu+fp,0.3333333333333333,shift_250ms|eeg+emg+imu+fp
fault_triggered_router,53,11,shift_250ms,eeg+emg+imu+fp,0.6666666666666666,shift_250ms|eeg+emg+imu+fp
fault_triggered_router,53,12,shift_250ms,eeg+emg+imu+fp,1.0,shift_250ms|eeg+emg+imu+fp
fault_triggered_router,53,13,shift_250ms,eeg+emg+imu+fp,1.0,shift_250ms|eeg+emg+imu+fp
fault_triggered_router,53,30,shift_250ms,eeg+emg+imu+fp,1.0,shift_250ms|eeg+emg+imu+fp
fault_triggered_router,53,31,shift_250ms,eeg+emg+imu+fp,1.0,shift_250ms|eeg+emg+imu+fp
fault_triggered_router,53,37,shift_250ms,eeg+emg+imu+fp,1.0,shift_250ms|eeg+emg+imu+fp
fault_triggered_router,53,52,shift_250ms,eeg+emg+imu+fp,1.0,shift_250ms|eeg+emg+imu+fp
fault_triggered_router,53,55,shift_250ms,eeg+emg+imu+fp,0.5555555555555555,shift_250ms|eeg+emg+imu+fp
fault_triggered_router,53,57,shift_250ms,eeg+emg+imu+fp,1.0,shift_250ms|eeg+emg+imu+fp
fault_triggered_router,53,58,shift_250ms,eeg+emg+imu+fp,1.0,shift_250ms|eeg+emg+imu+fp
fault_triggered_router,53,8,gain_1.5,eeg,0.3333333333333333,gain_1.5|eeg
fault_triggered_router,53,11,gain_1.5,eeg,0.6666666666666666,gain_1.5|eeg
fault_triggered_router,53,12,gain_1.5,eeg,1.0,gain_1.5|eeg
fault_triggered_router,53,13,gain_1.5,eeg,1.0,gain_1.5|eeg
fault_triggered_router,53,30,gain_1.5,eeg,1.0,gain_1.5|eeg
fault_triggered_router,53,31,gain_1.5,eeg,1.0,gain_1.5|eeg
fault_triggered_router,53,37,gain_1.5,eeg,1.0,gain_1.5|eeg
fault_triggered_router,53,52,gain_1.5,eeg,1.0,gain_1.5|eeg
fault_triggered_router,53,55,gain_1.5,eeg,1.0,gain_1.5|eeg
fault_triggered_router,53,57,gain_1.5,eeg,1.0,gain_1.5|eeg
fault_triggered_router,53,58,gain_1.5,eeg,1.0,gain_1.5|eeg
fault_triggered_router,53,8,gain_1.5,emg,0.3333333333333333,gain_1.5|emg
fault_triggered_router,53,11,gain_1.5,emg,0.6666666666666666,gain_1.5|emg
fault_triggered_router,53,12,gain_1.5,emg,1.0,gain_1.5|emg
fault_triggered_router,53,13,gain_1.5,emg,1.0,gain_1.5|emg
fault_triggered_router,53,30,gain_1.5,emg,1.0,gain_1.5|emg
fault_triggered_router,53,31,gain_1.5,emg,1.0,gain_1.5|emg
fault_triggered_router,53,37,gain_1.5,emg,1.0,gain_1.5|emg
fault_triggered_router,53,52,gain_1.5,emg,1.0,gain_1.5|emg
fault_triggered_router,53,55,gain_1.5,emg,1.0,gain_1.5|emg
fault_triggered_router,53,57,gain_1.5,emg,1.0,gain_1.5|emg
fault_triggered_router,53,58,gain_1.5,emg,1.0,gain_1.5|emg
fault_triggered_router,53,8,gain_1.5,imu,0.3333333333333333,gain_1.5|imu
fault_triggered_router,53,11,gain_1.5,imu,0.6666666666666666,gain_1.5|imu
fault_triggered_router,53,12,gain_1.5,imu,0.2222222222222222,gain_1.5|imu
fault_triggered_router,53,13,gain_1.5,imu,1.0,gain_1.5|imu
fault_triggered_router,53,30,gain_1.5,imu,1.0,gain_1.5|imu
fault_triggered_router,53,31,gain_1.5,imu,0.2222222222222222,gain_1.5|imu
fault_triggered_router,53,37,gain_1.5,imu,0.5555555555555555,gain_1.5|imu
fault_triggered_router,53,52,gain_1.5,imu,1.0,gain_1.5|imu
fault_triggered_router,53,55,gain_1.5,imu,0.5555555555555555,gain_1.5|imu
fault_triggered_router,53,57,gain_1.5,imu,1.0,gain_1.5|imu
fault_triggered_router,53,58,gain_1.5,imu,1.0,gain_1.5|imu
fault_triggered_router,53,8,gain_1.5,fp,0.3333333333333333,gain_1.5|fp
fault_triggered_router,53,11,gain_1.5,fp,0.6666666666666666,gain_1.5|fp
fault_triggered_router,53,12,gain_1.5,fp,1.0,gain_1.5|fp
fault_triggered_router,53,13,gain_1.5,fp,1.0,gain_1.5|fp
fault_triggered_router,53,30,gain_1.5,fp,1.0,gain_1.5|fp
fault_triggered_router,53,31,gain_1.5,fp,1.0,gain_1.5|fp
fault_triggered_router,53,37,gain_1.5,fp,1.0,gain_1.5|fp
fault_triggered_router,53,52,gain_1.5,fp,1.0,gain_1.5|fp
fault_triggered_router,53,55,gain_1.5,fp,1.0,gain_1.5|fp
fault_triggered_router,53,57,gain_1.5,fp,1.0,gain_1.5|fp
fault_triggered_router,53,58,gain_1.5,fp,1.0,gain_1.5|fp
fault_triggered_router,53,8,gain_1.5,eeg+emg+imu+fp,0.3333333333333333,gain_1.5|eeg+emg+imu+fp
fault_triggered_router,53,11,gain_1.5,eeg+emg+imu+fp,0.6666666666666666,gain_1.5|eeg+emg+imu+fp
fault_triggered_router,53,12,gain_1.5,eeg+emg+imu+fp,0.2222222222222222,gain_1.5|eeg+emg+imu+fp
fault_triggered_router,53,13,gain_1.5,eeg+emg+imu+fp,0.5555555555555555,gain_1.5|eeg+emg+imu+fp
fault_triggered_router,53,30,gain_1.5,eeg+emg+imu+fp,0.2222222222222222,gain_1.5|eeg+emg+imu+fp
fault_triggered_router,53,31,gain_1.5,eeg+emg+imu+fp,0.2222222222222222,gain_1.5|eeg+emg+imu+fp
fault_triggered_router,53,37,gain_1.5,eeg+emg+imu+fp,0.5555555555555555,gain_1.5|eeg+emg+imu+fp
fault_triggered_router,53,52,gain_1.5,eeg+emg+imu+fp,0.5555555555555555,gain_1.5|eeg+emg+imu+fp
fault_triggered_router,53,55,gain_1.5,eeg+emg+imu+fp,0.5555555555555555,gain_1.5|eeg+emg+imu+fp
fault_triggered_router,53,57,gain_1.5,eeg+emg+imu+fp,0.2222222222222222,gain_1.5|eeg+emg+imu+fp
fault_triggered_router,53,58,gain_1.5,eeg+emg+imu+fp,0.5555555555555555,gain_1.5|eeg+emg+imu+fp
