method,seed,subject,endpoint,macro_f1
adapt_adaptation,51,1,mean_15,0.7407407407407407
adapt_adaptation,51,1,incomplete_14,0.7222222222222222
adapt_adaptation,51,1,full,1.0
adapt_adaptation,51,1,single_modality_mean,0.5694444444444444
adapt_adaptation,51,10,mean_15,0.725925925925926
adapt_adaptation,51,10,incomplete_14,0.7063492063492064
adapt_adaptation,51,10,full,1.0
adapt_adaptation,51,10,single_modality_mean,0.5
adapt_adaptation,51,15,mean_15,0.6666666666666665
adapt_adaptation,51,15,incomplete_14,0.6428571428571427
adapt_adaptation,51,15,full,1.0
adapt_adaptation,51,15,single_modality_mean,0.5
adapt_adaptation,51,19,mean_15,0.9444444444444445
adapt_adaptation,51,19,incomplete_14,0.9404761904761906
adapt_adaptation,51,19,full,1.0
adapt_adaptation,51,19,single_modality_mean,0.7916666666666666
adapt_adaptation,51,36,mean_15,0.5185185185185185
adapt_adaptation,51,36,incomplete_14,0.5158730158730159
adapt_adaptation,51,36,full,0.5555555555555555
adapt_adaptation,51,36,single_modality_mean,0.41666666666666674
adapt_adaptation,51,39,mean_15,0.8666666666666667
adapt_adaptation,51,39,incomplete_14,0.8571428571428571
adapt_adaptation,51,39,full,1.0
adapt_adaptation,51,39,single_modality_mean,0.6944444444444444
adapt_adaptation,51,40,mean_15,0.9703703703703703
adapt_adaptation,51,40,incomplete_14,0.9682539682539683
adapt_adaptation,51,40,full,1.0
adapt_adaptation,51,40,single_modality_mean,0.8888888888888888
adapt_adaptation,51,43,mean_15,0.5777777777777778
adapt_adaptation,51,43,incomplete_14,0.5714285714285715
adapt_adaptation,51,43,full,0.6666666666666666
adapt_adaptation,51,43,single_modality_mean,0.4444444444444444
adapt_adaptation,51,48,mean_15,0.8962962962962961
adapt_adaptation,51,48,incomplete_14,0.8888888888888887
adapt_adaptation,51,48,full,1.0
adapt_adaptation,51,48,single_modality_mean,0.8055555555555556
adapt_adaptation,51,49,mean_15,0.825925925925926
adapt_adaptation,51,49,incomplete_14,0.8134920634920635
adapt_adaptation,51,49,full,1.0
adapt_adaptation,51,49,single_modality_mean,0.6805555555555555
adapt_adaptation,51,59,mean_15,0.9703703703703703
adapt_adaptation,51,59,incomplete_14,0.9682539682539683
adapt_adaptation,51,59,full,1.0
adapt_adaptation,51,59,single_modality_mean,0.8888888888888888
centaur_adaptation,51,1,mean_15,0.9111111111111111
centaur_adaptation,51,1,incomplete_14,0.9047619047619048
centaur_adaptation,51,1,full,1.0
centaur_adaptation,51,1,single_modality_mean,0.7777777777777777
centaur_adaptation,51,10,mean_15,0.5592592592592592
centaur_adaptation,51,10,incomplete_14,0.5595238095238095
centaur_adaptation,51,10,full,0.5555555555555555
centaur_adaptation,51,10,single_modality_mean,0.4861111111111111
centaur_adaptation,51,15,mean_15,0.8074074074074074
centaur_adaptation,51,15,incomplete_14,0.7936507936507936
centaur_adaptation,51,15,full,1.0
centaur_adaptation,51,15,single_modality_mean,0.5833333333333333
centaur_adaptation,51,19,mean_15,0.8444444444444444
centaur_adaptation,51,19,incomplete_14,0.8333333333333333
centaur_adaptation,51,19,full,1.0
centaur_adaptation,51,19,single_modality_mean,0.6111111111111112
centaur_adaptation,51,36,mean_15,0.837037037037037
centaur_adaptation,51,36,incomplete_14,0.8253968253968254
centaur_adaptation,51,36,full,1.0
centaur_adaptation,51,36,single_modality_mean,0.5972222222222222
centaur_adaptation,51,39,mean_15,0.8592592592592592
centaur_adaptation,51,39,incomplete_14,0.8492063492063491
centaur_adaptation,51,39,full,1.0
centaur_adaptation,51,39,single_modality_mean,0.6805555555555555
centaur_adaptation,51,40,mean_15,0.9703703703703703
centaur_adaptation,51,40,incomplete_14,0.9682539682539683
centaur_adaptation,51,40,full,1.0
centaur_adaptation,51,40,single_modality_mean,0.8888888888888888
centaur_adaptation,51,43,mean_15,0.6074074074074075
centaur_adaptation,51,43,incomplete_14,0.6031746031746034
centaur_adaptation,51,43,full,0.6666666666666666
centaur_adaptation,51,43,single_modality_mean,0.4444444444444444
centaur_adaptation,51,48,mean_15,0.8
centaur_adaptation,51,48,incomplete_14,0.7857142857142857
centaur_adaptation,51,48,full,1.0
centaur_adaptation,51,48,single_modality_mean,0.7916666666666666
centaur_adaptation,51,49,mean_15,0.8851851851851851
centaur_adaptation,51,49,incomplete_14,0.8769841269841269
centaur_adaptation,51,49,full,1.0
centaur_adaptation,51,49,single_modality_mean,0.6805555555555555
centaur_adaptation,51,59,mean_15,0.8851851851851851
centaur_adaptation,51,59,incomplete_14,0.8769841269841269
centaur_adaptation,51,59,full,1.0
centaur_adaptation,51,59,single_modality_mean,0.6805555555555555
cimsleepnet_adaptation,51,1,mean_15,0.8629629629629628
cimsleepnet_adaptation,51,1,incomplete_14,0.853174603174603
cimsleepnet_adaptation,51,1,full,1.0
cimsleepnet_adaptation,51,1,single_modality_mean,0.6805555555555555
cimsleepnet_adaptation,51,10,mean_15,0.8407407407407407
cimsleepnet_adaptation,51,10,incomplete_14,0.8293650793650793
cimsleepnet_adaptation,51,10,full,1.0
cimsleepnet_adaptation,51,10,single_modality_mean,0.5972222222222222
cimsleepnet_adaptation,51,15,mean_15,0.8592592592592592
cimsleepnet_adaptation,51,15,incomplete_14,0.8492063492063491
cimsleepnet_adaptation,51,15,full,1.0
cimsleepnet_adaptation,51,15,single_modality_mean,0.6805555555555555
cimsleepnet_adaptation,51,19,mean_15,0.9111111111111111
cimsleepnet_adaptation,51,19,incomplete_14,0.9047619047619048
cimsleepnet_adaptation,51,19,full,1.0
cimsleepnet_adaptation,51,19,single_modality_mean,0.7777777777777777
cimsleepnet_adaptation,51,36,mean_15,0.6185185185185185
cimsleepnet_adaptation,51,36,incomplete_14,0.6230158730158729
cimsleepnet_adaptation,51,36,full,0.5555555555555555
cimsleepnet_adaptation,51,36,single_modality_mean,0.5972222222222222
cimsleepnet_adaptation,51,39,mean_15,0.7407407407407406
cimsleepnet_adaptation,51,39,incomplete_14,0.7222222222222221
cimsleepnet_adaptation,51,39,full,1.0
cimsleepnet_adaptation,51,39,single_modality_mean,0.6805555555555555
cimsleepnet_adaptation,51,40,mean_15,0.9407407407407408
cimsleepnet_adaptation,51,40,incomplete_14,0.9365079365079365
cimsleepnet_adaptation,51,40,full,1.0
cimsleepnet_adaptation,51,40,single_modality_mean,0.8888888888888888
cimsleepnet_adaptation,51,43,mean_15,0.5777777777777778
cimsleepnet_adaptation,51,43,incomplete_14,0.5714285714285715
cimsleepnet_adaptation,51,43,full,0.6666666666666666
cimsleepnet_adaptation,51,43,single_modality_mean,0.4444444444444444
cimsleepnet_adaptation,51,48,mean_15,0.9259259259259258
cimsleepnet_adaptation,51,48,incomplete_14,0.9206349206349206
cimsleepnet_adaptation,51,48,full,1.0
cimsleepnet_adaptation,51,48,single_modality_mean,0.8333333333333334
cimsleepnet_adaptation,51,49,mean_15,0.7740740740740739
cimsleepnet_adaptation,51,49,incomplete_14,0.7579365079365078
cimsleepnet_adaptation,51,49,full,1.0
cimsleepnet_adaptation,51,49,single_modality_mean,0.6805555555555555
cimsleepnet_adaptation,51,59,mean_15,0.8555555555555556
cimsleepnet_adaptation,51,59,incomplete_14,0.8452380952380952
cimsleepnet_adaptation,51,59,full,1.0
cimsleepnet_adaptation,51,59,single_modality_mean,0.6805555555555555
adapt_adaptation,52,1,mean_15,0.888888888888889
adapt_adaptation,52,1,incomplete_14,0.880952380952381
adapt_adaptation,52,1,full,1.0
adapt_adaptation,52,1,single_modality_mean,0.7916666666666666
adapt_adaptation,52,10,mean_15,0.837037037037037
adapt_adaptation,52,10,incomplete_14,0.8253968253968254
adapt_adaptation,52,10,full,1.0
adapt_adaptation,52,10,single_modality_mean,0.5972222222222222
adapt_adaptation,52,15,mean_15,0.9185185185185186
adapt_adaptation,52,15,incomplete_14,0.9126984126984128
adapt_adaptation,52,15,full,1.0
adapt_adaptation,52,15,single_modality_mean,0.6944444444444444
adapt_adaptation,52,19,mean_15,0.8666666666666667
adapt_adaptation,52,19,incomplete_14,0.8571428571428571
adapt_adaptation,52,19,full,1.0
adapt_adaptation,52,19,single_modality_mean,0.6944444444444444
adapt_adaptation,52,36,mean_15,0.8037037037037037
adapt_adaptation,52,36,incomplete_14,0.7896825396825397
adapt_adaptation,52,36,full,1.0
adapt_adaptation,52,36,single_modality_mean,0.4861111111111111
adapt_adaptation,52,39,mean_15,0.8592592592592592
adapt_adaptation,52,39,incomplete_14,0.8492063492063491
adapt_adaptation,52,39,full,1.0
adapt_adaptation,52,39,single_modality_mean,0.6805555555555555
adapt_adaptation,52,40,mean_15,0.9703703703703703
adapt_adaptation,52,40,incomplete_14,0.9682539682539683
adapt_adaptation,52,40,full,1.0
adapt_adaptation,52,40,single_modality_mean,0.8888888888888888
adapt_adaptation,52,43,mean_15,0.6074074074074075
adapt_adaptation,52,43,incomplete_14,0.6031746031746034
adapt_adaptation,52,43,full,0.6666666666666666
adapt_adaptation,52,43,single_modality_mean,0.5555555555555555
adapt_adaptation,52,48,mean_15,0.8444444444444444
adapt_adaptation,52,48,incomplete_14,0.8333333333333333
adapt_adaptation,52,48,full,1.0
adapt_adaptation,52,48,single_modality_mean,0.6111111111111112
adapt_adaptation,52,49,mean_15,0.9703703703703703
adapt_adaptation,52,49,incomplete_14,0.9682539682539683
adapt_adaptation,52,49,full,1.0
adapt_adaptation,52,49,single_modality_mean,0.8888888888888888
adapt_adaptation,52,59,mean_15,0.9444444444444445
adapt_adaptation,52,59,incomplete_14,0.9404761904761906
adapt_adaptation,52,59,full,1.0
adapt_adaptation,52,59,single_modality_mean,0.7916666666666666
centaur_adaptation,52,1,mean_15,0.8074074074074074
centaur_adaptation,52,1,incomplete_14,0.7936507936507936
centaur_adaptation,52,1,full,1.0
centaur_adaptation,52,1,single_modality_mean,0.5833333333333333
centaur_adaptation,52,10,mean_15,0.48888888888888893
centaur_adaptation,52,10,incomplete_14,0.507936507936508
centaur_adaptation,52,10,full,0.2222222222222222
centaur_adaptation,52,10,single_modality_mean,0.48611111111111116
centaur_adaptation,52,15,mean_15,0.8407407407407407
centaur_adaptation,52,15,incomplete_14,0.8293650793650793
centaur_adaptation,52,15,full,1.0
centaur_adaptation,52,15,single_modality_mean,0.5972222222222222
centaur_adaptation,52,19,mean_15,0.9111111111111111
centaur_adaptation,52,19,incomplete_14,0.9047619047619048
centaur_adaptation,52,19,full,1.0
centaur_adaptation,52,19,single_modality_mean,0.7777777777777777
centaur_adaptation,52,36,mean_15,0.8629629629629628
centaur_adaptation,52,36,incomplete_14,0.853174603174603
centaur_adaptation,52,36,full,1.0
centaur_adaptation,52,36,single_modality_mean,0.6805555555555555
centaur_adaptation,52,39,mean_15,0.8592592592592592
centaur_adaptation,52,39,incomplete_14,0.8492063492063491
centaur_adaptation,52,39,full,1.0
centaur_adaptation,52,39,single_modality_mean,0.6805555555555555
centaur_adaptation,52,40,mean_15,0.9703703703703703
centaur_adaptation,52,40,incomplete_14,0.9682539682539683
centaur_adaptation,52,40,full,1.0
centaur_adaptation,52,40,single_modality_mean,0.8888888888888888
centaur_adaptation,52,43,mean_15,0.5777777777777778
centaur_adaptation,52,43,incomplete_14,0.5714285714285715
centaur_adaptation,52,43,full,0.6666666666666666
centaur_adaptation,52,43,single_modality_mean,0.4444444444444444
centaur_adaptation,52,48,mean_15,0.888888888888889
centaur_adaptation,52,48,incomplete_14,0.880952380952381
centaur_adaptation,52,48,full,1.0
centaur_adaptation,52,48,single_modality_mean,0.6944444444444444
centaur_adaptation,52,49,mean_15,0.737037037037037
centaur_adaptation,52,49,incomplete_14,0.7182539682539683
centaur_adaptation,52,49,full,1.0
centaur_adaptation,52,49,single_modality_mean,0.40277777777777785
centaur_adaptation,52,59,mean_15,0.9148148148148149
centaur_adaptation,52,59,incomplete_14,0.9087301587301588
centaur_adaptation,52,59,full,1.0
centaur_adaptation,52,59,single_modality_mean,0.7916666666666666
cimsleepnet_adaptation,52,1,mean_15,0.8074074074074072
cimsleepnet_adaptation,52,1,incomplete_14,0.7936507936507935
cimsleepnet_adaptation,52,1,full,1.0
cimsleepnet_adaptation,52,1,single_modality_mean,0.6944444444444444
cimsleepnet_adaptation,52,10,mean_15,0.837037037037037
cimsleepnet_adaptation,52,10,incomplete_14,0.8253968253968254
cimsleepnet_adaptation,52,10,full,1.0
cimsleepnet_adaptation,52,10,single_modality_mean,0.5833333333333333
cimsleepnet_adaptation,52,15,mean_15,0.9148148148148147
cimsleepnet_adaptation,52,15,incomplete_14,0.9087301587301587
cimsleepnet_adaptation,52,15,full,1.0
cimsleepnet_adaptation,52,15,single_modality_mean,0.6805555555555555
cimsleepnet_adaptation,52,19,mean_15,0.8592592592592592
cimsleepnet_adaptation,52,19,incomplete_14,0.8492063492063491
cimsleepnet_adaptation,52,19,full,1.0
cimsleepnet_adaptation,52,19,single_modality_mean,0.7777777777777777
cimsleepnet_adaptation,52,36,mean_15,0.44814814814814813
cimsleepnet_adaptation,52,36,incomplete_14,0.4642857142857143
cimsleepnet_adaptation,52,36,full,0.2222222222222222
cimsleepnet_adaptation,52,36,single_modality_mean,0.40277777777777785
cimsleepnet_adaptation,52,39,mean_15,0.6370370370370371
cimsleepnet_adaptation,52,39,incomplete_14,0.611111111111111
cimsleepnet_adaptation,52,39,full,1.0
cimsleepnet_adaptation,52,39,single_modality_mean,0.5694444444444444
cimsleepnet_adaptation,52,40,mean_15,0.9407407407407408
cimsleepnet_adaptation,52,40,incomplete_14,0.9365079365079365
cimsleepnet_adaptation,52,40,full,1.0
cimsleepnet_adaptation,52,40,single_modality_mean,0.7777777777777777
cimsleepnet_adaptation,52,43,mean_15,0.5777777777777778
cimsleepnet_adaptation,52,43,incomplete_14,0.5714285714285715
cimsleepnet_adaptation,52,43,full,0.6666666666666666
cimsleepnet_adaptation,52,43,single_modality_mean,0.4444444444444444
cimsleepnet_adaptation,52,48,mean_15,0.9111111111111111
cimsleepnet_adaptation,52,48,incomplete_14,0.9047619047619048
cimsleepnet_adaptation,52,48,full,1.0
cimsleepnet_adaptation,52,48,single_modality_mean,0.7777777777777777
cimsleepnet_adaptation,52,49,mean_15,0.6481481481481481
cimsleepnet_adaptation,52,49,incomplete_14,0.6547619047619048
cimsleepnet_adaptation,52,49,full,0.5555555555555555
cimsleepnet_adaptation,52,49,single_modality_mean,0.5694444444444443
cimsleepnet_adaptation,52,59,mean_15,0.7999999999999999
cimsleepnet_adaptation,52,59,incomplete_14,0.7857142857142856
cimsleepnet_adaptation,52,59,full,1.0
cimsleepnet_adaptation,52,59,single_modality_mean,0.5833333333333333
adapt_adaptation,53,1,mean_15,0.8444444444444444
adapt_adaptation,53,1,incomplete_14,0.8333333333333333
adapt_adaptation,53,1,full,1.0
adapt_adaptation,53,1,single_modality_mean,0.6111111111111112
adapt_adaptation,53,10,mean_15,0.8666666666666667
adapt_adaptation,53,10,incomplete_14,0.8571428571428571
adapt_adaptation,53,10,full,1.0
adapt_adaptation,53,10,single_modality_mean,0.6944444444444444
adapt_adaptation,53,15,mean_15,0.7407407407407407
adapt_adaptation,53,15,incomplete_14,0.7222222222222222
adapt_adaptation,53,15,full,1.0
adapt_adaptation,53,15,single_modality_mean,0.5833333333333333
adapt_adaptation,53,19,mean_15,0.8444444444444444
adapt_adaptation,53,19,incomplete_14,0.8333333333333333
adapt_adaptation,53,19,full,1.0
adapt_adaptation,53,19,single_modality_mean,0.6111111111111112
adapt_adaptation,53,36,mean_15,0.7407407407407407
adapt_adaptation,53,36,incomplete_14,0.7222222222222222
adapt_adaptation,53,36,full,1.0
adapt_adaptation,53,36,single_modality_mean,0.5694444444444443
adapt_adaptation,53,39,mean_15,0.8592592592592592
adapt_adaptation,53,39,incomplete_14,0.8492063492063491
adapt_adaptation,53,39,full,1.0
adapt_adaptation,53,39,single_modality_mean,0.6805555555555555
adapt_adaptation,53,40,mean_15,0.9185185185185186
adapt_adaptation,53,40,incomplete_14,0.9126984126984128
adapt_adaptation,53,40,full,1.0
adapt_adaptation,53,40,single_modality_mean,0.6944444444444444
adapt_adaptation,53,43,mean_15,0.5777777777777778
adapt_adaptation,53,43,incomplete_14,0.5714285714285715
adapt_adaptation,53,43,full,0.6666666666666666
adapt_adaptation,53,43,single_modality_mean,0.4444444444444444
adapt_adaptation,53,48,mean_15,0.8666666666666667
adapt_adaptation,53,48,incomplete_14,0.8571428571428571
adapt_adaptation,53,48,full,1.0
adapt_adaptation,53,48,single_modality_mean,0.6944444444444444
adapt_adaptation,53,49,mean_15,0.9111111111111111
adapt_adaptation,53,49,incomplete_14,0.9047619047619048
adapt_adaptation,53,49,full,1.0
adapt_adaptation,53,49,single_modality_mean,0.7777777777777777
adapt_adaptation,53,59,mean_15,0.9481481481481481
adapt_adaptation,53,59,incomplete_14,0.9444444444444444
adapt_adaptation,53,59,full,1.0
adapt_adaptation,53,59,single_modality_mean,0.8055555555555556
centaur_adaptation,53,1,mean_15,0.8444444444444444
centaur_adaptation,53,1,incomplete_14,0.8333333333333333
centaur_adaptation,53,1,full,1.0
centaur_adaptation,53,1,single_modality_mean,0.6111111111111112
centaur_adaptation,53,10,mean_15,0.362962962962963
centaur_adaptation,53,10,incomplete_14,0.373015873015873
centaur_adaptation,53,10,full,0.2222222222222222
centaur_adaptation,53,10,single_modality_mean,0.29166666666666663
centaur_adaptation,53,15,mean_15,0.888888888888889
centaur_adaptation,53,15,incomplete_14,0.880952380952381
centaur_adaptation,53,15,full,1.0
centaur_adaptation,53,15,single_modality_mean,0.7916666666666666
centaur_adaptation,53,19,mean_15,0.9148148148148147
centaur_adaptation,53,19,incomplete_14,0.9087301587301587
centaur_adaptation,53,19,full,1.0
centaur_adaptation,53,19,single_modality_mean,0.6805555555555555
centaur_adaptation,53,36,mean_15,0.8407407407407407
centaur_adaptation,53,36,incomplete_14,0.8293650793650793
centaur_adaptation,53,36,full,1.0
centaur_adaptation,53,36,single_modality_mean,0.5972222222222222
centaur_adaptation,53,39,mean_15,0.7407407407407407
centaur_adaptation,53,39,incomplete_14,0.7222222222222222
centaur_adaptation,53,39,full,1.0
centaur_adaptation,53,39,single_modality_mean,0.4722222222222222
centaur_adaptation,53,40,mean_15,0.9444444444444445
centaur_adaptation,53,40,incomplete_14,0.9404761904761906
centaur_adaptation,53,40,full,1.0
centaur_adaptation,53,40,single_modality_mean,0.7916666666666666
centaur_adaptation,53,43,mean_15,0.6222222222222221
centaur_adaptation,53,43,incomplete_14,0.619047619047619
centaur_adaptation,53,43,full,0.6666666666666666
centaur_adaptation,53,43,single_modality_mean,0.5
centaur_adaptation,53,48,mean_15,0.7148148148148148
centaur_adaptation,53,48,incomplete_14,0.6944444444444444
centaur_adaptation,53,48,full,1.0
centaur_adaptation,53,48,single_modality_mean,0.4722222222222222
centaur_adaptation,53,49,mean_15,0.7703703703703703
centaur_adaptation,53,49,incomplete_14,0.7539682539682538
centaur_adaptation,53,49,full,1.0
centaur_adaptation,53,49,single_modality_mean,0.5833333333333333
centaur_adaptation,53,59,mean_15,0.9703703703703703
centaur_adaptation,53,59,incomplete_14,0.9682539682539683
centaur_adaptation,53,59,full,1.0
centaur_adaptation,53,59,single_modality_mean,0.8888888888888888
cimsleepnet_adaptation,53,1,mean_15,0.8962962962962961
cimsleepnet_adaptation,53,1,incomplete_14,0.8888888888888887
cimsleepnet_adaptation,53,1,full,1.0
cimsleepnet_adaptation,53,1,single_modality_mean,0.8055555555555556
cimsleepnet_adaptation,53,10,mean_15,0.8407407407407407
cimsleepnet_adaptation,53,10,incomplete_14,0.8293650793650793
cimsleepnet_adaptation,53,10,full,1.0
cimsleepnet_adaptation,53,10,single_modality_mean,0.5972222222222222
cimsleepnet_adaptation,53,15,mean_15,0.8962962962962963
cimsleepnet_adaptation,53,15,incomplete_14,0.888888888888889
cimsleepnet_adaptation,53,15,full,1.0
cimsleepnet_adaptation,53,15,single_modality_mean,0.6111111111111112
cimsleepnet_adaptation,53,19,mean_15,0.8962962962962961
cimsleepnet_adaptation,53,19,incomplete_14,0.8888888888888887
cimsleepnet_adaptation,53,19,full,1.0
cimsleepnet_adaptation,53,19,single_modality_mean,0.8055555555555556
cimsleepnet_adaptation,53,36,mean_15,0.8592592592592592
cimsleepnet_adaptation,53,36,incomplete_14,0.8492063492063491
cimsleepnet_adaptation,53,36,full,1.0
cimsleepnet_adaptation,53,36,single_modality_mean,0.6805555555555555
cimsleepnet_adaptation,53,39,mean_15,0.8592592592592592
cimsleepnet_adaptation,53,39,incomplete_14,0.8492063492063491
cimsleepnet_adaptation,53,39,full,1.0
cimsleepnet_adaptation,53,39,single_modality_mean,0.6805555555555555
cimsleepnet_adaptation,53,40,mean_15,0.9703703703703703
cimsleepnet_adaptation,53,40,incomplete_14,0.9682539682539683
cimsleepnet_adaptation,53,40,full,1.0
cimsleepnet_adaptation,53,40,single_modality_mean,0.8888888888888888
cimsleepnet_adaptation,53,43,mean_15,0.6074074074074075
cimsleepnet_adaptation,53,43,incomplete_14,0.6031746031746034
cimsleepnet_adaptation,53,43,full,0.6666666666666666
cimsleepnet_adaptation,53,43,single_modality_mean,0.5555555555555555
cimsleepnet_adaptation,53,48,mean_15,0.9259259259259259
cimsleepnet_adaptation,53,48,incomplete_14,0.9206349206349207
cimsleepnet_adaptation,53,48,full,1.0
cimsleepnet_adaptation,53,48,single_modality_mean,0.8888888888888888
cimsleepnet_adaptation,53,49,mean_15,0.8851851851851851
cimsleepnet_adaptation,53,49,incomplete_14,0.8769841269841269
cimsleepnet_adaptation,53,49,full,1.0
cimsleepnet_adaptation,53,49,single_modality_mean,0.6805555555555555
cimsleepnet_adaptation,53,59,mean_15,0.888888888888889
cimsleepnet_adaptation,53,59,incomplete_14,0.880952380952381
cimsleepnet_adaptation,53,59,full,1.0
cimsleepnet_adaptation,53,59,single_modality_mean,0.6944444444444444
adapt_adaptation,51,3,mean_15,0.28888888888888886
adapt_adaptation,51,3,incomplete_14,0.2857142857142857
adapt_adaptation,51,3,full,0.3333333333333333
adapt_adaptation,51,3,single_modality_mean,0.25
adapt_adaptation,51,7,mean_15,0.8333333333333334
adapt_adaptation,51,7,incomplete_14,0.8214285714285714
adapt_adaptation,51,7,full,1.0
adapt_adaptation,51,7,single_modality_mean,0.5833333333333333
adapt_adaptation,51,14,mean_15,0.8074074074074072
adapt_adaptation,51,14,incomplete_14,0.7936507936507935
adapt_adaptation,51,14,full,1.0
adapt_adaptation,51,14,single_modality_mean,0.6944444444444444
adapt_adaptation,51,16,mean_15,0.8148148148148148
adapt_adaptation,51,16,incomplete_14,0.8015873015873015
adapt_adaptation,51,16,full,1.0
adapt_adaptation,51,16,single_modality_mean,0.6111111111111112
adapt_adaptation,51,21,mean_15,0.6370370370370372
adapt_adaptation,51,21,incomplete_14,0.6111111111111113
adapt_adaptation,51,21,full,1.0
adapt_adaptation,51,21,single_modality_mean,0.41666666666666674
adapt_adaptation,51,25,mean_15,0.6222222222222221
adapt_adaptation,51,25,incomplete_14,0.6269841269841269
adapt_adaptation,51,25,full,0.5555555555555555
adapt_adaptation,51,25,single_modality_mean,0.5694444444444443
adapt_adaptation,51,26,mean_15,0.4
adapt_adaptation,51,26,incomplete_14,0.4126984126984127
adapt_adaptation,51,26,full,0.2222222222222222
adapt_adaptation,51,26,single_modality_mean,0.4444444444444445
adapt_adaptation,51,27,mean_15,0.8851851851851851
adapt_adaptation,51,27,incomplete_14,0.8769841269841269
adapt_adaptation,51,27,full,1.0
adapt_adaptation,51,27,single_modality_mean,0.6805555555555555
adapt_adaptation,51,29,mean_15,0.28888888888888886
adapt_adaptation,51,29,incomplete_14,0.2936507936507936
adapt_adaptation,51,29,full,0.2222222222222222
adapt_adaptation,51,29,single_modality_mean,0.38888888888888884
adapt_adaptation,51,38,mean_15,0.8925925925925926
adapt_adaptation,51,38,incomplete_14,0.884920634920635
adapt_adaptation,51,38,full,1.0
adapt_adaptation,51,38,single_modality_mean,0.7916666666666666
adapt_adaptation,51,46,mean_15,0.888888888888889
adapt_adaptation,51,46,incomplete_14,0.880952380952381
adapt_adaptation,51,46,full,1.0
adapt_adaptation,51,46,single_modality_mean,0.6944444444444444
centaur_adaptation,51,3,mean_15,0.31111111111111106
centaur_adaptation,51,3,incomplete_14,0.3095238095238095
centaur_adaptation,51,3,full,0.3333333333333333
centaur_adaptation,51,3,single_modality_mean,0.25
centaur_adaptation,51,7,mean_15,0.7555555555555554
centaur_adaptation,51,7,incomplete_14,0.738095238095238
centaur_adaptation,51,7,full,1.0
centaur_adaptation,51,7,single_modality_mean,0.6805555555555555
centaur_adaptation,51,14,mean_15,0.7222222222222221
centaur_adaptation,51,14,incomplete_14,0.7023809523809523
centaur_adaptation,51,14,full,1.0
centaur_adaptation,51,14,single_modality_mean,0.4861111111111111
centaur_adaptation,51,16,mean_15,0.9444444444444445
centaur_adaptation,51,16,incomplete_14,0.9404761904761906
centaur_adaptation,51,16,full,1.0
centaur_adaptation,51,16,single_modality_mean,0.7916666666666666
centaur_adaptation,51,21,mean_15,0.6
centaur_adaptation,51,21,incomplete_14,0.5714285714285714
centaur_adaptation,51,21,full,1.0
centaur_adaptation,51,21,single_modality_mean,0.4027777777777778
centaur_adaptation,51,25,mean_15,0.4629629629629629
centaur_adaptation,51,25,incomplete_14,0.45634920634920634
centaur_adaptation,51,25,full,0.5555555555555555
centaur_adaptation,51,25,single_modality_mean,0.4583333333333333
centaur_adaptation,51,26,mean_15,0.6777777777777777
centaur_adaptation,51,26,incomplete_14,0.6547619047619048
centaur_adaptation,51,26,full,1.0
centaur_adaptation,51,26,single_modality_mean,0.4861111111111111
centaur_adaptation,51,27,mean_15,0.9703703703703703
centaur_adaptation,51,27,incomplete_14,0.9682539682539683
centaur_adaptation,51,27,full,1.0
centaur_adaptation,51,27,single_modality_mean,0.8888888888888888
centaur_adaptation,51,29,mean_15,0.5333333333333333
centaur_adaptation,51,29,incomplete_14,0.5317460317460317
centaur_adaptation,51,29,full,0.5555555555555555
centaur_adaptation,51,29,single_modality_mean,0.3055555555555555
centaur_adaptation,51,38,mean_15,0.9333333333333333
centaur_adaptation,51,38,incomplete_14,0.9285714285714286
centaur_adaptation,51,38,full,1.0
centaur_adaptation,51,38,single_modality_mean,0.75
centaur_adaptation,51,46,mean_15,0.9703703703703703
centaur_adaptation,51,46,incomplete_14,0.9682539682539683
centaur_adaptation,51,46,full,1.0
centaur_adaptation,51,46,single_modality_mean,0.8888888888888888
cimsleepnet_adaptation,51,3,mean_15,0.31111111111111106
cimsleepnet_adaptation,51,3,incomplete_14,0.3095238095238095
cimsleepnet_adaptation,51,3,full,0.3333333333333333
cimsleepnet_adaptation,51,3,single_modality_mean,0.25
cimsleepnet_adaptation,51,7,mean_15,0.774074074074074
cimsleepnet_adaptation,51,7,incomplete_14,0.7579365079365079
cimsleepnet_adaptation,51,7,full,1.0
cimsleepnet_adaptation,51,7,single_modality_mean,0.5833333333333333
cimsleepnet_adaptation,51,14,mean_15,0.6777777777777777
cimsleepnet_adaptation,51,14,incomplete_14,0.6547619047619048
cimsleepnet_adaptation,51,14,full,1.0
cimsleepnet_adaptation,51,14,single_modality_mean,0.4861111111111111
cimsleepnet_adaptation,51,16,mean_15,0.9481481481481481
cimsleepnet_adaptation,51,16,incomplete_14,0.9444444444444444
cimsleepnet_adaptation,51,16,full,1.0
cimsleepnet_adaptation,51,16,single_modality_mean,0.8055555555555556
cimsleepnet_adaptation,51,21,mean_15,0.6444444444444445
cimsleepnet_adaptation,51,21,incomplete_14,0.6190476190476192
cimsleepnet_adaptation,51,21,full,1.0
cimsleepnet_adaptation,51,21,single_modality_mean,0.48611111111111116
cimsleepnet_adaptation,51,25,mean_15,0.9481481481481481
cimsleepnet_adaptation,51,25,incomplete_14,0.9444444444444444
cimsleepnet_adaptation,51,25,full,1.0
cimsleepnet_adaptation,51,25,single_modality_mean,0.8055555555555556
cimsleepnet_adaptation,51,26,mean_15,0.36666666666666664
cimsleepnet_adaptation,51,26,incomplete_14,0.376984126984127
cimsleepnet_adaptation,51,26,full,0.2222222222222222
cimsleepnet_adaptation,51,26,single_modality_mean,0.34722222222222227
cimsleepnet_adaptation,51,27,mean_15,0.6703703703703703
cimsleepnet_adaptation,51,27,incomplete_14,0.6468253968253966
cimsleepnet_adaptation,51,27,full,1.0
cimsleepnet_adaptation,51,27,single_modality_mean,0.5833333333333333
cimsleepnet_adaptation,51,29,mean_15,0.47037037037037044
cimsleepnet_adaptation,51,29,incomplete_14,0.48809523809523814
cimsleepnet_adaptation,51,29,full,0.2222222222222222
cimsleepnet_adaptation,51,29,single_modality_mean,0.4861111111111111
cimsleepnet_adaptation,51,38,mean_15,0.8407407407407407
cimsleepnet_adaptation,51,38,incomplete_14,0.8293650793650793
cimsleepnet_adaptation,51,38,full,1.0
cimsleepnet_adaptation,51,38,single_modality_mean,0.5972222222222222
cimsleepnet_adaptation,51,46,mean_15,0.9703703703703703
cimsleepnet_adaptation,51,46,incomplete_14,0.9682539682539683
cimsleepnet_adaptation,51,46,full,1.0
cimsleepnet_adaptation,51,46,single_modality_mean,0.8888888888888888
adapt_adaptation,52,3,mean_15,0.33333333333333326
adapt_adaptation,52,3,incomplete_14,0.3333333333333333
adapt_adaptation,52,3,full,0.3333333333333333
adapt_adaptation,52,3,single_modality_mean,0.3333333333333333
adapt_adaptation,52,7,mean_15,0.774074074074074
adapt_adaptation,52,7,incomplete_14,0.7579365079365079
adapt_adaptation,52,7,full,1.0
adapt_adaptation,52,7,single_modality_mean,0.6805555555555555
adapt_adaptation,52,14,mean_15,0.9111111111111111
adapt_adaptation,52,14,incomplete_14,0.9047619047619048
adapt_adaptation,52,14,full,1.0
adapt_adaptation,52,14,single_modality_mean,0.7777777777777777
adapt_adaptation,52,16,mean_15,0.8851851851851851
adapt_adaptation,52,16,incomplete_14,0.8769841269841269
adapt_adaptation,52,16,full,1.0
adapt_adaptation,52,16,single_modality_mean,0.6805555555555555
adapt_adaptation,52,21,mean_15,0.5407407407407407
adapt_adaptation,52,21,incomplete_14,0.5396825396825397
adapt_adaptation,52,21,full,0.5555555555555555
adapt_adaptation,52,21,single_modality_mean,0.5
adapt_adaptation,52,25,mean_15,0.711111111111111
adapt_adaptation,52,25,incomplete_14,0.7222222222222222
adapt_adaptation,52,25,full,0.5555555555555555
adapt_adaptation,52,25,single_modality_mean,0.5833333333333333
adapt_adaptation,52,26,mean_15,0.4888888888888889
adapt_adaptation,52,26,incomplete_14,0.48412698412698413
adapt_adaptation,52,26,full,0.5555555555555555
adapt_adaptation,52,26,single_modality_mean,0.36111111111111116
adapt_adaptation,52,27,mean_15,0.888888888888889
adapt_adaptation,52,27,incomplete_14,0.880952380952381
adapt_adaptation,52,27,full,1.0
adapt_adaptation,52,27,single_modality_mean,0.7916666666666666
adapt_adaptation,52,29,mean_15,0.39999999999999997
adapt_adaptation,52,29,incomplete_14,0.38888888888888884
adapt_adaptation,52,29,full,0.5555555555555555
adapt_adaptation,52,29,single_modality_mean,0.4722222222222221
adapt_adaptation,52,38,mean_15,0.9444444444444445
adapt_adaptation,52,38,incomplete_14,0.9404761904761906
adapt_adaptation,52,38,full,1.0
adapt_adaptation,52,38,single_modality_mean,0.7916666666666666
adapt_adaptation,52,46,mean_15,0.9407407407407408
adapt_adaptation,52,46,incomplete_14,0.9365079365079365
adapt_adaptation,52,46,full,1.0
adapt_adaptation,52,46,single_modality_mean,0.7777777777777777
centaur_adaptation,52,3,mean_15,0.31111111111111106
centaur_adaptation,52,3,incomplete_14,0.3095238095238095
centaur_adaptation,52,3,full,0.3333333333333333
centaur_adaptation,52,3,single_modality_mean,0.25
centaur_adaptation,52,7,mean_15,0.8629629629629628
centaur_adaptation,52,7,incomplete_14,0.853174603174603
centaur_adaptation,52,7,full,1.0
centaur_adaptation,52,7,single_modality_mean,0.6805555555555555
centaur_adaptation,52,14,mean_15,0.8666666666666667
centaur_adaptation,52,14,incomplete_14,0.8571428571428571
centaur_adaptation,52,14,full,1.0
centaur_adaptation,52,14,single_modality_mean,0.6111111111111112
centaur_adaptation,52,16,mean_15,0.8407407407407407
centaur_adaptation,52,16,incomplete_14,0.8293650793650793
centaur_adaptation,52,16,full,1.0
centaur_adaptation,52,16,single_modality_mean,0.5972222222222222
centaur_adaptation,52,21,mean_15,0.7851851851851851
centaur_adaptation,52,21,incomplete_14,0.7698412698412698
centaur_adaptation,52,21,full,1.0
centaur_adaptation,52,21,single_modality_mean,0.6111111111111112
centaur_adaptation,52,25,mean_15,0.6296296296296295
centaur_adaptation,52,25,incomplete_14,0.6349206349206348
centaur_adaptation,52,25,full,0.5555555555555555
centaur_adaptation,52,25,single_modality_mean,0.5833333333333333
centaur_adaptation,52,26,mean_15,0.625925925925926
centaur_adaptation,52,26,incomplete_14,0.5992063492063492
centaur_adaptation,52,26,full,1.0
centaur_adaptation,52,26,single_modality_mean,0.38888888888888895
centaur_adaptation,52,27,mean_15,0.8888888888888888
centaur_adaptation,52,27,incomplete_14,0.8809523809523808
centaur_adaptation,52,27,full,1.0
centaur_adaptation,52,27,single_modality_mean,0.7777777777777777
centaur_adaptation,52,29,mean_15,0.762962962962963
centaur_adaptation,52,29,incomplete_14,0.746031746031746
centaur_adaptation,52,29,full,1.0
centaur_adaptation,52,29,single_modality_mean,0.6944444444444444
centaur_adaptation,52,38,mean_15,0.9444444444444445
centaur_adaptation,52,38,incomplete_14,0.9404761904761906
centaur_adaptation,52,38,full,1.0
centaur_adaptation,52,38,single_modality_mean,0.7916666666666666
centaur_adaptation,52,46,mean_15,0.9407407407407408
centaur_adaptation,52,46,incomplete_14,0.9365079365079365
centaur_adaptation,52,46,full,1.0
centaur_adaptation,52,46,single_modality_mean,0.7777777777777777
cimsleepnet_adaptation,52,3,mean_15,0.33333333333333326
cimsleepnet_adaptation,52,3,incomplete_14,0.3333333333333333
cimsleepnet_adaptation,52,3,full,0.3333333333333333
cimsleepnet_adaptation,52,3,single_modality_mean,0.3333333333333333
cimsleepnet_adaptation,52,7,mean_15,0.7407407407407406
cimsleepnet_adaptation,52,7,incomplete_14,0.7222222222222221
cimsleepnet_adaptation,52,7,full,1.0
cimsleepnet_adaptation,52,7,single_modality_mean,0.6805555555555555
cimsleepnet_adaptation,52,14,mean_15,0.7925925925925925
cimsleepnet_adaptation,52,14,incomplete_14,0.7777777777777777
cimsleepnet_adaptation,52,14,full,1.0
cimsleepnet_adaptation,52,14,single_modality_mean,0.6666666666666665
cimsleepnet_adaptation,52,16,mean_15,0.825925925925926
cimsleepnet_adaptation,52,16,incomplete_14,0.8134920634920635
cimsleepnet_adaptation,52,16,full,1.0
cimsleepnet_adaptation,52,16,single_modality_mean,0.6805555555555555
cimsleepnet_adaptation,52,21,mean_15,0.5
cimsleepnet_adaptation,52,21,incomplete_14,0.49603174603174605
cimsleepnet_adaptation,52,21,full,0.5555555555555555
cimsleepnet_adaptation,52,21,single_modality_mean,0.38888888888888895
cimsleepnet_adaptation,52,25,mean_15,0.7703703703703703
cimsleepnet_adaptation,52,25,incomplete_14,0.7539682539682538
cimsleepnet_adaptation,52,25,full,1.0
cimsleepnet_adaptation,52,25,single_modality_mean,0.5833333333333333
cimsleepnet_adaptation,52,26,mean_15,0.5703703703703703
cimsleepnet_adaptation,52,26,incomplete_14,0.5714285714285714
cimsleepnet_adaptation,52,26,full,0.5555555555555555
cimsleepnet_adaptation,52,26,single_modality_mean,0.4027777777777778
cimsleepnet_adaptation,52,27,mean_15,0.8
cimsleepnet_adaptation,52,27,incomplete_14,0.7857142857142857
cimsleepnet_adaptation,52,27,full,1.0
cimsleepnet_adaptation,52,27,single_modality_mean,0.6805555555555555
cimsleepnet_adaptation,52,29,mean_15,0.4296296296296296
cimsleepnet_adaptation,52,29,incomplete_14,0.44444444444444436
cimsleepnet_adaptation,52,29,full,0.2222222222222222
cimsleepnet_adaptation,52,29,single_modality_mean,0.38888888888888884
cimsleepnet_adaptation,52,38,mean_15,0.8925925925925926
cimsleepnet_adaptation,52,38,incomplete_14,0.884920634920635
cimsleepnet_adaptation,52,38,full,1.0
cimsleepnet_adaptation,52,38,single_modality_mean,0.7916666666666666
cimsleepnet_adaptation,52,46,mean_15,1.0
cimsleepnet_adaptation,52,46,incomplete_14,1.0
cimsleepnet_adaptation,52,46,full,1.0
cimsleepnet_adaptation,52,46,single_modality_mean,1.0
adapt_adaptation,53,3,mean_15,0.33333333333333326
adapt_adaptation,53,3,incomplete_14,0.3333333333333333
adapt_adaptation,53,3,full,0.3333333333333333
adapt_adaptation,53,3,single_modality_mean,0.3333333333333333
adapt_adaptation,53,7,mean_15,0.8592592592592592
adapt_adaptation,53,7,incomplete_14,0.8492063492063491
adapt_adaptation,53,7,full,1.0
adapt_adaptation,53,7,single_modality_mean,0.6805555555555555
adapt_adaptation,53,14,mean_15,0.8407407407407407
adapt_adaptation,53,14,incomplete_14,0.8293650793650793
adapt_adaptation,53,14,full,1.0
adapt_adaptation,53,14,single_modality_mean,0.5972222222222222
adapt_adaptation,53,16,mean_15,0.8407407407407407
adapt_adaptation,53,16,incomplete_14,0.8293650793650793
adapt_adaptation,53,16,full,1.0
adapt_adaptation,53,16,single_modality_mean,0.5972222222222222
adapt_adaptation,53,21,mean_15,0.6222222222222223
adapt_adaptation,53,21,incomplete_14,0.5952380952380955
adapt_adaptation,53,21,full,1.0
adapt_adaptation,53,21,single_modality_mean,0.4027777777777778
adapt_adaptation,53,25,mean_15,0.5444444444444444
adapt_adaptation,53,25,incomplete_14,0.5436507936507936
adapt_adaptation,53,25,full,0.5555555555555555
adapt_adaptation,53,25,single_modality_mean,0.37499999999999994
adapt_adaptation,53,26,mean_15,0.5185185185185185
adapt_adaptation,53,26,incomplete_14,0.5158730158730159
adapt_adaptation,53,26,full,0.5555555555555555
adapt_adaptation,53,26,single_modality_mean,0.41666666666666674
adapt_adaptation,53,27,mean_15,0.8592592592592592
adapt_adaptation,53,27,incomplete_14,0.8492063492063491
adapt_adaptation,53,27,full,1.0
adapt_adaptation,53,27,single_modality_mean,0.6805555555555555
adapt_adaptation,53,29,mean_15,0.6444444444444443
adapt_adaptation,53,29,incomplete_14,0.6190476190476188
adapt_adaptation,53,29,full,1.0
adapt_adaptation,53,29,single_modality_mean,0.5555555555555555
adapt_adaptation,53,38,mean_15,0.8407407407407407
adapt_adaptation,53,38,incomplete_14,0.8293650793650793
adapt_adaptation,53,38,full,1.0
adapt_adaptation,53,38,single_modality_mean,0.5972222222222222
adapt_adaptation,53,46,mean_15,0.9481481481481481
adapt_adaptation,53,46,incomplete_14,0.9444444444444444
adapt_adaptation,53,46,full,1.0
adapt_adaptation,53,46,single_modality_mean,0.8055555555555556
centaur_adaptation,53,3,mean_15,0.33333333333333326
centaur_adaptation,53,3,incomplete_14,0.3333333333333333
centaur_adaptation,53,3,full,0.3333333333333333
centaur_adaptation,53,3,single_modality_mean,0.3333333333333333
centaur_adaptation,53,7,mean_15,0.6518518518518519
centaur_adaptation,53,7,incomplete_14,0.6269841269841271
centaur_adaptation,53,7,full,1.0
centaur_adaptation,53,7,single_modality_mean,0.48611111111111116
centaur_adaptation,53,14,mean_15,0.8
centaur_adaptation,53,14,incomplete_14,0.7857142857142857
centaur_adaptation,53,14,full,1.0
centaur_adaptation,53,14,single_modality_mean,0.5833333333333333
centaur_adaptation,53,16,mean_15,0.888888888888889
centaur_adaptation,53,16,incomplete_14,0.880952380952381
centaur_adaptation,53,16,full,1.0
centaur_adaptation,53,16,single_modality_mean,0.6944444444444444
centaur_adaptation,53,21,mean_15,0.5814814814814816
centaur_adaptation,53,21,incomplete_14,0.5833333333333334
centaur_adaptation,53,21,full,0.5555555555555555
centaur_adaptation,53,21,single_modality_mean,0.37500000000000006
centaur_adaptation,53,25,mean_15,0.5333333333333332
centaur_adaptation,53,25,incomplete_14,0.5317460317460316
centaur_adaptation,53,25,full,0.5555555555555555
centaur_adaptation,53,25,single_modality_mean,0.4722222222222222
centaur_adaptation,53,26,mean_15,0.5962962962962963
centaur_adaptation,53,26,incomplete_14,0.5992063492063492
centaur_adaptation,53,26,full,0.5555555555555555
centaur_adaptation,53,26,single_modality_mean,0.38888888888888895
centaur_adaptation,53,27,mean_15,0.8592592592592593
centaur_adaptation,53,27,incomplete_14,0.8492063492063492
centaur_adaptation,53,27,full,1.0
centaur_adaptation,53,27,single_modality_mean,0.5833333333333333
centaur_adaptation,53,29,mean_15,0.5259259259259258
centaur_adaptation,53,29,incomplete_14,0.5238095238095237
centaur_adaptation,53,29,full,0.5555555555555555
centaur_adaptation,53,29,single_modality_mean,0.4722222222222221
centaur_adaptation,53,38,mean_15,0.9185185185185184
centaur_adaptation,53,38,incomplete_14,0.9126984126984127
centaur_adaptation,53,38,full,1.0
centaur_adaptation,53,38,single_modality_mean,0.8055555555555556
centaur_adaptation,53,46,mean_15,0.9703703703703703
centaur_adaptation,53,46,incomplete_14,0.9682539682539683
centaur_adaptation,53,46,full,1.0
centaur_adaptation,53,46,single_modality_mean,0.8888888888888888
cimsleepnet_adaptation,53,3,mean_15,0.33333333333333326
cimsleepnet_adaptation,53,3,incomplete_14,0.3333333333333333
cimsleepnet_adaptation,53,3,full,0.3333333333333333
cimsleepnet_adaptation,53,3,single_modality_mean,0.3333333333333333
cimsleepnet_adaptation,53,7,mean_15,0.8333333333333334
cimsleepnet_adaptation,53,7,incomplete_14,0.8214285714285714
cimsleepnet_adaptation,53,7,full,1.0
cimsleepnet_adaptation,53,7,single_modality_mean,0.5833333333333333
cimsleepnet_adaptation,53,14,mean_15,0.8666666666666667
cimsleepnet_adaptation,53,14,incomplete_14,0.8571428571428571
cimsleepnet_adaptation,53,14,full,1.0
cimsleepnet_adaptation,53,14,single_modality_mean,0.6944444444444444
cimsleepnet_adaptation,53,16,mean_15,0.8296296296296296
cimsleepnet_adaptation,53,16,incomplete_14,0.8174603174603174
cimsleepnet_adaptation,53,16,full,1.0
cimsleepnet_adaptation,53,16,single_modality_mean,0.5833333333333333
cimsleepnet_adaptation,53,21,mean_15,0.6222222222222223
cimsleepnet_adaptation,53,21,incomplete_14,0.5952380952380955
cimsleepnet_adaptation,53,21,full,1.0
cimsleepnet_adaptation,53,21,single_modality_mean,0.4027777777777778
cimsleepnet_adaptation,53,25,mean_15,0.8259259259259258
cimsleepnet_adaptation,53,25,incomplete_14,0.8134920634920634
cimsleepnet_adaptation,53,25,full,1.0
cimsleepnet_adaptation,53,25,single_modality_mean,0.5694444444444443
cimsleepnet_adaptation,53,26,mean_15,0.6296296296296295
cimsleepnet_adaptation,53,26,incomplete_14,0.603174603174603
cimsleepnet_adaptation,53,26,full,1.0
cimsleepnet_adaptation,53,26,single_modality_mean,0.4444444444444444
cimsleepnet_adaptation,53,27,mean_15,0.8592592592592592
cimsleepnet_adaptation,53,27,incomplete_14,0.8492063492063491
cimsleepnet_adaptation,53,27,full,1.0
cimsleepnet_adaptation,53,27,single_modality_mean,0.6805555555555555
cimsleepnet_adaptation,53,29,mean_15,0.5999999999999999
cimsleepnet_adaptation,53,29,incomplete_14,0.603174603174603
cimsleepnet_adaptation,53,29,full,0.5555555555555555
cimsleepnet_adaptation,53,29,single_modality_mean,0.5
cimsleepnet_adaptation,53,38,mean_15,0.8407407407407407
cimsleepnet_adaptation,53,38,incomplete_14,0.8293650793650793
cimsleepnet_adaptation,53,38,full,1.0
cimsleepnet_adaptation,53,38,single_modality_mean,0.5972222222222222
cimsleepnet_adaptation,53,46,mean_15,0.9481481481481481
cimsleepnet_adaptation,53,46,incomplete_14,0.9444444444444444
cimsleepnet_adaptation,53,46,full,1.0
cimsleepnet_adaptation,53,46,single_modality_mean,0.8055555555555556
adapt_adaptation,51,4,mean_15,0.9444444444444445
adapt_adaptation,51,4,incomplete_14,0.9404761904761906
adapt_adaptation,51,4,full,1.0
adapt_adaptation,51,4,single_modality_mean,0.7916666666666666
adapt_adaptation,51,5,mean_15,0.737037037037037
adapt_adaptation,51,5,incomplete_14,0.7182539682539683
adapt_adaptation,51,5,full,1.0
adapt_adaptation,51,5,single_modality_mean,0.5972222222222222
adapt_adaptation,51,6,mean_15,0.5962962962962962
adapt_adaptation,51,6,incomplete_14,0.5992063492063491
adapt_adaptation,51,6,full,0.5555555555555555
adapt_adaptation,51,6,single_modality_mean,0.4861111111111111
adapt_adaptation,51,9,mean_15,0.9703703703703703
adapt_adaptation,51,9,incomplete_14,0.9682539682539683
adapt_adaptation,51,9,full,1.0
adapt_adaptation,51,9,single_modality_mean,0.8888888888888888
adapt_adaptation,51,17,mean_15,0.9333333333333333
adapt_adaptation,51,17,incomplete_14,0.9285714285714286
adapt_adaptation,51,17,full,1.0
adapt_adaptation,51,17,single_modality_mean,0.75
adapt_adaptation,51,18,mean_15,0.5296296296296297
adapt_adaptation,51,18,incomplete_14,0.5515873015873016
adapt_adaptation,51,18,full,0.2222222222222222
adapt_adaptation,51,18,single_modality_mean,0.5972222222222222
adapt_adaptation,51,32,mean_15,0.5777777777777778
adapt_adaptation,51,32,incomplete_14,0.5714285714285715
adapt_adaptation,51,32,full,0.6666666666666666
adapt_adaptation,51,32,single_modality_mean,0.4444444444444444
adapt_adaptation,51,33,mean_15,0.8407407407407407
adapt_adaptation,51,33,incomplete_14,0.8293650793650793
adapt_adaptation,51,33,full,1.0
adapt_adaptation,51,33,single_modality_mean,0.5972222222222222
adapt_adaptation,51,35,mean_15,0.9444444444444445
adapt_adaptation,51,35,incomplete_14,0.9404761904761906
adapt_adaptation,51,35,full,1.0
adapt_adaptation,51,35,single_modality_mean,0.7916666666666666
adapt_adaptation,51,44,mean_15,0.9444444444444445
adapt_adaptation,51,44,incomplete_14,0.9404761904761906
adapt_adaptation,51,44,full,1.0
adapt_adaptation,51,44,single_modality_mean,0.7916666666666666
adapt_adaptation,51,53,mean_15,0.7444444444444444
adapt_adaptation,51,53,incomplete_14,0.7261904761904762
adapt_adaptation,51,53,full,1.0
adapt_adaptation,51,53,single_modality_mean,0.4722222222222222
centaur_adaptation,51,4,mean_15,0.8111111111111112
centaur_adaptation,51,4,incomplete_14,0.7976190476190477
centaur_adaptation,51,4,full,1.0
centaur_adaptation,51,4,single_modality_mean,0.4861111111111111
centaur_adaptation,51,5,mean_15,0.774074074074074
centaur_adaptation,51,5,incomplete_14,0.7579365079365079
centaur_adaptation,51,5,full,1.0
centaur_adaptation,51,5,single_modality_mean,0.5972222222222222
centaur_adaptation,51,6,mean_15,0.7814814814814814
centaur_adaptation,51,6,incomplete_14,0.7658730158730158
centaur_adaptation,51,6,full,1.0
centaur_adaptation,51,6,single_modality_mean,0.4861111111111111
centaur_adaptation,51,9,mean_15,0.8592592592592593
centaur_adaptation,51,9,incomplete_14,0.8492063492063492
centaur_adaptation,51,9,full,1.0
centaur_adaptation,51,9,single_modality_mean,0.6944444444444444
centaur_adaptation,51,17,mean_15,0.9444444444444445
centaur_adaptation,51,17,incomplete_14,0.9404761904761906
centaur_adaptation,51,17,full,1.0
centaur_adaptation,51,17,single_modality_mean,0.7916666666666666
centaur_adaptation,51,18,mean_15,0.9481481481481481
centaur_adaptation,51,18,incomplete_14,0.9444444444444444
centaur_adaptation,51,18,full,1.0
centaur_adaptation,51,18,single_modality_mean,0.8055555555555556
centaur_adaptation,51,32,mean_15,0.6074074074074075
centaur_adaptation,51,32,incomplete_14,0.6031746031746034
centaur_adaptation,51,32,full,0.6666666666666666
centaur_adaptation,51,32,single_modality_mean,0.4444444444444444
centaur_adaptation,51,33,mean_15,0.8592592592592592
centaur_adaptation,51,33,incomplete_14,0.8492063492063491
centaur_adaptation,51,33,full,1.0
centaur_adaptation,51,33,single_modality_mean,0.6805555555555555
centaur_adaptation,51,35,mean_15,0.9185185185185184
centaur_adaptation,51,35,incomplete_14,0.9126984126984127
centaur_adaptation,51,35,full,1.0
centaur_adaptation,51,35,single_modality_mean,0.8055555555555556
centaur_adaptation,51,44,mean_15,0.9444444444444445
centaur_adaptation,51,44,incomplete_14,0.9404761904761906
centaur_adaptation,51,44,full,1.0
centaur_adaptation,51,44,single_modality_mean,0.7916666666666666
centaur_adaptation,51,53,mean_15,0.6925925925925925
centaur_adaptation,51,53,incomplete_14,0.6706349206349206
centaur_adaptation,51,53,full,1.0
centaur_adaptation,51,53,single_modality_mean,0.5833333333333333
cimsleepnet_adaptation,51,4,mean_15,0.9444444444444445
cimsleepnet_adaptation,51,4,incomplete_14,0.9404761904761906
cimsleepnet_adaptation,51,4,full,1.0
cimsleepnet_adaptation,51,4,single_modality_mean,0.7916666666666666
cimsleepnet_adaptation,51,5,mean_15,0.9148148148148149
cimsleepnet_adaptation,51,5,incomplete_14,0.9087301587301588
cimsleepnet_adaptation,51,5,full,1.0
cimsleepnet_adaptation,51,5,single_modality_mean,0.7916666666666666
cimsleepnet_adaptation,51,6,mean_15,0.5666666666666667
cimsleepnet_adaptation,51,6,incomplete_14,0.5674603174603174
cimsleepnet_adaptation,51,6,full,0.5555555555555555
cimsleepnet_adaptation,51,6,single_modality_mean,0.40277777777777785
cimsleepnet_adaptation,51,9,mean_15,0.9703703703703703
cimsleepnet_adaptation,51,9,incomplete_14,0.9682539682539683
cimsleepnet_adaptation,51,9,full,1.0
cimsleepnet_adaptation,51,9,single_modality_mean,0.8888888888888888
cimsleepnet_adaptation,51,17,mean_15,0.7555555555555554
cimsleepnet_adaptation,51,17,incomplete_14,0.738095238095238
cimsleepnet_adaptation,51,17,full,1.0
cimsleepnet_adaptation,51,17,single_modality_mean,0.5277777777777777
cimsleepnet_adaptation,51,18,mean_15,0.5592592592592592
cimsleepnet_adaptation,51,18,incomplete_14,0.5595238095238095
cimsleepnet_adaptation,51,18,full,0.5555555555555555
cimsleepnet_adaptation,51,18,single_modality_mean,0.4861111111111111
cimsleepnet_adaptation,51,32,mean_15,0.6074074074074075
cimsleepnet_adaptation,51,32,incomplete_14,0.6031746031746034
cimsleepnet_adaptation,51,32,full,0.6666666666666666
cimsleepnet_adaptation,51,32,single_modality_mean,0.4444444444444444
cimsleepnet_adaptation,51,33,mean_15,0.8407407407407407
cimsleepnet_adaptation,51,33,incomplete_14,0.8293650793650793
cimsleepnet_adaptation,51,33,full,1.0
cimsleepnet_adaptation,51,33,single_modality_mean,0.5972222222222222
cimsleepnet_adaptation,51,35,mean_15,0.8629629629629628
cimsleepnet_adaptation,51,35,incomplete_14,0.853174603174603
cimsleepnet_adaptation,51,35,full,1.0
cimsleepnet_adaptation,51,35,single_modality_mean,0.6805555555555555
cimsleepnet_adaptation,51,44,mean_15,0.9444444444444445
cimsleepnet_adaptation,51,44,incomplete_14,0.9404761904761906
cimsleepnet_adaptation,51,44,full,1.0
cimsleepnet_adaptation,51,44,single_modality_mean,0.7916666666666666
cimsleepnet_adaptation,51,53,mean_15,0.837037037037037
cimsleepnet_adaptation,51,53,incomplete_14,0.8253968253968254
cimsleepnet_adaptation,51,53,full,1.0
cimsleepnet_adaptation,51,53,single_modality_mean,0.5972222222222222
adapt_adaptation,52,4,mean_15,0.9703703703703703
adapt_adaptation,52,4,incomplete_14,0.9682539682539683
adapt_adaptation,52,4,full,1.0
adapt_adaptation,52,4,single_modality_mean,0.8888888888888888
adapt_adaptation,52,5,mean_15,0.6629629629629629
adapt_adaptation,52,5,incomplete_14,0.6388888888888887
adapt_adaptation,52,5,full,1.0
adapt_adaptation,52,5,single_modality_mean,0.4861111111111111
adapt_adaptation,52,6,mean_15,0.562962962962963
adapt_adaptation,52,6,incomplete_14,0.5634920634920635
adapt_adaptation,52,6,full,0.5555555555555555
adapt_adaptation,52,6,single_modality_mean,0.5
adapt_adaptation,52,9,mean_15,0.9703703703703703
adapt_adaptation,52,9,incomplete_14,0.9682539682539683
adapt_adaptation,52,9,full,1.0
adapt_adaptation,52,9,single_modality_mean,0.8888888888888888
adapt_adaptation,52,17,mean_15,0.874074074074074
adapt_adaptation,52,17,incomplete_14,0.865079365079365
adapt_adaptation,52,17,full,1.0
adapt_adaptation,52,17,single_modality_mean,0.6388888888888888
adapt_adaptation,52,18,mean_15,0.39629629629629626
adapt_adaptation,52,18,incomplete_14,0.3849206349206349
adapt_adaptation,52,18,full,0.5555555555555555
adapt_adaptation,52,18,single_modality_mean,0.29166666666666663
adapt_adaptation,52,32,mean_15,0.6666666666666665
adapt_adaptation,52,32,incomplete_14,0.6666666666666666
adapt_adaptation,52,32,full,0.6666666666666666
adapt_adaptation,52,32,single_modality_mean,0.6666666666666666
adapt_adaptation,52,33,mean_15,0.8407407407407407
adapt_adaptation,52,33,incomplete_14,0.8293650793650793
adapt_adaptation,52,33,full,1.0
adapt_adaptation,52,33,single_modality_mean,0.5972222222222222
adapt_adaptation,52,35,mean_15,0.9444444444444445
adapt_adaptation,52,35,incomplete_14,0.9404761904761906
adapt_adaptation,52,35,full,1.0
adapt_adaptation,52,35,single_modality_mean,0.7916666666666666
adapt_adaptation,52,44,mean_15,0.8851851851851851
adapt_adaptation,52,44,incomplete_14,0.8769841269841269
adapt_adaptation,52,44,full,1.0
adapt_adaptation,52,44,single_modality_mean,0.6805555555555555
adapt_adaptation,52,53,mean_15,0.8333333333333334
adapt_adaptation,52,53,incomplete_14,0.8214285714285714
adapt_adaptation,52,53,full,1.0
adapt_adaptation,52,53,single_modality_mean,0.5833333333333333
centaur_adaptation,52,4,mean_15,0.7925925925925925
centaur_adaptation,52,4,incomplete_14,0.7777777777777777
centaur_adaptation,52,4,full,1.0
centaur_adaptation,52,4,single_modality_mean,0.6666666666666665
centaur_adaptation,52,5,mean_15,0.8518518518518517
centaur_adaptation,52,5,incomplete_14,0.8412698412698412
centaur_adaptation,52,5,full,1.0
centaur_adaptation,52,5,single_modality_mean,0.7777777777777777
centaur_adaptation,52,6,mean_15,0.7629629629629628
centaur_adaptation,52,6,incomplete_14,0.7460317460317459
centaur_adaptation,52,6,full,1.0
centaur_adaptation,52,6,single_modality_mean,0.5555555555555556
centaur_adaptation,52,9,mean_15,0.8407407407407407
centaur_adaptation,52,9,incomplete_14,0.8293650793650793
centaur_adaptation,52,9,full,1.0
centaur_adaptation,52,9,single_modality_mean,0.5972222222222222
centaur_adaptation,52,17,mean_15,0.8851851851851851
centaur_adaptation,52,17,incomplete_14,0.8769841269841269
centaur_adaptation,52,17,full,1.0
centaur_adaptation,52,17,single_modality_mean,0.6805555555555555
centaur_adaptation,52,18,mean_15,0.8148148148148148
centaur_adaptation,52,18,incomplete_14,0.8015873015873015
centaur_adaptation,52,18,full,1.0
centaur_adaptation,52,18,single_modality_mean,0.6944444444444444
centaur_adaptation,52,32,mean_15,0.5777777777777778
centaur_adaptation,52,32,incomplete_14,0.5714285714285715
centaur_adaptation,52,32,full,0.6666666666666666
centaur_adaptation,52,32,single_modality_mean,0.4444444444444444
centaur_adaptation,52,33,mean_15,0.8407407407407407
centaur_adaptation,52,33,incomplete_14,0.8293650793650793
centaur_adaptation,52,33,full,1.0
centaur_adaptation,52,33,single_modality_mean,0.5972222222222222
centaur_adaptation,52,35,mean_15,0.9148148148148149
centaur_adaptation,52,35,incomplete_14,0.9087301587301588
centaur_adaptation,52,35,full,1.0
centaur_adaptation,52,35,single_modality_mean,0.7916666666666666
centaur_adaptation,52,44,mean_15,0.8444444444444444
centaur_adaptation,52,44,incomplete_14,0.8333333333333333
centaur_adaptation,52,44,full,1.0
centaur_adaptation,52,44,single_modality_mean,0.6111111111111112
centaur_adaptation,52,53,mean_15,0.8592592592592592
centaur_adaptation,52,53,incomplete_14,0.8492063492063491
centaur_adaptation,52,53,full,1.0
centaur_adaptation,52,53,single_modality_mean,0.6805555555555555
cimsleepnet_adaptation,52,4,mean_15,0.8222222222222222
cimsleepnet_adaptation,52,4,incomplete_14,0.8095238095238094
cimsleepnet_adaptation,52,4,full,1.0
cimsleepnet_adaptation,52,4,single_modality_mean,0.7777777777777777
cimsleepnet_adaptation,52,5,mean_15,0.5740740740740741
cimsleepnet_adaptation,52,5,incomplete_14,0.5753968253968254
cimsleepnet_adaptation,52,5,full,0.5555555555555555
cimsleepnet_adaptation,52,5,single_modality_mean,0.5833333333333334
cimsleepnet_adaptation,52,6,mean_15,0.5888888888888889
cimsleepnet_adaptation,52,6,incomplete_14,0.5912698412698413
cimsleepnet_adaptation,52,6,full,0.5555555555555555
cimsleepnet_adaptation,52,6,single_modality_mean,0.5972222222222222
cimsleepnet_adaptation,52,9,mean_15,0.888888888888889
cimsleepnet_adaptation,52,9,incomplete_14,0.880952380952381
cimsleepnet_adaptation,52,9,full,1.0
cimsleepnet_adaptation,52,9,single_modality_mean,0.6944444444444444
cimsleepnet_adaptation,52,17,mean_15,0.6407407407407407
cimsleepnet_adaptation,52,17,incomplete_14,0.615079365079365
cimsleepnet_adaptation,52,17,full,1.0
cimsleepnet_adaptation,52,17,single_modality_mean,0.4444444444444444
cimsleepnet_adaptation,52,18,mean_15,0.5407407407407407
cimsleepnet_adaptation,52,18,incomplete_14,0.5396825396825397
cimsleepnet_adaptation,52,18,full,0.5555555555555555
cimsleepnet_adaptation,52,18,single_modality_mean,0.5
cimsleepnet_adaptation,52,32,mean_15,0.6666666666666665
cimsleepnet_adaptation,52,32,incomplete_14,0.6666666666666666
cimsleepnet_adaptation,52,32,full,0.6666666666666666
cimsleepnet_adaptation,52,32,single_modality_mean,0.6666666666666666
cimsleepnet_adaptation,52,33,mean_15,0.7777777777777778
cimsleepnet_adaptation,52,33,incomplete_14,0.7619047619047619
cimsleepnet_adaptation,52,33,full,1.0
cimsleepnet_adaptation,52,33,single_modality_mean,0.48611111111111105
cimsleepnet_adaptation,52,35,mean_15,0.8925925925925926
cimsleepnet_adaptation,52,35,incomplete_14,0.884920634920635
cimsleepnet_adaptation,52,35,full,1.0
cimsleepnet_adaptation,52,35,single_modality_mean,0.7916666666666666
cimsleepnet_adaptation,52,44,mean_15,0.888888888888889
cimsleepnet_adaptation,52,44,incomplete_14,0.880952380952381
cimsleepnet_adaptation,52,44,full,1.0
cimsleepnet_adaptation,52,44,single_modality_mean,0.6944444444444444
cimsleepnet_adaptation,52,53,mean_15,0.7148148148148148
cimsleepnet_adaptation,52,53,incomplete_14,0.6944444444444444
cimsleepnet_adaptation,52,53,full,1.0
cimsleepnet_adaptation,52,53,single_modality_mean,0.5833333333333333
adapt_adaptation,53,4,mean_15,0.9703703703703703
adapt_adaptation,53,4,incomplete_14,0.9682539682539683
adapt_adaptation,53,4,full,1.0
adapt_adaptation,53,4,single_modality_mean,0.8888888888888888
adapt_adaptation,53,5,mean_15,0.725925925925926
adapt_adaptation,53,5,incomplete_14,0.7063492063492064
adapt_adaptation,53,5,full,1.0
adapt_adaptation,53,5,single_modality_mean,0.5972222222222223
adapt_adaptation,53,6,mean_15,0.42222222222222217
adapt_adaptation,53,6,incomplete_14,0.4126984126984126
adapt_adaptation,53,6,full,0.5555555555555555
adapt_adaptation,53,6,single_modality_mean,0.38888888888888884
adapt_adaptation,53,9,mean_15,1.0
adapt_adaptation,53,9,incomplete_14,1.0
adapt_adaptation,53,9,full,1.0
adapt_adaptation,53,9,single_modality_mean,1.0
adapt_adaptation,53,17,mean_15,0.7555555555555554
adapt_adaptation,53,17,incomplete_14,0.738095238095238
adapt_adaptation,53,17,full,1.0
adapt_adaptation,53,17,single_modality_mean,0.5277777777777777
adapt_adaptation,53,18,mean_15,0.39999999999999997
adapt_adaptation,53,18,incomplete_14,0.38888888888888884
adapt_adaptation,53,18,full,0.5555555555555555
adapt_adaptation,53,18,single_modality_mean,0.38888888888888884
adapt_adaptation,53,32,mean_15,0.6370370370370371
adapt_adaptation,53,32,incomplete_14,0.634920634920635
adapt_adaptation,53,32,full,0.6666666666666666
adapt_adaptation,53,32,single_modality_mean,0.5555555555555556
adapt_adaptation,53,33,mean_15,0.837037037037037
adapt_adaptation,53,33,incomplete_14,0.8253968253968254
adapt_adaptation,53,33,full,1.0
adapt_adaptation,53,33,single_modality_mean,0.5833333333333333
adapt_adaptation,53,35,mean_15,0.8851851851851852
adapt_adaptation,53,35,incomplete_14,0.8769841269841271
adapt_adaptation,53,35,full,1.0
adapt_adaptation,53,35,single_modality_mean,0.6805555555555555
adapt_adaptation,53,44,mean_15,0.9481481481481481
adapt_adaptation,53,44,incomplete_14,0.9444444444444444
adapt_adaptation,53,44,full,1.0
adapt_adaptation,53,44,single_modality_mean,0.8055555555555556
adapt_adaptation,53,53,mean_15,0.6555555555555556
adapt_adaptation,53,53,incomplete_14,0.630952380952381
adapt_adaptation,53,53,full,1.0
adapt_adaptation,53,53,single_modality_mean,0.4722222222222222
centaur_adaptation,53,4,mean_15,0.8814814814814814
centaur_adaptation,53,4,incomplete_14,0.8730158730158729
centaur_adaptation,53,4,full,1.0
centaur_adaptation,53,4,single_modality_mean,0.7777777777777777
centaur_adaptation,53,5,mean_15,0.8296296296296296
centaur_adaptation,53,5,incomplete_14,0.8174603174603174
centaur_adaptation,53,5,full,1.0
centaur_adaptation,53,5,single_modality_mean,0.6944444444444444
centaur_adaptation,53,6,mean_15,0.774074074074074
centaur_adaptation,53,6,incomplete_14,0.7579365079365079
centaur_adaptation,53,6,full,1.0
centaur_adaptation,53,6,single_modality_mean,0.5694444444444443
centaur_adaptation,53,9,mean_15,0.8851851851851851
centaur_adaptation,53,9,incomplete_14,0.8769841269841269
centaur_adaptation,53,9,full,1.0
centaur_adaptation,53,9,single_modality_mean,0.6805555555555555
centaur_adaptation,53,17,mean_15,0.7925925925925925
centaur_adaptation,53,17,incomplete_14,0.7777777777777777
centaur_adaptation,53,17,full,1.0
centaur_adaptation,53,17,single_modality_mean,0.4444444444444444
centaur_adaptation,53,18,mean_15,0.9185185185185184
centaur_adaptation,53,18,incomplete_14,0.9126984126984127
centaur_adaptation,53,18,full,1.0
centaur_adaptation,53,18,single_modality_mean,0.8055555555555556
centaur_adaptation,53,32,mean_15,0.6074074074074075
centaur_adaptation,53,32,incomplete_14,0.6031746031746034
centaur_adaptation,53,32,full,0.6666666666666666
centaur_adaptation,53,32,single_modality_mean,0.4444444444444444
centaur_adaptation,53,33,mean_15,0.837037037037037
centaur_adaptation,53,33,incomplete_14,0.8253968253968254
centaur_adaptation,53,33,full,1.0
centaur_adaptation,53,33,single_modality_mean,0.5972222222222222
centaur_adaptation,53,35,mean_15,0.8629629629629628
centaur_adaptation,53,35,incomplete_14,0.853174603174603
centaur_adaptation,53,35,full,1.0
centaur_adaptation,53,35,single_modality_mean,0.6805555555555555
centaur_adaptation,53,44,mean_15,0.9481481481481481
centaur_adaptation,53,44,incomplete_14,0.9444444444444444
centaur_adaptation,53,44,full,1.0
centaur_adaptation,53,44,single_modality_mean,0.8055555555555556
centaur_adaptation,53,53,mean_15,0.8333333333333334
centaur_adaptation,53,53,incomplete_14,0.8214285714285714
centaur_adaptation,53,53,full,1.0
centaur_adaptation,53,53,single_modality_mean,0.5833333333333333
cimsleepnet_adaptation,53,4,mean_15,0.8666666666666667
cimsleepnet_adaptation,53,4,incomplete_14,0.8571428571428571
cimsleepnet_adaptation,53,4,full,1.0
cimsleepnet_adaptation,53,4,single_modality_mean,0.6111111111111112
cimsleepnet_adaptation,53,5,mean_15,0.725925925925926
cimsleepnet_adaptation,53,5,incomplete_14,0.7063492063492064
cimsleepnet_adaptation,53,5,full,1.0
cimsleepnet_adaptation,53,5,single_modality_mean,0.5833333333333334
cimsleepnet_adaptation,53,6,mean_15,0.5333333333333333
cimsleepnet_adaptation,53,6,incomplete_14,0.5317460317460317
cimsleepnet_adaptation,53,6,full,0.5555555555555555
cimsleepnet_adaptation,53,6,single_modality_mean,0.48611111111111116
cimsleepnet_adaptation,53,9,mean_15,1.0
cimsleepnet_adaptation,53,9,incomplete_14,1.0
cimsleepnet_adaptation,53,9,full,1.0
cimsleepnet_adaptation,53,9,single_modality_mean,1.0
cimsleepnet_adaptation,53,17,mean_15,0.7703703703703704
cimsleepnet_adaptation,53,17,incomplete_14,0.753968253968254
cimsleepnet_adaptation,53,17,full,1.0
cimsleepnet_adaptation,53,17,single_modality_mean,0.4444444444444444
cimsleepnet_adaptation,53,18,mean_15,0.537037037037037
cimsleepnet_adaptation,53,18,incomplete_14,0.5357142857142857
cimsleepnet_adaptation,53,18,full,0.5555555555555555
cimsleepnet_adaptation,53,18,single_modality_mean,0.4861111111111111
cimsleepnet_adaptation,53,32,mean_15,0.5777777777777778
cimsleepnet_adaptation,53,32,incomplete_14,0.5714285714285715
cimsleepnet_adaptation,53,32,full,0.6666666666666666
cimsleepnet_adaptation,53,32,single_modality_mean,0.4444444444444444
cimsleepnet_adaptation,53,33,mean_15,0.8111111111111111
cimsleepnet_adaptation,53,33,incomplete_14,0.7976190476190476
cimsleepnet_adaptation,53,33,full,1.0
cimsleepnet_adaptation,53,33,single_modality_mean,0.5972222222222222
cimsleepnet_adaptation,53,35,mean_15,0.8666666666666667
cimsleepnet_adaptation,53,35,incomplete_14,0.8571428571428571
cimsleepnet_adaptation,53,35,full,1.0
cimsleepnet_adaptation,53,35,single_modality_mean,0.6944444444444444
cimsleepnet_adaptation,53,44,mean_15,0.9444444444444445
cimsleepnet_adaptation,53,44,incomplete_14,0.9404761904761906
cimsleepnet_adaptation,53,44,full,1.0
cimsleepnet_adaptation,53,44,single_modality_mean,0.7916666666666666
cimsleepnet_adaptation,53,53,mean_15,0.8666666666666667
cimsleepnet_adaptation,53,53,incomplete_14,0.8571428571428571
cimsleepnet_adaptation,53,53,full,1.0
cimsleepnet_adaptation,53,53,single_modality_mean,0.6944444444444444
adapt_adaptation,51,20,mean_15,0.8851851851851852
adapt_adaptation,51,20,incomplete_14,0.8769841269841271
adapt_adaptation,51,20,full,1.0
adapt_adaptation,51,20,single_modality_mean,0.6805555555555555
adapt_adaptation,51,22,mean_15,0.8666666666666667
adapt_adaptation,51,22,incomplete_14,0.8571428571428571
adapt_adaptation,51,22,full,1.0
adapt_adaptation,51,22,single_modality_mean,0.6944444444444444
adapt_adaptation,51,23,mean_15,0.9481481481481481
adapt_adaptation,51,23,incomplete_14,0.9444444444444444
adapt_adaptation,51,23,full,1.0
adapt_adaptation,51,23,single_modality_mean,0.8055555555555556
adapt_adaptation,51,28,mean_15,0.8666666666666667
adapt_adaptation,51,28,incomplete_14,0.8571428571428571
adapt_adaptation,51,28,full,1.0
adapt_adaptation,51,28,single_modality_mean,0.6944444444444444
adapt_adaptation,51,34,mean_15,0.8666666666666667
adapt_adaptation,51,34,incomplete_14,0.8571428571428571
adapt_adaptation,51,34,full,1.0
adapt_adaptation,51,34,single_modality_mean,0.6944444444444444
adapt_adaptation,51,41,mean_15,0.8666666666666667
adapt_adaptation,51,41,incomplete_14,0.8571428571428571
adapt_adaptation,51,41,full,1.0
adapt_adaptation,51,41,single_modality_mean,0.6944444444444444
adapt_adaptation,51,42,mean_15,0.48518518518518505
adapt_adaptation,51,42,incomplete_14,0.48015873015873006
adapt_adaptation,51,42,full,0.5555555555555555
adapt_adaptation,51,42,single_modality_mean,0.37499999999999994
adapt_adaptation,51,45,mean_15,0.6370370370370371
adapt_adaptation,51,45,incomplete_14,0.634920634920635
adapt_adaptation,51,45,full,0.6666666666666666
adapt_adaptation,51,45,single_modality_mean,0.5555555555555556
adapt_adaptation,51,51,mean_15,0.8851851851851851
adapt_adaptation,51,51,incomplete_14,0.8769841269841269
adapt_adaptation,51,51,full,1.0
adapt_adaptation,51,51,single_modality_mean,0.6805555555555555
adapt_adaptation,51,54,mean_15,0.8629629629629629
adapt_adaptation,51,54,incomplete_14,0.8531746031746031
adapt_adaptation,51,54,full,1.0
adapt_adaptation,51,54,single_modality_mean,0.5972222222222222
adapt_adaptation,51,56,mean_15,0.43703703703703695
adapt_adaptation,51,56,incomplete_14,0.4285714285714285
adapt_adaptation,51,56,full,0.5555555555555555
adapt_adaptation,51,56,single_modality_mean,0.29166666666666663
centaur_adaptation,51,20,mean_15,0.9185185185185186
centaur_adaptation,51,20,incomplete_14,0.9126984126984128
centaur_adaptation,51,20,full,1.0
centaur_adaptation,51,20,single_modality_mean,0.6944444444444444
centaur_adaptation,51,22,mean_15,0.8407407407407407
centaur_adaptation,51,22,incomplete_14,0.8293650793650793
centaur_adaptation,51,22,full,1.0
centaur_adaptation,51,22,single_modality_mean,0.5972222222222222
centaur_adaptation,51,23,mean_15,0.9111111111111111
centaur_adaptation,51,23,incomplete_14,0.9047619047619048
centaur_adaptation,51,23,full,1.0
centaur_adaptation,51,23,single_modality_mean,0.7777777777777777
centaur_adaptation,51,28,mean_15,0.8444444444444444
centaur_adaptation,51,28,incomplete_14,0.8333333333333333
centaur_adaptation,51,28,full,1.0
centaur_adaptation,51,28,single_modality_mean,0.6111111111111112
centaur_adaptation,51,34,mean_15,1.0
centaur_adaptation,51,34,incomplete_14,1.0
centaur_adaptation,51,34,full,1.0
centaur_adaptation,51,34,single_modality_mean,1.0
centaur_adaptation,51,41,mean_15,0.9111111111111111
centaur_adaptation,51,41,incomplete_14,0.9047619047619048
centaur_adaptation,51,41,full,1.0
centaur_adaptation,51,41,single_modality_mean,0.7777777777777777
centaur_adaptation,51,42,mean_15,0.8629629629629628
centaur_adaptation,51,42,incomplete_14,0.853174603174603
centaur_adaptation,51,42,full,1.0
centaur_adaptation,51,42,single_modality_mean,0.6805555555555555
centaur_adaptation,51,45,mean_15,0.6370370370370371
centaur_adaptation,51,45,incomplete_14,0.634920634920635
centaur_adaptation,51,45,full,0.6666666666666666
centaur_adaptation,51,45,single_modality_mean,0.5555555555555556
centaur_adaptation,51,51,mean_15,0.9111111111111111
centaur_adaptation,51,51,incomplete_14,0.9047619047619048
centaur_adaptation,51,51,full,1.0
centaur_adaptation,51,51,single_modality_mean,0.7777777777777777
centaur_adaptation,51,54,mean_15,0.9407407407407408
centaur_adaptation,51,54,incomplete_14,0.9365079365079365
centaur_adaptation,51,54,full,1.0
centaur_adaptation,51,54,single_modality_mean,0.8888888888888888
centaur_adaptation,51,56,mean_15,0.837037037037037
centaur_adaptation,51,56,incomplete_14,0.8253968253968254
centaur_adaptation,51,56,full,1.0
centaur_adaptation,51,56,single_modality_mean,0.5833333333333333
cimsleepnet_adaptation,51,20,mean_15,0.9481481481481481
cimsleepnet_adaptation,51,20,incomplete_14,0.9444444444444444
cimsleepnet_adaptation,51,20,full,1.0
cimsleepnet_adaptation,51,20,single_modality_mean,0.8055555555555556
cimsleepnet_adaptation,51,22,mean_15,0.8851851851851851
cimsleepnet_adaptation,51,22,incomplete_14,0.8769841269841269
cimsleepnet_adaptation,51,22,full,1.0
cimsleepnet_adaptation,51,22,single_modality_mean,0.6805555555555555
cimsleepnet_adaptation,51,23,mean_15,0.9407407407407408
cimsleepnet_adaptation,51,23,incomplete_14,0.9365079365079365
cimsleepnet_adaptation,51,23,full,1.0
cimsleepnet_adaptation,51,23,single_modality_mean,0.8888888888888888
cimsleepnet_adaptation,51,28,mean_15,0.8518518518518517
cimsleepnet_adaptation,51,28,incomplete_14,0.8412698412698412
cimsleepnet_adaptation,51,28,full,1.0
cimsleepnet_adaptation,51,28,single_modality_mean,0.638888888888889
cimsleepnet_adaptation,51,34,mean_15,0.888888888888889
cimsleepnet_adaptation,51,34,incomplete_14,0.880952380952381
cimsleepnet_adaptation,51,34,full,1.0
cimsleepnet_adaptation,51,34,single_modality_mean,0.6944444444444444
cimsleepnet_adaptation,51,41,mean_15,0.8592592592592592
cimsleepnet_adaptation,51,41,incomplete_14,0.8492063492063491
cimsleepnet_adaptation,51,41,full,1.0
cimsleepnet_adaptation,51,41,single_modality_mean,0.6805555555555555
cimsleepnet_adaptation,51,42,mean_15,0.7222222222222221
cimsleepnet_adaptation,51,42,incomplete_14,0.7023809523809523
cimsleepnet_adaptation,51,42,full,1.0
cimsleepnet_adaptation,51,42,single_modality_mean,0.5972222222222222
cimsleepnet_adaptation,51,45,mean_15,0.5777777777777778
cimsleepnet_adaptation,51,45,incomplete_14,0.5714285714285715
cimsleepnet_adaptation,51,45,full,0.6666666666666666
cimsleepnet_adaptation,51,45,single_modality_mean,0.4444444444444444
cimsleepnet_adaptation,51,51,mean_15,0.9185185185185184
cimsleepnet_adaptation,51,51,incomplete_14,0.9126984126984127
cimsleepnet_adaptation,51,51,full,1.0
cimsleepnet_adaptation,51,51,single_modality_mean,0.8055555555555556
cimsleepnet_adaptation,51,54,mean_15,0.8407407407407407
cimsleepnet_adaptation,51,54,incomplete_14,0.8293650793650793
cimsleepnet_adaptation,51,54,full,1.0
cimsleepnet_adaptation,51,54,single_modality_mean,0.5972222222222222
cimsleepnet_adaptation,51,56,mean_15,0.6444444444444445
cimsleepnet_adaptation,51,56,incomplete_14,0.6190476190476192
cimsleepnet_adaptation,51,56,full,1.0
cimsleepnet_adaptation,51,56,single_modality_mean,0.38888888888888895
adapt_adaptation,52,20,mean_15,0.8592592592592592
adapt_adaptation,52,20,incomplete_14,0.8492063492063491
adapt_adaptation,52,20,full,1.0
adapt_adaptation,52,20,single_modality_mean,0.6944444444444444
adapt_adaptation,52,22,mean_15,0.8666666666666667
adapt_adaptation,52,22,incomplete_14,0.8571428571428571
adapt_adaptation,52,22,full,1.0
adapt_adaptation,52,22,single_modality_mean,0.6944444444444444
adapt_adaptation,52,23,mean_15,0.8888888888888888
adapt_adaptation,52,23,incomplete_14,0.8809523809523808
adapt_adaptation,52,23,full,1.0
adapt_adaptation,52,23,single_modality_mean,0.7777777777777777
adapt_adaptation,52,28,mean_15,0.837037037037037
adapt_adaptation,52,28,incomplete_14,0.8253968253968254
adapt_adaptation,52,28,full,1.0
adapt_adaptation,52,28,single_modality_mean,0.5972222222222222
adapt_adaptation,52,34,mean_15,0.888888888888889
adapt_adaptation,52,34,incomplete_14,0.880952380952381
adapt_adaptation,52,34,full,1.0
adapt_adaptation,52,34,single_modality_mean,0.6944444444444444
adapt_adaptation,52,41,mean_15,0.6555555555555556
adapt_adaptation,52,41,incomplete_14,0.630952380952381
adapt_adaptation,52,41,full,1.0
adapt_adaptation,52,41,single_modality_mean,0.4722222222222222
adapt_adaptation,52,42,mean_15,0.48518518518518505
adapt_adaptation,52,42,incomplete_14,0.48015873015873006
adapt_adaptation,52,42,full,0.5555555555555555
adapt_adaptation,52,42,single_modality_mean,0.37499999999999994
adapt_adaptation,52,45,mean_15,0.5481481481481482
adapt_adaptation,52,45,incomplete_14,0.5396825396825398
adapt_adaptation,52,45,full,0.6666666666666666
adapt_adaptation,52,45,single_modality_mean,0.4444444444444444
adapt_adaptation,52,51,mean_15,0.8629629629629628
adapt_adaptation,52,51,incomplete_14,0.853174603174603
adapt_adaptation,52,51,full,1.0
adapt_adaptation,52,51,single_modality_mean,0.6805555555555555
adapt_adaptation,52,54,mean_15,0.9148148148148147
adapt_adaptation,52,54,incomplete_14,0.9087301587301587
adapt_adaptation,52,54,full,1.0
adapt_adaptation,52,54,single_modality_mean,0.6805555555555555
adapt_adaptation,52,56,mean_15,0.6518518518518519
adapt_adaptation,52,56,incomplete_14,0.6269841269841271
adapt_adaptation,52,56,full,1.0
adapt_adaptation,52,56,single_modality_mean,0.48611111111111116
centaur_adaptation,52,20,mean_15,0.9703703703703703
centaur_adaptation,52,20,incomplete_14,0.9682539682539683
centaur_adaptation,52,20,full,1.0
centaur_adaptation,52,20,single_modality_mean,0.8888888888888888
centaur_adaptation,52,22,mean_15,0.837037037037037
centaur_adaptation,52,22,incomplete_14,0.8253968253968254
centaur_adaptation,52,22,full,1.0
centaur_adaptation,52,22,single_modality_mean,0.5972222222222222
centaur_adaptation,52,23,mean_15,0.888888888888889
centaur_adaptation,52,23,incomplete_14,0.880952380952381
centaur_adaptation,52,23,full,1.0
centaur_adaptation,52,23,single_modality_mean,0.6944444444444444
centaur_adaptation,52,28,mean_15,0.8407407407407407
centaur_adaptation,52,28,incomplete_14,0.8293650793650793
centaur_adaptation,52,28,full,1.0
centaur_adaptation,52,28,single_modality_mean,0.5972222222222222
centaur_adaptation,52,34,mean_15,0.888888888888889
centaur_adaptation,52,34,incomplete_14,0.880952380952381
centaur_adaptation,52,34,full,1.0
centaur_adaptation,52,34,single_modality_mean,0.6944444444444444
centaur_adaptation,52,41,mean_15,0.8592592592592592
centaur_adaptation,52,41,incomplete_14,0.8492063492063491
centaur_adaptation,52,41,full,1.0
centaur_adaptation,52,41,single_modality_mean,0.6805555555555555
centaur_adaptation,52,42,mean_15,0.8629629629629628
centaur_adaptation,52,42,incomplete_14,0.853174603174603
centaur_adaptation,52,42,full,1.0
centaur_adaptation,52,42,single_modality_mean,0.6805555555555555
centaur_adaptation,52,45,mean_15,0.6074074074074075
centaur_adaptation,52,45,incomplete_14,0.6031746031746034
centaur_adaptation,52,45,full,0.6666666666666666
centaur_adaptation,52,45,single_modality_mean,0.5555555555555555
centaur_adaptation,52,51,mean_15,0.9407407407407408
centaur_adaptation,52,51,incomplete_14,0.9365079365079365
centaur_adaptation,52,51,full,1.0
centaur_adaptation,52,51,single_modality_mean,0.8888888888888888
centaur_adaptation,52,54,mean_15,0.9185185185185186
centaur_adaptation,52,54,incomplete_14,0.9126984126984128
centaur_adaptation,52,54,full,1.0
centaur_adaptation,52,54,single_modality_mean,0.6944444444444444
centaur_adaptation,52,56,mean_15,0.8444444444444444
centaur_adaptation,52,56,incomplete_14,0.8333333333333333
centaur_adaptation,52,56,full,1.0
centaur_adaptation,52,56,single_modality_mean,0.6111111111111112
cimsleepnet_adaptation,52,20,mean_15,0.8592592592592592
cimsleepnet_adaptation,52,20,incomplete_14,0.8492063492063491
cimsleepnet_adaptation,52,20,full,1.0
cimsleepnet_adaptation,52,20,single_modality_mean,0.6944444444444444
cimsleepnet_adaptation,52,22,mean_15,0.8851851851851851
cimsleepnet_adaptation,52,22,incomplete_14,0.8769841269841269
cimsleepnet_adaptation,52,22,full,1.0
cimsleepnet_adaptation,52,22,single_modality_mean,0.6805555555555555
cimsleepnet_adaptation,52,23,mean_15,0.8296296296296295
cimsleepnet_adaptation,52,23,incomplete_14,0.8174603174603173
cimsleepnet_adaptation,52,23,full,1.0
cimsleepnet_adaptation,52,23,single_modality_mean,0.7916666666666666
cimsleepnet_adaptation,52,28,mean_15,0.8444444444444444
cimsleepnet_adaptation,52,28,incomplete_14,0.8333333333333333
cimsleepnet_adaptation,52,28,full,1.0
cimsleepnet_adaptation,52,28,single_modality_mean,0.6111111111111112
cimsleepnet_adaptation,52,34,mean_15,0.9481481481481481
cimsleepnet_adaptation,52,34,incomplete_14,0.9444444444444444
cimsleepnet_adaptation,52,34,full,1.0
cimsleepnet_adaptation,52,34,single_modality_mean,0.8055555555555556
cimsleepnet_adaptation,52,41,mean_15,0.8111111111111111
cimsleepnet_adaptation,52,41,incomplete_14,0.7976190476190476
cimsleepnet_adaptation,52,41,full,1.0
cimsleepnet_adaptation,52,41,single_modality_mean,0.6111111111111112
cimsleepnet_adaptation,52,42,mean_15,0.45555555555555555
cimsleepnet_adaptation,52,42,incomplete_14,0.4722222222222222
cimsleepnet_adaptation,52,42,full,0.2222222222222222
cimsleepnet_adaptation,52,42,single_modality_mean,0.4861111111111111
cimsleepnet_adaptation,52,45,mean_15,0.5185185185185186
cimsleepnet_adaptation,52,45,incomplete_14,0.507936507936508
cimsleepnet_adaptation,52,45,full,0.6666666666666666
cimsleepnet_adaptation,52,45,single_modality_mean,0.4444444444444444
cimsleepnet_adaptation,52,51,mean_15,0.9703703703703703
cimsleepnet_adaptation,52,51,incomplete_14,0.9682539682539683
cimsleepnet_adaptation,52,51,full,1.0
cimsleepnet_adaptation,52,51,single_modality_mean,0.8888888888888888
cimsleepnet_adaptation,52,54,mean_15,0.8407407407407407
cimsleepnet_adaptation,52,54,incomplete_14,0.8293650793650793
cimsleepnet_adaptation,52,54,full,1.0
cimsleepnet_adaptation,52,54,single_modality_mean,0.5972222222222222
cimsleepnet_adaptation,52,56,mean_15,0.7074074074074074
cimsleepnet_adaptation,52,56,incomplete_14,0.6865079365079365
cimsleepnet_adaptation,52,56,full,1.0
cimsleepnet_adaptation,52,56,single_modality_mean,0.40277777777777785
adapt_adaptation,53,20,mean_15,0.8851851851851851
adapt_adaptation,53,20,incomplete_14,0.8769841269841269
adapt_adaptation,53,20,full,1.0
adapt_adaptation,53,20,single_modality_mean,0.6805555555555555
adapt_adaptation,53,22,mean_15,0.8333333333333334
adapt_adaptation,53,22,incomplete_14,0.8214285714285714
adapt_adaptation,53,22,full,1.0
adapt_adaptation,53,22,single_modality_mean,0.5833333333333333
adapt_adaptation,53,23,mean_15,0.8962962962962961
adapt_adaptation,53,23,incomplete_14,0.8888888888888887
adapt_adaptation,53,23,full,1.0
adapt_adaptation,53,23,single_modality_mean,0.8055555555555556
adapt_adaptation,53,28,mean_15,0.8407407407407407
adapt_adaptation,53,28,incomplete_14,0.8293650793650793
adapt_adaptation,53,28,full,1.0
adapt_adaptation,53,28,single_modality_mean,0.5972222222222222
adapt_adaptation,53,34,mean_15,0.8629629629629629
adapt_adaptation,53,34,incomplete_14,0.8531746031746031
adapt_adaptation,53,34,full,1.0
adapt_adaptation,53,34,single_modality_mean,0.5972222222222222
adapt_adaptation,53,41,mean_15,0.888888888888889
adapt_adaptation,53,41,incomplete_14,0.880952380952381
adapt_adaptation,53,41,full,1.0
adapt_adaptation,53,41,single_modality_mean,0.6944444444444444
adapt_adaptation,53,42,mean_15,0.5148148148148147
adapt_adaptation,53,42,incomplete_14,0.5119047619047618
adapt_adaptation,53,42,full,0.5555555555555555
adapt_adaptation,53,42,single_modality_mean,0.5694444444444443
adapt_adaptation,53,45,mean_15,0.6370370370370371
adapt_adaptation,53,45,incomplete_14,0.634920634920635
adapt_adaptation,53,45,full,0.6666666666666666
adapt_adaptation,53,45,single_modality_mean,0.5555555555555556
adapt_adaptation,53,51,mean_15,0.8592592592592592
adapt_adaptation,53,51,incomplete_14,0.8492063492063491
adapt_adaptation,53,51,full,1.0
adapt_adaptation,53,51,single_modality_mean,0.6805555555555555
adapt_adaptation,53,54,mean_15,0.888888888888889
adapt_adaptation,53,54,incomplete_14,0.880952380952381
adapt_adaptation,53,54,full,1.0
adapt_adaptation,53,54,single_modality_mean,0.6944444444444444
adapt_adaptation,53,56,mean_15,0.44074074074074077
adapt_adaptation,53,56,incomplete_14,0.4563492063492064
adapt_adaptation,53,56,full,0.2222222222222222
adapt_adaptation,53,56,single_modality_mean,0.4861111111111111
centaur_adaptation,53,20,mean_15,0.9185185185185186
centaur_adaptation,53,20,incomplete_14,0.9126984126984128
centaur_adaptation,53,20,full,1.0
centaur_adaptation,53,20,single_modality_mean,0.6944444444444444
centaur_adaptation,53,22,mean_15,0.8407407407407407
centaur_adaptation,53,22,incomplete_14,0.8293650793650793
centaur_adaptation,53,22,full,1.0
centaur_adaptation,53,22,single_modality_mean,0.5972222222222222
centaur_adaptation,53,23,mean_15,0.9407407407407408
centaur_adaptation,53,23,incomplete_14,0.9365079365079365
centaur_adaptation,53,23,full,1.0
centaur_adaptation,53,23,single_modality_mean,0.8888888888888888
centaur_adaptation,53,28,mean_15,0.837037037037037
centaur_adaptation,53,28,incomplete_14,0.8253968253968254
centaur_adaptation,53,28,full,1.0
centaur_adaptation,53,28,single_modality_mean,0.5972222222222222
centaur_adaptation,53,34,mean_15,0.9407407407407408
centaur_adaptation,53,34,incomplete_14,0.9365079365079365
centaur_adaptation,53,34,full,1.0
centaur_adaptation,53,34,single_modality_mean,0.8888888888888888
centaur_adaptation,53,41,mean_15,0.8333333333333334
centaur_adaptation,53,41,incomplete_14,0.8214285714285714
centaur_adaptation,53,41,full,1.0
centaur_adaptation,53,41,single_modality_mean,0.5833333333333333
centaur_adaptation,53,42,mean_15,0.837037037037037
centaur_adaptation,53,42,incomplete_14,0.8253968253968254
centaur_adaptation,53,42,full,1.0
centaur_adaptation,53,42,single_modality_mean,0.5972222222222222
centaur_adaptation,53,45,mean_15,0.5777777777777778
centaur_adaptation,53,45,incomplete_14,0.5714285714285715
centaur_adaptation,53,45,full,0.6666666666666666
centaur_adaptation,53,45,single_modality_mean,0.4444444444444444
centaur_adaptation,53,51,mean_15,0.9481481481481481
centaur_adaptation,53,51,incomplete_14,0.9444444444444444
centaur_adaptation,53,51,full,1.0
centaur_adaptation,53,51,single_modality_mean,0.8055555555555556
centaur_adaptation,53,54,mean_15,0.8666666666666667
centaur_adaptation,53,54,incomplete_14,0.8571428571428571
centaur_adaptation,53,54,full,1.0
centaur_adaptation,53,54,single_modality_mean,0.6944444444444444
centaur_adaptation,53,56,mean_15,0.8851851851851851
centaur_adaptation,53,56,incomplete_14,0.8769841269841269
centaur_adaptation,53,56,full,1.0
centaur_adaptation,53,56,single_modality_mean,0.6805555555555555
cimsleepnet_adaptation,53,20,mean_15,0.874074074074074
cimsleepnet_adaptation,53,20,incomplete_14,0.865079365079365
cimsleepnet_adaptation,53,20,full,1.0
cimsleepnet_adaptation,53,20,single_modality_mean,0.6388888888888888
cimsleepnet_adaptation,53,22,mean_15,0.8851851851851851
cimsleepnet_adaptation,53,22,incomplete_14,0.8769841269841269
cimsleepnet_adaptation,53,22,full,1.0
cimsleepnet_adaptation,53,22,single_modality_mean,0.6805555555555555
cimsleepnet_adaptation,53,23,mean_15,0.8666666666666667
cimsleepnet_adaptation,53,23,incomplete_14,0.8571428571428571
cimsleepnet_adaptation,53,23,full,1.0
cimsleepnet_adaptation,53,23,single_modality_mean,0.6944444444444444
cimsleepnet_adaptation,53,28,mean_15,0.8592592592592592
cimsleepnet_adaptation,53,28,incomplete_14,0.8492063492063491
cimsleepnet_adaptation,53,28,full,1.0
cimsleepnet_adaptation,53,28,single_modality_mean,0.6805555555555555
cimsleepnet_adaptation,53,34,mean_15,0.888888888888889
cimsleepnet_adaptation,53,34,incomplete_14,0.880952380952381
cimsleepnet_adaptation,53,34,full,1.0
cimsleepnet_adaptation,53,34,single_modality_mean,0.6944444444444444
cimsleepnet_adaptation,53,41,mean_15,0.8333333333333334
cimsleepnet_adaptation,53,41,incomplete_14,0.8214285714285714
cimsleepnet_adaptation,53,41,full,1.0
cimsleepnet_adaptation,53,41,single_modality_mean,0.5833333333333333
cimsleepnet_adaptation,53,42,mean_15,0.7666666666666665
cimsleepnet_adaptation,53,42,incomplete_14,0.7499999999999999
cimsleepnet_adaptation,53,42,full,1.0
cimsleepnet_adaptation,53,42,single_modality_mean,0.6805555555555555
cimsleepnet_adaptation,53,45,mean_15,0.6666666666666665
cimsleepnet_adaptation,53,45,incomplete_14,0.6666666666666666
cimsleepnet_adaptation,53,45,full,0.6666666666666666
cimsleepnet_adaptation,53,45,single_modality_mean,0.6666666666666666
cimsleepnet_adaptation,53,51,mean_15,0.8851851851851851
cimsleepnet_adaptation,53,51,incomplete_14,0.8769841269841269
cimsleepnet_adaptation,53,51,full,1.0
cimsleepnet_adaptation,53,51,single_modality_mean,0.6805555555555555
cimsleepnet_adaptation,53,54,mean_15,0.8666666666666667
cimsleepnet_adaptation,53,54,incomplete_14,0.8571428571428571
cimsleepnet_adaptation,53,54,full,1.0
cimsleepnet_adaptation,53,54,single_modality_mean,0.6944444444444444
cimsleepnet_adaptation,53,56,mean_15,0.6407407407407407
cimsleepnet_adaptation,53,56,incomplete_14,0.615079365079365
cimsleepnet_adaptation,53,56,full,1.0
cimsleepnet_adaptation,53,56,single_modality_mean,0.40277777777777785
adapt_adaptation,51,8,mean_15,0.22222222222222224
adapt_adaptation,51,8,incomplete_14,0.21428571428571427
adapt_adaptation,51,8,full,0.3333333333333333
adapt_adaptation,51,8,single_modality_mean,0.16666666666666666
adapt_adaptation,51,11,mean_15,0.45925925925925937
adapt_adaptation,51,11,incomplete_14,0.4761904761904763
adapt_adaptation,51,11,full,0.2222222222222222
adapt_adaptation,51,11,single_modality_mean,0.4444444444444444
adapt_adaptation,51,12,mean_15,0.8333333333333334
adapt_adaptation,51,12,incomplete_14,0.8214285714285714
adapt_adaptation,51,12,full,1.0
adapt_adaptation,51,12,single_modality_mean,0.5833333333333333
adapt_adaptation,51,13,mean_15,0.9444444444444445
adapt_adaptation,51,13,incomplete_14,0.9404761904761906
adapt_adaptation,51,13,full,1.0
adapt_adaptation,51,13,single_modality_mean,0.7916666666666666
adapt_adaptation,51,30,mean_15,0.7407407407407407
adapt_adaptation,51,30,incomplete_14,0.7222222222222222
adapt_adaptation,51,30,full,1.0
adapt_adaptation,51,30,single_modality_mean,0.5694444444444444
adapt_adaptation,51,31,mean_15,0.8666666666666667
adapt_adaptation,51,31,incomplete_14,0.8571428571428571
adapt_adaptation,51,31,full,1.0
adapt_adaptation,51,31,single_modality_mean,0.6944444444444444
adapt_adaptation,51,37,mean_15,0.9407407407407408
adapt_adaptation,51,37,incomplete_14,0.9365079365079365
adapt_adaptation,51,37,full,1.0
adapt_adaptation,51,37,single_modality_mean,0.7777777777777777
adapt_adaptation,51,52,mean_15,0.9111111111111111
adapt_adaptation,51,52,incomplete_14,0.9047619047619048
adapt_adaptation,51,52,full,1.0
adapt_adaptation,51,52,single_modality_mean,0.7777777777777777
adapt_adaptation,51,55,mean_15,0.6222222222222222
adapt_adaptation,51,55,incomplete_14,0.6269841269841271
adapt_adaptation,51,55,full,0.5555555555555555
adapt_adaptation,51,55,single_modality_mean,0.6944444444444444
adapt_adaptation,51,57,mean_15,0.8111111111111111
adapt_adaptation,51,57,incomplete_14,0.7976190476190476
adapt_adaptation,51,57,full,1.0
adapt_adaptation,51,57,single_modality_mean,0.5972222222222222
adapt_adaptation,51,58,mean_15,0.8444444444444444
adapt_adaptation,51,58,incomplete_14,0.8333333333333333
adapt_adaptation,51,58,full,1.0
adapt_adaptation,51,58,single_modality_mean,0.6111111111111112
centaur_adaptation,51,8,mean_15,0.28888888888888886
centaur_adaptation,51,8,incomplete_14,0.2857142857142857
centaur_adaptation,51,8,full,0.3333333333333333
centaur_adaptation,51,8,single_modality_mean,0.25
centaur_adaptation,51,11,mean_15,0.5777777777777778
centaur_adaptation,51,11,incomplete_14,0.5714285714285715
centaur_adaptation,51,11,full,0.6666666666666666
centaur_adaptation,51,11,single_modality_mean,0.4444444444444444
centaur_adaptation,51,12,mean_15,0.837037037037037
centaur_adaptation,51,12,incomplete_14,0.8253968253968254
centaur_adaptation,51,12,full,1.0
centaur_adaptation,51,12,single_modality_mean,0.5972222222222222
centaur_adaptation,51,13,mean_15,0.9703703703703703
centaur_adaptation,51,13,incomplete_14,0.9682539682539683
centaur_adaptation,51,13,full,1.0
centaur_adaptation,51,13,single_modality_mean,0.8888888888888888
centaur_adaptation,51,30,mean_15,0.8666666666666667
centaur_adaptation,51,30,incomplete_14,0.8571428571428571
centaur_adaptation,51,30,full,1.0
centaur_adaptation,51,30,single_modality_mean,0.6944444444444444
centaur_adaptation,51,31,mean_15,0.837037037037037
centaur_adaptation,51,31,incomplete_14,0.8253968253968254
centaur_adaptation,51,31,full,1.0
centaur_adaptation,51,31,single_modality_mean,0.5833333333333333
centaur_adaptation,51,37,mean_15,0.9481481481481481
centaur_adaptation,51,37,incomplete_14,0.9444444444444444
centaur_adaptation,51,37,full,1.0
centaur_adaptation,51,37,single_modality_mean,0.8055555555555556
centaur_adaptation,51,52,mean_15,0.8629629629629628
centaur_adaptation,51,52,incomplete_14,0.853174603174603
centaur_adaptation,51,52,full,1.0
centaur_adaptation,51,52,single_modality_mean,0.6805555555555555
centaur_adaptation,51,55,mean_15,0.8814814814814814
centaur_adaptation,51,55,incomplete_14,0.8730158730158729
centaur_adaptation,51,55,full,1.0
centaur_adaptation,51,55,single_modality_mean,0.7777777777777777
centaur_adaptation,51,57,mean_15,0.8444444444444444
centaur_adaptation,51,57,incomplete_14,0.8333333333333333
centaur_adaptation,51,57,full,1.0
centaur_adaptation,51,57,single_modality_mean,0.6111111111111112
centaur_adaptation,51,58,mean_15,0.8444444444444444
centaur_adaptation,51,58,incomplete_14,0.8333333333333333
centaur_adaptation,51,58,full,1.0
centaur_adaptation,51,58,single_modality_mean,0.6111111111111112
cimsleepnet_adaptation,51,8,mean_15,0.24444444444444446
cimsleepnet_adaptation,51,8,incomplete_14,0.2380952380952381
cimsleepnet_adaptation,51,8,full,0.3333333333333333
cimsleepnet_adaptation,51,8,single_modality_mean,0.16666666666666666
cimsleepnet_adaptation,51,11,mean_15,0.5481481481481482
cimsleepnet_adaptation,51,11,incomplete_14,0.5396825396825398
cimsleepnet_adaptation,51,11,full,0.6666666666666666
cimsleepnet_adaptation,51,11,single_modality_mean,0.33333333333333337
cimsleepnet_adaptation,51,12,mean_15,0.7777777777777778
cimsleepnet_adaptation,51,12,incomplete_14,0.7619047619047619
cimsleepnet_adaptation,51,12,full,1.0
cimsleepnet_adaptation,51,12,single_modality_mean,0.5972222222222222
cimsleepnet_adaptation,51,13,mean_15,0.9444444444444445
cimsleepnet_adaptation,51,13,incomplete_14,0.9404761904761906
cimsleepnet_adaptation,51,13,full,1.0
cimsleepnet_adaptation,51,13,single_modality_mean,0.7916666666666666
cimsleepnet_adaptation,51,30,mean_15,0.8814814814814814
cimsleepnet_adaptation,51,30,incomplete_14,0.8730158730158729
cimsleepnet_adaptation,51,30,full,1.0
cimsleepnet_adaptation,51,30,single_modality_mean,0.7777777777777777
cimsleepnet_adaptation,51,31,mean_15,0.8296296296296295
cimsleepnet_adaptation,51,31,incomplete_14,0.8174603174603173
cimsleepnet_adaptation,51,31,full,1.0
cimsleepnet_adaptation,51,31,single_modality_mean,0.5555555555555556
cimsleepnet_adaptation,51,37,mean_15,0.9481481481481481
cimsleepnet_adaptation,51,37,incomplete_14,0.9444444444444444
cimsleepnet_adaptation,51,37,full,1.0
cimsleepnet_adaptation,51,37,single_modality_mean,0.8055555555555556
cimsleepnet_adaptation,51,52,mean_15,0.8666666666666667
cimsleepnet_adaptation,51,52,incomplete_14,0.8571428571428571
cimsleepnet_adaptation,51,52,full,1.0
cimsleepnet_adaptation,51,52,single_modality_mean,0.6944444444444444
cimsleepnet_adaptation,51,55,mean_15,0.437037037037037
cimsleepnet_adaptation,51,55,incomplete_14,0.4523809523809524
cimsleepnet_adaptation,51,55,full,0.2222222222222222
cimsleepnet_adaptation,51,55,single_modality_mean,0.4722222222222221
cimsleepnet_adaptation,51,57,mean_15,0.7592592592592592
cimsleepnet_adaptation,51,57,incomplete_14,0.742063492063492
cimsleepnet_adaptation,51,57,full,1.0
cimsleepnet_adaptation,51,57,single_modality_mean,0.5972222222222222
cimsleepnet_adaptation,51,58,mean_15,0.8629629629629628
cimsleepnet_adaptation,51,58,incomplete_14,0.853174603174603
cimsleepnet_adaptation,51,58,full,1.0
cimsleepnet_adaptation,51,58,single_modality_mean,0.6805555555555555
adapt_adaptation,52,8,mean_15,0.2888888888888889
adapt_adaptation,52,8,incomplete_14,0.28571428571428575
adapt_adaptation,52,8,full,0.3333333333333333
adapt_adaptation,52,8,single_modality_mean,0.16666666666666666
adapt_adaptation,52,11,mean_15,0.3407407407407408
adapt_adaptation,52,11,incomplete_14,0.34920634920634924
adapt_adaptation,52,11,full,0.2222222222222222
adapt_adaptation,52,11,single_modality_mean,0.33333333333333337
adapt_adaptation,52,12,mean_15,0.774074074074074
adapt_adaptation,52,12,incomplete_14,0.7579365079365079
adapt_adaptation,52,12,full,1.0
adapt_adaptation,52,12,single_modality_mean,0.5833333333333333
adapt_adaptation,52,13,mean_15,0.8259259259259258
adapt_adaptation,52,13,incomplete_14,0.8134920634920634
adapt_adaptation,52,13,full,1.0
adapt_adaptation,52,13,single_modality_mean,0.6805555555555555
adapt_adaptation,52,30,mean_15,0.9111111111111111
adapt_adaptation,52,30,incomplete_14,0.9047619047619048
adapt_adaptation,52,30,full,1.0
adapt_adaptation,52,30,single_modality_mean,0.7777777777777777
adapt_adaptation,52,31,mean_15,0.8518518518518517
adapt_adaptation,52,31,incomplete_14,0.8412698412698412
adapt_adaptation,52,31,full,1.0
adapt_adaptation,52,31,single_modality_mean,0.638888888888889
adapt_adaptation,52,37,mean_15,0.8259259259259258
adapt_adaptation,52,37,incomplete_14,0.8134920634920634
adapt_adaptation,52,37,full,1.0
adapt_adaptation,52,37,single_modality_mean,0.6805555555555555
adapt_adaptation,52,52,mean_15,0.9111111111111111
adapt_adaptation,52,52,incomplete_14,0.9047619047619048
adapt_adaptation,52,52,full,1.0
adapt_adaptation,52,52,single_modality_mean,0.7777777777777777
adapt_adaptation,52,55,mean_15,0.4074074074074074
adapt_adaptation,52,55,incomplete_14,0.4206349206349206
adapt_adaptation,52,55,full,0.2222222222222222
adapt_adaptation,52,55,single_modality_mean,0.5833333333333333
adapt_adaptation,52,57,mean_15,0.7814814814814814
adapt_adaptation,52,57,incomplete_14,0.7658730158730158
adapt_adaptation,52,57,full,1.0
adapt_adaptation,52,57,single_modality_mean,0.5972222222222222
adapt_adaptation,52,58,mean_15,0.9111111111111111
adapt_adaptation,52,58,incomplete_14,0.9047619047619048
adapt_adaptation,52,58,full,1.0
adapt_adaptation,52,58,single_modality_mean,0.7777777777777777
centaur_adaptation,52,8,mean_15,0.2666666666666667
centaur_adaptation,52,8,incomplete_14,0.261904761904762
centaur_adaptation,52,8,full,0.3333333333333333
centaur_adaptation,52,8,single_modality_mean,0.16666666666666666
centaur_adaptation,52,11,mean_15,0.5481481481481482
centaur_adaptation,52,11,incomplete_14,0.5396825396825398
centaur_adaptation,52,11,full,0.6666666666666666
centaur_adaptation,52,11,single_modality_mean,0.5555555555555555
centaur_adaptation,52,12,mean_15,0.7777777777777778
centaur_adaptation,52,12,incomplete_14,0.7619047619047619
centaur_adaptation,52,12,full,1.0
centaur_adaptation,52,12,single_modality_mean,0.5972222222222222
centaur_adaptation,52,13,mean_15,0.9481481481481481
centaur_adaptation,52,13,incomplete_14,0.9444444444444444
centaur_adaptation,52,13,full,1.0
centaur_adaptation,52,13,single_modality_mean,0.8055555555555556
centaur_adaptation,52,30,mean_15,0.9111111111111111
centaur_adaptation,52,30,incomplete_14,0.9047619047619048
centaur_adaptation,52,30,full,1.0
centaur_adaptation,52,30,single_modality_mean,0.7777777777777777
centaur_adaptation,52,31,mean_15,0.7814814814814814
centaur_adaptation,52,31,incomplete_14,0.7658730158730158
centaur_adaptation,52,31,full,1.0
centaur_adaptation,52,31,single_modality_mean,0.5972222222222222
centaur_adaptation,52,37,mean_15,0.9481481481481481
centaur_adaptation,52,37,incomplete_14,0.9444444444444444
centaur_adaptation,52,37,full,1.0
centaur_adaptation,52,37,single_modality_mean,0.8055555555555556
centaur_adaptation,52,52,mean_15,0.8666666666666667
centaur_adaptation,52,52,incomplete_14,0.8571428571428571
centaur_adaptation,52,52,full,1.0
centaur_adaptation,52,52,single_modality_mean,0.6944444444444444
centaur_adaptation,52,55,mean_15,0.9444444444444445
centaur_adaptation,52,55,incomplete_14,0.9404761904761906
centaur_adaptation,52,55,full,1.0
centaur_adaptation,52,55,single_modality_mean,0.7916666666666666
centaur_adaptation,52,57,mean_15,0.8407407407407407
centaur_adaptation,52,57,incomplete_14,0.8293650793650793
centaur_adaptation,52,57,full,1.0
centaur_adaptation,52,57,single_modality_mean,0.5972222222222222
centaur_adaptation,52,58,mean_15,0.8370370370370369
centaur_adaptation,52,58,incomplete_14,0.8253968253968252
centaur_adaptation,52,58,full,1.0
centaur_adaptation,52,58,single_modality_mean,0.6944444444444444
cimsleepnet_adaptation,52,8,mean_15,0.17777777777777776
cimsleepnet_adaptation,52,8,incomplete_14,0.16666666666666666
cimsleepnet_adaptation,52,8,full,0.3333333333333333
cimsleepnet_adaptation,52,8,single_modality_mean,0.16666666666666666
cimsleepnet_adaptation,52,11,mean_15,0.22222222222222227
cimsleepnet_adaptation,52,11,incomplete_14,0.22222222222222227
cimsleepnet_adaptation,52,11,full,0.2222222222222222
cimsleepnet_adaptation,52,11,single_modality_mean,0.2222222222222222
cimsleepnet_adaptation,52,12,mean_15,0.8037037037037037
cimsleepnet_adaptation,52,12,incomplete_14,0.7896825396825397
cimsleepnet_adaptation,52,12,full,1.0
cimsleepnet_adaptation,52,12,single_modality_mean,0.5833333333333333
cimsleepnet_adaptation,52,13,mean_15,0.7592592592592593
cimsleepnet_adaptation,52,13,incomplete_14,0.7420634920634921
cimsleepnet_adaptation,52,13,full,1.0
cimsleepnet_adaptation,52,13,single_modality_mean,0.40277777777777785
cimsleepnet_adaptation,52,30,mean_15,0.9407407407407408
cimsleepnet_adaptation,52,30,incomplete_14,0.9365079365079365
cimsleepnet_adaptation,52,30,full,1.0
cimsleepnet_adaptation,52,30,single_modality_mean,0.8888888888888888
cimsleepnet_adaptation,52,31,mean_15,0.8629629629629629
cimsleepnet_adaptation,52,31,incomplete_14,0.8531746031746031
cimsleepnet_adaptation,52,31,full,1.0
cimsleepnet_adaptation,52,31,single_modality_mean,0.5972222222222222
cimsleepnet_adaptation,52,37,mean_15,0.9444444444444445
cimsleepnet_adaptation,52,37,incomplete_14,0.9404761904761906
cimsleepnet_adaptation,52,37,full,1.0
cimsleepnet_adaptation,52,37,single_modality_mean,0.7916666666666666
cimsleepnet_adaptation,52,52,mean_15,0.8148148148148148
cimsleepnet_adaptation,52,52,incomplete_14,0.8015873015873015
cimsleepnet_adaptation,52,52,full,1.0
cimsleepnet_adaptation,52,52,single_modality_mean,0.5555555555555556
cimsleepnet_adaptation,52,55,mean_15,0.3407407407407408
cimsleepnet_adaptation,52,55,incomplete_14,0.34920634920634924
cimsleepnet_adaptation,52,55,full,0.2222222222222222
cimsleepnet_adaptation,52,55,single_modality_mean,0.5
cimsleepnet_adaptation,52,57,mean_15,0.7296296296296296
cimsleepnet_adaptation,52,57,incomplete_14,0.7103174603174603
cimsleepnet_adaptation,52,57,full,1.0
cimsleepnet_adaptation,52,57,single_modality_mean,0.4861111111111111
cimsleepnet_adaptation,52,58,mean_15,0.8666666666666667
cimsleepnet_adaptation,52,58,incomplete_14,0.8571428571428571
cimsleepnet_adaptation,52,58,full,1.0
cimsleepnet_adaptation,52,58,single_modality_mean,0.6944444444444444
adapt_adaptation,53,8,mean_15,0.2666666666666667
adapt_adaptation,53,8,incomplete_14,0.261904761904762
adapt_adaptation,53,8,full,0.3333333333333333
adapt_adaptation,53,8,single_modality_mean,0.16666666666666666
adapt_adaptation,53,11,mean_15,0.5481481481481482
adapt_adaptation,53,11,incomplete_14,0.5396825396825398
adapt_adaptation,53,11,full,0.6666666666666666
adapt_adaptation,53,11,single_modality_mean,0.4444444444444444
adapt_adaptation,53,12,mean_15,0.8333333333333334
adapt_adaptation,53,12,incomplete_14,0.8214285714285714
adapt_adaptation,53,12,full,1.0
adapt_adaptation,53,12,single_modality_mean,0.5833333333333333
adapt_adaptation,53,13,mean_15,0.6962962962962963
adapt_adaptation,53,13,incomplete_14,0.6746031746031746
adapt_adaptation,53,13,full,1.0
adapt_adaptation,53,13,single_modality_mean,0.38888888888888895
adapt_adaptation,53,30,mean_15,0.8592592592592592
adapt_adaptation,53,30,incomplete_14,0.8492063492063491
adapt_adaptation,53,30,full,1.0
adapt_adaptation,53,30,single_modality_mean,0.6805555555555555
adapt_adaptation,53,31,mean_15,0.8296296296296295
adapt_adaptation,53,31,incomplete_14,0.8174603174603173
adapt_adaptation,53,31,full,1.0
adapt_adaptation,53,31,single_modality_mean,0.5555555555555556
adapt_adaptation,53,37,mean_15,0.6259259259259259
adapt_adaptation,53,37,incomplete_14,0.6309523809523808
adapt_adaptation,53,37,full,0.5555555555555555
adapt_adaptation,53,37,single_modality_mean,0.5694444444444443
adapt_adaptation,53,52,mean_15,0.8444444444444444
adapt_adaptation,53,52,incomplete_14,0.8333333333333333
adapt_adaptation,53,52,full,1.0
adapt_adaptation,53,52,single_modality_mean,0.6111111111111112
adapt_adaptation,53,55,mean_15,0.5851851851851853
adapt_adaptation,53,55,incomplete_14,0.6111111111111113
adapt_adaptation,53,55,full,0.2222222222222222
adapt_adaptation,53,55,single_modality_mean,0.8055555555555556
adapt_adaptation,53,57,mean_15,0.8629629629629629
adapt_adaptation,53,57,incomplete_14,0.8531746031746031
adapt_adaptation,53,57,full,1.0
adapt_adaptation,53,57,single_modality_mean,0.5972222222222222
adapt_adaptation,53,58,mean_15,0.9111111111111111
adapt_adaptation,53,58,incomplete_14,0.9047619047619048
adapt_adaptation,53,58,full,1.0
adapt_adaptation,53,58,single_modality_mean,0.7777777777777777
centaur_adaptation,53,8,mean_15,0.22222222222222224
centaur_adaptation,53,8,incomplete_14,0.21428571428571427
centaur_adaptation,53,8,full,0.3333333333333333
centaur_adaptation,53,8,single_modality_mean,0.16666666666666666
centaur_adaptation,53,11,mean_15,0.488888888888889
centaur_adaptation,53,11,incomplete_14,0.4761904761904763
centaur_adaptation,53,11,full,0.6666666666666666
centaur_adaptation,53,11,single_modality_mean,0.4444444444444444
centaur_adaptation,53,12,mean_15,0.8074074074074074
centaur_adaptation,53,12,incomplete_14,0.7936507936507936
centaur_adaptation,53,12,full,1.0
centaur_adaptation,53,12,single_modality_mean,0.5972222222222222
centaur_adaptation,53,13,mean_15,0.8296296296296296
centaur_adaptation,53,13,incomplete_14,0.8174603174603174
centaur_adaptation,53,13,full,1.0
centaur_adaptation,53,13,single_modality_mean,0.6944444444444444
centaur_adaptation,53,30,mean_15,0.8407407407407407
centaur_adaptation,53,30,incomplete_14,0.8293650793650793
centaur_adaptation,53,30,full,1.0
centaur_adaptation,53,30,single_modality_mean,0.5972222222222222
centaur_adaptation,53,31,mean_15,0.8629629629629628
centaur_adaptation,53,31,incomplete_14,0.853174603174603
centaur_adaptation,53,31,full,1.0
centaur_adaptation,53,31,single_modality_mean,0.6805555555555555
centaur_adaptation,53,37,mean_15,0.9703703703703703
centaur_adaptation,53,37,incomplete_14,0.9682539682539683
centaur_adaptation,53,37,full,1.0
centaur_adaptation,53,37,single_modality_mean,0.8888888888888888
centaur_adaptation,53,52,mean_15,0.9111111111111111
centaur_adaptation,53,52,incomplete_14,0.9047619047619048
centaur_adaptation,53,52,full,1.0
centaur_adaptation,53,52,single_modality_mean,0.7777777777777777
centaur_adaptation,53,55,mean_15,0.8259259259259258
centaur_adaptation,53,55,incomplete_14,0.8134920634920634
centaur_adaptation,53,55,full,1.0
centaur_adaptation,53,55,single_modality_mean,0.6805555555555555
centaur_adaptation,53,57,mean_15,0.7444444444444444
centaur_adaptation,53,57,incomplete_14,0.7261904761904762
centaur_adaptation,53,57,full,1.0
centaur_adaptation,53,57,single_modality_mean,0.4861111111111111
centaur_adaptation,53,58,mean_15,0.9185185185185186
centaur_adaptation,53,58,incomplete_14,0.9126984126984128
centaur_adaptation,53,58,full,1.0
centaur_adaptation,53,58,single_modality_mean,0.6944444444444444
cimsleepnet_adaptation,53,8,mean_15,0.2444444444444445
cimsleepnet_adaptation,53,8,incomplete_14,0.23809523809523814
cimsleepnet_adaptation,53,8,full,0.3333333333333333
cimsleepnet_adaptation,53,8,single_modality_mean,0.16666666666666666
cimsleepnet_adaptation,53,11,mean_15,0.5777777777777778
cimsleepnet_adaptation,53,11,incomplete_14,0.5714285714285715
cimsleepnet_adaptation,53,11,full,0.6666666666666666
cimsleepnet_adaptation,53,11,single_modality_mean,0.4444444444444444
cimsleepnet_adaptation,53,12,mean_15,0.8037037037037037
cimsleepnet_adaptation,53,12,incomplete_14,0.7896825396825397
cimsleepnet_adaptation,53,12,full,1.0
cimsleepnet_adaptation,53,12,single_modality_mean,0.5833333333333333
cimsleepnet_adaptation,53,13,mean_15,0.7962962962962962
cimsleepnet_adaptation,53,13,incomplete_14,0.7817460317460316
cimsleepnet_adaptation,53,13,full,1.0
cimsleepnet_adaptation,53,13,single_modality_mean,0.6805555555555555
cimsleepnet_adaptation,53,30,mean_15,0.9444444444444445
cimsleepnet_adaptation,53,30,incomplete_14,0.9404761904761906
cimsleepnet_adaptation,53,30,full,1.0
cimsleepnet_adaptation,53,30,single_modality_mean,0.7916666666666666
cimsleepnet_adaptation,53,31,mean_15,0.8444444444444444
cimsleepnet_adaptation,53,31,incomplete_14,0.8333333333333333
cimsleepnet_adaptation,53,31,full,1.0
cimsleepnet_adaptation,53,31,single_modality_mean,0.6111111111111112
cimsleepnet_adaptation,53,37,mean_15,0.8592592592592592
cimsleepnet_adaptation,53,37,incomplete_14,0.8492063492063491
cimsleepnet_adaptation,53,37,full,1.0
cimsleepnet_adaptation,53,37,single_modality_mean,0.6805555555555555
cimsleepnet_adaptation,53,52,mean_15,0.8444444444444444
cimsleepnet_adaptation,53,52,incomplete_14,0.8333333333333333
cimsleepnet_adaptation,53,52,full,1.0
cimsleepnet_adaptation,53,52,single_modality_mean,0.6111111111111112
cimsleepnet_adaptation,53,55,mean_15,0.5333333333333333
cimsleepnet_adaptation,53,55,incomplete_14,0.5317460317460317
cimsleepnet_adaptation,53,55,full,0.5555555555555555
cimsleepnet_adaptation,53,55,single_modality_mean,0.5833333333333333
cimsleepnet_adaptation,53,57,mean_15,0.8037037037037037
cimsleepnet_adaptation,53,57,incomplete_14,0.7896825396825397
cimsleepnet_adaptation,53,57,full,1.0
cimsleepnet_adaptation,53,57,single_modality_mean,0.4861111111111111
cimsleepnet_adaptation,53,58,mean_15,0.8666666666666667
cimsleepnet_adaptation,53,58,incomplete_14,0.8571428571428571
cimsleepnet_adaptation,53,58,full,1.0
cimsleepnet_adaptation,53,58,single_modality_mean,0.6944444444444444
rapid_embracenet_fasca_kd,51,1,mean_15,0.8629629629629628
rapid_embracenet_fasca_kd,51,1,incomplete_14,0.853174603174603
rapid_embracenet_fasca_kd,51,1,full,1.0
rapid_embracenet_fasca_kd,51,1,single_modality_mean,0.6805555555555555
rapid_embracenet_fasca_kd,51,10,mean_15,0.7703703703703703
rapid_embracenet_fasca_kd,51,10,incomplete_14,0.7539682539682538
rapid_embracenet_fasca_kd,51,10,full,1.0
rapid_embracenet_fasca_kd,51,10,single_modality_mean,0.6805555555555556
rapid_embracenet_fasca_kd,51,15,mean_15,0.8962962962962963
rapid_embracenet_fasca_kd,51,15,incomplete_14,0.888888888888889
rapid_embracenet_fasca_kd,51,15,full,1.0
rapid_embracenet_fasca_kd,51,15,single_modality_mean,0.6111111111111112
rapid_embracenet_fasca_kd,51,19,mean_15,0.8407407407407407
rapid_embracenet_fasca_kd,51,19,incomplete_14,0.8293650793650793
rapid_embracenet_fasca_kd,51,19,full,1.0
rapid_embracenet_fasca_kd,51,19,single_modality_mean,0.5972222222222222
rapid_embracenet_fasca_kd,51,36,mean_15,0.7703703703703703
rapid_embracenet_fasca_kd,51,36,incomplete_14,0.7539682539682538
rapid_embracenet_fasca_kd,51,36,full,1.0
rapid_embracenet_fasca_kd,51,36,single_modality_mean,0.5833333333333333
rapid_embracenet_fasca_kd,51,39,mean_15,0.8592592592592592
rapid_embracenet_fasca_kd,51,39,incomplete_14,0.8492063492063491
rapid_embracenet_fasca_kd,51,39,full,1.0
rapid_embracenet_fasca_kd,51,39,single_modality_mean,0.6805555555555555
rapid_embracenet_fasca_kd,51,40,mean_15,0.8666666666666667
rapid_embracenet_fasca_kd,51,40,incomplete_14,0.8571428571428571
rapid_embracenet_fasca_kd,51,40,full,1.0
rapid_embracenet_fasca_kd,51,40,single_modality_mean,0.6111111111111112
rapid_embracenet_fasca_kd,51,43,mean_15,0.6370370370370371
rapid_embracenet_fasca_kd,51,43,incomplete_14,0.634920634920635
rapid_embracenet_fasca_kd,51,43,full,0.6666666666666666
rapid_embracenet_fasca_kd,51,43,single_modality_mean,0.5555555555555556
rapid_embracenet_fasca_kd,51,48,mean_15,0.8518518518518517
rapid_embracenet_fasca_kd,51,48,incomplete_14,0.8412698412698412
rapid_embracenet_fasca_kd,51,48,full,1.0
rapid_embracenet_fasca_kd,51,48,single_modality_mean,0.638888888888889
rapid_embracenet_fasca_kd,51,49,mean_15,0.8814814814814814
rapid_embracenet_fasca_kd,51,49,incomplete_14,0.8730158730158729
rapid_embracenet_fasca_kd,51,49,full,1.0
rapid_embracenet_fasca_kd,51,49,single_modality_mean,0.7777777777777777
rapid_embracenet_fasca_kd,51,59,mean_15,0.9481481481481481
rapid_embracenet_fasca_kd,51,59,incomplete_14,0.9444444444444444
rapid_embracenet_fasca_kd,51,59,full,1.0
rapid_embracenet_fasca_kd,51,59,single_modality_mean,0.8055555555555556
rapid_embracenet_fasca_kd,52,1,mean_15,0.8666666666666667
rapid_embracenet_fasca_kd,52,1,incomplete_14,0.8571428571428571
rapid_embracenet_fasca_kd,52,1,full,1.0
rapid_embracenet_fasca_kd,52,1,single_modality_mean,0.6944444444444444
rapid_embracenet_fasca_kd,52,10,mean_15,0.7851851851851851
rapid_embracenet_fasca_kd,52,10,incomplete_14,0.7698412698412698
rapid_embracenet_fasca_kd,52,10,full,1.0
rapid_embracenet_fasca_kd,52,10,single_modality_mean,0.6111111111111112
rapid_embracenet_fasca_kd,52,15,mean_15,0.888888888888889
rapid_embracenet_fasca_kd,52,15,incomplete_14,0.880952380952381
rapid_embracenet_fasca_kd,52,15,full,1.0
rapid_embracenet_fasca_kd,52,15,single_modality_mean,0.6944444444444444
rapid_embracenet_fasca_kd,52,19,mean_15,0.8666666666666667
rapid_embracenet_fasca_kd,52,19,incomplete_14,0.8571428571428571
rapid_embracenet_fasca_kd,52,19,full,1.0
rapid_embracenet_fasca_kd,52,19,single_modality_mean,0.6944444444444444
rapid_embracenet_fasca_kd,52,36,mean_15,0.737037037037037
rapid_embracenet_fasca_kd,52,36,incomplete_14,0.7182539682539683
rapid_embracenet_fasca_kd,52,36,full,1.0
rapid_embracenet_fasca_kd,52,36,single_modality_mean,0.5694444444444443
rapid_embracenet_fasca_kd,52,39,mean_15,0.8
rapid_embracenet_fasca_kd,52,39,incomplete_14,0.7857142857142857
rapid_embracenet_fasca_kd,52,39,full,1.0
rapid_embracenet_fasca_kd,52,39,single_modality_mean,0.6805555555555555
rapid_embracenet_fasca_kd,52,40,mean_15,0.9111111111111111
rapid_embracenet_fasca_kd,52,40,incomplete_14,0.9047619047619048
rapid_embracenet_fasca_kd,52,40,full,1.0
rapid_embracenet_fasca_kd,52,40,single_modality_mean,0.7777777777777777
rapid_embracenet_fasca_kd,52,43,mean_15,0.5777777777777778
rapid_embracenet_fasca_kd,52,43,incomplete_14,0.5714285714285715
rapid_embracenet_fasca_kd,52,43,full,0.6666666666666666
rapid_embracenet_fasca_kd,52,43,single_modality_mean,0.4444444444444444
rapid_embracenet_fasca_kd,52,48,mean_15,0.8666666666666667
rapid_embracenet_fasca_kd,52,48,incomplete_14,0.8571428571428571
rapid_embracenet_fasca_kd,52,48,full,1.0
rapid_embracenet_fasca_kd,52,48,single_modality_mean,0.6944444444444444
rapid_embracenet_fasca_kd,52,49,mean_15,0.9444444444444445
rapid_embracenet_fasca_kd,52,49,incomplete_14,0.9404761904761906
rapid_embracenet_fasca_kd,52,49,full,1.0
rapid_embracenet_fasca_kd,52,49,single_modality_mean,0.7916666666666666
rapid_embracenet_fasca_kd,52,59,mean_15,0.8962962962962961
rapid_embracenet_fasca_kd,52,59,incomplete_14,0.8888888888888887
rapid_embracenet_fasca_kd,52,59,full,1.0
rapid_embracenet_fasca_kd,52,59,single_modality_mean,0.8055555555555556
rapid_embracenet_fasca_kd,53,1,mean_15,0.888888888888889
rapid_embracenet_fasca_kd,53,1,incomplete_14,0.880952380952381
rapid_embracenet_fasca_kd,53,1,full,1.0
rapid_embracenet_fasca_kd,53,1,single_modality_mean,0.7916666666666666
rapid_embracenet_fasca_kd,53,10,mean_15,0.7259259259259259
rapid_embracenet_fasca_kd,53,10,incomplete_14,0.7063492063492063
rapid_embracenet_fasca_kd,53,10,full,1.0
rapid_embracenet_fasca_kd,53,10,single_modality_mean,0.5
rapid_embracenet_fasca_kd,53,15,mean_15,0.8629629629629629
rapid_embracenet_fasca_kd,53,15,incomplete_14,0.8531746031746031
rapid_embracenet_fasca_kd,53,15,full,1.0
rapid_embracenet_fasca_kd,53,15,single_modality_mean,0.5972222222222222
rapid_embracenet_fasca_kd,53,19,mean_15,0.8444444444444444
rapid_embracenet_fasca_kd,53,19,incomplete_14,0.8333333333333333
rapid_embracenet_fasca_kd,53,19,full,1.0
rapid_embracenet_fasca_kd,53,19,single_modality_mean,0.6111111111111112
rapid_embracenet_fasca_kd,53,36,mean_15,0.8629629629629629
rapid_embracenet_fasca_kd,53,36,incomplete_14,0.8531746031746031
rapid_embracenet_fasca_kd,53,36,full,1.0
rapid_embracenet_fasca_kd,53,36,single_modality_mean,0.6944444444444444
rapid_embracenet_fasca_kd,53,39,mean_15,0.8333333333333334
rapid_embracenet_fasca_kd,53,39,incomplete_14,0.8214285714285714
rapid_embracenet_fasca_kd,53,39,full,1.0
rapid_embracenet_fasca_kd,53,39,single_modality_mean,0.5833333333333333
rapid_embracenet_fasca_kd,53,40,mean_15,0.9407407407407408
rapid_embracenet_fasca_kd,53,40,incomplete_14,0.9365079365079365
rapid_embracenet_fasca_kd,53,40,full,1.0
rapid_embracenet_fasca_kd,53,40,single_modality_mean,0.7777777777777777
rapid_embracenet_fasca_kd,53,43,mean_15,0.6370370370370371
rapid_embracenet_fasca_kd,53,43,incomplete_14,0.634920634920635
rapid_embracenet_fasca_kd,53,43,full,0.6666666666666666
rapid_embracenet_fasca_kd,53,43,single_modality_mean,0.5555555555555556
rapid_embracenet_fasca_kd,53,48,mean_15,0.9111111111111111
rapid_embracenet_fasca_kd,53,48,incomplete_14,0.9047619047619048
rapid_embracenet_fasca_kd,53,48,full,1.0
rapid_embracenet_fasca_kd,53,48,single_modality_mean,0.8333333333333334
rapid_embracenet_fasca_kd,53,49,mean_15,0.8851851851851851
rapid_embracenet_fasca_kd,53,49,incomplete_14,0.8769841269841269
rapid_embracenet_fasca_kd,53,49,full,1.0
rapid_embracenet_fasca_kd,53,49,single_modality_mean,0.6805555555555555
rapid_embracenet_fasca_kd,53,59,mean_15,0.9111111111111111
rapid_embracenet_fasca_kd,53,59,incomplete_14,0.9047619047619048
rapid_embracenet_fasca_kd,53,59,full,1.0
rapid_embracenet_fasca_kd,53,59,single_modality_mean,0.7777777777777777
rapid_embracenet_fasca_kd,51,3,mean_15,0.33333333333333326
rapid_embracenet_fasca_kd,51,3,incomplete_14,0.3333333333333333
rapid_embracenet_fasca_kd,51,3,full,0.3333333333333333
rapid_embracenet_fasca_kd,51,3,single_modality_mean,0.3333333333333333
rapid_embracenet_fasca_kd,51,7,mean_15,0.774074074074074
rapid_embracenet_fasca_kd,51,7,incomplete_14,0.7579365079365079
rapid_embracenet_fasca_kd,51,7,full,1.0
rapid_embracenet_fasca_kd,51,7,single_modality_mean,0.5833333333333333
rapid_embracenet_fasca_kd,51,14,mean_15,0.8111111111111111
rapid_embracenet_fasca_kd,51,14,incomplete_14,0.7976190476190476
rapid_embracenet_fasca_kd,51,14,full,1.0
rapid_embracenet_fasca_kd,51,14,single_modality_mean,0.5972222222222222
rapid_embracenet_fasca_kd,51,16,mean_15,0.9481481481481481
rapid_embracenet_fasca_kd,51,16,incomplete_14,0.9444444444444444
rapid_embracenet_fasca_kd,51,16,full,1.0
rapid_embracenet_fasca_kd,51,16,single_modality_mean,0.8055555555555556
rapid_embracenet_fasca_kd,51,21,mean_15,0.6592592592592593
rapid_embracenet_fasca_kd,51,21,incomplete_14,0.634920634920635
rapid_embracenet_fasca_kd,51,21,full,1.0
rapid_embracenet_fasca_kd,51,21,single_modality_mean,0.5
rapid_embracenet_fasca_kd,51,25,mean_15,0.774074074074074
rapid_embracenet_fasca_kd,51,25,incomplete_14,0.7579365079365079
rapid_embracenet_fasca_kd,51,25,full,1.0
rapid_embracenet_fasca_kd,51,25,single_modality_mean,0.5972222222222222
rapid_embracenet_fasca_kd,51,26,mean_15,0.41851851851851857
rapid_embracenet_fasca_kd,51,26,incomplete_14,0.4325396825396826
rapid_embracenet_fasca_kd,51,26,full,0.2222222222222222
rapid_embracenet_fasca_kd,51,26,single_modality_mean,0.38888888888888895
rapid_embracenet_fasca_kd,51,27,mean_15,0.837037037037037
rapid_embracenet_fasca_kd,51,27,incomplete_14,0.8253968253968254
rapid_embracenet_fasca_kd,51,27,full,1.0
rapid_embracenet_fasca_kd,51,27,single_modality_mean,0.5833333333333333
rapid_embracenet_fasca_kd,51,29,mean_15,0.437037037037037
rapid_embracenet_fasca_kd,51,29,incomplete_14,0.4523809523809524
rapid_embracenet_fasca_kd,51,29,full,0.2222222222222222
rapid_embracenet_fasca_kd,51,29,single_modality_mean,0.5833333333333333
rapid_embracenet_fasca_kd,51,38,mean_15,0.9148148148148149
rapid_embracenet_fasca_kd,51,38,incomplete_14,0.9087301587301588
rapid_embracenet_fasca_kd,51,38,full,1.0
rapid_embracenet_fasca_kd,51,38,single_modality_mean,0.7916666666666666
rapid_embracenet_fasca_kd,51,46,mean_15,0.9407407407407408
rapid_embracenet_fasca_kd,51,46,incomplete_14,0.9365079365079365
rapid_embracenet_fasca_kd,51,46,full,1.0
rapid_embracenet_fasca_kd,51,46,single_modality_mean,0.8888888888888888
rapid_embracenet_fasca_kd,52,3,mean_15,0.33333333333333326
rapid_embracenet_fasca_kd,52,3,incomplete_14,0.3333333333333333
rapid_embracenet_fasca_kd,52,3,full,0.3333333333333333
rapid_embracenet_fasca_kd,52,3,single_modality_mean,0.3333333333333333
rapid_embracenet_fasca_kd,52,7,mean_15,0.8
rapid_embracenet_fasca_kd,52,7,incomplete_14,0.7857142857142857
rapid_embracenet_fasca_kd,52,7,full,1.0
rapid_embracenet_fasca_kd,52,7,single_modality_mean,0.6805555555555555
rapid_embracenet_fasca_kd,52,14,mean_15,0.8666666666666667
rapid_embracenet_fasca_kd,52,14,incomplete_14,0.8571428571428571
rapid_embracenet_fasca_kd,52,14,full,1.0
rapid_embracenet_fasca_kd,52,14,single_modality_mean,0.6944444444444444
rapid_embracenet_fasca_kd,52,16,mean_15,0.888888888888889
rapid_embracenet_fasca_kd,52,16,incomplete_14,0.880952380952381
rapid_embracenet_fasca_kd,52,16,full,1.0
rapid_embracenet_fasca_kd,52,16,single_modality_mean,0.6944444444444444
rapid_embracenet_fasca_kd,52,21,mean_15,0.6555555555555556
rapid_embracenet_fasca_kd,52,21,incomplete_14,0.630952380952381
rapid_embracenet_fasca_kd,52,21,full,1.0
rapid_embracenet_fasca_kd,52,21,single_modality_mean,0.48611111111111116
rapid_embracenet_fasca_kd,52,25,mean_15,0.7703703703703704
rapid_embracenet_fasca_kd,52,25,incomplete_14,0.753968253968254
rapid_embracenet_fasca_kd,52,25,full,1.0
rapid_embracenet_fasca_kd,52,25,single_modality_mean,0.6944444444444444
rapid_embracenet_fasca_kd,52,26,mean_15,0.6037037037037037
rapid_embracenet_fasca_kd,52,26,incomplete_14,0.6071428571428571
rapid_embracenet_fasca_kd,52,26,full,0.5555555555555555
rapid_embracenet_fasca_kd,52,26,single_modality_mean,0.4861111111111111
rapid_embracenet_fasca_kd,52,27,mean_15,0.8592592592592592
rapid_embracenet_fasca_kd,52,27,incomplete_14,0.8492063492063491
rapid_embracenet_fasca_kd,52,27,full,1.0
rapid_embracenet_fasca_kd,52,27,single_modality_mean,0.6805555555555555
rapid_embracenet_fasca_kd,52,29,mean_15,0.5629629629629629
rapid_embracenet_fasca_kd,52,29,incomplete_14,0.5634920634920634
rapid_embracenet_fasca_kd,52,29,full,0.5555555555555555
rapid_embracenet_fasca_kd,52,29,single_modality_mean,0.5833333333333333
rapid_embracenet_fasca_kd,52,38,mean_15,0.8407407407407407
rapid_embracenet_fasca_kd,52,38,incomplete_14,0.8293650793650793
rapid_embracenet_fasca_kd,52,38,full,1.0
rapid_embracenet_fasca_kd,52,38,single_modality_mean,0.5972222222222222
rapid_embracenet_fasca_kd,52,46,mean_15,1.0
rapid_embracenet_fasca_kd,52,46,incomplete_14,1.0
rapid_embracenet_fasca_kd,52,46,full,1.0
rapid_embracenet_fasca_kd,52,46,single_modality_mean,1.0
rapid_embracenet_fasca_kd,53,3,mean_15,0.33333333333333326
rapid_embracenet_fasca_kd,53,3,incomplete_14,0.3333333333333333
rapid_embracenet_fasca_kd,53,3,full,0.3333333333333333
rapid_embracenet_fasca_kd,53,3,single_modality_mean,0.3333333333333333
rapid_embracenet_fasca_kd,53,7,mean_15,0.8333333333333334
rapid_embracenet_fasca_kd,53,7,incomplete_14,0.8214285714285714
rapid_embracenet_fasca_kd,53,7,full,1.0
rapid_embracenet_fasca_kd,53,7,single_modality_mean,0.5833333333333333
rapid_embracenet_fasca_kd,53,14,mean_15,0.7703703703703704
rapid_embracenet_fasca_kd,53,14,incomplete_14,0.753968253968254
rapid_embracenet_fasca_kd,53,14,full,1.0
rapid_embracenet_fasca_kd,53,14,single_modality_mean,0.5555555555555556
rapid_embracenet_fasca_kd,53,16,mean_15,0.9111111111111111
rapid_embracenet_fasca_kd,53,16,incomplete_14,0.9047619047619048
rapid_embracenet_fasca_kd,53,16,full,1.0
rapid_embracenet_fasca_kd,53,16,single_modality_mean,0.7777777777777777
rapid_embracenet_fasca_kd,53,21,mean_15,0.5925925925925927
rapid_embracenet_fasca_kd,53,21,incomplete_14,0.5952380952380952
rapid_embracenet_fasca_kd,53,21,full,0.5555555555555555
rapid_embracenet_fasca_kd,53,21,single_modality_mean,0.48611111111111116
rapid_embracenet_fasca_kd,53,25,mean_15,0.6777777777777776
rapid_embracenet_fasca_kd,53,25,incomplete_14,0.6865079365079364
rapid_embracenet_fasca_kd,53,25,full,0.5555555555555555
rapid_embracenet_fasca_kd,53,25,single_modality_mean,0.5694444444444443
rapid_embracenet_fasca_kd,53,26,mean_15,0.44074074074074077
rapid_embracenet_fasca_kd,53,26,incomplete_14,0.4563492063492064
rapid_embracenet_fasca_kd,53,26,full,0.2222222222222222
rapid_embracenet_fasca_kd,53,26,single_modality_mean,0.38888888888888895
rapid_embracenet_fasca_kd,53,27,mean_15,0.8333333333333334
rapid_embracenet_fasca_kd,53,27,incomplete_14,0.8214285714285714
rapid_embracenet_fasca_kd,53,27,full,1.0
rapid_embracenet_fasca_kd,53,27,single_modality_mean,0.5833333333333333
rapid_embracenet_fasca_kd,53,29,mean_15,0.8222222222222222
rapid_embracenet_fasca_kd,53,29,incomplete_14,0.8095238095238094
rapid_embracenet_fasca_kd,53,29,full,1.0
rapid_embracenet_fasca_kd,53,29,single_modality_mean,0.7777777777777777
rapid_embracenet_fasca_kd,53,38,mean_15,0.8629629629629628
rapid_embracenet_fasca_kd,53,38,incomplete_14,0.853174603174603
rapid_embracenet_fasca_kd,53,38,full,1.0
rapid_embracenet_fasca_kd,53,38,single_modality_mean,0.6805555555555555
rapid_embracenet_fasca_kd,53,46,mean_15,0.9444444444444445
rapid_embracenet_fasca_kd,53,46,incomplete_14,0.9404761904761906
rapid_embracenet_fasca_kd,53,46,full,1.0
rapid_embracenet_fasca_kd,53,46,single_modality_mean,0.7916666666666666
rapid_embracenet_fasca_kd,51,4,mean_15,0.9444444444444445
rapid_embracenet_fasca_kd,51,4,incomplete_14,0.9404761904761906
rapid_embracenet_fasca_kd,51,4,full,1.0
rapid_embracenet_fasca_kd,51,4,single_modality_mean,0.7916666666666666
rapid_embracenet_fasca_kd,51,5,mean_15,0.737037037037037
rapid_embracenet_fasca_kd,51,5,incomplete_14,0.7182539682539683
rapid_embracenet_fasca_kd,51,5,full,1.0
rapid_embracenet_fasca_kd,51,5,single_modality_mean,0.5972222222222222
rapid_embracenet_fasca_kd,51,6,mean_15,0.8333333333333334
rapid_embracenet_fasca_kd,51,6,incomplete_14,0.8214285714285714
rapid_embracenet_fasca_kd,51,6,full,1.0
rapid_embracenet_fasca_kd,51,6,single_modality_mean,0.6805555555555555
rapid_embracenet_fasca_kd,51,9,mean_15,0.9407407407407408
rapid_embracenet_fasca_kd,51,9,incomplete_14,0.9365079365079365
rapid_embracenet_fasca_kd,51,9,full,1.0
rapid_embracenet_fasca_kd,51,9,single_modality_mean,0.8888888888888888
rapid_embracenet_fasca_kd,51,17,mean_15,0.8333333333333334
rapid_embracenet_fasca_kd,51,17,incomplete_14,0.8214285714285714
rapid_embracenet_fasca_kd,51,17,full,1.0
rapid_embracenet_fasca_kd,51,17,single_modality_mean,0.5833333333333333
rapid_embracenet_fasca_kd,51,18,mean_15,0.7703703703703703
rapid_embracenet_fasca_kd,51,18,incomplete_14,0.7539682539682538
rapid_embracenet_fasca_kd,51,18,full,1.0
rapid_embracenet_fasca_kd,51,18,single_modality_mean,0.6666666666666665
rapid_embracenet_fasca_kd,51,32,mean_15,0.6074074074074075
rapid_embracenet_fasca_kd,51,32,incomplete_14,0.6031746031746034
rapid_embracenet_fasca_kd,51,32,full,0.6666666666666666
rapid_embracenet_fasca_kd,51,32,single_modality_mean,0.4444444444444444
rapid_embracenet_fasca_kd,51,33,mean_15,0.8629629629629629
rapid_embracenet_fasca_kd,51,33,incomplete_14,0.8531746031746031
rapid_embracenet_fasca_kd,51,33,full,1.0
rapid_embracenet_fasca_kd,51,33,single_modality_mean,0.5972222222222222
rapid_embracenet_fasca_kd,51,35,mean_15,0.8851851851851851
rapid_embracenet_fasca_kd,51,35,incomplete_14,0.8769841269841269
rapid_embracenet_fasca_kd,51,35,full,1.0
rapid_embracenet_fasca_kd,51,35,single_modality_mean,0.6805555555555555
rapid_embracenet_fasca_kd,51,44,mean_15,0.9444444444444445
rapid_embracenet_fasca_kd,51,44,incomplete_14,0.9404761904761906
rapid_embracenet_fasca_kd,51,44,full,1.0
rapid_embracenet_fasca_kd,51,44,single_modality_mean,0.7916666666666666
rapid_embracenet_fasca_kd,51,53,mean_15,0.8333333333333334
rapid_embracenet_fasca_kd,51,53,incomplete_14,0.8214285714285714
rapid_embracenet_fasca_kd,51,53,full,1.0
rapid_embracenet_fasca_kd,51,53,single_modality_mean,0.5833333333333333
rapid_embracenet_fasca_kd,52,4,mean_15,0.9407407407407408
rapid_embracenet_fasca_kd,52,4,incomplete_14,0.9365079365079365
rapid_embracenet_fasca_kd,52,4,full,1.0
rapid_embracenet_fasca_kd,52,4,single_modality_mean,0.8888888888888888
rapid_embracenet_fasca_kd,52,5,mean_15,0.9444444444444445
rapid_embracenet_fasca_kd,52,5,incomplete_14,0.9404761904761906
rapid_embracenet_fasca_kd,52,5,full,1.0
rapid_embracenet_fasca_kd,52,5,single_modality_mean,0.7916666666666666
rapid_embracenet_fasca_kd,52,6,mean_15,0.725925925925926
rapid_embracenet_fasca_kd,52,6,incomplete_14,0.7063492063492064
rapid_embracenet_fasca_kd,52,6,full,1.0
rapid_embracenet_fasca_kd,52,6,single_modality_mean,0.5
rapid_embracenet_fasca_kd,52,9,mean_15,0.888888888888889
rapid_embracenet_fasca_kd,52,9,incomplete_14,0.880952380952381
rapid_embracenet_fasca_kd,52,9,full,1.0
rapid_embracenet_fasca_kd,52,9,single_modality_mean,0.6944444444444444
rapid_embracenet_fasca_kd,52,17,mean_15,0.874074074074074
rapid_embracenet_fasca_kd,52,17,incomplete_14,0.865079365079365
rapid_embracenet_fasca_kd,52,17,full,1.0
rapid_embracenet_fasca_kd,52,17,single_modality_mean,0.6388888888888888
rapid_embracenet_fasca_kd,52,18,mean_15,0.9444444444444445
rapid_embracenet_fasca_kd,52,18,incomplete_14,0.9404761904761906
rapid_embracenet_fasca_kd,52,18,full,1.0
rapid_embracenet_fasca_kd,52,18,single_modality_mean,0.7916666666666666
rapid_embracenet_fasca_kd,52,32,mean_15,0.6666666666666665
rapid_embracenet_fasca_kd,52,32,incomplete_14,0.6666666666666666
rapid_embracenet_fasca_kd,52,32,full,0.6666666666666666
rapid_embracenet_fasca_kd,52,32,single_modality_mean,0.6666666666666666
rapid_embracenet_fasca_kd,52,33,mean_15,0.8444444444444444
rapid_embracenet_fasca_kd,52,33,incomplete_14,0.8333333333333333
rapid_embracenet_fasca_kd,52,33,full,1.0
rapid_embracenet_fasca_kd,52,33,single_modality_mean,0.6111111111111112
rapid_embracenet_fasca_kd,52,35,mean_15,0.8925925925925926
rapid_embracenet_fasca_kd,52,35,incomplete_14,0.884920634920635
rapid_embracenet_fasca_kd,52,35,full,1.0
rapid_embracenet_fasca_kd,52,35,single_modality_mean,0.7916666666666666
rapid_embracenet_fasca_kd,52,44,mean_15,0.9148148148148149
rapid_embracenet_fasca_kd,52,44,incomplete_14,0.9087301587301588
rapid_embracenet_fasca_kd,52,44,full,1.0
rapid_embracenet_fasca_kd,52,44,single_modality_mean,0.7916666666666666
rapid_embracenet_fasca_kd,52,53,mean_15,0.8407407407407407
rapid_embracenet_fasca_kd,52,53,incomplete_14,0.8293650793650793
rapid_embracenet_fasca_kd,52,53,full,1.0
rapid_embracenet_fasca_kd,52,53,single_modality_mean,0.5972222222222222
rapid_embracenet_fasca_kd,53,4,mean_15,0.8518518518518517
rapid_embracenet_fasca_kd,53,4,incomplete_14,0.8412698412698412
rapid_embracenet_fasca_kd,53,4,full,1.0
rapid_embracenet_fasca_kd,53,4,single_modality_mean,0.7777777777777777
rapid_embracenet_fasca_kd,53,5,mean_15,0.725925925925926
rapid_embracenet_fasca_kd,53,5,incomplete_14,0.7063492063492064
rapid_embracenet_fasca_kd,53,5,full,1.0
rapid_embracenet_fasca_kd,53,5,single_modality_mean,0.5833333333333334
rapid_embracenet_fasca_kd,53,6,mean_15,0.7407407407407407
rapid_embracenet_fasca_kd,53,6,incomplete_14,0.7222222222222222
rapid_embracenet_fasca_kd,53,6,full,1.0
rapid_embracenet_fasca_kd,53,6,single_modality_mean,0.5833333333333333
rapid_embracenet_fasca_kd,53,9,mean_15,0.9703703703703703
rapid_embracenet_fasca_kd,53,9,incomplete_14,0.9682539682539683
rapid_embracenet_fasca_kd,53,9,full,1.0
rapid_embracenet_fasca_kd,53,9,single_modality_mean,0.8888888888888888
rapid_embracenet_fasca_kd,53,17,mean_15,0.7037037037037037
rapid_embracenet_fasca_kd,53,17,incomplete_14,0.6825396825396826
rapid_embracenet_fasca_kd,53,17,full,1.0
rapid_embracenet_fasca_kd,53,17,single_modality_mean,0.4305555555555555
rapid_embracenet_fasca_kd,53,18,mean_15,0.8851851851851851
rapid_embracenet_fasca_kd,53,18,incomplete_14,0.8769841269841269
rapid_embracenet_fasca_kd,53,18,full,1.0
rapid_embracenet_fasca_kd,53,18,single_modality_mean,0.6805555555555555
rapid_embracenet_fasca_kd,53,32,mean_15,0.5777777777777778
rapid_embracenet_fasca_kd,53,32,incomplete_14,0.5714285714285715
rapid_embracenet_fasca_kd,53,32,full,0.6666666666666666
rapid_embracenet_fasca_kd,53,32,single_modality_mean,0.4444444444444444
rapid_embracenet_fasca_kd,53,33,mean_15,0.8629629629629629
rapid_embracenet_fasca_kd,53,33,incomplete_14,0.8531746031746031
rapid_embracenet_fasca_kd,53,33,full,1.0
rapid_embracenet_fasca_kd,53,33,single_modality_mean,0.5972222222222222
rapid_embracenet_fasca_kd,53,35,mean_15,0.8851851851851851
rapid_embracenet_fasca_kd,53,35,incomplete_14,0.8769841269841269
rapid_embracenet_fasca_kd,53,35,full,1.0
rapid_embracenet_fasca_kd,53,35,single_modality_mean,0.6805555555555555
rapid_embracenet_fasca_kd,53,44,mean_15,0.9148148148148147
rapid_embracenet_fasca_kd,53,44,incomplete_14,0.9087301587301587
rapid_embracenet_fasca_kd,53,44,full,1.0
rapid_embracenet_fasca_kd,53,44,single_modality_mean,0.6805555555555555
rapid_embracenet_fasca_kd,53,53,mean_15,0.8629629629629628
rapid_embracenet_fasca_kd,53,53,incomplete_14,0.853174603174603
rapid_embracenet_fasca_kd,53,53,full,1.0
rapid_embracenet_fasca_kd,53,53,single_modality_mean,0.6805555555555555
rapid_embracenet_fasca_kd,51,20,mean_15,0.9444444444444445
rapid_embracenet_fasca_kd,51,20,incomplete_14,0.9404761904761906
rapid_embracenet_fasca_kd,51,20,full,1.0
rapid_embracenet_fasca_kd,51,20,single_modality_mean,0.7916666666666666
rapid_embracenet_fasca_kd,51,22,mean_15,0.9111111111111111
rapid_embracenet_fasca_kd,51,22,incomplete_14,0.9047619047619048
rapid_embracenet_fasca_kd,51,22,full,1.0
rapid_embracenet_fasca_kd,51,22,single_modality_mean,0.7777777777777777
rapid_embracenet_fasca_kd,51,23,mean_15,0.9111111111111111
rapid_embracenet_fasca_kd,51,23,incomplete_14,0.9047619047619048
rapid_embracenet_fasca_kd,51,23,full,1.0
rapid_embracenet_fasca_kd,51,23,single_modality_mean,0.7777777777777777
rapid_embracenet_fasca_kd,51,28,mean_15,0.9111111111111111
rapid_embracenet_fasca_kd,51,28,incomplete_14,0.9047619047619048
rapid_embracenet_fasca_kd,51,28,full,1.0
rapid_embracenet_fasca_kd,51,28,single_modality_mean,0.7777777777777777
rapid_embracenet_fasca_kd,51,34,mean_15,0.9111111111111111
rapid_embracenet_fasca_kd,51,34,incomplete_14,0.9047619047619048
rapid_embracenet_fasca_kd,51,34,full,1.0
rapid_embracenet_fasca_kd,51,34,single_modality_mean,0.7777777777777777
rapid_embracenet_fasca_kd,51,41,mean_15,0.9111111111111111
rapid_embracenet_fasca_kd,51,41,incomplete_14,0.9047619047619048
rapid_embracenet_fasca_kd,51,41,full,1.0
rapid_embracenet_fasca_kd,51,41,single_modality_mean,0.7777777777777777
rapid_embracenet_fasca_kd,51,42,mean_15,0.7814814814814814
rapid_embracenet_fasca_kd,51,42,incomplete_14,0.7658730158730158
rapid_embracenet_fasca_kd,51,42,full,1.0
rapid_embracenet_fasca_kd,51,42,single_modality_mean,0.5972222222222222
rapid_embracenet_fasca_kd,51,45,mean_15,0.6074074074074075
rapid_embracenet_fasca_kd,51,45,incomplete_14,0.6031746031746034
rapid_embracenet_fasca_kd,51,45,full,0.6666666666666666
rapid_embracenet_fasca_kd,51,45,single_modality_mean,0.5555555555555556
rapid_embracenet_fasca_kd,51,51,mean_15,0.9703703703703703
rapid_embracenet_fasca_kd,51,51,incomplete_14,0.9682539682539683
rapid_embracenet_fasca_kd,51,51,full,1.0
rapid_embracenet_fasca_kd,51,51,single_modality_mean,0.8888888888888888
rapid_embracenet_fasca_kd,51,54,mean_15,0.8962962962962961
rapid_embracenet_fasca_kd,51,54,incomplete_14,0.8888888888888887
rapid_embracenet_fasca_kd,51,54,full,1.0
rapid_embracenet_fasca_kd,51,54,single_modality_mean,0.8055555555555556
rapid_embracenet_fasca_kd,51,56,mean_15,0.6777777777777778
rapid_embracenet_fasca_kd,51,56,incomplete_14,0.6547619047619049
rapid_embracenet_fasca_kd,51,56,full,1.0
rapid_embracenet_fasca_kd,51,56,single_modality_mean,0.40277777777777785
rapid_embracenet_fasca_kd,52,20,mean_15,0.9111111111111111
rapid_embracenet_fasca_kd,52,20,incomplete_14,0.9047619047619048
rapid_embracenet_fasca_kd,52,20,full,1.0
rapid_embracenet_fasca_kd,52,20,single_modality_mean,0.7777777777777777
rapid_embracenet_fasca_kd,52,22,mean_15,0.8629629629629628
rapid_embracenet_fasca_kd,52,22,incomplete_14,0.853174603174603
rapid_embracenet_fasca_kd,52,22,full,1.0
rapid_embracenet_fasca_kd,52,22,single_modality_mean,0.6805555555555555
rapid_embracenet_fasca_kd,52,23,mean_15,1.0
rapid_embracenet_fasca_kd,52,23,incomplete_14,1.0
rapid_embracenet_fasca_kd,52,23,full,1.0
rapid_embracenet_fasca_kd,52,23,single_modality_mean,1.0
rapid_embracenet_fasca_kd,52,28,mean_15,0.888888888888889
rapid_embracenet_fasca_kd,52,28,incomplete_14,0.880952380952381
rapid_embracenet_fasca_kd,52,28,full,1.0
rapid_embracenet_fasca_kd,52,28,single_modality_mean,0.6944444444444444
rapid_embracenet_fasca_kd,52,34,mean_15,1.0
rapid_embracenet_fasca_kd,52,34,incomplete_14,1.0
rapid_embracenet_fasca_kd,52,34,full,1.0
rapid_embracenet_fasca_kd,52,34,single_modality_mean,1.0
rapid_embracenet_fasca_kd,52,41,mean_15,0.8444444444444444
rapid_embracenet_fasca_kd,52,41,incomplete_14,0.8333333333333333
rapid_embracenet_fasca_kd,52,41,full,1.0
rapid_embracenet_fasca_kd,52,41,single_modality_mean,0.6111111111111112
rapid_embracenet_fasca_kd,52,42,mean_15,0.8407407407407407
rapid_embracenet_fasca_kd,52,42,incomplete_14,0.8293650793650793
rapid_embracenet_fasca_kd,52,42,full,1.0
rapid_embracenet_fasca_kd,52,42,single_modality_mean,0.5972222222222222
rapid_embracenet_fasca_kd,52,45,mean_15,0.6666666666666665
rapid_embracenet_fasca_kd,52,45,incomplete_14,0.6666666666666666
rapid_embracenet_fasca_kd,52,45,full,0.6666666666666666
rapid_embracenet_fasca_kd,52,45,single_modality_mean,0.6666666666666666
rapid_embracenet_fasca_kd,52,51,mean_15,0.9407407407407408
rapid_embracenet_fasca_kd,52,51,incomplete_14,0.9365079365079365
rapid_embracenet_fasca_kd,52,51,full,1.0
rapid_embracenet_fasca_kd,52,51,single_modality_mean,0.8888888888888888
rapid_embracenet_fasca_kd,52,54,mean_15,0.9481481481481481
rapid_embracenet_fasca_kd,52,54,incomplete_14,0.9444444444444444
rapid_embracenet_fasca_kd,52,54,full,1.0
rapid_embracenet_fasca_kd,52,54,single_modality_mean,0.8055555555555556
rapid_embracenet_fasca_kd,52,56,mean_15,0.6777777777777778
rapid_embracenet_fasca_kd,52,56,incomplete_14,0.6547619047619049
rapid_embracenet_fasca_kd,52,56,full,1.0
rapid_embracenet_fasca_kd,52,56,single_modality_mean,0.40277777777777785
rapid_embracenet_fasca_kd,53,20,mean_15,0.9444444444444445
rapid_embracenet_fasca_kd,53,20,incomplete_14,0.9404761904761906
rapid_embracenet_fasca_kd,53,20,full,1.0
rapid_embracenet_fasca_kd,53,20,single_modality_mean,0.7916666666666666
rapid_embracenet_fasca_kd,53,22,mean_15,0.8629629629629628
rapid_embracenet_fasca_kd,53,22,incomplete_14,0.853174603174603
rapid_embracenet_fasca_kd,53,22,full,1.0
rapid_embracenet_fasca_kd,53,22,single_modality_mean,0.6805555555555555
rapid_embracenet_fasca_kd,53,23,mean_15,0.9407407407407408
rapid_embracenet_fasca_kd,53,23,incomplete_14,0.9365079365079365
rapid_embracenet_fasca_kd,53,23,full,1.0
rapid_embracenet_fasca_kd,53,23,single_modality_mean,0.8888888888888888
rapid_embracenet_fasca_kd,53,28,mean_15,0.8666666666666667
rapid_embracenet_fasca_kd,53,28,incomplete_14,0.8571428571428571
rapid_embracenet_fasca_kd,53,28,full,1.0
rapid_embracenet_fasca_kd,53,28,single_modality_mean,0.6944444444444444
rapid_embracenet_fasca_kd,53,34,mean_15,0.8444444444444444
rapid_embracenet_fasca_kd,53,34,incomplete_14,0.8333333333333333
rapid_embracenet_fasca_kd,53,34,full,1.0
rapid_embracenet_fasca_kd,53,34,single_modality_mean,0.6111111111111112
rapid_embracenet_fasca_kd,53,41,mean_15,0.9111111111111111
rapid_embracenet_fasca_kd,53,41,incomplete_14,0.9047619047619048
rapid_embracenet_fasca_kd,53,41,full,1.0
rapid_embracenet_fasca_kd,53,41,single_modality_mean,0.7777777777777777
rapid_embracenet_fasca_kd,53,42,mean_15,0.7777777777777778
rapid_embracenet_fasca_kd,53,42,incomplete_14,0.7619047619047619
rapid_embracenet_fasca_kd,53,42,full,1.0
rapid_embracenet_fasca_kd,53,42,single_modality_mean,0.5972222222222222
rapid_embracenet_fasca_kd,53,45,mean_15,0.5777777777777778
rapid_embracenet_fasca_kd,53,45,incomplete_14,0.5714285714285715
rapid_embracenet_fasca_kd,53,45,full,0.6666666666666666
rapid_embracenet_fasca_kd,53,45,single_modality_mean,0.4444444444444444
rapid_embracenet_fasca_kd,53,51,mean_15,0.9703703703703703
rapid_embracenet_fasca_kd,53,51,incomplete_14,0.9682539682539683
rapid_embracenet_fasca_kd,53,51,full,1.0
rapid_embracenet_fasca_kd,53,51,single_modality_mean,0.8888888888888888
rapid_embracenet_fasca_kd,53,54,mean_15,0.8444444444444444
rapid_embracenet_fasca_kd,53,54,incomplete_14,0.8333333333333333
rapid_embracenet_fasca_kd,53,54,full,1.0
rapid_embracenet_fasca_kd,53,54,single_modality_mean,0.6111111111111112
rapid_embracenet_fasca_kd,53,56,mean_15,0.7592592592592593
rapid_embracenet_fasca_kd,53,56,incomplete_14,0.7420634920634921
rapid_embracenet_fasca_kd,53,56,full,1.0
rapid_embracenet_fasca_kd,53,56,single_modality_mean,0.4861111111111111
rapid_embracenet_fasca_kd,51,8,mean_15,0.2666666666666667
rapid_embracenet_fasca_kd,51,8,incomplete_14,0.261904761904762
rapid_embracenet_fasca_kd,51,8,full,0.3333333333333333
rapid_embracenet_fasca_kd,51,8,single_modality_mean,0.16666666666666666
rapid_embracenet_fasca_kd,51,11,mean_15,0.5777777777777778
rapid_embracenet_fasca_kd,51,11,incomplete_14,0.5714285714285715
rapid_embracenet_fasca_kd,51,11,full,0.6666666666666666
rapid_embracenet_fasca_kd,51,11,single_modality_mean,0.4444444444444444
rapid_embracenet_fasca_kd,51,12,mean_15,0.837037037037037
rapid_embracenet_fasca_kd,51,12,incomplete_14,0.8253968253968254
rapid_embracenet_fasca_kd,51,12,full,1.0
rapid_embracenet_fasca_kd,51,12,single_modality_mean,0.5972222222222222
rapid_embracenet_fasca_kd,51,13,mean_15,0.8555555555555555
rapid_embracenet_fasca_kd,51,13,incomplete_14,0.8452380952380951
rapid_embracenet_fasca_kd,51,13,full,1.0
rapid_embracenet_fasca_kd,51,13,single_modality_mean,0.5694444444444443
rapid_embracenet_fasca_kd,51,30,mean_15,0.7925925925925925
rapid_embracenet_fasca_kd,51,30,incomplete_14,0.7777777777777777
rapid_embracenet_fasca_kd,51,30,full,1.0
rapid_embracenet_fasca_kd,51,30,single_modality_mean,0.6666666666666665
rapid_embracenet_fasca_kd,51,31,mean_15,0.8518518518518517
rapid_embracenet_fasca_kd,51,31,incomplete_14,0.8412698412698412
rapid_embracenet_fasca_kd,51,31,full,1.0
rapid_embracenet_fasca_kd,51,31,single_modality_mean,0.638888888888889
rapid_embracenet_fasca_kd,51,37,mean_15,0.9444444444444445
rapid_embracenet_fasca_kd,51,37,incomplete_14,0.9404761904761906
rapid_embracenet_fasca_kd,51,37,full,1.0
rapid_embracenet_fasca_kd,51,37,single_modality_mean,0.7916666666666666
rapid_embracenet_fasca_kd,51,52,mean_15,0.8444444444444444
rapid_embracenet_fasca_kd,51,52,incomplete_14,0.8333333333333333
rapid_embracenet_fasca_kd,51,52,full,1.0
rapid_embracenet_fasca_kd,51,52,single_modality_mean,0.6111111111111112
rapid_embracenet_fasca_kd,51,55,mean_15,0.6814814814814815
rapid_embracenet_fasca_kd,51,55,incomplete_14,0.6587301587301587
rapid_embracenet_fasca_kd,51,55,full,1.0
rapid_embracenet_fasca_kd,51,55,single_modality_mean,0.5
rapid_embracenet_fasca_kd,51,57,mean_15,0.8333333333333334
rapid_embracenet_fasca_kd,51,57,incomplete_14,0.8214285714285714
rapid_embracenet_fasca_kd,51,57,full,1.0
rapid_embracenet_fasca_kd,51,57,single_modality_mean,0.5972222222222222
rapid_embracenet_fasca_kd,51,58,mean_15,0.9111111111111111
rapid_embracenet_fasca_kd,51,58,incomplete_14,0.9047619047619048
rapid_embracenet_fasca_kd,51,58,full,1.0
rapid_embracenet_fasca_kd,51,58,single_modality_mean,0.7777777777777777
rapid_embracenet_fasca_kd,52,8,mean_15,0.2666666666666667
rapid_embracenet_fasca_kd,52,8,incomplete_14,0.261904761904762
rapid_embracenet_fasca_kd,52,8,full,0.3333333333333333
rapid_embracenet_fasca_kd,52,8,single_modality_mean,0.16666666666666666
rapid_embracenet_fasca_kd,52,11,mean_15,0.5777777777777778
rapid_embracenet_fasca_kd,52,11,incomplete_14,0.5714285714285715
rapid_embracenet_fasca_kd,52,11,full,0.6666666666666666
rapid_embracenet_fasca_kd,52,11,single_modality_mean,0.4444444444444444
rapid_embracenet_fasca_kd,52,12,mean_15,0.8333333333333334
rapid_embracenet_fasca_kd,52,12,incomplete_14,0.8214285714285714
rapid_embracenet_fasca_kd,52,12,full,1.0
rapid_embracenet_fasca_kd,52,12,single_modality_mean,0.5833333333333333
rapid_embracenet_fasca_kd,52,13,mean_15,0.9148148148148147
rapid_embracenet_fasca_kd,52,13,incomplete_14,0.9087301587301587
rapid_embracenet_fasca_kd,52,13,full,1.0
rapid_embracenet_fasca_kd,52,13,single_modality_mean,0.6805555555555555
rapid_embracenet_fasca_kd,52,30,mean_15,0.9407407407407408
rapid_embracenet_fasca_kd,52,30,incomplete_14,0.9365079365079365
rapid_embracenet_fasca_kd,52,30,full,1.0
rapid_embracenet_fasca_kd,52,30,single_modality_mean,0.8888888888888888
rapid_embracenet_fasca_kd,52,31,mean_15,0.874074074074074
rapid_embracenet_fasca_kd,52,31,incomplete_14,0.865079365079365
rapid_embracenet_fasca_kd,52,31,full,1.0
rapid_embracenet_fasca_kd,52,31,single_modality_mean,0.7222222222222222
rapid_embracenet_fasca_kd,52,37,mean_15,0.9444444444444445
rapid_embracenet_fasca_kd,52,37,incomplete_14,0.9404761904761906
rapid_embracenet_fasca_kd,52,37,full,1.0
rapid_embracenet_fasca_kd,52,37,single_modality_mean,0.7916666666666666
rapid_embracenet_fasca_kd,52,52,mean_15,0.9111111111111111
rapid_embracenet_fasca_kd,52,52,incomplete_14,0.9047619047619048
rapid_embracenet_fasca_kd,52,52,full,1.0
rapid_embracenet_fasca_kd,52,52,single_modality_mean,0.7777777777777777
rapid_embracenet_fasca_kd,52,55,mean_15,0.5925925925925924
rapid_embracenet_fasca_kd,52,55,incomplete_14,0.5952380952380951
rapid_embracenet_fasca_kd,52,55,full,0.5555555555555555
rapid_embracenet_fasca_kd,52,55,single_modality_mean,0.5833333333333333
rapid_embracenet_fasca_kd,52,57,mean_15,0.8444444444444444
rapid_embracenet_fasca_kd,52,57,incomplete_14,0.8333333333333333
rapid_embracenet_fasca_kd,52,57,full,1.0
rapid_embracenet_fasca_kd,52,57,single_modality_mean,0.6111111111111112
rapid_embracenet_fasca_kd,52,58,mean_15,0.8962962962962961
rapid_embracenet_fasca_kd,52,58,incomplete_14,0.8888888888888887
rapid_embracenet_fasca_kd,52,58,full,1.0
rapid_embracenet_fasca_kd,52,58,single_modality_mean,0.8055555555555556
rapid_embracenet_fasca_kd,53,8,mean_15,0.2666666666666667
rapid_embracenet_fasca_kd,53,8,incomplete_14,0.261904761904762
rapid_embracenet_fasca_kd,53,8,full,0.3333333333333333
rapid_embracenet_fasca_kd,53,8,single_modality_mean,0.16666666666666666
rapid_embracenet_fasca_kd,53,11,mean_15,0.5777777777777778
rapid_embracenet_fasca_kd,53,11,incomplete_14,0.5714285714285715
rapid_embracenet_fasca_kd,53,11,full,0.6666666666666666
rapid_embracenet_fasca_kd,53,11,single_modality_mean,0.4444444444444444
rapid_embracenet_fasca_kd,53,12,mean_15,0.8592592592592592
rapid_embracenet_fasca_kd,53,12,incomplete_14,0.8492063492063491
rapid_embracenet_fasca_kd,53,12,full,1.0
rapid_embracenet_fasca_kd,53,12,single_modality_mean,0.6805555555555555
rapid_embracenet_fasca_kd,53,13,mean_15,0.9148148148148147
rapid_embracenet_fasca_kd,53,13,incomplete_14,0.9087301587301587
rapid_embracenet_fasca_kd,53,13,full,1.0
rapid_embracenet_fasca_kd,53,13,single_modality_mean,0.6805555555555555
rapid_embracenet_fasca_kd,53,30,mean_15,0.8851851851851851
rapid_embracenet_fasca_kd,53,30,incomplete_14,0.8769841269841269
rapid_embracenet_fasca_kd,53,30,full,1.0
rapid_embracenet_fasca_kd,53,30,single_modality_mean,0.6805555555555555
rapid_embracenet_fasca_kd,53,31,mean_15,0.874074074074074
rapid_embracenet_fasca_kd,53,31,incomplete_14,0.865079365079365
rapid_embracenet_fasca_kd,53,31,full,1.0
rapid_embracenet_fasca_kd,53,31,single_modality_mean,0.6388888888888888
rapid_embracenet_fasca_kd,53,37,mean_15,0.8259259259259258
rapid_embracenet_fasca_kd,53,37,incomplete_14,0.8134920634920634
rapid_embracenet_fasca_kd,53,37,full,1.0
rapid_embracenet_fasca_kd,53,37,single_modality_mean,0.6805555555555555
rapid_embracenet_fasca_kd,53,52,mean_15,0.8444444444444444
rapid_embracenet_fasca_kd,53,52,incomplete_14,0.8333333333333333
rapid_embracenet_fasca_kd,53,52,full,1.0
rapid_embracenet_fasca_kd,53,52,single_modality_mean,0.6111111111111112
rapid_embracenet_fasca_kd,53,55,mean_15,0.7851851851851851
rapid_embracenet_fasca_kd,53,55,incomplete_14,0.7698412698412698
rapid_embracenet_fasca_kd,53,55,full,1.0
rapid_embracenet_fasca_kd,53,55,single_modality_mean,0.6944444444444444
rapid_embracenet_fasca_kd,53,57,mean_15,0.8111111111111111
rapid_embracenet_fasca_kd,53,57,incomplete_14,0.7976190476190476
rapid_embracenet_fasca_kd,53,57,full,1.0
rapid_embracenet_fasca_kd,53,57,single_modality_mean,0.5972222222222222
rapid_embracenet_fasca_kd,53,58,mean_15,0.9111111111111111
rapid_embracenet_fasca_kd,53,58,incomplete_14,0.9047619047619048
rapid_embracenet_fasca_kd,53,58,full,1.0
rapid_embracenet_fasca_kd,53,58,single_modality_mean,0.7777777777777777
