evaluation,scenario,method,trial_id,subject,subject_in_complete_cv,available_modalities,truth,p_0,p_1,p_2
observed_incomplete_trials,source_observed,embracenet,S11_1,11,True,eeg+imu+fp,2,0.003037567,0.104792506,0.89216995
observed_incomplete_trials,source_observed,fasca,S11_1,11,True,eeg+imu+fp,2,0.003984311,0.055184215,0.9408315
observed_incomplete_trials,source_observed,embracenet,S24_0.5,24,False,eeg+emg+fp,0,0.9421641,0.055635963,0.0021998577
observed_incomplete_trials,source_observed,fasca,S24_0.5,24,False,eeg+emg+fp,0,0.9804444,0.015503864,0.004051793
observed_incomplete_trials,source_observed,embracenet,S24_0.75,24,False,eeg+emg+fp,1,0.059584696,0.5310912,0.40932408
observed_incomplete_trials,source_observed,fasca,S24_0.75,24,False,eeg+emg+fp,1,0.11370402,0.66795945,0.21833651
observed_incomplete_trials,source_observed,embracenet,S24_1,24,False,eeg+emg+fp,2,0.017746756,0.036461856,0.9457914
observed_incomplete_trials,source_observed,fasca,S24_1,24,False,eeg+emg+fp,2,0.018039623,0.025595522,0.95636487
observed_incomplete_trials,source_observed,embracenet,S2_0.5,2,False,eeg+emg+imu,0,0.94782263,0.0409051,0.011272288
observed_incomplete_trials,source_observed,fasca,S2_0.5,2,False,eeg+emg+imu,0,0.89785403,0.08436226,0.017783672
observed_incomplete_trials,source_observed,embracenet,S2_0.75,2,False,eeg+emg,1,0.031793375,0.1241289,0.84407777
observed_incomplete_trials,source_observed,fasca,S2_0.75,2,False,eeg+emg,1,0.021587536,0.15104993,0.82736254
observed_incomplete_trials,source_observed,embracenet,S2_1,2,False,eeg+emg,2,0.017459713,0.05834143,0.92419887
observed_incomplete_trials,source_observed,fasca,S2_1,2,False,eeg+emg,2,0.009962499,0.022931388,0.9671061
observed_incomplete_trials,source_observed,embracenet,S32_1,32,True,emg+imu+fp,2,0.0031524543,0.004308295,0.9925392
observed_incomplete_trials,source_observed,fasca,S32_1,32,True,emg+imu+fp,2,0.0039322632,0.0048296885,0.9912381
observed_incomplete_trials,source_observed,embracenet,S3_0.75,3,True,eeg,1,0.17386055,0.5807703,0.24536909
observed_incomplete_trials,source_observed,fasca,S3_0.75,3,True,eeg,1,0.078743994,0.59137917,0.3298768
observed_incomplete_trials,source_observed,embracenet,S3_1,3,True,eeg,2,0.1403759,0.39986935,0.4597547
observed_incomplete_trials,source_observed,fasca,S3_1,3,True,eeg,2,0.076699294,0.42694616,0.49635458
observed_incomplete_trials,source_observed,embracenet,S43_1,43,True,eeg+imu+fp,2,0.002361036,0.0061677345,0.9914711
observed_incomplete_trials,source_observed,fasca,S43_1,43,True,eeg+imu+fp,2,0.004104918,0.016474938,0.9794201
observed_incomplete_trials,source_observed,embracenet,S45_1,45,True,eeg+emg+imu,2,0.0061608604,0.01416357,0.9796756
observed_incomplete_trials,source_observed,fasca,S45_1,45,True,eeg+emg+imu,2,0.0060307016,0.013376725,0.98059255
observed_incomplete_trials,source_observed,embracenet,S47_0.5,47,False,eeg+emg+fp,0,0.96744514,0.025276734,0.007278141
observed_incomplete_trials,source_observed,fasca,S47_0.5,47,False,eeg+emg+fp,0,0.9633797,0.027142277,0.009478069
observed_incomplete_trials,source_observed,embracenet,S47_0.75,47,False,eeg+emg+fp,1,0.0061341748,0.9482503,0.045615584
observed_incomplete_trials,source_observed,fasca,S47_0.75,47,False,eeg+emg+fp,1,0.0052967346,0.9534208,0.041282516
observed_incomplete_trials,source_observed,embracenet,S47_1,47,False,eeg+emg+fp,2,0.0042391033,0.009099974,0.98666096
observed_incomplete_trials,source_observed,fasca,S47_1,47,False,eeg+emg+fp,2,0.0046745776,0.0078085656,0.9875169
observed_incomplete_trials,source_observed,embracenet,S50_0.5,50,False,eeg+imu+fp,0,0.99404484,0.0022473687,0.0037077826
observed_incomplete_trials,source_observed,fasca,S50_0.5,50,False,eeg+imu+fp,0,0.9909356,0.0038984313,0.005165936
observed_incomplete_trials,source_observed,embracenet,S50_0.75,50,False,eeg+imu+fp,1,0.0045182663,0.9925867,0.0028950002
observed_incomplete_trials,source_observed,fasca,S50_0.75,50,False,eeg+imu+fp,1,0.003091783,0.9932566,0.0036515722
observed_incomplete_trials,source_observed,embracenet,S50_1,50,False,eeg+imu+fp,2,0.0031859719,0.0044852407,0.9923288
observed_incomplete_trials,source_observed,fasca,S50_1,50,False,eeg+imu+fp,2,0.0043734834,0.0038952583,0.9917312
observed_incomplete_trials,source_observed,embracenet,S8_0.5,8,True,eeg+imu+fp,0,0.9949545,0.0028436396,0.0022018834
observed_incomplete_trials,source_observed,fasca,S8_0.5,8,True,eeg+imu+fp,0,0.9871965,0.0074622533,0.0053411624
observed_incomplete_trials,source_observed,embracenet,S8_0.75,8,True,eeg+emg+imu,1,0.68499666,0.31293073,0.0020726053
observed_incomplete_trials,source_observed,fasca,S8_0.75,8,True,eeg+emg+imu,1,0.18020146,0.8159275,0.0038710951
observed_schema_replay,observed_schema_zero,embracenet,S1_0.5,1,True,eeg+emg+imu+fp,0,0.97572255,0.022840695,0.0014367333
observed_schema_replay,observed_schema_zero,embracenet,S1_0.75,1,True,eeg+emg+imu+fp,1,0.0068620834,0.98866946,0.0044684154
observed_schema_replay,observed_schema_zero,embracenet,S1_1,1,True,eeg+emg+imu+fp,2,0.005801885,0.0059145354,0.9882836
observed_schema_replay,observed_schema_zero,embracenet,S10_0.5,10,True,eeg+emg+imu+fp,0,0.9830768,0.01187763,0.005045583
observed_schema_replay,observed_schema_zero,embracenet,S10_0.75,10,True,eeg+emg+imu+fp,1,0.0032217328,0.9722064,0.024571829
observed_schema_replay,observed_schema_zero,embracenet,S10_1,10,True,eeg+emg+imu+fp,2,0.0018731781,0.014725569,0.98340124
observed_schema_replay,observed_schema_zero,embracenet,S15_0.5,15,True,eeg+emg+imu+fp,0,0.99314183,0.0020975147,0.0047606505
observed_schema_replay,observed_schema_zero,embracenet,S15_0.75,15,True,eeg+emg+imu+fp,1,0.012884234,0.9848113,0.0023045018
observed_schema_replay,observed_schema_zero,embracenet,S15_1,15,True,eeg+emg+imu+fp,2,0.0025477025,0.044576067,0.95287627
observed_schema_replay,observed_schema_zero,embracenet,S19_0.5,19,True,eeg+emg+imu+fp,0,0.99484587,0.0024593973,0.0026946869
observed_schema_replay,observed_schema_zero,embracenet,S19_0.75,19,True,eeg+emg+imu+fp,1,0.00730017,0.9912794,0.0014203871
observed_schema_replay,observed_schema_zero,embracenet,S19_1,19,True,eeg+emg+imu+fp,2,0.0033622563,0.035479575,0.9611582
observed_schema_replay,observed_schema_zero,embracenet,S36_0.5,36,True,eeg+emg+imu+fp,0,0.9934132,0.0025328689,0.004053924
observed_schema_replay,observed_schema_zero,embracenet,S36_0.75,36,True,eeg+emg+imu+fp,1,0.22878973,0.7678523,0.0033579888
observed_schema_replay,observed_schema_zero,embracenet,S36_1,36,True,eeg+emg+imu+fp,2,0.0042692823,0.3728485,0.62288225
observed_schema_replay,observed_schema_zero,embracenet,S39_0.5,39,True,eeg+emg+imu+fp,0,0.994591,0.0025865578,0.0028224376
observed_schema_replay,observed_schema_zero,embracenet,S39_0.75,39,True,eeg+emg+imu+fp,1,0.012620729,0.98611957,0.0012596716
observed_schema_replay,observed_schema_zero,embracenet,S39_1,39,True,eeg+emg+imu+fp,2,0.008245601,0.11314122,0.8786132
observed_schema_replay,observed_schema_zero,embracenet,S40_0.5,40,True,eeg+emg+imu+fp,0,0.9950974,0.0022736476,0.0026289618
observed_schema_replay,observed_schema_zero,embracenet,S40_0.75,40,True,eeg+emg+imu+fp,1,0.0059394315,0.9923625,0.0016980246
observed_schema_replay,observed_schema_zero,embracenet,S40_1,40,True,eeg+emg+imu+fp,2,0.0024829993,0.005411333,0.99210566
observed_schema_replay,observed_schema_zero,embracenet,S43_0.5,43,True,eeg+emg+imu+fp,0,0.99447536,0.0034832675,0.0020413902
observed_schema_replay,observed_schema_zero,embracenet,S43_0.75,43,True,eeg+emg+imu+fp,1,0.009921,0.98884124,0.0012377357
observed_schema_replay,observed_schema_zero,embracenet,S48_0.5,48,True,eeg+emg+imu+fp,0,0.99044746,0.003605849,0.005946686
observed_schema_replay,observed_schema_zero,embracenet,S48_0.75,48,True,eeg+emg+imu+fp,1,0.0053080707,0.9913716,0.0033203654
observed_schema_replay,observed_schema_zero,embracenet,S48_1,48,True,eeg+emg+imu+fp,2,0.0023774041,0.002798753,0.99482375
observed_schema_replay,observed_schema_zero,embracenet,S49_0.5,49,True,eeg+emg+imu+fp,0,0.9948686,0.002302495,0.0028289154
observed_schema_replay,observed_schema_zero,embracenet,S49_0.75,49,True,eeg+emg+imu+fp,1,0.044626758,0.95389956,0.0014737091
observed_schema_replay,observed_schema_zero,embracenet,S49_1,49,True,eeg+emg+imu+fp,2,0.0017334907,0.15177451,0.846492
observed_schema_replay,observed_schema_zero,embracenet,S59_0.5,59,True,eeg+emg+imu+fp,0,0.99356216,0.0033962352,0.0030416104
observed_schema_replay,observed_schema_zero,embracenet,S59_0.75,59,True,eeg+emg+imu+fp,1,0.008593101,0.9893977,0.002009177
observed_schema_replay,observed_schema_zero,embracenet,S59_1,59,True,eeg+emg+imu+fp,2,0.002207704,0.024188092,0.9736042
observed_schema_replay,observed_schema_zero,fasca,S1_0.5,1,True,eeg+emg+imu+fp,0,0.9843673,0.012936693,0.0026960222
observed_schema_replay,observed_schema_zero,fasca,S1_0.75,1,True,eeg+emg+imu+fp,1,0.009311876,0.986738,0.003950122
observed_schema_replay,observed_schema_zero,fasca,S1_1,1,True,eeg+emg+imu+fp,2,0.006828521,0.008087421,0.98508406
observed_schema_replay,observed_schema_zero,fasca,S10_0.5,10,True,eeg+emg+imu+fp,0,0.87202525,0.120473586,0.0075011477
observed_schema_replay,observed_schema_zero,fasca,S10_0.75,10,True,eeg+emg+imu+fp,1,0.00681709,0.7908786,0.20230424
observed_schema_replay,observed_schema_zero,fasca,S10_1,10,True,eeg+emg+imu+fp,2,0.0031365603,0.007663553,0.9891999
observed_schema_replay,observed_schema_zero,fasca,S15_0.5,15,True,eeg+emg+imu+fp,0,0.9921643,0.0026659202,0.0051697646
observed_schema_replay,observed_schema_zero,fasca,S15_0.75,15,True,eeg+emg+imu+fp,1,0.023713676,0.9725063,0.0037800483
observed_schema_replay,observed_schema_zero,fasca,S15_1,15,True,eeg+emg+imu+fp,2,0.0029412166,0.059498686,0.9375601
observed_schema_replay,observed_schema_zero,fasca,S19_0.5,19,True,eeg+emg+imu+fp,0,0.99369484,0.0026194167,0.003685693
observed_schema_replay,observed_schema_zero,fasca,S19_0.75,19,True,eeg+emg+imu+fp,1,0.009451828,0.9882562,0.0022919711
observed_schema_replay,observed_schema_zero,fasca,S19_1,19,True,eeg+emg+imu+fp,2,0.00573202,0.005080128,0.9891878
observed_schema_replay,observed_schema_zero,fasca,S36_0.5,36,True,eeg+emg+imu+fp,0,0.9915442,0.0036518516,0.0048040054
observed_schema_replay,observed_schema_zero,fasca,S36_0.75,36,True,eeg+emg+imu+fp,1,0.18111591,0.8150403,0.0038438395
observed_schema_replay,observed_schema_zero,fasca,S36_1,36,True,eeg+emg+imu+fp,2,0.004271094,0.19418027,0.80154866
observed_schema_replay,observed_schema_zero,fasca,S39_0.5,39,True,eeg+emg+imu+fp,0,0.99222785,0.0031995613,0.0045726183
observed_schema_replay,observed_schema_zero,fasca,S39_0.75,39,True,eeg+emg+imu+fp,1,0.021811254,0.9748284,0.0033603553
observed_schema_replay,observed_schema_zero,fasca,S39_1,39,True,eeg+emg+imu+fp,2,0.0119763985,0.09741839,0.8906052
observed_schema_replay,observed_schema_zero,fasca,S40_0.5,40,True,eeg+emg+imu+fp,0,0.99355465,0.002647883,0.0037974666
observed_schema_replay,observed_schema_zero,fasca,S40_0.75,40,True,eeg+emg+imu+fp,1,0.006210498,0.99112374,0.0026657686
observed_schema_replay,observed_schema_zero,fasca,S40_1,40,True,eeg+emg+imu+fp,2,0.0031046069,0.016493093,0.9804023
observed_schema_replay,observed_schema_zero,fasca,S43_0.5,43,True,eeg+emg+imu+fp,0,0.9931391,0.0038097512,0.00305116
observed_schema_replay,observed_schema_zero,fasca,S43_0.75,43,True,eeg+emg+imu+fp,1,0.007686625,0.9900618,0.002251534
observed_schema_replay,observed_schema_zero,fasca,S48_0.5,48,True,eeg+emg+imu+fp,0,0.98847216,0.006701104,0.004826803
observed_schema_replay,observed_schema_zero,fasca,S48_0.75,48,True,eeg+emg+imu+fp,1,0.005773937,0.97213846,0.022087574
observed_schema_replay,observed_schema_zero,fasca,S48_1,48,True,eeg+emg+imu+fp,2,0.0037286626,0.0042925444,0.9919788
observed_schema_replay,observed_schema_zero,fasca,S49_0.5,49,True,eeg+emg+imu+fp,0,0.9924836,0.0033682894,0.004148062
observed_schema_replay,observed_schema_zero,fasca,S49_0.75,49,True,eeg+emg+imu+fp,1,0.047384296,0.94916624,0.0034494316
observed_schema_replay,observed_schema_zero,fasca,S49_1,49,True,eeg+emg+imu+fp,2,0.0026927332,0.07596895,0.9213383
observed_schema_replay,observed_schema_zero,fasca,S59_0.5,59,True,eeg+emg+imu+fp,0,0.99238515,0.0037493352,0.0038654811
observed_schema_replay,observed_schema_zero,fasca,S59_0.75,59,True,eeg+emg+imu+fp,1,0.009543764,0.9879202,0.0025360715
observed_schema_replay,observed_schema_zero,fasca,S59_1,59,True,eeg+emg+imu+fp,2,0.0033461398,0.01667933,0.9799745
observed_schema_replay,observed_schema_zero,fter,S1_0.5,1,True,eeg+emg+imu+fp,0,0.9843673,0.012936693,0.0026960222
observed_schema_replay,observed_schema_zero,fter,S1_0.75,1,True,eeg+emg+imu+fp,1,0.009311876,0.986738,0.003950122
observed_schema_replay,observed_schema_zero,fter,S1_1,1,True,eeg+emg+imu+fp,2,0.006828521,0.008087421,0.98508406
observed_schema_replay,observed_schema_zero,fter,S10_0.5,10,True,eeg+emg+imu+fp,0,0.87202525,0.120473586,0.0075011477
observed_schema_replay,observed_schema_zero,fter,S10_0.75,10,True,eeg+emg+imu+fp,1,0.00681709,0.7908786,0.20230424
observed_schema_replay,observed_schema_zero,fter,S10_1,10,True,eeg+emg+imu+fp,2,0.0031365603,0.007663553,0.9891999
observed_schema_replay,observed_schema_zero,fter,S15_0.5,15,True,eeg+emg+imu+fp,0,0.9921643,0.0026659202,0.0051697646
observed_schema_replay,observed_schema_zero,fter,S15_0.75,15,True,eeg+emg+imu+fp,1,0.023713676,0.9725063,0.0037800483
observed_schema_replay,observed_schema_zero,fter,S15_1,15,True,eeg+emg+imu+fp,2,0.0029412166,0.059498686,0.9375601
observed_schema_replay,observed_schema_zero,fter,S19_0.5,19,True,eeg+emg+imu+fp,0,0.99369484,0.0026194167,0.003685693
observed_schema_replay,observed_schema_zero,fter,S19_0.75,19,True,eeg+emg+imu+fp,1,0.009451828,0.9882562,0.0022919711
observed_schema_replay,observed_schema_zero,fter,S19_1,19,True,eeg+emg+imu+fp,2,0.00573202,0.005080128,0.9891878
observed_schema_replay,observed_schema_zero,fter,S36_0.5,36,True,eeg+emg+imu+fp,0,0.9915442,0.0036518516,0.0048040054
observed_schema_replay,observed_schema_zero,fter,S36_0.75,36,True,eeg+emg+imu+fp,1,0.18111591,0.8150403,0.0038438395
observed_schema_replay,observed_schema_zero,fter,S36_1,36,True,eeg+emg+imu+fp,2,0.004271094,0.19418027,0.80154866
observed_schema_replay,observed_schema_zero,fter,S39_0.5,39,True,eeg+emg+imu+fp,0,0.99222785,0.0031995613,0.0045726183
observed_schema_replay,observed_schema_zero,fter,S39_0.75,39,True,eeg+emg+imu+fp,1,0.021811254,0.9748284,0.0033603553
observed_schema_replay,observed_schema_zero,fter,S39_1,39,True,eeg+emg+imu+fp,2,0.0119763985,0.09741839,0.8906052
observed_schema_replay,observed_schema_zero,fter,S40_0.5,40,True,eeg+emg+imu+fp,0,0.99355465,0.002647883,0.0037974666
observed_schema_replay,observed_schema_zero,fter,S40_0.75,40,True,eeg+emg+imu+fp,1,0.006210498,0.99112374,0.0026657686
observed_schema_replay,observed_schema_zero,fter,S40_1,40,True,eeg+emg+imu+fp,2,0.0031046069,0.016493093,0.9804023
observed_schema_replay,observed_schema_zero,fter,S43_0.5,43,True,eeg+emg+imu+fp,0,0.9931391,0.0038097512,0.00305116
observed_schema_replay,observed_schema_zero,fter,S43_0.75,43,True,eeg+emg+imu+fp,1,0.007686625,0.9900618,0.002251534
observed_schema_replay,observed_schema_zero,fter,S48_0.5,48,True,eeg+emg+imu+fp,0,0.98847216,0.006701104,0.004826803
observed_schema_replay,observed_schema_zero,fter,S48_0.75,48,True,eeg+emg+imu+fp,1,0.005773937,0.97213846,0.022087574
observed_schema_replay,observed_schema_zero,fter,S48_1,48,True,eeg+emg+imu+fp,2,0.0037286626,0.0042925444,0.9919788
observed_schema_replay,observed_schema_zero,fter,S49_0.5,49,True,eeg+emg+imu+fp,0,0.9924836,0.0033682894,0.004148062
observed_schema_replay,observed_schema_zero,fter,S49_0.75,49,True,eeg+emg+imu+fp,1,0.047384296,0.94916624,0.0034494316
observed_schema_replay,observed_schema_zero,fter,S49_1,49,True,eeg+emg+imu+fp,2,0.0026927332,0.07596895,0.9213383
observed_schema_replay,observed_schema_zero,fter,S59_0.5,59,True,eeg+emg+imu+fp,0,0.99238515,0.0037493352,0.0038654811
observed_schema_replay,observed_schema_zero,fter,S59_0.75,59,True,eeg+emg+imu+fp,1,0.009543764,0.9879202,0.0025360715
observed_schema_replay,observed_schema_zero,fter,S59_1,59,True,eeg+emg+imu+fp,2,0.0033461398,0.01667933,0.9799745
observed_schema_replay,observed_schema_1pct,embracenet,S1_0.5,1,True,eeg+emg+imu+fp,0,0.9757228,0.022841183,0.0014360611
observed_schema_replay,observed_schema_1pct,embracenet,S1_0.75,1,True,eeg+emg+imu+fp,1,0.006864901,0.9886716,0.004463512
observed_schema_replay,observed_schema_1pct,embracenet,S1_1,1,True,eeg+emg+imu+fp,2,0.0058037075,0.0059113544,0.9882849
observed_schema_replay,observed_schema_1pct,embracenet,S10_0.5,10,True,eeg+emg+imu+fp,0,0.9830834,0.011874393,0.0050422144
observed_schema_replay,observed_schema_1pct,embracenet,S10_0.75,10,True,eeg+emg+imu+fp,1,0.0032252402,0.97222286,0.024551863
observed_schema_replay,observed_schema_1pct,embracenet,S10_1,10,True,eeg+emg+imu+fp,2,0.0018736053,0.01472674,0.9833997
observed_schema_replay,observed_schema_1pct,embracenet,S15_0.5,15,True,eeg+emg+imu+fp,0,0.99314374,0.0020975394,0.0047587813
observed_schema_replay,observed_schema_1pct,embracenet,S15_0.75,15,True,eeg+emg+imu+fp,1,0.012895155,0.9848011,0.002303664
observed_schema_replay,observed_schema_1pct,embracenet,S15_1,15,True,eeg+emg+imu+fp,2,0.0025483926,0.04457437,0.9528773
observed_schema_replay,observed_schema_1pct,embracenet,S19_0.5,19,True,eeg+emg+imu+fp,0,0.99484557,0.002459816,0.0026946675
observed_schema_replay,observed_schema_1pct,embracenet,S19_0.75,19,True,eeg+emg+imu+fp,1,0.0072977864,0.9912817,0.0014205462
observed_schema_replay,observed_schema_1pct,embracenet,S19_1,19,True,eeg+emg+imu+fp,2,0.0033626745,0.035482455,0.9611549
observed_schema_replay,observed_schema_1pct,embracenet,S36_0.5,36,True,eeg+emg+imu+fp,0,0.99341613,0.0025327897,0.004051112
observed_schema_replay,observed_schema_1pct,embracenet,S36_0.75,36,True,eeg+emg+imu+fp,1,0.22887689,0.7677676,0.003355555
observed_schema_replay,observed_schema_1pct,embracenet,S36_1,36,True,eeg+emg+imu+fp,2,0.0042719296,0.37293062,0.6227974
observed_schema_replay,observed_schema_1pct,embracenet,S39_0.5,39,True,eeg+emg+imu+fp,0,0.9945938,0.0025868507,0.0028193311
observed_schema_replay,observed_schema_1pct,embracenet,S39_0.75,39,True,eeg+emg+imu+fp,1,0.012646497,0.986095,0.0012584451
observed_schema_replay,observed_schema_1pct,embracenet,S39_1,39,True,eeg+emg+imu+fp,2,0.00826862,0.11325348,0.8784779
observed_schema_replay,observed_schema_1pct,embracenet,S40_0.5,40,True,eeg+emg+imu+fp,0,0.99509794,0.002273855,0.0026282452
observed_schema_replay,observed_schema_1pct,embracenet,S40_0.75,40,True,eeg+emg+imu+fp,1,0.0059396955,0.9923628,0.001697469
observed_schema_replay,observed_schema_1pct,embracenet,S40_1,40,True,eeg+emg+imu+fp,2,0.002482955,0.005410869,0.9921062
observed_schema_replay,observed_schema_1pct,embracenet,S43_0.5,43,True,eeg+emg+imu+fp,0,0.9944761,0.003483665,0.0020402705
observed_schema_replay,observed_schema_1pct,embracenet,S43_0.75,43,True,eeg+emg+imu+fp,1,0.009930703,0.9888322,0.0012371031
observed_schema_replay,observed_schema_1pct,embracenet,S48_0.5,48,True,eeg+emg+imu+fp,0,0.99045753,0.0036060037,0.0059364587
observed_schema_replay,observed_schema_1pct,embracenet,S48_0.75,48,True,eeg+emg+imu+fp,1,0.005311879,0.9913704,0.0033177913
observed_schema_replay,observed_schema_1pct,embracenet,S48_1,48,True,eeg+emg+imu+fp,2,0.002377448,0.0027986325,0.99482393
observed_schema_replay,observed_schema_1pct,embracenet,S49_0.5,49,True,eeg+emg+imu+fp,0,0.9948707,0.0023024373,0.0028267745
observed_schema_replay,observed_schema_1pct,embracenet,S49_0.75,49,True,eeg+emg+imu+fp,1,0.04468843,0.9538393,0.0014722552
observed_schema_replay,observed_schema_1pct,embracenet,S49_1,49,True,eeg+emg+imu+fp,2,0.0017355386,0.15183474,0.84642977
observed_schema_replay,observed_schema_1pct,embracenet,S59_0.5,59,True,eeg+emg+imu+fp,0,0.9935654,0.0033966172,0.0030379442
observed_schema_replay,observed_schema_1pct,embracenet,S59_0.75,59,True,eeg+emg+imu+fp,1,0.008600415,0.9893923,0.002007278
observed_schema_replay,observed_schema_1pct,embracenet,S59_1,59,True,eeg+emg+imu+fp,2,0.0022088105,0.024193736,0.97359747
observed_schema_replay,observed_schema_1pct,fasca,S1_0.5,1,True,eeg+emg+imu+fp,0,0.9843702,0.012936407,0.0026934391
observed_schema_replay,observed_schema_1pct,fasca,S1_0.75,1,True,eeg+emg+imu+fp,1,0.009312694,0.98673993,0.0039474056
observed_schema_replay,observed_schema_1pct,fasca,S1_1,1,True,eeg+emg+imu+fp,2,0.006829823,0.008084646,0.98508555
observed_schema_replay,observed_schema_1pct,fasca,S10_0.5,10,True,eeg+emg+imu+fp,0,0.8721035,0.120405674,0.00749076
observed_schema_replay,observed_schema_1pct,fasca,S10_0.75,10,True,eeg+emg+imu+fp,1,0.006826023,0.7909587,0.20221527
observed_schema_replay,observed_schema_1pct,fasca,S10_1,10,True,eeg+emg+imu+fp,2,0.0031375445,0.00766398,0.98919845
observed_schema_replay,observed_schema_1pct,fasca,S15_0.5,15,True,eeg+emg+imu+fp,0,0.9921666,0.002665877,0.0051675136
observed_schema_replay,observed_schema_1pct,fasca,S15_0.75,15,True,eeg+emg+imu+fp,1,0.023742042,0.97247916,0.0037787792
observed_schema_replay,observed_schema_1pct,fasca,S15_1,15,True,eeg+emg+imu+fp,2,0.0029425106,0.059500206,0.9375573
observed_schema_replay,observed_schema_1pct,fasca,S19_0.5,19,True,eeg+emg+imu+fp,0,0.99369526,0.0026193897,0.0036853205
observed_schema_replay,observed_schema_1pct,fasca,S19_0.75,19,True,eeg+emg+imu+fp,1,0.009445493,0.9882622,0.0022922766
observed_schema_replay,observed_schema_1pct,fasca,S19_1,19,True,eeg+emg+imu+fp,2,0.0057298727,0.0050781057,0.989192
observed_schema_replay,observed_schema_1pct,fasca,S36_0.5,36,True,eeg+emg+imu+fp,0,0.9915469,0.0036515791,0.0048014964
observed_schema_replay,observed_schema_1pct,fasca,S36_0.75,36,True,eeg+emg+imu+fp,1,0.1812167,0.81494236,0.0038409636
observed_schema_replay,observed_schema_1pct,fasca,S36_1,36,True,eeg+emg+imu+fp,2,0.004272263,0.19419192,0.80153584
observed_schema_replay,observed_schema_1pct,fasca,S39_0.5,39,True,eeg+emg+imu+fp,0,0.9922355,0.003199188,0.00456533
observed_schema_replay,observed_schema_1pct,fasca,S39_0.75,39,True,eeg+emg+imu+fp,1,0.021896461,0.97474784,0.0033557878
observed_schema_replay,observed_schema_1pct,fasca,S39_1,39,True,eeg+emg+imu+fp,2,0.012035201,0.09748307,0.89048177
observed_schema_replay,observed_schema_1pct,fasca,S40_0.5,40,True,eeg+emg+imu+fp,0,0.9935563,0.002647833,0.0037958564
observed_schema_replay,observed_schema_1pct,fasca,S40_0.75,40,True,eeg+emg+imu+fp,1,0.006214769,0.9911201,0.00266512
observed_schema_replay,observed_schema_1pct,fasca,S40_1,40,True,eeg+emg+imu+fp,2,0.003106404,0.016483238,0.9804104
observed_schema_replay,observed_schema_1pct,fasca,S43_0.5,43,True,eeg+emg+imu+fp,0,0.9931411,0.0038100183,0.0030488798
observed_schema_replay,observed_schema_1pct,fasca,S43_0.75,43,True,eeg+emg+imu+fp,1,0.0076974365,0.9900525,0.0022500614
observed_schema_replay,observed_schema_1pct,fasca,S48_0.5,48,True,eeg+emg+imu+fp,0,0.98848295,0.006698868,0.004818114
observed_schema_replay,observed_schema_1pct,fasca,S48_0.75,48,True,eeg+emg+imu+fp,1,0.005779773,0.97215056,0.022069676
observed_schema_replay,observed_schema_1pct,fasca,S48_1,48,True,eeg+emg+imu+fp,2,0.0037280247,0.0042922203,0.9919798
observed_schema_replay,observed_schema_1pct,fasca,S49_0.5,49,True,eeg+emg+imu+fp,0,0.992491,0.0033675283,0.0041414164
observed_schema_replay,observed_schema_1pct,fasca,S49_0.75,49,True,eeg+emg+imu+fp,1,0.047539484,0.949018,0.0034424767
observed_schema_replay,observed_schema_1pct,fasca,S49_1,49,True,eeg+emg+imu+fp,2,0.0026979798,0.076007545,0.92129445
observed_schema_replay,observed_schema_1pct,fasca,S59_0.5,59,True,eeg+emg+imu+fp,0,0.9923894,0.0037492476,0.003861393
observed_schema_replay,observed_schema_1pct,fasca,S59_0.75,59,True,eeg+emg+imu+fp,1,0.009557628,0.9879079,0.0025345092
observed_schema_replay,observed_schema_1pct,fasca,S59_1,59,True,eeg+emg+imu+fp,2,0.0033492579,0.016680516,0.9799702
observed_schema_replay,observed_schema_1pct,fter,S1_0.5,1,True,eeg+emg+imu+fp,0,0.9843702,0.012936407,0.0026934391
observed_schema_replay,observed_schema_1pct,fter,S1_0.75,1,True,eeg+emg+imu+fp,1,0.009312694,0.98673993,0.0039474056
observed_schema_replay,observed_schema_1pct,fter,S1_1,1,True,eeg+emg+imu+fp,2,0.006829823,0.008084646,0.98508555
observed_schema_replay,observed_schema_1pct,fter,S10_0.5,10,True,eeg+emg+imu+fp,0,0.8721035,0.120405674,0.00749076
observed_schema_replay,observed_schema_1pct,fter,S10_0.75,10,True,eeg+emg+imu+fp,1,0.006826023,0.7909587,0.20221527
observed_schema_replay,observed_schema_1pct,fter,S10_1,10,True,eeg+emg+imu+fp,2,0.0031375445,0.00766398,0.98919845
observed_schema_replay,observed_schema_1pct,fter,S15_0.5,15,True,eeg+emg+imu+fp,0,0.9921666,0.002665877,0.0051675136
observed_schema_replay,observed_schema_1pct,fter,S15_0.75,15,True,eeg+emg+imu+fp,1,0.023742042,0.97247916,0.0037787792
observed_schema_replay,observed_schema_1pct,fter,S15_1,15,True,eeg+emg+imu+fp,2,0.0029425106,0.059500206,0.9375573
observed_schema_replay,observed_schema_1pct,fter,S19_0.5,19,True,eeg+emg+imu+fp,0,0.99369526,0.0026193897,0.0036853205
observed_schema_replay,observed_schema_1pct,fter,S19_0.75,19,True,eeg+emg+imu+fp,1,0.009445493,0.9882622,0.0022922766
observed_schema_replay,observed_schema_1pct,fter,S19_1,19,True,eeg+emg+imu+fp,2,0.0057298727,0.0050781057,0.989192
observed_schema_replay,observed_schema_1pct,fter,S36_0.5,36,True,eeg+emg+imu+fp,0,0.9915469,0.0036515791,0.0048014964
observed_schema_replay,observed_schema_1pct,fter,S36_0.75,36,True,eeg+emg+imu+fp,1,0.1812167,0.81494236,0.0038409636
observed_schema_replay,observed_schema_1pct,fter,S36_1,36,True,eeg+emg+imu+fp,2,0.004272263,0.19419192,0.80153584
observed_schema_replay,observed_schema_1pct,fter,S39_0.5,39,True,eeg+emg+imu+fp,0,0.9922355,0.003199188,0.00456533
observed_schema_replay,observed_schema_1pct,fter,S39_0.75,39,True,eeg+emg+imu+fp,1,0.021896461,0.97474784,0.0033557878
observed_schema_replay,observed_schema_1pct,fter,S39_1,39,True,eeg+emg+imu+fp,2,0.012035201,0.09748307,0.89048177
observed_schema_replay,observed_schema_1pct,fter,S40_0.5,40,True,eeg+emg+imu+fp,0,0.9935563,0.002647833,0.0037958564
observed_schema_replay,observed_schema_1pct,fter,S40_0.75,40,True,eeg+emg+imu+fp,1,0.006214769,0.9911201,0.00266512
observed_schema_replay,observed_schema_1pct,fter,S40_1,40,True,eeg+emg+imu+fp,2,0.003106404,0.016483238,0.9804104
observed_schema_replay,observed_schema_1pct,fter,S43_0.5,43,True,eeg+emg+imu+fp,0,0.9931411,0.0038100183,0.0030488798
observed_schema_replay,observed_schema_1pct,fter,S43_0.75,43,True,eeg+emg+imu+fp,1,0.0076974365,0.9900525,0.0022500614
observed_schema_replay,observed_schema_1pct,fter,S48_0.5,48,True,eeg+emg+imu+fp,0,0.98848295,0.006698868,0.004818114
observed_schema_replay,observed_schema_1pct,fter,S48_0.75,48,True,eeg+emg+imu+fp,1,0.005779773,0.97215056,0.022069676
observed_schema_replay,observed_schema_1pct,fter,S48_1,48,True,eeg+emg+imu+fp,2,0.0037280247,0.0042922203,0.9919798
observed_schema_replay,observed_schema_1pct,fter,S49_0.5,49,True,eeg+emg+imu+fp,0,0.992491,0.0033675283,0.0041414164
observed_schema_replay,observed_schema_1pct,fter,S49_0.75,49,True,eeg+emg+imu+fp,1,0.047539484,0.949018,0.0034424767
observed_schema_replay,observed_schema_1pct,fter,S49_1,49,True,eeg+emg+imu+fp,2,0.0026979798,0.076007545,0.92129445
observed_schema_replay,observed_schema_1pct,fter,S59_0.5,59,True,eeg+emg+imu+fp,0,0.9923894,0.0037492476,0.003861393
observed_schema_replay,observed_schema_1pct,fter,S59_0.75,59,True,eeg+emg+imu+fp,1,0.009557628,0.9879079,0.0025345092
observed_schema_replay,observed_schema_1pct,fter,S59_1,59,True,eeg+emg+imu+fp,2,0.0033492579,0.016680516,0.9799702
observed_schema_replay,observed_schema_5pct,embracenet,S1_0.5,1,True,eeg+emg+imu+fp,0,0.9757218,0.022844791,0.0014334755
observed_schema_replay,observed_schema_5pct,embracenet,S1_0.75,1,True,eeg+emg+imu+fp,1,0.0068789306,0.98867947,0.004441576
observed_schema_replay,observed_schema_5pct,embracenet,S1_1,1,True,eeg+emg+imu+fp,2,0.0058122706,0.0058987327,0.98828894
observed_schema_replay,observed_schema_5pct,embracenet,S10_0.5,10,True,eeg+emg+imu+fp,0,0.9831083,0.011862393,0.005029329
observed_schema_replay,observed_schema_5pct,embracenet,S10_0.75,10,True,eeg+emg+imu+fp,1,0.0032388456,0.9722862,0.02447497
observed_schema_replay,observed_schema_5pct,embracenet,S10_1,10,True,eeg+emg+imu+fp,2,0.001875132,0.014730859,0.98339397
observed_schema_replay,observed_schema_5pct,embracenet,S15_0.5,15,True,eeg+emg+imu+fp,0,0.9931509,0.0020976418,0.0047514997
observed_schema_replay,observed_schema_5pct,embracenet,S15_0.75,15,True,eeg+emg+imu+fp,1,0.012937608,0.98476195,0.0023004515
observed_schema_replay,observed_schema_5pct,embracenet,S15_1,15,True,eeg+emg+imu+fp,2,0.0025507484,0.044565294,0.95288396
observed_schema_replay,observed_schema_5pct,embracenet,S19_0.5,19,True,eeg+emg+imu+fp,0,0.99484354,0.0024615498,0.0026948687
observed_schema_replay,observed_schema_5pct,embracenet,S19_0.75,19,True,eeg+emg+imu+fp,1,0.0072874534,0.9912912,0.001421317
observed_schema_replay,observed_schema_5pct,embracenet,S19_1,19,True,eeg+emg+imu+fp,2,0.0033637488,0.03548836,0.96114784
observed_schema_replay,observed_schema_5pct,embracenet,S36_0.5,36,True,eeg+emg+imu+fp,0,0.9934273,0.0025325292,0.0040402203
observed_schema_replay,observed_schema_5pct,embracenet,S36_0.75,36,True,eeg+emg+imu+fp,1,0.22921117,0.7674425,0.003346245
observed_schema_replay,observed_schema_5pct,embracenet,S36_1,36,True,eeg+emg+imu+fp,2,0.004281955,0.37324688,0.62247115
observed_schema_replay,observed_schema_5pct,embracenet,S39_0.5,39,True,eeg+emg+imu+fp,0,0.99460465,0.0025880896,0.00280724
observed_schema_replay,observed_schema_5pct,embracenet,S39_0.75,39,True,eeg+emg+imu+fp,1,0.012747005,0.9859991,0.0012539184
observed_schema_replay,observed_schema_5pct,embracenet,S39_1,39,True,eeg+emg+imu+fp,2,0.008355636,0.11368155,0.8779628
observed_schema_replay,observed_schema_5pct,embracenet,S40_0.5,40,True,eeg+emg+imu+fp,0,0.9950998,0.0022747098,0.0026255317
observed_schema_replay,observed_schema_5pct,embracenet,S40_0.75,40,True,eeg+emg+imu+fp,1,0.0059406348,0.9923641,0.0016953076
observed_schema_replay,observed_schema_5pct,embracenet,S40_1,40,True,eeg+emg+imu+fp,2,0.0024827935,0.0054089986,0.99210817
observed_schema_replay,observed_schema_5pct,embracenet,S43_0.5,43,True,eeg+emg+imu+fp,0,0.99447876,0.003485306,0.0020359359
observed_schema_replay,observed_schema_5pct,embracenet,S43_0.75,43,True,eeg+emg+imu+fp,1,0.00996695,0.9887983,0.0012348205
observed_schema_replay,observed_schema_5pct,embracenet,S48_0.5,48,True,eeg+emg+imu+fp,0,0.99049634,0.0036067227,0.0058969674
observed_schema_replay,observed_schema_5pct,embracenet,S48_0.75,48,True,eeg+emg+imu+fp,1,0.0053246114,0.9913667,0.003308681
observed_schema_replay,observed_schema_5pct,embracenet,S48_1,48,True,eeg+emg+imu+fp,2,0.002377578,0.0027980388,0.9948244
observed_schema_replay,observed_schema_5pct,embracenet,S49_0.5,49,True,eeg+emg+imu+fp,0,0.9948793,0.0023022292,0.0028184473
observed_schema_replay,observed_schema_5pct,embracenet,S49_0.75,49,True,eeg+emg+imu+fp,1,0.044930454,0.95360285,0.0014666399
observed_schema_replay,observed_schema_5pct,embracenet,S49_1,49,True,eeg+emg+imu+fp,2,0.0017435962,0.15206718,0.84618926
observed_schema_replay,observed_schema_5pct,embracenet,S59_0.5,59,True,eeg+emg+imu+fp,0,0.9935782,0.0033981774,0.0030236144
observed_schema_replay,observed_schema_5pct,embracenet,S59_0.75,59,True,eeg+emg+imu+fp,1,0.0086296415,0.9893705,0.001999893
observed_schema_replay,observed_schema_5pct,embracenet,S59_1,59,True,eeg+emg+imu+fp,2,0.002213183,0.024215095,0.9735717
observed_schema_replay,observed_schema_5pct,fasca,S1_0.5,1,True,eeg+emg+imu+fp,0,0.9843807,0.012935839,0.002683434
observed_schema_replay,observed_schema_5pct,fasca,S1_0.75,1,True,eeg+emg+imu+fp,1,0.00931877,0.98674554,0.0039357506
observed_schema_replay,observed_schema_5pct,fasca,S1_1,1,True,eeg+emg+imu+fp,2,0.0068352553,0.008072997,0.98509175
observed_schema_replay,observed_schema_5pct,fasca,S10_0.5,10,True,eeg+emg+imu+fp,0,0.87240314,0.120145865,0.0074509475
observed_schema_replay,observed_schema_5pct,fasca,S10_0.75,10,True,eeg+emg+imu+fp,1,0.0068605035,0.79126644,0.20187306
observed_schema_replay,observed_schema_5pct,fasca,S10_1,10,True,eeg+emg+imu+fp,2,0.0031411157,0.007665653,0.9891932
observed_schema_replay,observed_schema_5pct,fasca,S15_0.5,15,True,eeg+emg+imu+fp,0,0.9921755,0.002665737,0.0051587764
observed_schema_replay,observed_schema_5pct,fasca,S15_0.75,15,True,eeg+emg+imu+fp,1,0.023850774,0.97237533,0.0037738876
observed_schema_replay,observed_schema_5pct,fasca,S15_1,15,True,eeg+emg+imu+fp,2,0.002947116,0.059503417,0.9375494
observed_schema_replay,observed_schema_5pct,fasca,S19_0.5,19,True,eeg+emg+imu+fp,0,0.993696,0.0026193697,0.003684629
observed_schema_replay,observed_schema_5pct,fasca,S19_0.75,19,True,eeg+emg+imu+fp,1,0.009417183,0.9882889,0.0022939146
observed_schema_replay,observed_schema_5pct,fasca,S19_1,19,True,eeg+emg+imu+fp,2,0.0057202545,0.0050694854,0.9892103
observed_schema_replay,observed_schema_5pct,fasca,S36_0.5,36,True,eeg+emg+imu+fp,0,0.99155754,0.0036506068,0.004791914
observed_schema_replay,observed_schema_5pct,fasca,S36_0.75,36,True,eeg+emg+imu+fp,1,0.18159075,0.8145792,0.0038300848
observed_schema_replay,observed_schema_5pct,fasca,S36_1,36,True,eeg+emg+imu+fp,2,0.004276172,0.19423161,0.8014922
observed_schema_replay,observed_schema_5pct,fasca,S39_0.5,39,True,eeg+emg+imu+fp,0,0.99226546,0.0031978067,0.0045367484
observed_schema_replay,observed_schema_5pct,fasca,S39_0.75,39,True,eeg+emg+imu+fp,1,0.022233015,0.97442865,0.0033383144
observed_schema_replay,observed_schema_5pct,fasca,S39_1,39,True,eeg+emg+imu+fp,2,0.012269759,0.097717226,0.89001304
observed_schema_replay,observed_schema_5pct,fasca,S40_0.5,40,True,eeg+emg+imu+fp,0,0.99356264,0.0026476823,0.003789734
observed_schema_replay,observed_schema_5pct,fasca,S40_0.75,40,True,eeg+emg+imu+fp,1,0.0062311837,0.9911061,0.0026626813
observed_schema_replay,observed_schema_5pct,fasca,S40_1,40,True,eeg+emg+imu+fp,2,0.0031135476,0.016444013,0.98044246
observed_schema_replay,observed_schema_5pct,fasca,S43_0.5,43,True,eeg+emg+imu+fp,0,0.99314874,0.0038111648,0.0030401067
observed_schema_replay,observed_schema_5pct,fasca,S43_0.75,43,True,eeg+emg+imu+fp,1,0.0077378205,0.9900175,0.0022447023
observed_schema_replay,observed_schema_5pct,fasca,S48_0.5,48,True,eeg+emg+imu+fp,0,0.98852485,0.006690645,0.0047845063
observed_schema_replay,observed_schema_5pct,fasca,S48_0.75,48,True,eeg+emg+imu+fp,1,0.0058013448,0.9721984,0.022000263
observed_schema_replay,observed_schema_5pct,fasca,S48_1,48,True,eeg+emg+imu+fp,2,0.0037249532,0.0042907693,0.9919843
observed_schema_replay,observed_schema_5pct,fasca,S49_0.5,49,True,eeg+emg+imu+fp,0,0.99251986,0.0033646517,0.0041155224
observed_schema_replay,observed_schema_5pct,fasca,S49_0.75,49,True,eeg+emg+imu+fp,1,0.04815354,0.9484312,0.0034153054
observed_schema_replay,observed_schema_5pct,fasca,S49_1,49,True,eeg+emg+imu+fp,2,0.0027192372,0.07616255,0.92111826
observed_schema_replay,observed_schema_5pct,fasca,S59_0.5,59,True,eeg+emg+imu+fp,0,0.99240565,0.0037489503,0.0038453871
observed_schema_replay,observed_schema_5pct,fasca,S59_0.75,59,True,eeg+emg+imu+fp,1,0.009612973,0.9878587,0.0025283636
observed_schema_replay,observed_schema_5pct,fasca,S59_1,59,True,eeg+emg+imu+fp,2,0.0033616386,0.016685005,0.97995335
observed_schema_replay,observed_schema_5pct,fter,S1_0.5,1,True,eeg+emg+imu+fp,0,0.9843807,0.012935839,0.002683434
observed_schema_replay,observed_schema_5pct,fter,S1_0.75,1,True,eeg+emg+imu+fp,1,0.00931877,0.98674554,0.0039357506
observed_schema_replay,observed_schema_5pct,fter,S1_1,1,True,eeg+emg+imu+fp,2,0.0068352553,0.008072997,0.98509175
observed_schema_replay,observed_schema_5pct,fter,S10_0.5,10,True,eeg+emg+imu+fp,0,0.87240314,0.120145865,0.0074509475
observed_schema_replay,observed_schema_5pct,fter,S10_0.75,10,True,eeg+emg+imu+fp,1,0.0068605035,0.79126644,0.20187306
observed_schema_replay,observed_schema_5pct,fter,S10_1,10,True,eeg+emg+imu+fp,2,0.0031411157,0.007665653,0.9891932
observed_schema_replay,observed_schema_5pct,fter,S15_0.5,15,True,eeg+emg+imu+fp,0,0.9921755,0.002665737,0.0051587764
observed_schema_replay,observed_schema_5pct,fter,S15_0.75,15,True,eeg+emg+imu+fp,1,0.023850774,0.97237533,0.0037738876
observed_schema_replay,observed_schema_5pct,fter,S15_1,15,True,eeg+emg+imu+fp,2,0.002947116,0.059503417,0.9375494
observed_schema_replay,observed_schema_5pct,fter,S19_0.5,19,True,eeg+emg+imu+fp,0,0.993696,0.0026193697,0.003684629
observed_schema_replay,observed_schema_5pct,fter,S19_0.75,19,True,eeg+emg+imu+fp,1,0.009417183,0.9882889,0.0022939146
observed_schema_replay,observed_schema_5pct,fter,S19_1,19,True,eeg+emg+imu+fp,2,0.0057202545,0.0050694854,0.9892103
observed_schema_replay,observed_schema_5pct,fter,S36_0.5,36,True,eeg+emg+imu+fp,0,0.99155754,0.0036506068,0.004791914
observed_schema_replay,observed_schema_5pct,fter,S36_0.75,36,True,eeg+emg+imu+fp,1,0.18159075,0.8145792,0.0038300848
observed_schema_replay,observed_schema_5pct,fter,S36_1,36,True,eeg+emg+imu+fp,2,0.004276172,0.19423161,0.8014922
observed_schema_replay,observed_schema_5pct,fter,S39_0.5,39,True,eeg+emg+imu+fp,0,0.99226546,0.0031978067,0.0045367484
observed_schema_replay,observed_schema_5pct,fter,S39_0.75,39,True,eeg+emg+imu+fp,1,0.022233015,0.97442865,0.0033383144
observed_schema_replay,observed_schema_5pct,fter,S39_1,39,True,eeg+emg+imu+fp,2,0.012269759,0.097717226,0.89001304
observed_schema_replay,observed_schema_5pct,fter,S40_0.5,40,True,eeg+emg+imu+fp,0,0.99356264,0.0026476823,0.003789734
observed_schema_replay,observed_schema_5pct,fter,S40_0.75,40,True,eeg+emg+imu+fp,1,0.0062311837,0.9911061,0.0026626813
observed_schema_replay,observed_schema_5pct,fter,S40_1,40,True,eeg+emg+imu+fp,2,0.0031135476,0.016444013,0.98044246
observed_schema_replay,observed_schema_5pct,fter,S43_0.5,43,True,eeg+emg+imu+fp,0,0.99314874,0.0038111648,0.0030401067
observed_schema_replay,observed_schema_5pct,fter,S43_0.75,43,True,eeg+emg+imu+fp,1,0.0077378205,0.9900175,0.0022447023
observed_schema_replay,observed_schema_5pct,fter,S48_0.5,48,True,eeg+emg+imu+fp,0,0.98852485,0.006690645,0.0047845063
observed_schema_replay,observed_schema_5pct,fter,S48_0.75,48,True,eeg+emg+imu+fp,1,0.0058013448,0.9721984,0.022000263
observed_schema_replay,observed_schema_5pct,fter,S48_1,48,True,eeg+emg+imu+fp,2,0.0037249532,0.0042907693,0.9919843
observed_schema_replay,observed_schema_5pct,fter,S49_0.5,49,True,eeg+emg+imu+fp,0,0.99251986,0.0033646517,0.0041155224
observed_schema_replay,observed_schema_5pct,fter,S49_0.75,49,True,eeg+emg+imu+fp,1,0.04815354,0.9484312,0.0034153054
observed_schema_replay,observed_schema_5pct,fter,S49_1,49,True,eeg+emg+imu+fp,2,0.0027192372,0.07616255,0.92111826
observed_schema_replay,observed_schema_5pct,fter,S59_0.5,59,True,eeg+emg+imu+fp,0,0.99240565,0.0037489503,0.0038453871
observed_schema_replay,observed_schema_5pct,fter,S59_0.75,59,True,eeg+emg+imu+fp,1,0.009612973,0.9878587,0.0025283636
observed_schema_replay,observed_schema_5pct,fter,S59_1,59,True,eeg+emg+imu+fp,2,0.0033616386,0.016685005,0.97995335
observed_schema_replay,observed_schema_10pct,embracenet,S1_0.5,1,True,eeg+emg+imu+fp,0,0.9757166,0.022852926,0.0014304753
observed_schema_replay,observed_schema_10pct,embracenet,S1_0.75,1,True,eeg+emg+imu+fp,1,0.006902801,0.9886878,0.0044093644
observed_schema_replay,observed_schema_10pct,embracenet,S1_1,1,True,eeg+emg+imu+fp,2,0.0058257952,0.005883366,0.9882908
observed_schema_replay,observed_schema_10pct,embracenet,S10_0.5,10,True,eeg+emg+imu+fp,0,0.9831359,0.0118495785,0.0050145555
observed_schema_replay,observed_schema_10pct,embracenet,S10_0.75,10,True,eeg+emg+imu+fp,1,0.0032548448,0.97235936,0.024385752
observed_schema_replay,observed_schema_10pct,embracenet,S10_1,10,True,eeg+emg+imu+fp,2,0.0018766226,0.014734719,0.98338866
observed_schema_replay,observed_schema_10pct,embracenet,S15_0.5,15,True,eeg+emg+imu+fp,0,0.9931595,0.0020977755,0.0047428403
observed_schema_replay,observed_schema_10pct,embracenet,S15_0.75,15,True,eeg+emg+imu+fp,1,0.012987852,0.98471546,0.0022967493
observed_schema_replay,observed_schema_10pct,embracenet,S15_1,15,True,eeg+emg+imu+fp,2,0.0025527782,0.044548903,0.9528983
observed_schema_replay,observed_schema_10pct,embracenet,S19_0.5,19,True,eeg+emg+imu+fp,0,0.99484044,0.0024638467,0.0026957511
observed_schema_replay,observed_schema_10pct,embracenet,S19_0.75,19,True,eeg+emg+imu+fp,1,0.007272837,0.9913046,0.0014225802
observed_schema_replay,observed_schema_10pct,embracenet,S19_1,19,True,eeg+emg+imu+fp,2,0.0033637537,0.035483453,0.9611528
observed_schema_replay,observed_schema_10pct,embracenet,S36_0.5,36,True,eeg+emg+imu+fp,0,0.99344033,0.0025323238,0.0040274286
observed_schema_replay,observed_schema_10pct,embracenet,S36_0.75,36,True,eeg+emg+imu+fp,1,0.22959502,0.7670694,0.0033355684
observed_schema_replay,observed_schema_10pct,embracenet,S36_1,36,True,eeg+emg+imu+fp,2,0.004293163,0.37361383,0.622093
observed_schema_replay,observed_schema_10pct,embracenet,S39_0.5,39,True,eeg+emg+imu+fp,0,0.9946173,0.0025897874,0.0027929281
observed_schema_replay,observed_schema_10pct,embracenet,S39_0.75,39,True,eeg+emg+imu+fp,1,0.012865254,0.9858856,0.0012491497
observed_schema_replay,observed_schema_10pct,embracenet,S39_1,39,True,eeg+emg+imu+fp,2,0.008448808,0.11415895,0.8773923
observed_schema_replay,observed_schema_10pct,embracenet,S40_0.5,40,True,eeg+emg+imu+fp,0,0.9951017,0.002275828,0.00262249
observed_schema_replay,observed_schema_10pct,embracenet,S40_0.75,40,True,eeg+emg+imu+fp,1,0.005941531,0.99236566,0.0016927579
observed_schema_replay,observed_schema_10pct,embracenet,S40_1,40,True,eeg+emg+imu+fp,2,0.0024826229,0.0054066232,0.9921108
observed_schema_replay,observed_schema_10pct,embracenet,S43_0.5,43,True,eeg+emg+imu+fp,0,0.99448174,0.0034874685,0.0020308543
observed_schema_replay,observed_schema_10pct,embracenet,S43_0.75,43,True,eeg+emg+imu+fp,1,0.010006324,0.9887611,0.0012325291
observed_schema_replay,observed_schema_10pct,embracenet,S48_0.5,48,True,eeg+emg+imu+fp,0,0.9905412,0.0036078533,0.0058509274
observed_schema_replay,observed_schema_10pct,embracenet,S48_0.75,48,True,eeg+emg+imu+fp,1,0.005335187,0.99136496,0.0032998768
observed_schema_replay,observed_schema_10pct,embracenet,S48_1,48,True,eeg+emg+imu+fp,2,0.002377624,0.002797058,0.99482536
observed_schema_replay,observed_schema_10pct,embracenet,S49_0.5,49,True,eeg+emg+imu+fp,0,0.99488944,0.0023020192,0.0028085914
observed_schema_replay,observed_schema_10pct,embracenet,S49_0.75,49,True,eeg+emg+imu+fp,1,0.045221258,0.9533186,0.0014600949
observed_schema_replay,observed_schema_10pct,embracenet,S49_1,49,True,eeg+emg+imu+fp,2,0.001753311,0.15233745,0.8459093
observed_schema_replay,observed_schema_10pct,embracenet,S59_0.5,59,True,eeg+emg+imu+fp,0,0.9935933,0.003400203,0.0030065014
observed_schema_replay,observed_schema_10pct,embracenet,S59_0.75,59,True,eeg+emg+imu+fp,1,0.008666065,0.98934275,0.0019911742
observed_schema_replay,observed_schema_10pct,embracenet,S59_1,59,True,eeg+emg+imu+fp,2,0.0022185107,0.024238989,0.9735425
observed_schema_replay,observed_schema_10pct,fasca,S1_0.5,1,True,eeg+emg+imu+fp,0,0.9843919,0.012936392,0.0026716709
observed_schema_replay,observed_schema_10pct,fasca,S1_0.75,1,True,eeg+emg+imu+fp,1,0.009332827,0.9867477,0.0039194846
observed_schema_replay,observed_schema_10pct,fasca,S1_1,1,True,eeg+emg+imu+fp,2,0.0068425243,0.00805745,0.98510003
observed_schema_replay,observed_schema_10pct,fasca,S10_0.5,10,True,eeg+emg+imu+fp,0,0.87274677,0.11984816,0.0074050785
observed_schema_replay,observed_schema_10pct,fasca,S10_0.75,10,True,eeg+emg+imu+fp,1,0.0069005545,0.7916229,0.20147659
observed_schema_replay,observed_schema_10pct,fasca,S10_1,10,True,eeg+emg+imu+fp,2,0.003144744,0.0076676602,0.98918766
observed_schema_replay,observed_schema_10pct,fasca,S15_0.5,15,True,eeg+emg+imu+fp,0,0.9921859,0.002665629,0.0051484522
observed_schema_replay,observed_schema_10pct,fasca,S15_0.75,15,True,eeg+emg+imu+fp,1,0.023975842,0.972256,0.0037681768
observed_schema_replay,observed_schema_10pct,fasca,S15_1,15,True,eeg+emg+imu+fp,2,0.0029515557,0.059501003,0.9375474
observed_schema_replay,observed_schema_10pct,fasca,S19_0.5,19,True,eeg+emg+imu+fp,0,0.99369496,0.0026195291,0.0036855533
observed_schema_replay,observed_schema_10pct,fasca,S19_0.75,19,True,eeg+emg+imu+fp,1,0.009375519,0.98832756,0.002296905
observed_schema_replay,observed_schema_10pct,fasca,S19_1,19,True,eeg+emg+imu+fp,2,0.005705912,0.0050575356,0.98923653
observed_schema_replay,observed_schema_10pct,fasca,S36_0.5,36,True,eeg+emg+imu+fp,0,0.99156934,0.0036496585,0.0047809714
observed_schema_replay,observed_schema_10pct,fasca,S36_0.75,36,True,eeg+emg+imu+fp,1,0.18199067,0.8141914,0.0038178999
observed_schema_replay,observed_schema_10pct,fasca,S36_1,36,True,eeg+emg+imu+fp,2,0.0042793145,0.19426578,0.80145484
observed_schema_replay,observed_schema_10pct,fasca,S39_0.5,39,True,eeg+emg+imu+fp,0,0.9923012,0.0031963384,0.004502457
observed_schema_replay,observed_schema_10pct,fasca,S39_0.75,39,True,eeg+emg+imu+fp,1,0.022639303,0.97404236,0.0033183973
observed_schema_replay,observed_schema_10pct,fasca,S39_1,39,True,eeg+emg+imu+fp,2,0.012553043,0.097952336,0.88949466
observed_schema_replay,observed_schema_10pct,fasca,S40_0.5,40,True,eeg+emg+imu+fp,0,0.9935696,0.0026475985,0.003782807
observed_schema_replay,observed_schema_10pct,fasca,S40_0.75,40,True,eeg+emg+imu+fp,1,0.0062501263,0.9910899,0.0026599888
observed_schema_replay,observed_schema_10pct,fasca,S40_1,40,True,eeg+emg+imu+fp,2,0.0031223244,0.016395384,0.98048234
observed_schema_replay,observed_schema_10pct,fasca,S43_0.5,43,True,eeg+emg+imu+fp,0,0.9931572,0.0038127778,0.0030299418
observed_schema_replay,observed_schema_10pct,fasca,S43_0.75,43,True,eeg+emg+imu+fp,1,0.007781744,0.989979,0.0022392082
observed_schema_replay,observed_schema_10pct,fasca,S48_0.5,48,True,eeg+emg+imu+fp,0,0.9885729,0.0066819675,0.0047451626
observed_schema_replay,observed_schema_10pct,fasca,S48_0.75,48,True,eeg+emg+imu+fp,1,0.0058243223,0.97225666,0.02191902
observed_schema_replay,observed_schema_10pct,fasca,S48_1,48,True,eeg+emg+imu+fp,2,0.0037199669,0.004288594,0.99199146
observed_schema_replay,observed_schema_10pct,fasca,S49_0.5,49,True,eeg+emg+imu+fp,0,0.9925537,0.003361445,0.004084801
observed_schema_replay,observed_schema_10pct,fasca,S49_0.75,49,True,eeg+emg+imu+fp,1,0.0489018,0.9477152,0.003382987
observed_schema_replay,observed_schema_10pct,fasca,S49_1,49,True,eeg+emg+imu+fp,2,0.0027463164,0.076357275,0.9208965
observed_schema_replay,observed_schema_10pct,fasca,S59_0.5,59,True,eeg+emg+imu+fp,0,0.99242514,0.0037486919,0.0038261933
observed_schema_replay,observed_schema_10pct,fasca,S59_0.75,59,True,eeg+emg+imu+fp,1,0.009681678,0.98779744,0.002520933
observed_schema_replay,observed_schema_10pct,fasca,S59_1,59,True,eeg+emg+imu+fp,2,0.0033768546,0.016690036,0.9799331
observed_schema_replay,observed_schema_10pct,fter,S1_0.5,1,True,eeg+emg+imu+fp,0,0.9843919,0.012936392,0.0026716709
observed_schema_replay,observed_schema_10pct,fter,S1_0.75,1,True,eeg+emg+imu+fp,1,0.009332827,0.9867477,0.0039194846
observed_schema_replay,observed_schema_10pct,fter,S1_1,1,True,eeg+emg+imu+fp,2,0.0068425243,0.00805745,0.98510003
observed_schema_replay,observed_schema_10pct,fter,S10_0.5,10,True,eeg+emg+imu+fp,0,0.87274677,0.11984816,0.0074050785
observed_schema_replay,observed_schema_10pct,fter,S10_0.75,10,True,eeg+emg+imu+fp,1,0.0069005545,0.7916229,0.20147659
observed_schema_replay,observed_schema_10pct,fter,S10_1,10,True,eeg+emg+imu+fp,2,0.003144744,0.0076676602,0.98918766
observed_schema_replay,observed_schema_10pct,fter,S15_0.5,15,True,eeg+emg+imu+fp,0,0.9921859,0.002665629,0.0051484522
observed_schema_replay,observed_schema_10pct,fter,S15_0.75,15,True,eeg+emg+imu+fp,1,0.023975842,0.972256,0.0037681768
observed_schema_replay,observed_schema_10pct,fter,S15_1,15,True,eeg+emg+imu+fp,2,0.0029515557,0.059501003,0.9375474
observed_schema_replay,observed_schema_10pct,fter,S19_0.5,19,True,eeg+emg+imu+fp,0,0.99369496,0.0026195291,0.0036855533
observed_schema_replay,observed_schema_10pct,fter,S19_0.75,19,True,eeg+emg+imu+fp,1,0.009375519,0.98832756,0.002296905
observed_schema_replay,observed_schema_10pct,fter,S19_1,19,True,eeg+emg+imu+fp,2,0.005705912,0.0050575356,0.98923653
observed_schema_replay,observed_schema_10pct,fter,S36_0.5,36,True,eeg+emg+imu+fp,0,0.99156934,0.0036496585,0.0047809714
observed_schema_replay,observed_schema_10pct,fter,S36_0.75,36,True,eeg+emg+imu+fp,1,0.18199067,0.8141914,0.0038178999
observed_schema_replay,observed_schema_10pct,fter,S36_1,36,True,eeg+emg+imu+fp,2,0.0042793145,0.19426578,0.80145484
observed_schema_replay,observed_schema_10pct,fter,S39_0.5,39,True,eeg+emg+imu+fp,0,0.9923012,0.0031963384,0.004502457
observed_schema_replay,observed_schema_10pct,fter,S39_0.75,39,True,eeg+emg+imu+fp,1,0.022639303,0.97404236,0.0033183973
observed_schema_replay,observed_schema_10pct,fter,S39_1,39,True,eeg+emg+imu+fp,2,0.012553043,0.097952336,0.88949466
observed_schema_replay,observed_schema_10pct,fter,S40_0.5,40,True,eeg+emg+imu+fp,0,0.9935696,0.0026475985,0.003782807
observed_schema_replay,observed_schema_10pct,fter,S40_0.75,40,True,eeg+emg+imu+fp,1,0.0062501263,0.9910899,0.0026599888
observed_schema_replay,observed_schema_10pct,fter,S40_1,40,True,eeg+emg+imu+fp,2,0.0031223244,0.016395384,0.98048234
observed_schema_replay,observed_schema_10pct,fter,S43_0.5,43,True,eeg+emg+imu+fp,0,0.9931572,0.0038127778,0.0030299418
observed_schema_replay,observed_schema_10pct,fter,S43_0.75,43,True,eeg+emg+imu+fp,1,0.007781744,0.989979,0.0022392082
observed_schema_replay,observed_schema_10pct,fter,S48_0.5,48,True,eeg+emg+imu+fp,0,0.9885729,0.0066819675,0.0047451626
observed_schema_replay,observed_schema_10pct,fter,S48_0.75,48,True,eeg+emg+imu+fp,1,0.0058243223,0.97225666,0.02191902
observed_schema_replay,observed_schema_10pct,fter,S48_1,48,True,eeg+emg+imu+fp,2,0.0037199669,0.004288594,0.99199146
observed_schema_replay,observed_schema_10pct,fter,S49_0.5,49,True,eeg+emg+imu+fp,0,0.9925537,0.003361445,0.004084801
observed_schema_replay,observed_schema_10pct,fter,S49_0.75,49,True,eeg+emg+imu+fp,1,0.0489018,0.9477152,0.003382987
observed_schema_replay,observed_schema_10pct,fter,S49_1,49,True,eeg+emg+imu+fp,2,0.0027463164,0.076357275,0.9208965
observed_schema_replay,observed_schema_10pct,fter,S59_0.5,59,True,eeg+emg+imu+fp,0,0.99242514,0.0037486919,0.0038261933
observed_schema_replay,observed_schema_10pct,fter,S59_0.75,59,True,eeg+emg+imu+fp,1,0.009681678,0.98779744,0.002520933
observed_schema_replay,observed_schema_10pct,fter,S59_1,59,True,eeg+emg+imu+fp,2,0.0033768546,0.016690036,0.9799331
observed_schema_replay,observed_eeg_rejected,embracenet,S1_0.5,1,True,emg+imu+fp,0,0.97821945,0.020359667,0.001420903
observed_schema_replay,observed_eeg_rejected,embracenet,S1_0.75,1,True,emg+imu+fp,1,0.007481545,0.9889229,0.003595572
observed_schema_replay,observed_eeg_rejected,embracenet,S1_1,1,True,emg+imu+fp,2,0.0066019795,0.005562505,0.9878356
observed_schema_replay,observed_eeg_rejected,embracenet,S10_0.5,10,True,emg+imu+fp,0,0.9839497,0.010637886,0.0054123905
observed_schema_replay,observed_eeg_rejected,embracenet,S10_0.75,10,True,emg+imu+fp,1,0.002640641,0.9708207,0.026538638
observed_schema_replay,observed_eeg_rejected,embracenet,S10_1,10,True,emg+imu+fp,2,0.0017609904,0.01309891,0.98514014
observed_schema_replay,observed_eeg_rejected,embracenet,S15_0.5,15,True,emg+imu+fp,0,0.99264795,0.0019452648,0.0054068025
observed_schema_replay,observed_eeg_rejected,embracenet,S15_0.75,15,True,emg+imu+fp,1,0.010610537,0.9870066,0.0023828645
observed_schema_replay,observed_eeg_rejected,embracenet,S15_1,15,True,emg+imu+fp,2,0.0022239638,0.040431377,0.9573447
observed_schema_replay,observed_eeg_rejected,embracenet,S19_0.5,19,True,emg+imu+fp,0,0.99502736,0.0022493235,0.0027232382
observed_schema_replay,observed_eeg_rejected,embracenet,S19_0.75,19,True,emg+imu+fp,1,0.00763684,0.99117225,0.0011908878
observed_schema_replay,observed_eeg_rejected,embracenet,S19_1,19,True,emg+imu+fp,2,0.003474662,0.032180693,0.9643447
observed_schema_replay,observed_eeg_rejected,embracenet,S36_0.5,36,True,emg+imu+fp,0,0.9934971,0.002249607,0.0042533167
observed_schema_replay,observed_eeg_rejected,embracenet,S36_0.75,36,True,emg+imu+fp,1,0.22239882,0.774414,0.0031872306
observed_schema_replay,observed_eeg_rejected,embracenet,S36_1,36,True,emg+imu+fp,2,0.0032440564,0.34390268,0.65285325
observed_schema_replay,observed_eeg_rejected,embracenet,S39_0.5,39,True,emg+imu+fp,0,0.9948594,0.0023508475,0.002789819
observed_schema_replay,observed_eeg_rejected,embracenet,S39_0.75,39,True,emg+imu+fp,1,0.012565866,0.9863033,0.0011307676
observed_schema_replay,observed_eeg_rejected,embracenet,S39_1,39,True,emg+imu+fp,2,0.0069387015,0.10572842,0.8873329
observed_schema_replay,observed_eeg_rejected,embracenet,S40_0.5,40,True,emg+imu+fp,0,0.9953048,0.0020594704,0.0026356804
observed_schema_replay,observed_eeg_rejected,embracenet,S40_0.75,40,True,emg+imu+fp,1,0.006720172,0.99193937,0.0013404704
observed_schema_replay,observed_eeg_rejected,embracenet,S40_1,40,True,emg+imu+fp,2,0.0028160345,0.0051407926,0.9920432
observed_schema_replay,observed_eeg_rejected,embracenet,S43_0.5,43,True,emg+imu+fp,0,0.99494344,0.0030605912,0.0019959924
observed_schema_replay,observed_eeg_rejected,embracenet,S43_0.75,43,True,emg+imu+fp,1,0.009310513,0.9895434,0.0011461604
observed_schema_replay,observed_eeg_rejected,embracenet,S48_0.5,48,True,emg+imu+fp,0,0.9905974,0.0032255661,0.0061770566
observed_schema_replay,observed_eeg_rejected,embracenet,S48_0.75,48,True,emg+imu+fp,1,0.0051744184,0.9919936,0.002832029
observed_schema_replay,observed_eeg_rejected,embracenet,S48_1,48,True,emg+imu+fp,2,0.0027016802,0.002663533,0.9946348
observed_schema_replay,observed_eeg_rejected,embracenet,S49_0.5,49,True,emg+imu+fp,0,0.9951158,0.0020889842,0.0027951377
observed_schema_replay,observed_eeg_rejected,embracenet,S49_0.75,49,True,emg+imu+fp,1,0.044645354,0.9540394,0.0013152038
observed_schema_replay,observed_eeg_rejected,embracenet,S49_1,49,True,emg+imu+fp,2,0.0015302157,0.13813122,0.8603385
observed_schema_replay,observed_eeg_rejected,embracenet,S59_0.5,59,True,emg+imu+fp,0,0.99423367,0.0028895314,0.0028767686
observed_schema_replay,observed_eeg_rejected,embracenet,S59_0.75,59,True,emg+imu+fp,1,0.009523774,0.9887646,0.0017116315
observed_schema_replay,observed_eeg_rejected,embracenet,S59_1,59,True,emg+imu+fp,2,0.0022242158,0.022904476,0.97487134
observed_schema_replay,observed_eeg_rejected,fasca,S1_0.5,1,True,emg+imu+fp,0,0.9853206,0.011927771,0.0027515609
observed_schema_replay,observed_eeg_rejected,fasca,S1_0.75,1,True,emg+imu+fp,1,0.012150927,0.9847421,0.0031070344
observed_schema_replay,observed_eeg_rejected,fasca,S1_1,1,True,emg+imu+fp,2,0.008798997,0.008285438,0.9829156
observed_schema_replay,observed_eeg_rejected,fasca,S10_0.5,10,True,emg+imu+fp,0,0.8724258,0.11934319,0.008230999
observed_schema_replay,observed_eeg_rejected,fasca,S10_0.75,10,True,emg+imu+fp,1,0.005534315,0.77365184,0.22081383
observed_schema_replay,observed_eeg_rejected,fasca,S10_1,10,True,emg+imu+fp,2,0.0030063812,0.0067212507,0.99027234
observed_schema_replay,observed_eeg_rejected,fasca,S15_0.5,15,True,emg+imu+fp,0,0.99146324,0.0023805525,0.006156191
observed_schema_replay,observed_eeg_rejected,fasca,S15_0.75,15,True,emg+imu+fp,1,0.018016202,0.9779009,0.004082872
observed_schema_replay,observed_eeg_rejected,fasca,S15_1,15,True,emg+imu+fp,2,0.0026950762,0.052404765,0.9449002
observed_schema_replay,observed_eeg_rejected,fasca,S19_0.5,19,True,emg+imu+fp,0,0.9936804,0.002368711,0.003950869
observed_schema_replay,observed_eeg_rejected,fasca,S19_0.75,19,True,emg+imu+fp,1,0.009252507,0.9887927,0.0019547718
observed_schema_replay,observed_eeg_rejected,fasca,S19_1,19,True,emg+imu+fp,2,0.0064164386,0.0052191596,0.9883644
observed_schema_replay,observed_eeg_rejected,fasca,S36_0.5,36,True,emg+imu+fp,0,0.99170023,0.0031640807,0.0051356615
observed_schema_replay,observed_eeg_rejected,fasca,S36_0.75,36,True,emg+imu+fp,1,0.16325106,0.8330188,0.0037301609
observed_schema_replay,observed_eeg_rejected,fasca,S36_1,36,True,emg+imu+fp,2,0.0032378777,0.17914806,0.8176141
observed_schema_replay,observed_eeg_rejected,fasca,S39_0.5,39,True,emg+imu+fp,0,0.99268633,0.0027387564,0.004574897
observed_schema_replay,observed_eeg_rejected,fasca,S39_0.75,39,True,emg+imu+fp,1,0.020346202,0.97654724,0.0031065808
observed_schema_replay,observed_eeg_rejected,fasca,S39_1,39,True,emg+imu+fp,2,0.0107074715,0.08773052,0.901562
observed_schema_replay,observed_eeg_rejected,fasca,S40_0.5,40,True,emg+imu+fp,0,0.99359846,0.0023738185,0.004027737
observed_schema_replay,observed_eeg_rejected,fasca,S40_0.75,40,True,emg+imu+fp,1,0.0063401326,0.99150246,0.002157457
observed_schema_replay,observed_eeg_rejected,fasca,S40_1,40,True,emg+imu+fp,2,0.003418871,0.018238766,0.97834235
observed_schema_replay,observed_eeg_rejected,fasca,S43_0.5,43,True,emg+imu+fp,0,0.99359566,0.0032658249,0.0031385317
observed_schema_replay,observed_eeg_rejected,fasca,S43_0.75,43,True,emg+imu+fp,1,0.0062187924,0.99166584,0.0021153905
observed_schema_replay,observed_eeg_rejected,fasca,S48_0.5,48,True,emg+imu+fp,0,0.9894803,0.0056787916,0.004840842
observed_schema_replay,observed_eeg_rejected,fasca,S48_0.75,48,True,emg+imu+fp,1,0.0053477697,0.97448444,0.020167803
observed_schema_replay,observed_eeg_rejected,fasca,S48_1,48,True,emg+imu+fp,2,0.004070393,0.004065382,0.9918642
observed_schema_replay,observed_eeg_rejected,fasca,S49_0.5,49,True,emg+imu+fp,0,0.99312115,0.0028470785,0.004031789
observed_schema_replay,observed_eeg_rejected,fasca,S49_0.75,49,True,emg+imu+fp,1,0.048833292,0.94817597,0.002990709
observed_schema_replay,observed_eeg_rejected,fasca,S49_1,49,True,emg+imu+fp,2,0.0025010766,0.06399985,0.9334991
observed_schema_replay,observed_eeg_rejected,fasca,S59_0.5,59,True,emg+imu+fp,0,0.99317455,0.003114774,0.0037106846
observed_schema_replay,observed_eeg_rejected,fasca,S59_0.75,59,True,emg+imu+fp,1,0.009807856,0.98801637,0.0021757751
observed_schema_replay,observed_eeg_rejected,fasca,S59_1,59,True,emg+imu+fp,2,0.0033193796,0.015680164,0.9810004
observed_schema_replay,observed_eeg_rejected,fter,S1_0.5,1,True,emg+imu+fp,0,0.9853206,0.011927771,0.0027515609
observed_schema_replay,observed_eeg_rejected,fter,S1_0.75,1,True,emg+imu+fp,1,0.012150927,0.9847421,0.0031070344
observed_schema_replay,observed_eeg_rejected,fter,S1_1,1,True,emg+imu+fp,2,0.008798997,0.008285438,0.9829156
observed_schema_replay,observed_eeg_rejected,fter,S10_0.5,10,True,emg+imu+fp,0,0.8724258,0.11934319,0.008230999
observed_schema_replay,observed_eeg_rejected,fter,S10_0.75,10,True,emg+imu+fp,1,0.005534315,0.77365184,0.22081383
observed_schema_replay,observed_eeg_rejected,fter,S10_1,10,True,emg+imu+fp,2,0.0030063812,0.0067212507,0.99027234
observed_schema_replay,observed_eeg_rejected,fter,S15_0.5,15,True,emg+imu+fp,0,0.99146324,0.0023805525,0.006156191
observed_schema_replay,observed_eeg_rejected,fter,S15_0.75,15,True,emg+imu+fp,1,0.018016202,0.9779009,0.004082872
observed_schema_replay,observed_eeg_rejected,fter,S15_1,15,True,emg+imu+fp,2,0.0026950762,0.052404765,0.9449002
observed_schema_replay,observed_eeg_rejected,fter,S19_0.5,19,True,emg+imu+fp,0,0.9936804,0.002368711,0.003950869
observed_schema_replay,observed_eeg_rejected,fter,S19_0.75,19,True,emg+imu+fp,1,0.009252507,0.9887927,0.0019547718
observed_schema_replay,observed_eeg_rejected,fter,S19_1,19,True,emg+imu+fp,2,0.0064164386,0.0052191596,0.9883644
observed_schema_replay,observed_eeg_rejected,fter,S36_0.5,36,True,emg+imu+fp,0,0.99170023,0.0031640807,0.0051356615
observed_schema_replay,observed_eeg_rejected,fter,S36_0.75,36,True,emg+imu+fp,1,0.16325106,0.8330188,0.0037301609
observed_schema_replay,observed_eeg_rejected,fter,S36_1,36,True,emg+imu+fp,2,0.0032378777,0.17914806,0.8176141
observed_schema_replay,observed_eeg_rejected,fter,S39_0.5,39,True,emg+imu+fp,0,0.99268633,0.0027387564,0.004574897
observed_schema_replay,observed_eeg_rejected,fter,S39_0.75,39,True,emg+imu+fp,1,0.020346202,0.97654724,0.0031065808
observed_schema_replay,observed_eeg_rejected,fter,S39_1,39,True,emg+imu+fp,2,0.0107074715,0.08773052,0.901562
observed_schema_replay,observed_eeg_rejected,fter,S40_0.5,40,True,emg+imu+fp,0,0.99359846,0.0023738185,0.004027737
observed_schema_replay,observed_eeg_rejected,fter,S40_0.75,40,True,emg+imu+fp,1,0.0063401326,0.99150246,0.002157457
observed_schema_replay,observed_eeg_rejected,fter,S40_1,40,True,emg+imu+fp,2,0.003418871,0.018238766,0.97834235
observed_schema_replay,observed_eeg_rejected,fter,S43_0.5,43,True,emg+imu+fp,0,0.99359566,0.0032658249,0.0031385317
observed_schema_replay,observed_eeg_rejected,fter,S43_0.75,43,True,emg+imu+fp,1,0.0062187924,0.99166584,0.0021153905
observed_schema_replay,observed_eeg_rejected,fter,S48_0.5,48,True,emg+imu+fp,0,0.9894803,0.0056787916,0.004840842
observed_schema_replay,observed_eeg_rejected,fter,S48_0.75,48,True,emg+imu+fp,1,0.0053477697,0.97448444,0.020167803
observed_schema_replay,observed_eeg_rejected,fter,S48_1,48,True,emg+imu+fp,2,0.004070393,0.004065382,0.9918642
observed_schema_replay,observed_eeg_rejected,fter,S49_0.5,49,True,emg+imu+fp,0,0.99312115,0.0028470785,0.004031789
observed_schema_replay,observed_eeg_rejected,fter,S49_0.75,49,True,emg+imu+fp,1,0.048833292,0.94817597,0.002990709
observed_schema_replay,observed_eeg_rejected,fter,S49_1,49,True,emg+imu+fp,2,0.0025010766,0.06399985,0.9334991
observed_schema_replay,observed_eeg_rejected,fter,S59_0.5,59,True,emg+imu+fp,0,0.99317455,0.003114774,0.0037106846
observed_schema_replay,observed_eeg_rejected,fter,S59_0.75,59,True,emg+imu+fp,1,0.009807856,0.98801637,0.0021757751
observed_schema_replay,observed_eeg_rejected,fter,S59_1,59,True,emg+imu+fp,2,0.0033193796,0.015680164,0.9810004
observed_schema_replay,observed_schema_zero,embracenet,S3_0.5,3,True,eeg+emg+imu+fp,0,0.991556,0.0069721234,0.0014718346
observed_schema_replay,observed_schema_zero,embracenet,S7_0.5,7,True,eeg+emg+imu+fp,0,0.99093765,0.0075811823,0.0014811791
observed_schema_replay,observed_schema_zero,embracenet,S7_0.75,7,True,eeg+emg+imu+fp,1,0.031658445,0.9666815,0.0016600611
observed_schema_replay,observed_schema_zero,embracenet,S7_1,7,True,eeg+emg+imu+fp,2,0.02473335,0.007860991,0.9674056
observed_schema_replay,observed_schema_zero,embracenet,S14_0.5,14,True,eeg+emg+imu+fp,0,0.99401706,0.0037302927,0.002252655
observed_schema_replay,observed_schema_zero,embracenet,S14_0.75,14,True,eeg+emg+imu+fp,1,0.018441275,0.98034817,0.0012105642
observed_schema_replay,observed_schema_zero,embracenet,S14_1,14,True,eeg+emg+imu+fp,2,0.0037185305,0.025984393,0.9702971
observed_schema_replay,observed_schema_zero,embracenet,S16_0.5,16,True,eeg+emg+imu+fp,0,0.9946223,0.0028009338,0.0025767225
observed_schema_replay,observed_schema_zero,embracenet,S16_0.75,16,True,eeg+emg+imu+fp,1,0.04069858,0.9577462,0.0015551668
observed_schema_replay,observed_schema_zero,embracenet,S16_1,16,True,eeg+emg+imu+fp,2,0.0043721697,0.034438312,0.9611895
observed_schema_replay,observed_schema_zero,embracenet,S21_0.5,21,True,eeg+emg+imu+fp,0,0.7154739,0.07235033,0.21217577
observed_schema_replay,observed_schema_zero,embracenet,S21_0.75,21,True,eeg+emg+imu+fp,1,0.002954782,0.48929095,0.50775427
observed_schema_replay,observed_schema_zero,embracenet,S21_1,21,True,eeg+emg+imu+fp,2,0.002538813,0.0026221622,0.994839
observed_schema_replay,observed_schema_zero,embracenet,S25_0.5,25,True,eeg+emg+imu+fp,0,0.83785623,0.16041844,0.0017253896
observed_schema_replay,observed_schema_zero,embracenet,S25_0.75,25,True,eeg+emg+imu+fp,1,0.0027752991,0.9863353,0.010889455
observed_schema_replay,observed_schema_zero,embracenet,S25_1,25,True,eeg+emg+imu+fp,2,0.0022137484,0.007893187,0.98989314
observed_schema_replay,observed_schema_zero,embracenet,S26_0.5,26,True,eeg+emg+imu+fp,0,0.9921868,0.0029554395,0.0048577357
observed_schema_replay,observed_schema_zero,embracenet,S26_0.75,26,True,eeg+emg+imu+fp,1,0.8808441,0.11728454,0.0018713298
observed_schema_replay,observed_schema_zero,embracenet,S26_1,26,True,eeg+emg+imu+fp,2,0.0039604944,0.6587494,0.33729005
observed_schema_replay,observed_schema_zero,embracenet,S27_0.5,27,True,eeg+emg+imu+fp,0,0.99333245,0.0047253217,0.00194219
observed_schema_replay,observed_schema_zero,embracenet,S27_0.75,27,True,eeg+emg+imu+fp,1,0.012451276,0.98598605,0.001562709
observed_schema_replay,observed_schema_zero,embracenet,S27_1,27,True,eeg+emg+imu+fp,2,0.014017898,0.0058770305,0.9801051
observed_schema_replay,observed_schema_zero,embracenet,S29_0.5,29,True,eeg+emg+imu+fp,0,0.99456024,0.0028214427,0.0026183762
observed_schema_replay,observed_schema_zero,embracenet,S29_0.75,29,True,eeg+emg+imu+fp,1,0.4672929,0.52953,0.0031770875
observed_schema_replay,observed_schema_zero,embracenet,S29_1,29,True,eeg+emg+imu+fp,2,0.0017079419,0.76454395,0.23374812
observed_schema_replay,observed_schema_zero,embracenet,S38_0.5,38,True,eeg+emg+imu+fp,0,0.9949892,0.0030947542,0.0019160073
observed_schema_replay,observed_schema_zero,embracenet,S38_0.75,38,True,eeg+emg+imu+fp,1,0.008863126,0.9895837,0.0015532267
observed_schema_replay,observed_schema_zero,embracenet,S38_1,38,True,eeg+emg+imu+fp,2,0.0028833086,0.013351005,0.98376566
observed_schema_replay,observed_schema_zero,embracenet,S46_0.5,46,True,eeg+emg+imu+fp,0,0.9949319,0.0029901348,0.0020780351
observed_schema_replay,observed_schema_zero,embracenet,S46_0.75,46,True,eeg+emg+imu+fp,1,0.006329831,0.9920698,0.001600381
observed_schema_replay,observed_schema_zero,embracenet,S46_1,46,True,eeg+emg+imu+fp,2,0.003089342,0.003974197,0.99293643
observed_schema_replay,observed_schema_zero,fasca,S3_0.5,3,True,eeg+emg+imu+fp,0,0.9872055,0.010955892,0.0018385694
observed_schema_replay,observed_schema_zero,fasca,S7_0.5,7,True,eeg+emg+imu+fp,0,0.98657364,0.011308089,0.0021183055
observed_schema_replay,observed_schema_zero,fasca,S7_0.75,7,True,eeg+emg+imu+fp,1,0.06627731,0.9292881,0.00443466
observed_schema_replay,observed_schema_zero,fasca,S7_1,7,True,eeg+emg+imu+fp,2,0.035920728,0.009558543,0.9545207
observed_schema_replay,observed_schema_zero,fasca,S14_0.5,14,True,eeg+emg+imu+fp,0,0.98534316,0.011554074,0.0031027875
observed_schema_replay,observed_schema_zero,fasca,S14_0.75,14,True,eeg+emg+imu+fp,1,0.014647338,0.9835473,0.0018054062
observed_schema_replay,observed_schema_zero,fasca,S14_1,14,True,eeg+emg+imu+fp,2,0.00588478,0.023506708,0.97060853
observed_schema_replay,observed_schema_zero,fasca,S16_0.5,16,True,eeg+emg+imu+fp,0,0.9931187,0.003448942,0.003432378
observed_schema_replay,observed_schema_zero,fasca,S16_0.75,16,True,eeg+emg+imu+fp,1,0.02121669,0.976758,0.002025372
observed_schema_replay,observed_schema_zero,fasca,S16_1,16,True,eeg+emg+imu+fp,2,0.0050092465,0.029603722,0.96538705
observed_schema_replay,observed_schema_zero,fasca,S21_0.5,21,True,eeg+emg+imu+fp,0,0.7992858,0.12013165,0.08058257
observed_schema_replay,observed_schema_zero,fasca,S21_0.75,21,True,eeg+emg+imu+fp,1,0.0045895,0.62722987,0.36818066
observed_schema_replay,observed_schema_zero,fasca,S21_1,21,True,eeg+emg+imu+fp,2,0.0041899253,0.0031164505,0.9926936
observed_schema_replay,observed_schema_zero,fasca,S25_0.5,25,True,eeg+emg+imu+fp,0,0.51179445,0.48532256,0.0028829866
observed_schema_replay,observed_schema_zero,fasca,S25_0.75,25,True,eeg+emg+imu+fp,1,0.0023953335,0.98146015,0.016144482
observed_schema_replay,observed_schema_zero,fasca,S25_1,25,True,eeg+emg+imu+fp,2,0.0029700936,0.011128011,0.9859019
observed_schema_replay,observed_schema_zero,fasca,S26_0.5,26,True,eeg+emg+imu+fp,0,0.9922075,0.0037461983,0.0040462255
observed_schema_replay,observed_schema_zero,fasca,S26_0.75,26,True,eeg+emg+imu+fp,1,0.66496795,0.33119985,0.0038321961
observed_schema_replay,observed_schema_zero,fasca,S26_1,26,True,eeg+emg+imu+fp,2,0.0057966243,0.6479916,0.3462118
observed_schema_replay,observed_schema_zero,fasca,S27_0.5,27,True,eeg+emg+imu+fp,0,0.98981005,0.007881544,0.0023083847
observed_schema_replay,observed_schema_zero,fasca,S27_0.75,27,True,eeg+emg+imu+fp,1,0.013006379,0.9851675,0.0018260488
observed_schema_replay,observed_schema_zero,fasca,S27_1,27,True,eeg+emg+imu+fp,2,0.019150136,0.005758123,0.9750917
observed_schema_replay,observed_schema_zero,fasca,S29_0.5,29,True,eeg+emg+imu+fp,0,0.9932632,0.0034437152,0.003293124
observed_schema_replay,observed_schema_zero,fasca,S29_0.75,29,True,eeg+emg+imu+fp,1,0.3749188,0.61798596,0.007095299
observed_schema_replay,observed_schema_zero,fasca,S29_1,29,True,eeg+emg+imu+fp,2,0.0021714952,0.7328051,0.26502344
observed_schema_replay,observed_schema_zero,fasca,S38_0.5,38,True,eeg+emg+imu+fp,0,0.99267894,0.0047430014,0.0025780322
observed_schema_replay,observed_schema_zero,fasca,S38_0.75,38,True,eeg+emg+imu+fp,1,0.0058166278,0.9921364,0.0020470181
observed_schema_replay,observed_schema_zero,fasca,S38_1,38,True,eeg+emg+imu+fp,2,0.0046367776,0.010154185,0.985209
observed_schema_replay,observed_schema_zero,fasca,S46_0.5,46,True,eeg+emg+imu+fp,0,0.9928968,0.0047144415,0.0023887705
observed_schema_replay,observed_schema_zero,fasca,S46_0.75,46,True,eeg+emg+imu+fp,1,0.007398573,0.9909854,0.0016160411
observed_schema_replay,observed_schema_zero,fasca,S46_1,46,True,eeg+emg+imu+fp,2,0.0038905777,0.0058818758,0.9902275
observed_schema_replay,observed_schema_zero,fter,S3_0.5,3,True,eeg+emg+imu+fp,0,0.9872055,0.010955892,0.0018385694
observed_schema_replay,observed_schema_zero,fter,S7_0.5,7,True,eeg+emg+imu+fp,0,0.98657364,0.011308089,0.0021183055
observed_schema_replay,observed_schema_zero,fter,S7_0.75,7,True,eeg+emg+imu+fp,1,0.06627731,0.9292881,0.00443466
observed_schema_replay,observed_schema_zero,fter,S7_1,7,True,eeg+emg+imu+fp,2,0.035920728,0.009558543,0.9545207
observed_schema_replay,observed_schema_zero,fter,S14_0.5,14,True,eeg+emg+imu+fp,0,0.98534316,0.011554074,0.0031027875
observed_schema_replay,observed_schema_zero,fter,S14_0.75,14,True,eeg+emg+imu+fp,1,0.014647338,0.9835473,0.0018054062
observed_schema_replay,observed_schema_zero,fter,S14_1,14,True,eeg+emg+imu+fp,2,0.00588478,0.023506708,0.97060853
observed_schema_replay,observed_schema_zero,fter,S16_0.5,16,True,eeg+emg+imu+fp,0,0.9931187,0.003448942,0.003432378
observed_schema_replay,observed_schema_zero,fter,S16_0.75,16,True,eeg+emg+imu+fp,1,0.02121669,0.976758,0.002025372
observed_schema_replay,observed_schema_zero,fter,S16_1,16,True,eeg+emg+imu+fp,2,0.0050092465,0.029603722,0.96538705
observed_schema_replay,observed_schema_zero,fter,S21_0.5,21,True,eeg+emg+imu+fp,0,0.7992858,0.12013165,0.08058257
observed_schema_replay,observed_schema_zero,fter,S21_0.75,21,True,eeg+emg+imu+fp,1,0.0045895,0.62722987,0.36818066
observed_schema_replay,observed_schema_zero,fter,S21_1,21,True,eeg+emg+imu+fp,2,0.0041899253,0.0031164505,0.9926936
observed_schema_replay,observed_schema_zero,fter,S25_0.5,25,True,eeg+emg+imu+fp,0,0.51179445,0.48532256,0.0028829866
observed_schema_replay,observed_schema_zero,fter,S25_0.75,25,True,eeg+emg+imu+fp,1,0.0023953335,0.98146015,0.016144482
observed_schema_replay,observed_schema_zero,fter,S25_1,25,True,eeg+emg+imu+fp,2,0.0029700936,0.011128011,0.9859019
observed_schema_replay,observed_schema_zero,fter,S26_0.5,26,True,eeg+emg+imu+fp,0,0.9922075,0.0037461983,0.0040462255
observed_schema_replay,observed_schema_zero,fter,S26_0.75,26,True,eeg+emg+imu+fp,1,0.66496795,0.33119985,0.0038321961
observed_schema_replay,observed_schema_zero,fter,S26_1,26,True,eeg+emg+imu+fp,2,0.0057966243,0.6479916,0.3462118
observed_schema_replay,observed_schema_zero,fter,S27_0.5,27,True,eeg+emg+imu+fp,0,0.98981005,0.007881544,0.0023083847
observed_schema_replay,observed_schema_zero,fter,S27_0.75,27,True,eeg+emg+imu+fp,1,0.013006379,0.9851675,0.0018260488
observed_schema_replay,observed_schema_zero,fter,S27_1,27,True,eeg+emg+imu+fp,2,0.019150136,0.005758123,0.9750917
observed_schema_replay,observed_schema_zero,fter,S29_0.5,29,True,eeg+emg+imu+fp,0,0.9932632,0.0034437152,0.003293124
observed_schema_replay,observed_schema_zero,fter,S29_0.75,29,True,eeg+emg+imu+fp,1,0.3749188,0.61798596,0.007095299
observed_schema_replay,observed_schema_zero,fter,S29_1,29,True,eeg+emg+imu+fp,2,0.0021714952,0.7328051,0.26502344
observed_schema_replay,observed_schema_zero,fter,S38_0.5,38,True,eeg+emg+imu+fp,0,0.99267894,0.0047430014,0.0025780322
observed_schema_replay,observed_schema_zero,fter,S38_0.75,38,True,eeg+emg+imu+fp,1,0.0058166278,0.9921364,0.0020470181
observed_schema_replay,observed_schema_zero,fter,S38_1,38,True,eeg+emg+imu+fp,2,0.0046367776,0.010154185,0.985209
observed_schema_replay,observed_schema_zero,fter,S46_0.5,46,True,eeg+emg+imu+fp,0,0.9928968,0.0047144415,0.0023887705
observed_schema_replay,observed_schema_zero,fter,S46_0.75,46,True,eeg+emg+imu+fp,1,0.007398573,0.9909854,0.0016160411
observed_schema_replay,observed_schema_zero,fter,S46_1,46,True,eeg+emg+imu+fp,2,0.0038905777,0.0058818758,0.9902275
observed_schema_replay,observed_schema_1pct,embracenet,S3_0.5,3,True,eeg+emg+imu+fp,0,0.9915568,0.006971653,0.0014715715
observed_schema_replay,observed_schema_1pct,embracenet,S7_0.5,7,True,eeg+emg+imu+fp,0,0.9909403,0.0075789965,0.0014807765
observed_schema_replay,observed_schema_1pct,embracenet,S7_0.75,7,True,eeg+emg+imu+fp,1,0.03166883,0.9666714,0.0016598152
observed_schema_replay,observed_schema_1pct,embracenet,S7_1,7,True,eeg+emg+imu+fp,2,0.02474176,0.007860794,0.96739745
observed_schema_replay,observed_schema_1pct,embracenet,S14_0.5,14,True,eeg+emg+imu+fp,0,0.9940181,0.0037296813,0.0022521943
observed_schema_replay,observed_schema_1pct,embracenet,S14_0.75,14,True,eeg+emg+imu+fp,1,0.018438676,0.9803508,0.0012105921
observed_schema_replay,observed_schema_1pct,embracenet,S14_1,14,True,eeg+emg+imu+fp,2,0.0037285266,0.025978088,0.97029334
observed_schema_replay,observed_schema_1pct,embracenet,S16_0.5,16,True,eeg+emg+imu+fp,0,0.99462384,0.0028004635,0.0025757866
observed_schema_replay,observed_schema_1pct,embracenet,S16_0.75,16,True,eeg+emg+imu+fp,1,0.04070602,0.9577389,0.0015550723
observed_schema_replay,observed_schema_1pct,embracenet,S16_1,16,True,eeg+emg+imu+fp,2,0.0043755653,0.0344656,0.9611588
observed_schema_replay,observed_schema_1pct,embracenet,S21_0.5,21,True,eeg+emg+imu+fp,0,0.71554285,0.07233357,0.21212356
observed_schema_replay,observed_schema_1pct,embracenet,S21_0.75,21,True,eeg+emg+imu+fp,1,0.0029552113,0.48937312,0.5076716
observed_schema_replay,observed_schema_1pct,embracenet,S21_1,21,True,eeg+emg+imu+fp,2,0.0025389881,0.0026223108,0.9948387
observed_schema_replay,observed_schema_1pct,embracenet,S25_0.5,25,True,eeg+emg+imu+fp,0,0.83789796,0.16037793,0.0017241761
observed_schema_replay,observed_schema_1pct,embracenet,S25_0.75,25,True,eeg+emg+imu+fp,1,0.002773984,0.98634815,0.010877848
observed_schema_replay,observed_schema_1pct,embracenet,S25_1,25,True,eeg+emg+imu+fp,2,0.0022128073,0.007888799,0.98989844
observed_schema_replay,observed_schema_1pct,embracenet,S26_0.5,26,True,eeg+emg+imu+fp,0,0.99218845,0.0029553156,0.0048562367
observed_schema_replay,observed_schema_1pct,embracenet,S26_0.75,26,True,eeg+emg+imu+fp,1,0.8807594,0.117368035,0.0018725469
observed_schema_replay,observed_schema_1pct,embracenet,S26_1,26,True,eeg+emg+imu+fp,2,0.0039597694,0.6588389,0.33720127
observed_schema_replay,observed_schema_1pct,embracenet,S27_0.5,27,True,eeg+emg+imu+fp,0,0.99333364,0.0047244728,0.0019418854
observed_schema_replay,observed_schema_1pct,embracenet,S27_0.75,27,True,eeg+emg+imu+fp,1,0.012451425,0.98598623,0.0015623281
observed_schema_replay,observed_schema_1pct,embracenet,S27_1,27,True,eeg+emg+imu+fp,2,0.014005404,0.0058775283,0.980117
observed_schema_replay,observed_schema_1pct,embracenet,S29_0.5,29,True,eeg+emg+imu+fp,0,0.99456257,0.0028207886,0.0026166765
observed_schema_replay,observed_schema_1pct,embracenet,S29_0.75,29,True,eeg+emg+imu+fp,1,0.46738946,0.5294345,0.0031760077
observed_schema_replay,observed_schema_1pct,embracenet,S29_1,29,True,eeg+emg+imu+fp,2,0.0017077517,0.7644771,0.23381515
observed_schema_replay,observed_schema_1pct,embracenet,S38_0.5,38,True,eeg+emg+imu+fp,0,0.99499136,0.003093891,0.0019147285
observed_schema_replay,observed_schema_1pct,embracenet,S38_0.75,38,True,eeg+emg+imu+fp,1,0.008867815,0.9895801,0.001552131
observed_schema_replay,observed_schema_1pct,embracenet,S38_1,38,True,eeg+emg+imu+fp,2,0.0028862443,0.01334766,0.9837661
observed_schema_replay,observed_schema_1pct,embracenet,S46_0.5,46,True,eeg+emg+imu+fp,0,0.99493223,0.0029900947,0.0020776517
observed_schema_replay,observed_schema_1pct,embracenet,S46_0.75,46,True,eeg+emg+imu+fp,1,0.006279255,0.99212414,0.0015965936
observed_schema_replay,observed_schema_1pct,embracenet,S46_1,46,True,eeg+emg+imu+fp,2,0.0030931458,0.003975522,0.99293137
observed_schema_replay,observed_schema_1pct,fasca,S3_0.5,3,True,eeg+emg+imu+fp,0,0.9872058,0.01095622,0.0018379894
observed_schema_replay,observed_schema_1pct,fasca,S7_0.5,7,True,eeg+emg+imu+fp,0,0.98657423,0.011308026,0.0021177034
observed_schema_replay,observed_schema_1pct,fasca,S7_0.75,7,True,eeg+emg+imu+fp,1,0.066285856,0.9292812,0.004433021
observed_schema_replay,observed_schema_1pct,fasca,S7_1,7,True,eeg+emg+imu+fp,2,0.03588626,0.00955775,0.954556
observed_schema_replay,observed_schema_1pct,fasca,S14_0.5,14,True,eeg+emg+imu+fp,0,0.9853465,0.011551522,0.0031019978
observed_schema_replay,observed_schema_1pct,fasca,S14_0.75,14,True,eeg+emg+imu+fp,1,0.014649451,0.98354524,0.0018053096
observed_schema_replay,observed_schema_1pct,fasca,S14_1,14,True,eeg+emg+imu+fp,2,0.005898949,0.023541348,0.97055966
observed_schema_replay,observed_schema_1pct,fasca,S16_0.5,16,True,eeg+emg+imu+fp,0,0.9931195,0.0034491047,0.0034314378
observed_schema_replay,observed_schema_1pct,fasca,S16_0.75,16,True,eeg+emg+imu+fp,1,0.02121371,0.97676104,0.0020252361
observed_schema_replay,observed_schema_1pct,fasca,S16_1,16,True,eeg+emg+imu+fp,2,0.005011883,0.029589012,0.9653991
observed_schema_replay,observed_schema_1pct,fasca,S21_0.5,21,True,eeg+emg+imu+fp,0,0.7993665,0.120099045,0.080534466
observed_schema_replay,observed_schema_1pct,fasca,S21_0.75,21,True,eeg+emg+imu+fp,1,0.0045900983,0.62732637,0.3680835
observed_schema_replay,observed_schema_1pct,fasca,S21_1,21,True,eeg+emg+imu+fp,2,0.004189351,0.0031164915,0.99269414
observed_schema_replay,observed_schema_1pct,fasca,S25_0.5,25,True,eeg+emg+imu+fp,0,0.5118029,0.48531565,0.0028813921
observed_schema_replay,observed_schema_1pct,fasca,S25_0.75,25,True,eeg+emg+imu+fp,1,0.0023958965,0.9814935,0.016110582
observed_schema_replay,observed_schema_1pct,fasca,S25_1,25,True,eeg+emg+imu+fp,2,0.0029698843,0.011122927,0.98590714
observed_schema_replay,observed_schema_1pct,fasca,S26_0.5,26,True,eeg+emg+imu+fp,0,0.9922096,0.0037465983,0.004043831
observed_schema_replay,observed_schema_1pct,fasca,S26_0.75,26,True,eeg+emg+imu+fp,1,0.6649175,0.33124992,0.0038325023
observed_schema_replay,observed_schema_1pct,fasca,S26_1,26,True,eeg+emg+imu+fp,2,0.0057997345,0.6480506,0.3461496
observed_schema_replay,observed_schema_1pct,fasca,S27_0.5,27,True,eeg+emg+imu+fp,0,0.9898103,0.007881758,0.0023079498
observed_schema_replay,observed_schema_1pct,fasca,S27_0.75,27,True,eeg+emg+imu+fp,1,0.013010944,0.9851635,0.0018255422
observed_schema_replay,observed_schema_1pct,fasca,S27_1,27,True,eeg+emg+imu+fp,2,0.01914317,0.00575712,0.97509974
observed_schema_replay,observed_schema_1pct,fasca,S29_0.5,29,True,eeg+emg+imu+fp,0,0.9932639,0.0034457303,0.0032904306
observed_schema_replay,observed_schema_1pct,fasca,S29_0.75,29,True,eeg+emg+imu+fp,1,0.37499866,0.61790866,0.0070927404
observed_schema_replay,observed_schema_1pct,fasca,S29_1,29,True,eeg+emg+imu+fp,2,0.0021711912,0.7327986,0.26503026
observed_schema_replay,observed_schema_1pct,fasca,S38_0.5,38,True,eeg+emg+imu+fp,0,0.9926804,0.004743474,0.002576164
observed_schema_replay,observed_schema_1pct,fasca,S38_0.75,38,True,eeg+emg+imu+fp,1,0.0058234273,0.99213153,0.0020449457
observed_schema_replay,observed_schema_1pct,fasca,S38_1,38,True,eeg+emg+imu+fp,2,0.004642948,0.0101553155,0.9852018
observed_schema_replay,observed_schema_1pct,fasca,S46_0.5,46,True,eeg+emg+imu+fp,0,0.9928975,0.0047147027,0.0023877546
observed_schema_replay,observed_schema_1pct,fasca,S46_0.75,46,True,eeg+emg+imu+fp,1,0.007421143,0.9909645,0.0016143812
observed_schema_replay,observed_schema_1pct,fasca,S46_1,46,True,eeg+emg+imu+fp,2,0.003904686,0.0058817696,0.9902136
observed_schema_replay,observed_schema_1pct,fter,S3_0.5,3,True,eeg+emg+imu+fp,0,0.9872058,0.01095622,0.0018379894
observed_schema_replay,observed_schema_1pct,fter,S7_0.5,7,True,eeg+emg+imu+fp,0,0.98657423,0.011308026,0.0021177034
observed_schema_replay,observed_schema_1pct,fter,S7_0.75,7,True,eeg+emg+imu+fp,1,0.066285856,0.9292812,0.004433021
observed_schema_replay,observed_schema_1pct,fter,S7_1,7,True,eeg+emg+imu+fp,2,0.03588626,0.00955775,0.954556
observed_schema_replay,observed_schema_1pct,fter,S14_0.5,14,True,eeg+emg+imu+fp,0,0.9853465,0.011551522,0.0031019978
observed_schema_replay,observed_schema_1pct,fter,S14_0.75,14,True,eeg+emg+imu+fp,1,0.014649451,0.98354524,0.0018053096
observed_schema_replay,observed_schema_1pct,fter,S14_1,14,True,eeg+emg+imu+fp,2,0.005898949,0.023541348,0.97055966
observed_schema_replay,observed_schema_1pct,fter,S16_0.5,16,True,eeg+emg+imu+fp,0,0.9931195,0.0034491047,0.0034314378
observed_schema_replay,observed_schema_1pct,fter,S16_0.75,16,True,eeg+emg+imu+fp,1,0.02121371,0.97676104,0.0020252361
observed_schema_replay,observed_schema_1pct,fter,S16_1,16,True,eeg+emg+imu+fp,2,0.005011883,0.029589012,0.9653991
observed_schema_replay,observed_schema_1pct,fter,S21_0.5,21,True,eeg+emg+imu+fp,0,0.7993665,0.120099045,0.080534466
observed_schema_replay,observed_schema_1pct,fter,S21_0.75,21,True,eeg+emg+imu+fp,1,0.0045900983,0.62732637,0.3680835
observed_schema_replay,observed_schema_1pct,fter,S21_1,21,True,eeg+emg+imu+fp,2,0.004189351,0.0031164915,0.99269414
observed_schema_replay,observed_schema_1pct,fter,S25_0.5,25,True,eeg+emg+imu+fp,0,0.5118029,0.48531565,0.0028813921
observed_schema_replay,observed_schema_1pct,fter,S25_0.75,25,True,eeg+emg+imu+fp,1,0.0023958965,0.9814935,0.016110582
observed_schema_replay,observed_schema_1pct,fter,S25_1,25,True,eeg+emg+imu+fp,2,0.0029698843,0.011122927,0.98590714
observed_schema_replay,observed_schema_1pct,fter,S26_0.5,26,True,eeg+emg+imu+fp,0,0.9922096,0.0037465983,0.004043831
observed_schema_replay,observed_schema_1pct,fter,S26_0.75,26,True,eeg+emg+imu+fp,1,0.6649175,0.33124992,0.0038325023
observed_schema_replay,observed_schema_1pct,fter,S26_1,26,True,eeg+emg+imu+fp,2,0.0057997345,0.6480506,0.3461496
observed_schema_replay,observed_schema_1pct,fter,S27_0.5,27,True,eeg+emg+imu+fp,0,0.9898103,0.007881758,0.0023079498
observed_schema_replay,observed_schema_1pct,fter,S27_0.75,27,True,eeg+emg+imu+fp,1,0.013010944,0.9851635,0.0018255422
observed_schema_replay,observed_schema_1pct,fter,S27_1,27,True,eeg+emg+imu+fp,2,0.01914317,0.00575712,0.97509974
observed_schema_replay,observed_schema_1pct,fter,S29_0.5,29,True,eeg+emg+imu+fp,0,0.9932639,0.0034457303,0.0032904306
observed_schema_replay,observed_schema_1pct,fter,S29_0.75,29,True,eeg+emg+imu+fp,1,0.37499866,0.61790866,0.0070927404
observed_schema_replay,observed_schema_1pct,fter,S29_1,29,True,eeg+emg+imu+fp,2,0.0021711912,0.7327986,0.26503026
observed_schema_replay,observed_schema_1pct,fter,S38_0.5,38,True,eeg+emg+imu+fp,0,0.9926804,0.004743474,0.002576164
observed_schema_replay,observed_schema_1pct,fter,S38_0.75,38,True,eeg+emg+imu+fp,1,0.0058234273,0.99213153,0.0020449457
observed_schema_replay,observed_schema_1pct,fter,S38_1,38,True,eeg+emg+imu+fp,2,0.004642948,0.0101553155,0.9852018
observed_schema_replay,observed_schema_1pct,fter,S46_0.5,46,True,eeg+emg+imu+fp,0,0.9928975,0.0047147027,0.0023877546
observed_schema_replay,observed_schema_1pct,fter,S46_0.75,46,True,eeg+emg+imu+fp,1,0.007421143,0.9909645,0.0016143812
observed_schema_replay,observed_schema_1pct,fter,S46_1,46,True,eeg+emg+imu+fp,2,0.003904686,0.0058817696,0.9902136
observed_schema_replay,observed_schema_5pct,embracenet,S3_0.5,3,True,eeg+emg+imu+fp,0,0.9915597,0.0069697336,0.0014705746
observed_schema_replay,observed_schema_5pct,embracenet,S7_0.5,7,True,eeg+emg+imu+fp,0,0.99095035,0.0075703585,0.001479263
observed_schema_replay,observed_schema_5pct,embracenet,S7_0.75,7,True,eeg+emg+imu+fp,1,0.0317025,0.9666383,0.0016592173
observed_schema_replay,observed_schema_5pct,embracenet,S7_1,7,True,eeg+emg+imu+fp,2,0.02475428,0.0078580305,0.9673877
observed_schema_replay,observed_schema_5pct,embracenet,S14_0.5,14,True,eeg+emg+imu+fp,0,0.9940222,0.003727016,0.002250762
observed_schema_replay,observed_schema_5pct,embracenet,S14_0.75,14,True,eeg+emg+imu+fp,1,0.018426875,0.9803624,0.0012107496
observed_schema_replay,observed_schema_5pct,embracenet,S14_1,14,True,eeg+emg+imu+fp,2,0.0037680364,0.025949404,0.97028255
observed_schema_replay,observed_schema_5pct,embracenet,S16_0.5,16,True,eeg+emg+imu+fp,0,0.9946287,0.0027985403,0.0025726536
observed_schema_replay,observed_schema_5pct,embracenet,S16_0.75,16,True,eeg+emg+imu+fp,1,0.040731225,0.9577139,0.001554817
observed_schema_replay,observed_schema_5pct,embracenet,S16_1,16,True,eeg+emg+imu+fp,2,0.004387574,0.034578923,0.9610335
observed_schema_replay,observed_schema_5pct,embracenet,S21_0.5,21,True,eeg+emg+imu+fp,0,0.7157855,0.07227149,0.21194299
observed_schema_replay,observed_schema_5pct,embracenet,S21_0.75,21,True,eeg+emg+imu+fp,1,0.0029566705,0.48967132,0.5073721
observed_schema_replay,observed_schema_5pct,embracenet,S21_1,21,True,eeg+emg+imu+fp,2,0.0025396764,0.002622973,0.99483734
observed_schema_replay,observed_schema_5pct,embracenet,S25_0.5,25,True,eeg+emg+imu+fp,0,0.8380292,0.16025071,0.0017200448
observed_schema_replay,observed_schema_5pct,embracenet,S25_0.75,25,True,eeg+emg+imu+fp,1,0.002768161,0.9863992,0.01083266
observed_schema_replay,observed_schema_5pct,embracenet,S25_1,25,True,eeg+emg+imu+fp,2,0.0022090338,0.00787232,0.98991865
observed_schema_replay,observed_schema_5pct,embracenet,S26_0.5,26,True,eeg+emg+imu+fp,0,0.9921944,0.002954741,0.004850883
observed_schema_replay,observed_schema_5pct,embracenet,S26_0.75,26,True,eeg+emg+imu+fp,1,0.88040334,0.11771867,0.0018779258
observed_schema_replay,observed_schema_5pct,embracenet,S26_1,26,True,eeg+emg+imu+fp,2,0.0039560455,0.65917313,0.33687082
observed_schema_replay,observed_schema_5pct,embracenet,S27_0.5,27,True,eeg+emg+imu+fp,0,0.9933381,0.004721036,0.0019408049
observed_schema_replay,observed_schema_5pct,embracenet,S27_0.75,27,True,eeg+emg+imu+fp,1,0.012449689,0.9859893,0.001561063
observed_schema_replay,observed_schema_5pct,embracenet,S27_1,27,True,eeg+emg+imu+fp,2,0.013947658,0.0058786743,0.98017365
observed_schema_replay,observed_schema_5pct,embracenet,S29_0.5,29,True,eeg+emg+imu+fp,0,0.9945684,0.0028203148,0.002611264
observed_schema_replay,observed_schema_5pct,embracenet,S29_0.75,29,True,eeg+emg+imu+fp,1,0.46771756,0.52910984,0.0031725594
observed_schema_replay,observed_schema_5pct,embracenet,S29_1,29,True,eeg+emg+imu+fp,2,0.0017068572,0.76418376,0.2341094
observed_schema_replay,observed_schema_5pct,embracenet,S38_0.5,38,True,eeg+emg+imu+fp,0,0.9949998,0.0030902857,0.0019098743
observed_schema_replay,observed_schema_5pct,embracenet,S38_0.75,38,True,eeg+emg+imu+fp,1,0.008885948,0.98956615,0.0015478944
observed_schema_replay,observed_schema_5pct,embracenet,S38_1,38,True,eeg+emg+imu+fp,2,0.0028976675,0.013332985,0.98376936
observed_schema_replay,observed_schema_5pct,embracenet,S46_0.5,46,True,eeg+emg+imu+fp,0,0.99493384,0.0029899145,0.0020762393
observed_schema_replay,observed_schema_5pct,embracenet,S46_0.75,46,True,eeg+emg+imu+fp,1,0.006060375,0.9923523,0.0015873117
observed_schema_replay,observed_schema_5pct,embracenet,S46_1,46,True,eeg+emg+imu+fp,2,0.0031072383,0.0039814194,0.99291134
observed_schema_replay,observed_schema_5pct,fasca,S3_0.5,3,True,eeg+emg+imu+fp,0,0.98720664,0.0109576285,0.0018357391
observed_schema_replay,observed_schema_5pct,fasca,S7_0.5,7,True,eeg+emg+imu+fp,0,0.98657674,0.011307835,0.0021154413
observed_schema_replay,observed_schema_5pct,fasca,S7_0.75,7,True,eeg+emg+imu+fp,1,0.06629108,0.9292817,0.0044271345
observed_schema_replay,observed_schema_5pct,fasca,S7_1,7,True,eeg+emg+imu+fp,2,0.035702363,0.009552368,0.9547453
observed_schema_replay,observed_schema_5pct,fasca,S14_0.5,14,True,eeg+emg+imu+fp,0,0.985357,0.011543361,0.0030996492
observed_schema_replay,observed_schema_5pct,fasca,S14_0.75,14,True,eeg+emg+imu+fp,1,0.014656727,0.9835383,0.0018049944
observed_schema_replay,observed_schema_5pct,fasca,S14_1,14,True,eeg+emg+imu+fp,2,0.0059533566,0.023677304,0.97036934
observed_schema_replay,observed_schema_5pct,fasca,S16_0.5,16,True,eeg+emg+imu+fp,0,0.99312234,0.0034495972,0.0034281083
observed_schema_replay,observed_schema_5pct,fasca,S16_0.75,16,True,eeg+emg+imu+fp,1,0.021195183,0.97677994,0.0020248785
observed_schema_replay,observed_schema_5pct,fasca,S16_1,16,True,eeg+emg+imu+fp,2,0.00502153,0.02951998,0.96545845
observed_schema_replay,observed_schema_5pct,fasca,S21_0.5,21,True,eeg+emg+imu+fp,0,0.7996619,0.119980216,0.08035793
observed_schema_replay,observed_schema_5pct,fasca,S21_0.75,21,True,eeg+emg+imu+fp,1,0.004592195,0.6276864,0.36772144
observed_schema_replay,observed_schema_5pct,fasca,S21_1,21,True,eeg+emg+imu+fp,2,0.00418709,0.0031167213,0.9926962
observed_schema_replay,observed_schema_5pct,fasca,S25_0.5,25,True,eeg+emg+imu+fp,0,0.51177615,0.4853482,0.0028757083
observed_schema_replay,observed_schema_5pct,fasca,S25_0.75,25,True,eeg+emg+imu+fp,1,0.0023980292,0.9816144,0.01598752
observed_schema_replay,observed_schema_5pct,fasca,S25_1,25,True,eeg+emg+imu+fp,2,0.0029692312,0.0111047,0.9859261
observed_schema_replay,observed_schema_5pct,fasca,S26_0.5,26,True,eeg+emg+imu+fp,0,0.99221706,0.0037483245,0.004034623
observed_schema_replay,observed_schema_5pct,fasca,S26_0.75,26,True,eeg+emg+imu+fp,1,0.6646648,0.3315006,0.0038345747
observed_schema_replay,observed_schema_5pct,fasca,S26_1,26,True,eeg+emg+imu+fp,2,0.00581158,0.6482735,0.34591484
observed_schema_replay,observed_schema_5pct,fasca,S27_0.5,27,True,eeg+emg+imu+fp,0,0.9898109,0.007882734,0.0023064204
observed_schema_replay,observed_schema_5pct,fasca,S27_0.75,27,True,eeg+emg+imu+fp,1,0.013025187,0.98515105,0.0018237956
observed_schema_replay,observed_schema_5pct,fasca,S27_1,27,True,eeg+emg+imu+fp,2,0.019092398,0.0057521374,0.97515553
observed_schema_replay,observed_schema_5pct,fasca,S29_0.5,29,True,eeg+emg+imu+fp,0,0.99326175,0.0034563495,0.0032819428
observed_schema_replay,observed_schema_5pct,fasca,S29_0.75,29,True,eeg+emg+imu+fp,1,0.37526953,0.61764795,0.0070824544
observed_schema_replay,observed_schema_5pct,fasca,S29_1,29,True,eeg+emg+imu+fp,2,0.002169632,0.7327445,0.26508582
observed_schema_replay,observed_schema_5pct,fasca,S38_0.5,38,True,eeg+emg+imu+fp,0,0.99268574,0.004745352,0.0025689623
observed_schema_replay,observed_schema_5pct,fasca,S38_0.75,38,True,eeg+emg+imu+fp,1,0.005849857,0.9921133,0.002036846
observed_schema_replay,observed_schema_5pct,fasca,S38_1,38,True,eeg+emg+imu+fp,2,0.0046670637,0.010159734,0.9851732
observed_schema_replay,observed_schema_5pct,fasca,S46_0.5,46,True,eeg+emg+imu+fp,0,0.9929004,0.0047157756,0.0023838887
observed_schema_replay,observed_schema_5pct,fasca,S46_0.75,46,True,eeg+emg+imu+fp,1,0.0075070206,0.9908786,0.0016144094
observed_schema_replay,observed_schema_5pct,fasca,S46_1,46,True,eeg+emg+imu+fp,2,0.003962589,0.0058832257,0.9901542
observed_schema_replay,observed_schema_5pct,fter,S3_0.5,3,True,eeg+emg+imu+fp,0,0.98720664,0.0109576285,0.0018357391
observed_schema_replay,observed_schema_5pct,fter,S7_0.5,7,True,eeg+emg+imu+fp,0,0.98657674,0.011307835,0.0021154413
observed_schema_replay,observed_schema_5pct,fter,S7_0.75,7,True,eeg+emg+imu+fp,1,0.06629108,0.9292817,0.0044271345
observed_schema_replay,observed_schema_5pct,fter,S7_1,7,True,eeg+emg+imu+fp,2,0.035702363,0.009552368,0.9547453
observed_schema_replay,observed_schema_5pct,fter,S14_0.5,14,True,eeg+emg+imu+fp,0,0.985357,0.011543361,0.0030996492
observed_schema_replay,observed_schema_5pct,fter,S14_0.75,14,True,eeg+emg+imu+fp,1,0.014656727,0.9835383,0.0018049944
observed_schema_replay,observed_schema_5pct,fter,S14_1,14,True,eeg+emg+imu+fp,2,0.0059533566,0.023677304,0.97036934
observed_schema_replay,observed_schema_5pct,fter,S16_0.5,16,True,eeg+emg+imu+fp,0,0.99312234,0.0034495972,0.0034281083
observed_schema_replay,observed_schema_5pct,fter,S16_0.75,16,True,eeg+emg+imu+fp,1,0.021195183,0.97677994,0.0020248785
observed_schema_replay,observed_schema_5pct,fter,S16_1,16,True,eeg+emg+imu+fp,2,0.00502153,0.02951998,0.96545845
observed_schema_replay,observed_schema_5pct,fter,S21_0.5,21,True,eeg+emg+imu+fp,0,0.7996619,0.119980216,0.08035793
observed_schema_replay,observed_schema_5pct,fter,S21_0.75,21,True,eeg+emg+imu+fp,1,0.004592195,0.6276864,0.36772144
observed_schema_replay,observed_schema_5pct,fter,S21_1,21,True,eeg+emg+imu+fp,2,0.00418709,0.0031167213,0.9926962
observed_schema_replay,observed_schema_5pct,fter,S25_0.5,25,True,eeg+emg+imu+fp,0,0.51177615,0.4853482,0.0028757083
observed_schema_replay,observed_schema_5pct,fter,S25_0.75,25,True,eeg+emg+imu+fp,1,0.0023980292,0.9816144,0.01598752
observed_schema_replay,observed_schema_5pct,fter,S25_1,25,True,eeg+emg+imu+fp,2,0.0029692312,0.0111047,0.9859261
observed_schema_replay,observed_schema_5pct,fter,S26_0.5,26,True,eeg+emg+imu+fp,0,0.99221706,0.0037483245,0.004034623
observed_schema_replay,observed_schema_5pct,fter,S26_0.75,26,True,eeg+emg+imu+fp,1,0.6646648,0.3315006,0.0038345747
observed_schema_replay,observed_schema_5pct,fter,S26_1,26,True,eeg+emg+imu+fp,2,0.00581158,0.6482735,0.34591484
observed_schema_replay,observed_schema_5pct,fter,S27_0.5,27,True,eeg+emg+imu+fp,0,0.9898109,0.007882734,0.0023064204
observed_schema_replay,observed_schema_5pct,fter,S27_0.75,27,True,eeg+emg+imu+fp,1,0.013025187,0.98515105,0.0018237956
observed_schema_replay,observed_schema_5pct,fter,S27_1,27,True,eeg+emg+imu+fp,2,0.019092398,0.0057521374,0.97515553
observed_schema_replay,observed_schema_5pct,fter,S29_0.5,29,True,eeg+emg+imu+fp,0,0.99326175,0.0034563495,0.0032819428
observed_schema_replay,observed_schema_5pct,fter,S29_0.75,29,True,eeg+emg+imu+fp,1,0.37526953,0.61764795,0.0070824544
observed_schema_replay,observed_schema_5pct,fter,S29_1,29,True,eeg+emg+imu+fp,2,0.002169632,0.7327445,0.26508582
observed_schema_replay,observed_schema_5pct,fter,S38_0.5,38,True,eeg+emg+imu+fp,0,0.99268574,0.004745352,0.0025689623
observed_schema_replay,observed_schema_5pct,fter,S38_0.75,38,True,eeg+emg+imu+fp,1,0.005849857,0.9921133,0.002036846
observed_schema_replay,observed_schema_5pct,fter,S38_1,38,True,eeg+emg+imu+fp,2,0.0046670637,0.010159734,0.9851732
observed_schema_replay,observed_schema_5pct,fter,S46_0.5,46,True,eeg+emg+imu+fp,0,0.9929004,0.0047157756,0.0023838887
observed_schema_replay,observed_schema_5pct,fter,S46_0.75,46,True,eeg+emg+imu+fp,1,0.0075070206,0.9908786,0.0016144094
observed_schema_replay,observed_schema_5pct,fter,S46_1,46,True,eeg+emg+imu+fp,2,0.003962589,0.0058832257,0.9901542
observed_schema_replay,observed_schema_10pct,embracenet,S3_0.5,3,True,eeg+emg+imu+fp,0,0.9915633,0.0069672554,0.0014694548
observed_schema_replay,observed_schema_10pct,embracenet,S7_0.5,7,True,eeg+emg+imu+fp,0,0.99096256,0.007559793,0.0014775902
observed_schema_replay,observed_schema_10pct,embracenet,S7_0.75,7,True,eeg+emg+imu+fp,1,0.03172641,0.96661425,0.0016593362
observed_schema_replay,observed_schema_10pct,embracenet,S7_1,7,True,eeg+emg+imu+fp,2,0.02472203,0.007850163,0.9674278
observed_schema_replay,observed_schema_10pct,embracenet,S14_0.5,14,True,eeg+emg+imu+fp,0,0.99402684,0.0037233196,0.0022498842
observed_schema_replay,observed_schema_10pct,embracenet,S14_0.75,14,True,eeg+emg+imu+fp,1,0.018409006,0.98038,0.0012110492
observed_schema_replay,observed_schema_10pct,embracenet,S14_1,14,True,eeg+emg+imu+fp,2,0.003815851,0.025907477,0.97027665
observed_schema_replay,observed_schema_10pct,embracenet,S16_0.5,16,True,eeg+emg+imu+fp,0,0.99463385,0.0027960676,0.002570095
observed_schema_replay,observed_schema_10pct,embracenet,S16_0.75,16,True,eeg+emg+imu+fp,1,0.04075278,0.95769244,0.0015547717
observed_schema_replay,observed_schema_10pct,embracenet,S16_1,16,True,eeg+emg+imu+fp,2,0.0043986146,0.034728866,0.9608725
observed_schema_replay,observed_schema_10pct,embracenet,S21_0.5,21,True,eeg+emg+imu+fp,0,0.71601254,0.07220525,0.21178222
observed_schema_replay,observed_schema_10pct,embracenet,S21_0.75,21,True,eeg+emg+imu+fp,1,0.002957897,0.48997247,0.50706965
observed_schema_replay,observed_schema_10pct,embracenet,S21_1,21,True,eeg+emg+imu+fp,2,0.0025405027,0.0026239462,0.99483556
observed_schema_replay,observed_schema_10pct,embracenet,S25_0.5,25,True,eeg+emg+imu+fp,0,0.8381138,0.16016968,0.0017165191
observed_schema_replay,observed_schema_10pct,embracenet,S25_0.75,25,True,eeg+emg+imu+fp,1,0.0027596958,0.9864609,0.010779369
observed_schema_replay,observed_schema_10pct,embracenet,S25_1,25,True,eeg+emg+imu+fp,2,0.0022043579,0.007854032,0.9899416
observed_schema_replay,observed_schema_10pct,embracenet,S26_0.5,26,True,eeg+emg+imu+fp,0,0.99220055,0.0029538528,0.0048456527
observed_schema_replay,observed_schema_10pct,embracenet,S26_0.75,26,True,eeg+emg+imu+fp,1,0.8799207,0.118193425,0.0018858057
observed_schema_replay,observed_schema_10pct,embracenet,S26_1,26,True,eeg+emg+imu+fp,2,0.003949472,0.659535,0.33651552
observed_schema_replay,observed_schema_10pct,embracenet,S27_0.5,27,True,eeg+emg+imu+fp,0,0.99334353,0.004716696,0.0019397661
observed_schema_replay,observed_schema_10pct,embracenet,S27_0.75,27,True,eeg+emg+imu+fp,1,0.012442191,0.98599774,0.0015600664
observed_schema_replay,observed_schema_10pct,embracenet,S27_1,27,True,eeg+emg+imu+fp,2,0.0138581125,0.005878227,0.9802637
observed_schema_replay,observed_schema_10pct,embracenet,S29_0.5,29,True,eeg+emg+imu+fp,0,0.99456817,0.0028245288,0.0026072685
observed_schema_replay,observed_schema_10pct,embracenet,S29_0.75,29,True,eeg+emg+imu+fp,1,0.4679959,0.5288338,0.0031702071
observed_schema_replay,observed_schema_10pct,embracenet,S29_1,29,True,eeg+emg+imu+fp,2,0.0017054407,0.76376015,0.23453443
observed_schema_replay,observed_schema_10pct,embracenet,S38_0.5,38,True,eeg+emg+imu+fp,0,0.9950102,0.0030854417,0.0019043996
observed_schema_replay,observed_schema_10pct,embracenet,S38_0.75,38,True,eeg+emg+imu+fp,1,0.00890716,0.9895499,0.0015429308
observed_schema_replay,observed_schema_10pct,embracenet,S38_1,38,True,eeg+emg+imu+fp,2,0.002911169,0.01331164,0.9837772
observed_schema_replay,observed_schema_10pct,embracenet,S46_0.5,46,True,eeg+emg+imu+fp,0,0.9949356,0.0029896395,0.0020747443
observed_schema_replay,observed_schema_10pct,embracenet,S46_0.75,46,True,eeg+emg+imu+fp,1,0.0057915845,0.99261993,0.0015885243
observed_schema_replay,observed_schema_10pct,embracenet,S46_1,46,True,eeg+emg+imu+fp,2,0.003121658,0.003990091,0.9928883
observed_schema_replay,observed_schema_10pct,fasca,S3_0.5,3,True,eeg+emg+imu+fp,0,0.98720723,0.010959614,0.0018330846
observed_schema_replay,observed_schema_10pct,fasca,S7_0.5,7,True,eeg+emg+imu+fp,0,0.98657936,0.011307721,0.0021129416
observed_schema_replay,observed_schema_10pct,fasca,S7_0.75,7,True,eeg+emg+imu+fp,1,0.066231705,0.92934704,0.0044212276
observed_schema_replay,observed_schema_10pct,fasca,S7_1,7,True,eeg+emg+imu+fp,2,0.03537393,0.009540733,0.95508534
observed_schema_replay,observed_schema_10pct,fasca,S14_0.5,14,True,eeg+emg+imu+fp,0,0.9853637,0.011537626,0.0030985868
observed_schema_replay,observed_schema_10pct,fasca,S14_0.75,14,True,eeg+emg+imu+fp,1,0.014663223,0.983532,0.0018047714
observed_schema_replay,observed_schema_10pct,fasca,S14_1,14,True,eeg+emg+imu+fp,2,0.0060158297,0.023838414,0.97014576
observed_schema_replay,observed_schema_10pct,fasca,S16_0.5,16,True,eeg+emg+imu+fp,0,0.99312514,0.003449886,0.0034249993
observed_schema_replay,observed_schema_10pct,fasca,S16_0.75,16,True,eeg+emg+imu+fp,1,0.021157963,0.97681713,0.002024835
observed_schema_replay,observed_schema_10pct,fasca,S16_1,16,True,eeg+emg+imu+fp,2,0.005031332,0.0294108,0.9655579
observed_schema_replay,observed_schema_10pct,fasca,S21_0.5,21,True,eeg+emg+imu+fp,0,0.7999676,0.11985894,0.080173425
observed_schema_replay,observed_schema_10pct,fasca,S21_0.75,21,True,eeg+emg+imu+fp,1,0.00459412,0.6280759,0.36732996
observed_schema_replay,observed_schema_10pct,fasca,S21_1,21,True,eeg+emg+imu+fp,2,0.004184357,0.003117156,0.9926985
observed_schema_replay,observed_schema_10pct,fasca,S25_0.5,25,True,eeg+emg+imu+fp,0,0.5116024,0.48552737,0.00287023
observed_schema_replay,observed_schema_10pct,fasca,S25_0.75,25,True,eeg+emg+imu+fp,1,0.0024003442,0.98173684,0.015862858
observed_schema_replay,observed_schema_10pct,fasca,S25_1,25,True,eeg+emg+imu+fp,2,0.0029688112,0.011086516,0.9859447
observed_schema_replay,observed_schema_10pct,fasca,S26_0.5,26,True,eeg+emg+imu+fp,0,0.99222517,0.0037507855,0.0040239855
observed_schema_replay,observed_schema_10pct,fasca,S26_0.75,26,True,eeg+emg+imu+fp,1,0.66423476,0.3319262,0.0038390683
observed_schema_replay,observed_schema_10pct,fasca,S26_1,26,True,eeg+emg+imu+fp,2,0.0058245617,0.64851975,0.34565565
observed_schema_replay,observed_schema_10pct,fasca,S27_0.5,27,True,eeg+emg+imu+fp,0,0.98981076,0.007884211,0.0023049924
observed_schema_replay,observed_schema_10pct,fasca,S27_0.75,27,True,eeg+emg+imu+fp,1,0.013033803,0.9851439,0.0018222425
observed_schema_replay,observed_schema_10pct,fasca,S27_1,27,True,eeg+emg+imu+fp,2,0.01897718,0.005743742,0.9752791
observed_schema_replay,observed_schema_10pct,fasca,S29_0.5,29,True,eeg+emg+imu+fp,0,0.9932491,0.003474469,0.0032763751
observed_schema_replay,observed_schema_10pct,fasca,S29_0.75,29,True,eeg+emg+imu+fp,1,0.37549043,0.61743987,0.007069703
observed_schema_replay,observed_schema_10pct,fasca,S29_1,29,True,eeg+emg+imu+fp,2,0.0021669231,0.7326174,0.26521567
observed_schema_replay,observed_schema_10pct,fasca,S38_0.5,38,True,eeg+emg+imu+fp,0,0.99269176,0.004747663,0.002560599
observed_schema_replay,observed_schema_10pct,fasca,S38_0.75,38,True,eeg+emg+imu+fp,1,0.005881047,0.99209183,0.002027172
observed_schema_replay,observed_schema_10pct,fasca,S38_1,38,True,eeg+emg+imu+fp,2,0.0046957354,0.010165017,0.9851393
observed_schema_replay,observed_schema_10pct,fasca,S46_0.5,46,True,eeg+emg+imu+fp,0,0.9929033,0.0047171703,0.002379495
observed_schema_replay,observed_schema_10pct,fasca,S46_0.75,46,True,eeg+emg+imu+fp,1,0.007596794,0.9907748,0.0016283764
observed_schema_replay,observed_schema_10pct,fasca,S46_1,46,True,eeg+emg+imu+fp,2,0.0040349737,0.005889401,0.9900756
observed_schema_replay,observed_schema_10pct,fter,S3_0.5,3,True,eeg+emg+imu+fp,0,0.98720723,0.010959614,0.0018330846
observed_schema_replay,observed_schema_10pct,fter,S7_0.5,7,True,eeg+emg+imu+fp,0,0.98657936,0.011307721,0.0021129416
observed_schema_replay,observed_schema_10pct,fter,S7_0.75,7,True,eeg+emg+imu+fp,1,0.066231705,0.92934704,0.0044212276
observed_schema_replay,observed_schema_10pct,fter,S7_1,7,True,eeg+emg+imu+fp,2,0.03537393,0.009540733,0.95508534
observed_schema_replay,observed_schema_10pct,fter,S14_0.5,14,True,eeg+emg+imu+fp,0,0.9853637,0.011537626,0.0030985868
observed_schema_replay,observed_schema_10pct,fter,S14_0.75,14,True,eeg+emg+imu+fp,1,0.014663223,0.983532,0.0018047714
observed_schema_replay,observed_schema_10pct,fter,S14_1,14,True,eeg+emg+imu+fp,2,0.0060158297,0.023838414,0.97014576
observed_schema_replay,observed_schema_10pct,fter,S16_0.5,16,True,eeg+emg+imu+fp,0,0.99312514,0.003449886,0.0034249993
observed_schema_replay,observed_schema_10pct,fter,S16_0.75,16,True,eeg+emg+imu+fp,1,0.021157963,0.97681713,0.002024835
observed_schema_replay,observed_schema_10pct,fter,S16_1,16,True,eeg+emg+imu+fp,2,0.005031332,0.0294108,0.9655579
observed_schema_replay,observed_schema_10pct,fter,S21_0.5,21,True,eeg+emg+imu+fp,0,0.7999676,0.11985894,0.080173425
observed_schema_replay,observed_schema_10pct,fter,S21_0.75,21,True,eeg+emg+imu+fp,1,0.00459412,0.6280759,0.36732996
observed_schema_replay,observed_schema_10pct,fter,S21_1,21,True,eeg+emg+imu+fp,2,0.004184357,0.003117156,0.9926985
observed_schema_replay,observed_schema_10pct,fter,S25_0.5,25,True,eeg+emg+imu+fp,0,0.5116024,0.48552737,0.00287023
observed_schema_replay,observed_schema_10pct,fter,S25_0.75,25,True,eeg+emg+imu+fp,1,0.0024003442,0.98173684,0.015862858
observed_schema_replay,observed_schema_10pct,fter,S25_1,25,True,eeg+emg+imu+fp,2,0.0029688112,0.011086516,0.9859447
observed_schema_replay,observed_schema_10pct,fter,S26_0.5,26,True,eeg+emg+imu+fp,0,0.99222517,0.0037507855,0.0040239855
observed_schema_replay,observed_schema_10pct,fter,S26_0.75,26,True,eeg+emg+imu+fp,1,0.66423476,0.3319262,0.0038390683
observed_schema_replay,observed_schema_10pct,fter,S26_1,26,True,eeg+emg+imu+fp,2,0.0058245617,0.64851975,0.34565565
observed_schema_replay,observed_schema_10pct,fter,S27_0.5,27,True,eeg+emg+imu+fp,0,0.98981076,0.007884211,0.0023049924
observed_schema_replay,observed_schema_10pct,fter,S27_0.75,27,True,eeg+emg+imu+fp,1,0.013033803,0.9851439,0.0018222425
observed_schema_replay,observed_schema_10pct,fter,S27_1,27,True,eeg+emg+imu+fp,2,0.01897718,0.005743742,0.9752791
observed_schema_replay,observed_schema_10pct,fter,S29_0.5,29,True,eeg+emg+imu+fp,0,0.9932491,0.003474469,0.0032763751
observed_schema_replay,observed_schema_10pct,fter,S29_0.75,29,True,eeg+emg+imu+fp,1,0.37549043,0.61743987,0.007069703
observed_schema_replay,observed_schema_10pct,fter,S29_1,29,True,eeg+emg+imu+fp,2,0.0021669231,0.7326174,0.26521567
observed_schema_replay,observed_schema_10pct,fter,S38_0.5,38,True,eeg+emg+imu+fp,0,0.99269176,0.004747663,0.002560599
observed_schema_replay,observed_schema_10pct,fter,S38_0.75,38,True,eeg+emg+imu+fp,1,0.005881047,0.99209183,0.002027172
observed_schema_replay,observed_schema_10pct,fter,S38_1,38,True,eeg+emg+imu+fp,2,0.0046957354,0.010165017,0.9851393
observed_schema_replay,observed_schema_10pct,fter,S46_0.5,46,True,eeg+emg+imu+fp,0,0.9929033,0.0047171703,0.002379495
observed_schema_replay,observed_schema_10pct,fter,S46_0.75,46,True,eeg+emg+imu+fp,1,0.007596794,0.9907748,0.0016283764
observed_schema_replay,observed_schema_10pct,fter,S46_1,46,True,eeg+emg+imu+fp,2,0.0040349737,0.005889401,0.9900756
observed_schema_replay,observed_eeg_rejected,embracenet,S3_0.5,3,True,emg+imu+fp,0,0.99196035,0.006326936,0.0017127049
observed_schema_replay,observed_eeg_rejected,embracenet,S7_0.5,7,True,emg+imu+fp,0,0.99142987,0.006919148,0.0016509889
observed_schema_replay,observed_eeg_rejected,embracenet,S7_0.75,7,True,emg+imu+fp,1,0.024422294,0.9736634,0.0019143167
observed_schema_replay,observed_eeg_rejected,embracenet,S7_1,7,True,emg+imu+fp,2,0.01626944,0.006066811,0.97766376
observed_schema_replay,observed_eeg_rejected,embracenet,S14_0.5,14,True,emg+imu+fp,0,0.99457234,0.003294781,0.0021329275
observed_schema_replay,observed_eeg_rejected,embracenet,S14_0.75,14,True,emg+imu+fp,1,0.01747349,0.9814125,0.0011140656
observed_schema_replay,observed_eeg_rejected,embracenet,S14_1,14,True,emg+imu+fp,2,0.0032566004,0.022421898,0.9743214
observed_schema_replay,observed_eeg_rejected,embracenet,S16_0.5,16,True,emg+imu+fp,0,0.99513274,0.0024625508,0.0024046702
observed_schema_replay,observed_eeg_rejected,embracenet,S16_0.75,16,True,emg+imu+fp,1,0.038097803,0.9606027,0.0012995452
observed_schema_replay,observed_eeg_rejected,embracenet,S16_1,16,True,emg+imu+fp,2,0.0047364444,0.03353129,0.9617322
observed_schema_replay,observed_eeg_rejected,embracenet,S21_0.5,21,True,emg+imu+fp,0,0.7053914,0.056635607,0.23797297
observed_schema_replay,observed_eeg_rejected,embracenet,S21_0.75,21,True,emg+imu+fp,1,0.0028605524,0.4832777,0.5138617
observed_schema_replay,observed_eeg_rejected,embracenet,S21_1,21,True,emg+imu+fp,2,0.0028998293,0.002437622,0.9946626
observed_schema_replay,observed_eeg_rejected,embracenet,S25_0.5,25,True,emg+imu+fp,0,0.8401847,0.15829235,0.0015229209
observed_schema_replay,observed_eeg_rejected,embracenet,S25_0.75,25,True,emg+imu+fp,1,0.0026038077,0.9898167,0.007579437
observed_schema_replay,observed_eeg_rejected,embracenet,S25_1,25,True,emg+imu+fp,2,0.0023151112,0.007253139,0.9904318
observed_schema_replay,observed_eeg_rejected,embracenet,S26_0.5,26,True,emg+imu+fp,0,0.9921477,0.0026178865,0.005234413
observed_schema_replay,observed_eeg_rejected,embracenet,S26_0.75,26,True,emg+imu+fp,1,0.89414126,0.10421759,0.0016411057
observed_schema_replay,observed_eeg_rejected,embracenet,S26_1,26,True,emg+imu+fp,2,0.003402546,0.64969224,0.3469052
observed_schema_replay,observed_eeg_rejected,embracenet,S27_0.5,27,True,emg+imu+fp,0,0.9936128,0.0042979624,0.002089207
observed_schema_replay,observed_eeg_rejected,embracenet,S27_0.75,27,True,emg+imu+fp,1,0.009621034,0.98871535,0.0016636252
observed_schema_replay,observed_eeg_rejected,embracenet,S27_1,27,True,emg+imu+fp,2,0.010255332,0.004852914,0.9848917
observed_schema_replay,observed_eeg_rejected,embracenet,S29_0.5,29,True,emg+imu+fp,0,0.9945008,0.002523368,0.0029758804
observed_schema_replay,observed_eeg_rejected,embracenet,S29_0.75,29,True,emg+imu+fp,1,0.48808804,0.5094308,0.0024811476
observed_schema_replay,observed_eeg_rejected,embracenet,S29_1,29,True,emg+imu+fp,2,0.0015725977,0.76656073,0.23186667
observed_schema_replay,observed_eeg_rejected,embracenet,S38_0.5,38,True,emg+imu+fp,0,0.99527043,0.0027009535,0.002028669
observed_schema_replay,observed_eeg_rejected,embracenet,S38_0.75,38,True,emg+imu+fp,1,0.006555276,0.9917541,0.0016905842
observed_schema_replay,observed_eeg_rejected,embracenet,S38_1,38,True,emg+imu+fp,2,0.0022548968,0.010556637,0.9871885
observed_schema_replay,observed_eeg_rejected,embracenet,S46_0.5,46,True,emg+imu+fp,0,0.9948485,0.0026924945,0.0024590075
observed_schema_replay,observed_eeg_rejected,embracenet,S46_0.75,46,True,emg+imu+fp,1,0.0044910097,0.9936579,0.0018510801
observed_schema_replay,observed_eeg_rejected,embracenet,S46_1,46,True,emg+imu+fp,2,0.0026218367,0.0035146468,0.9938636
observed_schema_replay,observed_eeg_rejected,fasca,S3_0.5,3,True,emg+imu+fp,0,0.98746115,0.010284469,0.0022543415
observed_schema_replay,observed_eeg_rejected,fasca,S7_0.5,7,True,emg+imu+fp,0,0.9860423,0.01148292,0.0024747604
observed_schema_replay,observed_eeg_rejected,fasca,S7_0.75,7,True,emg+imu+fp,1,0.05588624,0.938314,0.0057997354
observed_schema_replay,observed_eeg_rejected,fasca,S7_1,7,True,emg+imu+fp,2,0.021222623,0.006949719,0.9718277
observed_schema_replay,observed_eeg_rejected,fasca,S14_0.5,14,True,emg+imu+fp,0,0.9850773,0.011764198,0.0031584941
observed_schema_replay,observed_eeg_rejected,fasca,S14_0.75,14,True,emg+imu+fp,1,0.015974378,0.98241884,0.0016068047
observed_schema_replay,observed_eeg_rejected,fasca,S14_1,14,True,emg+imu+fp,2,0.004530478,0.020591887,0.97487766
observed_schema_replay,observed_eeg_rejected,fasca,S16_0.5,16,True,emg+imu+fp,0,0.9934638,0.0032433094,0.0032928397
observed_schema_replay,observed_eeg_rejected,fasca,S16_0.75,16,True,emg+imu+fp,1,0.020423682,0.9779589,0.0016173957
observed_schema_replay,observed_eeg_rejected,fasca,S16_1,16,True,emg+imu+fp,2,0.0051926724,0.029417219,0.96539015
observed_schema_replay,observed_eeg_rejected,fasca,S21_0.5,21,True,emg+imu+fp,0,0.8086178,0.11127555,0.0801067
observed_schema_replay,observed_eeg_rejected,fasca,S21_0.75,21,True,emg+imu+fp,1,0.0045080297,0.6236095,0.37188244
observed_schema_replay,observed_eeg_rejected,fasca,S21_1,21,True,emg+imu+fp,2,0.0045090956,0.0029615015,0.9925294
observed_schema_replay,observed_eeg_rejected,fasca,S25_0.5,25,True,emg+imu+fp,0,0.51496834,0.4823514,0.0026802674
observed_schema_replay,observed_eeg_rejected,fasca,S25_0.75,25,True,emg+imu+fp,1,0.00250227,0.9855091,0.011988677
observed_schema_replay,observed_eeg_rejected,fasca,S25_1,25,True,emg+imu+fp,2,0.0031579875,0.010070794,0.9867713
observed_schema_replay,observed_eeg_rejected,fasca,S26_0.5,26,True,emg+imu+fp,0,0.9920783,0.0034864366,0.0044352845
observed_schema_replay,observed_eeg_rejected,fasca,S26_0.75,26,True,emg+imu+fp,1,0.66346717,0.33280292,0.0037298873
observed_schema_replay,observed_eeg_rejected,fasca,S26_1,26,True,emg+imu+fp,2,0.0045608333,0.6389727,0.3564665
observed_schema_replay,observed_eeg_rejected,fasca,S27_0.5,27,True,emg+imu+fp,0,0.98970175,0.0076898127,0.0026084695
observed_schema_replay,observed_eeg_rejected,fasca,S27_0.75,27,True,emg+imu+fp,1,0.00983148,0.98820424,0.001964298
observed_schema_replay,observed_eeg_rejected,fasca,S27_1,27,True,emg+imu+fp,2,0.013930354,0.0048269327,0.9812427
observed_schema_replay,observed_eeg_rejected,fasca,S29_0.5,29,True,emg+imu+fp,0,0.9928649,0.0032173733,0.003917733
observed_schema_replay,observed_eeg_rejected,fasca,S29_0.75,29,True,emg+imu+fp,1,0.3956525,0.5997018,0.004645726
observed_schema_replay,observed_eeg_rejected,fasca,S29_1,29,True,emg+imu+fp,2,0.0018954497,0.74372965,0.2543749
observed_schema_replay,observed_eeg_rejected,fasca,S38_0.5,38,True,emg+imu+fp,0,0.99272805,0.0044032787,0.0028686856
observed_schema_replay,observed_eeg_rejected,fasca,S38_0.75,38,True,emg+imu+fp,1,0.004130397,0.9935794,0.00229017
observed_schema_replay,observed_eeg_rejected,fasca,S38_1,38,True,emg+imu+fp,2,0.0036212357,0.008277063,0.9881017
observed_schema_replay,observed_eeg_rejected,fasca,S46_0.5,46,True,emg+imu+fp,0,0.99268204,0.0043332963,0.0029846383
observed_schema_replay,observed_eeg_rejected,fasca,S46_0.75,46,True,emg+imu+fp,1,0.005650176,0.9924486,0.0019011865
observed_schema_replay,observed_eeg_rejected,fasca,S46_1,46,True,emg+imu+fp,2,0.0033330184,0.005140964,0.99152595
observed_schema_replay,observed_eeg_rejected,fter,S3_0.5,3,True,emg+imu+fp,0,0.98746115,0.010284469,0.0022543415
observed_schema_replay,observed_eeg_rejected,fter,S7_0.5,7,True,emg+imu+fp,0,0.9860423,0.01148292,0.0024747604
observed_schema_replay,observed_eeg_rejected,fter,S7_0.75,7,True,emg+imu+fp,1,0.05588624,0.938314,0.0057997354
observed_schema_replay,observed_eeg_rejected,fter,S7_1,7,True,emg+imu+fp,2,0.021222623,0.006949719,0.9718277
observed_schema_replay,observed_eeg_rejected,fter,S14_0.5,14,True,emg+imu+fp,0,0.9850773,0.011764198,0.0031584941
observed_schema_replay,observed_eeg_rejected,fter,S14_0.75,14,True,emg+imu+fp,1,0.015974378,0.98241884,0.0016068047
observed_schema_replay,observed_eeg_rejected,fter,S14_1,14,True,emg+imu+fp,2,0.004530478,0.020591887,0.97487766
observed_schema_replay,observed_eeg_rejected,fter,S16_0.5,16,True,emg+imu+fp,0,0.9934638,0.0032433094,0.0032928397
observed_schema_replay,observed_eeg_rejected,fter,S16_0.75,16,True,emg+imu+fp,1,0.020423682,0.9779589,0.0016173957
observed_schema_replay,observed_eeg_rejected,fter,S16_1,16,True,emg+imu+fp,2,0.0051926724,0.029417219,0.96539015
observed_schema_replay,observed_eeg_rejected,fter,S21_0.5,21,True,emg+imu+fp,0,0.8086178,0.11127555,0.0801067
observed_schema_replay,observed_eeg_rejected,fter,S21_0.75,21,True,emg+imu+fp,1,0.0045080297,0.6236095,0.37188244
observed_schema_replay,observed_eeg_rejected,fter,S21_1,21,True,emg+imu+fp,2,0.0045090956,0.0029615015,0.9925294
observed_schema_replay,observed_eeg_rejected,fter,S25_0.5,25,True,emg+imu+fp,0,0.51496834,0.4823514,0.0026802674
observed_schema_replay,observed_eeg_rejected,fter,S25_0.75,25,True,emg+imu+fp,1,0.00250227,0.9855091,0.011988677
observed_schema_replay,observed_eeg_rejected,fter,S25_1,25,True,emg+imu+fp,2,0.0031579875,0.010070794,0.9867713
observed_schema_replay,observed_eeg_rejected,fter,S26_0.5,26,True,emg+imu+fp,0,0.9920783,0.0034864366,0.0044352845
observed_schema_replay,observed_eeg_rejected,fter,S26_0.75,26,True,emg+imu+fp,1,0.66346717,0.33280292,0.0037298873
observed_schema_replay,observed_eeg_rejected,fter,S26_1,26,True,emg+imu+fp,2,0.0045608333,0.6389727,0.3564665
observed_schema_replay,observed_eeg_rejected,fter,S27_0.5,27,True,emg+imu+fp,0,0.98970175,0.0076898127,0.0026084695
observed_schema_replay,observed_eeg_rejected,fter,S27_0.75,27,True,emg+imu+fp,1,0.00983148,0.98820424,0.001964298
observed_schema_replay,observed_eeg_rejected,fter,S27_1,27,True,emg+imu+fp,2,0.013930354,0.0048269327,0.9812427
observed_schema_replay,observed_eeg_rejected,fter,S29_0.5,29,True,emg+imu+fp,0,0.9928649,0.0032173733,0.003917733
observed_schema_replay,observed_eeg_rejected,fter,S29_0.75,29,True,emg+imu+fp,1,0.3956525,0.5997018,0.004645726
observed_schema_replay,observed_eeg_rejected,fter,S29_1,29,True,emg+imu+fp,2,0.0018954497,0.74372965,0.2543749
observed_schema_replay,observed_eeg_rejected,fter,S38_0.5,38,True,emg+imu+fp,0,0.99272805,0.0044032787,0.0028686856
observed_schema_replay,observed_eeg_rejected,fter,S38_0.75,38,True,emg+imu+fp,1,0.004130397,0.9935794,0.00229017
observed_schema_replay,observed_eeg_rejected,fter,S38_1,38,True,emg+imu+fp,2,0.0036212357,0.008277063,0.9881017
observed_schema_replay,observed_eeg_rejected,fter,S46_0.5,46,True,emg+imu+fp,0,0.99268204,0.0043332963,0.0029846383
observed_schema_replay,observed_eeg_rejected,fter,S46_0.75,46,True,emg+imu+fp,1,0.005650176,0.9924486,0.0019011865
observed_schema_replay,observed_eeg_rejected,fter,S46_1,46,True,emg+imu+fp,2,0.0033330184,0.005140964,0.99152595
observed_schema_replay,observed_schema_zero,embracenet,S4_0.5,4,True,eeg+emg+imu+fp,0,0.9947858,0.0034980874,0.001716101
observed_schema_replay,observed_schema_zero,embracenet,S4_0.75,4,True,eeg+emg+imu+fp,1,0.008706867,0.9881814,0.0031117313
observed_schema_replay,observed_schema_zero,embracenet,S4_1,4,True,eeg+emg+imu+fp,2,0.0018863915,0.007711664,0.9904019
observed_schema_replay,observed_schema_zero,embracenet,S5_0.5,5,True,eeg+emg+imu+fp,0,0.98059946,0.00583786,0.013562635
observed_schema_replay,observed_schema_zero,embracenet,S5_0.75,5,True,eeg+emg+imu+fp,1,0.004891173,0.79181653,0.20329227
observed_schema_replay,observed_schema_zero,embracenet,S5_1,5,True,eeg+emg+imu+fp,2,0.0035896022,0.0031709967,0.9932394
observed_schema_replay,observed_schema_zero,embracenet,S6_0.5,6,True,eeg+emg+imu+fp,0,0.995117,0.0023593537,0.0025235733
observed_schema_replay,observed_schema_zero,embracenet,S6_0.75,6,True,eeg+emg+imu+fp,1,0.16701724,0.8294113,0.0035714086
observed_schema_replay,observed_schema_zero,embracenet,S6_1,6,True,eeg+emg+imu+fp,2,0.0012524906,0.32335243,0.6753951
observed_schema_replay,observed_schema_zero,embracenet,S9_0.5,9,True,eeg+emg+imu+fp,0,0.9945009,0.0038139757,0.0016851347
observed_schema_replay,observed_schema_zero,embracenet,S9_0.75,9,True,eeg+emg+imu+fp,1,0.003740741,0.99352646,0.0027327945
observed_schema_replay,observed_schema_zero,embracenet,S9_1,9,True,eeg+emg+imu+fp,2,0.0026325556,0.0030419074,0.9943256
observed_schema_replay,observed_schema_zero,embracenet,S17_0.5,17,True,eeg+emg+imu+fp,0,0.99411684,0.0021766522,0.0037065141
observed_schema_replay,observed_schema_zero,embracenet,S17_0.75,17,True,eeg+emg+imu+fp,1,0.1596522,0.8379822,0.0023656082
observed_schema_replay,observed_schema_zero,embracenet,S17_1,17,True,eeg+emg+imu+fp,2,0.0017949071,0.16514625,0.83305883
observed_schema_replay,observed_schema_zero,embracenet,S18_0.5,18,True,eeg+emg+imu+fp,0,0.99543977,0.0020239064,0.0025363083
observed_schema_replay,observed_schema_zero,embracenet,S18_0.75,18,True,eeg+emg+imu+fp,1,0.2329253,0.7648006,0.0022740534
observed_schema_replay,observed_schema_zero,embracenet,S18_1,18,True,eeg+emg+imu+fp,2,0.0023267344,0.44770327,0.54997
observed_schema_replay,observed_schema_zero,embracenet,S32_0.5,32,True,eeg+emg+imu+fp,0,0.9952633,0.0023328715,0.0024038586
observed_schema_replay,observed_schema_zero,embracenet,S32_0.75,32,True,eeg+emg+imu+fp,1,0.0039820787,0.9941252,0.001892754
observed_schema_replay,observed_schema_zero,embracenet,S33_0.5,33,True,eeg+emg+imu+fp,0,0.9928296,0.0023850445,0.004785321
observed_schema_replay,observed_schema_zero,embracenet,S33_0.75,33,True,eeg+emg+imu+fp,1,0.002622944,0.9939666,0.0034105144
observed_schema_replay,observed_schema_zero,embracenet,S33_1,33,True,eeg+emg+imu+fp,2,0.0025941955,0.027399534,0.9700062
observed_schema_replay,observed_schema_zero,embracenet,S35_0.5,35,True,eeg+emg+imu+fp,0,0.9954516,0.0024732698,0.0020751643
observed_schema_replay,observed_schema_zero,embracenet,S35_0.75,35,True,eeg+emg+imu+fp,1,0.018961456,0.9790488,0.0019897486
observed_schema_replay,observed_schema_zero,embracenet,S35_1,35,True,eeg+emg+imu+fp,2,0.001573661,0.05501184,0.9434145
observed_schema_replay,observed_schema_zero,embracenet,S44_0.5,44,True,eeg+emg+imu+fp,0,0.99536926,0.0025284223,0.0021022966
observed_schema_replay,observed_schema_zero,embracenet,S44_0.75,44,True,eeg+emg+imu+fp,1,0.011692193,0.986541,0.0017668074
observed_schema_replay,observed_schema_zero,embracenet,S44_1,44,True,eeg+emg+imu+fp,2,0.0025485475,0.020663278,0.9767881
observed_schema_replay,observed_schema_zero,embracenet,S53_0.5,53,True,eeg+emg+imu+fp,0,0.99268484,0.0034329612,0.0038821704
observed_schema_replay,observed_schema_zero,embracenet,S53_0.75,53,True,eeg+emg+imu+fp,1,0.018347776,0.9698036,0.01184864
observed_schema_replay,observed_schema_zero,embracenet,S53_1,53,True,eeg+emg+imu+fp,2,0.0016866453,0.015684597,0.9826288
observed_schema_replay,observed_schema_zero,fasca,S4_0.5,4,True,eeg+emg+imu+fp,0,0.9928038,0.00385692,0.00333927
observed_schema_replay,observed_schema_zero,fasca,S4_0.75,4,True,eeg+emg+imu+fp,1,0.026470235,0.9686256,0.0049041626
observed_schema_replay,observed_schema_zero,fasca,S4_1,4,True,eeg+emg+imu+fp,2,0.0021077327,0.016175345,0.98171693
observed_schema_replay,observed_schema_zero,fasca,S5_0.5,5,True,eeg+emg+imu+fp,0,0.97416943,0.020970056,0.0048605097
observed_schema_replay,observed_schema_zero,fasca,S5_0.75,5,True,eeg+emg+imu+fp,1,0.005661027,0.89251685,0.1018221
observed_schema_replay,observed_schema_zero,fasca,S5_1,5,True,eeg+emg+imu+fp,2,0.0038421003,0.003938204,0.9922197
observed_schema_replay,observed_schema_zero,fasca,S6_0.5,6,True,eeg+emg+imu+fp,0,0.990709,0.005612342,0.0036786115
observed_schema_replay,observed_schema_zero,fasca,S6_0.75,6,True,eeg+emg+imu+fp,1,0.07059143,0.9238278,0.0055808327
observed_schema_replay,observed_schema_zero,fasca,S6_1,6,True,eeg+emg+imu+fp,2,0.0018711042,0.33615565,0.66197324
observed_schema_replay,observed_schema_zero,fasca,S9_0.5,9,True,eeg+emg+imu+fp,0,0.9870939,0.010069475,0.0028365564
observed_schema_replay,observed_schema_zero,fasca,S9_0.75,9,True,eeg+emg+imu+fp,1,0.002768214,0.99104863,0.00618316
observed_schema_replay,observed_schema_zero,fasca,S9_1,9,True,eeg+emg+imu+fp,2,0.003353812,0.003486715,0.9931595
observed_schema_replay,observed_schema_zero,fasca,S17_0.5,17,True,eeg+emg+imu+fp,0,0.9921717,0.004407193,0.0034211352
observed_schema_replay,observed_schema_zero,fasca,S17_0.75,17,True,eeg+emg+imu+fp,1,0.04171901,0.9558181,0.0024628954
observed_schema_replay,observed_schema_zero,fasca,S17_1,17,True,eeg+emg+imu+fp,2,0.003159803,0.18185423,0.814986
observed_schema_replay,observed_schema_zero,fasca,S18_0.5,18,True,eeg+emg+imu+fp,0,0.99332356,0.0036541552,0.00302227
observed_schema_replay,observed_schema_zero,fasca,S18_0.75,18,True,eeg+emg+imu+fp,1,0.02403398,0.9737565,0.0022095684
observed_schema_replay,observed_schema_zero,fasca,S18_1,18,True,eeg+emg+imu+fp,2,0.003170739,0.08284342,0.9139858
observed_schema_replay,observed_schema_zero,fasca,S32_0.5,32,True,eeg+emg+imu+fp,0,0.9923454,0.004459539,0.0031950958
observed_schema_replay,observed_schema_zero,fasca,S32_0.75,32,True,eeg+emg+imu+fp,1,0.0067947656,0.9903946,0.00281066
observed_schema_replay,observed_schema_zero,fasca,S33_0.5,33,True,eeg+emg+imu+fp,0,0.9897308,0.005841538,0.0044277236
observed_schema_replay,observed_schema_zero,fasca,S33_0.75,33,True,eeg+emg+imu+fp,1,0.0035080472,0.99081033,0.005681662
observed_schema_replay,observed_schema_zero,fasca,S33_1,33,True,eeg+emg+imu+fp,2,0.0035990102,0.0073945955,0.98900634
observed_schema_replay,observed_schema_zero,fasca,S35_0.5,35,True,eeg+emg+imu+fp,0,0.9909725,0.006280918,0.0027465068
observed_schema_replay,observed_schema_zero,fasca,S35_0.75,35,True,eeg+emg+imu+fp,1,0.0057240776,0.9893673,0.004908643
observed_schema_replay,observed_schema_zero,fasca,S35_1,35,True,eeg+emg+imu+fp,2,0.0024516326,0.021781629,0.9757667
observed_schema_replay,observed_schema_zero,fasca,S44_0.5,44,True,eeg+emg+imu+fp,0,0.98514277,0.012115856,0.002741361
observed_schema_replay,observed_schema_zero,fasca,S44_0.75,44,True,eeg+emg+imu+fp,1,0.010286224,0.98287845,0.006835343
observed_schema_replay,observed_schema_zero,fasca,S44_1,44,True,eeg+emg+imu+fp,2,0.0036772836,0.005858656,0.99046403
observed_schema_replay,observed_schema_zero,fasca,S53_0.5,53,True,eeg+emg+imu+fp,0,0.96435004,0.02792562,0.007724337
observed_schema_replay,observed_schema_zero,fasca,S53_0.75,53,True,eeg+emg+imu+fp,1,0.0023341554,0.92602086,0.07164496
observed_schema_replay,observed_schema_zero,fasca,S53_1,53,True,eeg+emg+imu+fp,2,0.0023395563,0.0049638175,0.9926966
observed_schema_replay,observed_schema_zero,fter,S4_0.5,4,True,eeg+emg+imu+fp,0,0.9928038,0.00385692,0.00333927
observed_schema_replay,observed_schema_zero,fter,S4_0.75,4,True,eeg+emg+imu+fp,1,0.026470235,0.9686256,0.0049041626
observed_schema_replay,observed_schema_zero,fter,S4_1,4,True,eeg+emg+imu+fp,2,0.0021077327,0.016175345,0.98171693
observed_schema_replay,observed_schema_zero,fter,S5_0.5,5,True,eeg+emg+imu+fp,0,0.97416943,0.020970056,0.0048605097
observed_schema_replay,observed_schema_zero,fter,S5_0.75,5,True,eeg+emg+imu+fp,1,0.005661027,0.89251685,0.1018221
observed_schema_replay,observed_schema_zero,fter,S5_1,5,True,eeg+emg+imu+fp,2,0.0038421003,0.003938204,0.9922197
observed_schema_replay,observed_schema_zero,fter,S6_0.5,6,True,eeg+emg+imu+fp,0,0.990709,0.005612342,0.0036786115
observed_schema_replay,observed_schema_zero,fter,S6_0.75,6,True,eeg+emg+imu+fp,1,0.07059143,0.9238278,0.0055808327
observed_schema_replay,observed_schema_zero,fter,S6_1,6,True,eeg+emg+imu+fp,2,0.0018711042,0.33615565,0.66197324
observed_schema_replay,observed_schema_zero,fter,S9_0.5,9,True,eeg+emg+imu+fp,0,0.9870939,0.010069475,0.0028365564
observed_schema_replay,observed_schema_zero,fter,S9_0.75,9,True,eeg+emg+imu+fp,1,0.002768214,0.99104863,0.00618316
observed_schema_replay,observed_schema_zero,fter,S9_1,9,True,eeg+emg+imu+fp,2,0.003353812,0.003486715,0.9931595
observed_schema_replay,observed_schema_zero,fter,S17_0.5,17,True,eeg+emg+imu+fp,0,0.9921717,0.004407193,0.0034211352
observed_schema_replay,observed_schema_zero,fter,S17_0.75,17,True,eeg+emg+imu+fp,1,0.04171901,0.9558181,0.0024628954
observed_schema_replay,observed_schema_zero,fter,S17_1,17,True,eeg+emg+imu+fp,2,0.003159803,0.18185423,0.814986
observed_schema_replay,observed_schema_zero,fter,S18_0.5,18,True,eeg+emg+imu+fp,0,0.99332356,0.0036541552,0.00302227
observed_schema_replay,observed_schema_zero,fter,S18_0.75,18,True,eeg+emg+imu+fp,1,0.02403398,0.9737565,0.0022095684
observed_schema_replay,observed_schema_zero,fter,S18_1,18,True,eeg+emg+imu+fp,2,0.003170739,0.08284342,0.9139858
observed_schema_replay,observed_schema_zero,fter,S32_0.5,32,True,eeg+emg+imu+fp,0,0.9923454,0.004459539,0.0031950958
observed_schema_replay,observed_schema_zero,fter,S32_0.75,32,True,eeg+emg+imu+fp,1,0.0067947656,0.9903946,0.00281066
observed_schema_replay,observed_schema_zero,fter,S33_0.5,33,True,eeg+emg+imu+fp,0,0.9897308,0.005841538,0.0044277236
observed_schema_replay,observed_schema_zero,fter,S33_0.75,33,True,eeg+emg+imu+fp,1,0.0035080472,0.99081033,0.005681662
observed_schema_replay,observed_schema_zero,fter,S33_1,33,True,eeg+emg+imu+fp,2,0.0035990102,0.0073945955,0.98900634
observed_schema_replay,observed_schema_zero,fter,S35_0.5,35,True,eeg+emg+imu+fp,0,0.9909725,0.006280918,0.0027465068
observed_schema_replay,observed_schema_zero,fter,S35_0.75,35,True,eeg+emg+imu+fp,1,0.0057240776,0.9893673,0.004908643
observed_schema_replay,observed_schema_zero,fter,S35_1,35,True,eeg+emg+imu+fp,2,0.0024516326,0.021781629,0.9757667
observed_schema_replay,observed_schema_zero,fter,S44_0.5,44,True,eeg+emg+imu+fp,0,0.98514277,0.012115856,0.002741361
observed_schema_replay,observed_schema_zero,fter,S44_0.75,44,True,eeg+emg+imu+fp,1,0.010286224,0.98287845,0.006835343
observed_schema_replay,observed_schema_zero,fter,S44_1,44,True,eeg+emg+imu+fp,2,0.0036772836,0.005858656,0.99046403
observed_schema_replay,observed_schema_zero,fter,S53_0.5,53,True,eeg+emg+imu+fp,0,0.96435004,0.02792562,0.007724337
observed_schema_replay,observed_schema_zero,fter,S53_0.75,53,True,eeg+emg+imu+fp,1,0.0023341554,0.92602086,0.07164496
observed_schema_replay,observed_schema_zero,fter,S53_1,53,True,eeg+emg+imu+fp,2,0.0023395563,0.0049638175,0.9926966
observed_schema_replay,observed_schema_1pct,embracenet,S4_0.5,4,True,eeg+emg+imu+fp,0,0.99478596,0.003498247,0.0017158408
observed_schema_replay,observed_schema_1pct,embracenet,S4_0.75,4,True,eeg+emg+imu+fp,1,0.008714869,0.9881752,0.0031098642
observed_schema_replay,observed_schema_1pct,embracenet,S4_1,4,True,eeg+emg+imu+fp,2,0.0018871286,0.0077121835,0.9904006
observed_schema_replay,observed_schema_1pct,embracenet,S5_0.5,5,True,eeg+emg+imu+fp,0,0.9806097,0.0058364463,0.013553879
observed_schema_replay,observed_schema_1pct,embracenet,S5_0.75,5,True,eeg+emg+imu+fp,1,0.004895997,0.7918701,0.20323388
observed_schema_replay,observed_schema_1pct,embracenet,S5_1,5,True,eeg+emg+imu+fp,2,0.0035920378,0.0031712847,0.9932367
observed_schema_replay,observed_schema_1pct,embracenet,S6_0.5,6,True,eeg+emg+imu+fp,0,0.99511725,0.0023595083,0.0025231892
observed_schema_replay,observed_schema_1pct,embracenet,S6_0.75,6,True,eeg+emg+imu+fp,1,0.1670196,0.8294094,0.0035709024
observed_schema_replay,observed_schema_1pct,embracenet,S6_1,6,True,eeg+emg+imu+fp,2,0.0012524353,0.32335258,0.675395
observed_schema_replay,observed_schema_1pct,embracenet,S9_0.5,9,True,eeg+emg+imu+fp,0,0.9945016,0.0038139017,0.00168454
observed_schema_replay,observed_schema_1pct,embracenet,S9_0.75,9,True,eeg+emg+imu+fp,1,0.0037415624,0.9935276,0.0027308261
observed_schema_replay,observed_schema_1pct,embracenet,S9_1,9,True,eeg+emg+imu+fp,2,0.0026327528,0.0030423508,0.9943249
observed_schema_replay,observed_schema_1pct,embracenet,S17_0.5,17,True,eeg+emg+imu+fp,0,0.99411744,0.0021764727,0.0037061342
observed_schema_replay,observed_schema_1pct,embracenet,S17_0.75,17,True,eeg+emg+imu+fp,1,0.1596737,0.8379609,0.0023654283
observed_schema_replay,observed_schema_1pct,embracenet,S17_1,17,True,eeg+emg+imu+fp,2,0.0017952234,0.1651647,0.83304006
observed_schema_replay,observed_schema_1pct,embracenet,S18_0.5,18,True,eeg+emg+imu+fp,0,0.99544144,0.0020236888,0.0025348933
observed_schema_replay,observed_schema_1pct,embracenet,S18_0.75,18,True,eeg+emg+imu+fp,1,0.23308992,0.7646386,0.0022715246
observed_schema_replay,observed_schema_1pct,embracenet,S18_1,18,True,eeg+emg+imu+fp,2,0.00232702,0.4476744,0.5499986
observed_schema_replay,observed_schema_1pct,embracenet,S32_0.5,32,True,eeg+emg+imu+fp,0,0.9952639,0.002332894,0.002403205
observed_schema_replay,observed_schema_1pct,embracenet,S32_0.75,32,True,eeg+emg+imu+fp,1,0.003984963,0.99412316,0.0018918553
observed_schema_replay,observed_schema_1pct,embracenet,S33_0.5,33,True,eeg+emg+imu+fp,0,0.9928333,0.0023846636,0.00478197
observed_schema_replay,observed_schema_1pct,embracenet,S33_0.75,33,True,eeg+emg+imu+fp,1,0.0026239099,0.99396706,0.0034090113
observed_schema_replay,observed_schema_1pct,embracenet,S33_1,33,True,eeg+emg+imu+fp,2,0.002593878,0.027399257,0.9700069
observed_schema_replay,observed_schema_1pct,embracenet,S35_0.5,35,True,eeg+emg+imu+fp,0,0.99544924,0.0024737353,0.0020770284
observed_schema_replay,observed_schema_1pct,embracenet,S35_0.75,35,True,eeg+emg+imu+fp,1,0.01892245,0.9790868,0.001990802
observed_schema_replay,observed_schema_1pct,embracenet,S35_1,35,True,eeg+emg+imu+fp,2,0.001569204,0.05468522,0.9437456
observed_schema_replay,observed_schema_1pct,embracenet,S44_0.5,44,True,eeg+emg+imu+fp,0,0.99537104,0.0025282355,0.0021007953
observed_schema_replay,observed_schema_1pct,embracenet,S44_0.75,44,True,eeg+emg+imu+fp,1,0.011701104,0.9865327,0.0017662087
observed_schema_replay,observed_schema_1pct,embracenet,S44_1,44,True,eeg+emg+imu+fp,2,0.00254976,0.020670762,0.97677946
observed_schema_replay,observed_schema_1pct,embracenet,S53_0.5,53,True,eeg+emg+imu+fp,0,0.9926842,0.003432935,0.0038828515
observed_schema_replay,observed_schema_1pct,embracenet,S53_0.75,53,True,eeg+emg+imu+fp,1,0.018338554,0.9698105,0.01185095
observed_schema_replay,observed_schema_1pct,embracenet,S53_1,53,True,eeg+emg+imu+fp,2,0.0016862083,0.015682148,0.9826317
observed_schema_replay,observed_schema_1pct,fasca,S4_0.5,4,True,eeg+emg+imu+fp,0,0.9928042,0.0038569747,0.0033387577
observed_schema_replay,observed_schema_1pct,fasca,S4_0.75,4,True,eeg+emg+imu+fp,1,0.026476048,0.96862286,0.0049010776
observed_schema_replay,observed_schema_1pct,fasca,S4_1,4,True,eeg+emg+imu+fp,2,0.0021091355,0.016178155,0.98171276
observed_schema_replay,observed_schema_1pct,fasca,S5_0.5,5,True,eeg+emg+imu+fp,0,0.9741799,0.020961655,0.004858494
observed_schema_replay,observed_schema_1pct,fasca,S5_0.75,5,True,eeg+emg+imu+fp,1,0.0056663356,0.8925893,0.10174436
observed_schema_replay,observed_schema_1pct,fasca,S5_1,5,True,eeg+emg+imu+fp,2,0.0038459972,0.0039377245,0.9922163
observed_schema_replay,observed_schema_1pct,fasca,S6_0.5,6,True,eeg+emg+imu+fp,0,0.99071294,0.0056105778,0.0036764203
observed_schema_replay,observed_schema_1pct,fasca,S6_0.75,6,True,eeg+emg+imu+fp,1,0.07060507,0.9238159,0.005579078
observed_schema_replay,observed_schema_1pct,fasca,S6_1,6,True,eeg+emg+imu+fp,2,0.001870806,0.33613107,0.6619981
observed_schema_replay,observed_schema_1pct,fasca,S9_0.5,9,True,eeg+emg+imu+fp,0,0.98709637,0.010068287,0.0028353727
observed_schema_replay,observed_schema_1pct,fasca,S9_0.75,9,True,eeg+emg+imu+fp,1,0.0027688409,0.99105173,0.006179434
observed_schema_replay,observed_schema_1pct,fasca,S9_1,9,True,eeg+emg+imu+fp,2,0.0033542083,0.0034864445,0.9931593
observed_schema_replay,observed_schema_1pct,fasca,S17_0.5,17,True,eeg+emg+imu+fp,0,0.99217176,0.004407497,0.0034207276
observed_schema_replay,observed_schema_1pct,fasca,S17_0.75,17,True,eeg+emg+imu+fp,1,0.04172151,0.9558156,0.0024628087
observed_schema_replay,observed_schema_1pct,fasca,S17_1,17,True,eeg+emg+imu+fp,2,0.0031610143,0.18182957,0.8150094
observed_schema_replay,observed_schema_1pct,fasca,S18_0.5,18,True,eeg+emg+imu+fp,0,0.9933259,0.0036539629,0.0030201238
observed_schema_replay,observed_schema_1pct,fasca,S18_0.75,18,True,eeg+emg+imu+fp,1,0.024058128,0.9737337,0.002208173
observed_schema_replay,observed_schema_1pct,fasca,S18_1,18,True,eeg+emg+imu+fp,2,0.0031717902,0.08285568,0.91397256
observed_schema_replay,observed_schema_1pct,fasca,S32_0.5,32,True,eeg+emg+imu+fp,0,0.9923463,0.004459599,0.0031941272
observed_schema_replay,observed_schema_1pct,fasca,S32_0.75,32,True,eeg+emg+imu+fp,1,0.0067979433,0.99039316,0.0028089322
observed_schema_replay,observed_schema_1pct,fasca,S33_0.5,33,True,eeg+emg+imu+fp,0,0.9897352,0.0058409576,0.0044238237
observed_schema_replay,observed_schema_1pct,fasca,S33_0.75,33,True,eeg+emg+imu+fp,1,0.0035086765,0.99081117,0.005680133
observed_schema_replay,observed_schema_1pct,fasca,S33_1,33,True,eeg+emg+imu+fp,2,0.0035979394,0.0073953103,0.9890067
observed_schema_replay,observed_schema_1pct,fasca,S35_0.5,35,True,eeg+emg+imu+fp,0,0.99097246,0.0062795803,0.002748002
observed_schema_replay,observed_schema_1pct,fasca,S35_0.75,35,True,eeg+emg+imu+fp,1,0.0057273954,0.98936003,0.0049126325
observed_schema_replay,observed_schema_1pct,fasca,S35_1,35,True,eeg+emg+imu+fp,2,0.0024353398,0.021744868,0.9758198
observed_schema_replay,observed_schema_1pct,fasca,S44_0.5,44,True,eeg+emg+imu+fp,0,0.98514414,0.01211656,0.0027392942
observed_schema_replay,observed_schema_1pct,fasca,S44_0.75,44,True,eeg+emg+imu+fp,1,0.010292985,0.9828718,0.0068352167
observed_schema_replay,observed_schema_1pct,fasca,S44_1,44,True,eeg+emg+imu+fp,2,0.003679974,0.0058602653,0.99045974
observed_schema_replay,observed_schema_1pct,fasca,S53_0.5,53,True,eeg+emg+imu+fp,0,0.96435636,0.027919397,0.0077242963
observed_schema_replay,observed_schema_1pct,fasca,S53_0.75,53,True,eeg+emg+imu+fp,1,0.0023333335,0.92600316,0.071663514
observed_schema_replay,observed_schema_1pct,fasca,S53_1,53,True,eeg+emg+imu+fp,2,0.002339782,0.0049633845,0.9926968
observed_schema_replay,observed_schema_1pct,fter,S4_0.5,4,True,eeg+emg+imu+fp,0,0.9928042,0.0038569747,0.0033387577
observed_schema_replay,observed_schema_1pct,fter,S4_0.75,4,True,eeg+emg+imu+fp,1,0.026476048,0.96862286,0.0049010776
observed_schema_replay,observed_schema_1pct,fter,S4_1,4,True,eeg+emg+imu+fp,2,0.0021091355,0.016178155,0.98171276
observed_schema_replay,observed_schema_1pct,fter,S5_0.5,5,True,eeg+emg+imu+fp,0,0.9741799,0.020961655,0.004858494
observed_schema_replay,observed_schema_1pct,fter,S5_0.75,5,True,eeg+emg+imu+fp,1,0.0056663356,0.8925893,0.10174436
observed_schema_replay,observed_schema_1pct,fter,S5_1,5,True,eeg+emg+imu+fp,2,0.0038459972,0.0039377245,0.9922163
observed_schema_replay,observed_schema_1pct,fter,S6_0.5,6,True,eeg+emg+imu+fp,0,0.99071294,0.0056105778,0.0036764203
observed_schema_replay,observed_schema_1pct,fter,S6_0.75,6,True,eeg+emg+imu+fp,1,0.07060507,0.9238159,0.005579078
observed_schema_replay,observed_schema_1pct,fter,S6_1,6,True,eeg+emg+imu+fp,2,0.001870806,0.33613107,0.6619981
observed_schema_replay,observed_schema_1pct,fter,S9_0.5,9,True,eeg+emg+imu+fp,0,0.98709637,0.010068287,0.0028353727
observed_schema_replay,observed_schema_1pct,fter,S9_0.75,9,True,eeg+emg+imu+fp,1,0.0027688409,0.99105173,0.006179434
observed_schema_replay,observed_schema_1pct,fter,S9_1,9,True,eeg+emg+imu+fp,2,0.0033542083,0.0034864445,0.9931593
observed_schema_replay,observed_schema_1pct,fter,S17_0.5,17,True,eeg+emg+imu+fp,0,0.99217176,0.004407497,0.0034207276
observed_schema_replay,observed_schema_1pct,fter,S17_0.75,17,True,eeg+emg+imu+fp,1,0.04172151,0.9558156,0.0024628087
observed_schema_replay,observed_schema_1pct,fter,S17_1,17,True,eeg+emg+imu+fp,2,0.0031610143,0.18182957,0.8150094
observed_schema_replay,observed_schema_1pct,fter,S18_0.5,18,True,eeg+emg+imu+fp,0,0.9933259,0.0036539629,0.0030201238
observed_schema_replay,observed_schema_1pct,fter,S18_0.75,18,True,eeg+emg+imu+fp,1,0.024058128,0.9737337,0.002208173
observed_schema_replay,observed_schema_1pct,fter,S18_1,18,True,eeg+emg+imu+fp,2,0.0031717902,0.08285568,0.91397256
observed_schema_replay,observed_schema_1pct,fter,S32_0.5,32,True,eeg+emg+imu+fp,0,0.9923463,0.004459599,0.0031941272
observed_schema_replay,observed_schema_1pct,fter,S32_0.75,32,True,eeg+emg+imu+fp,1,0.0067979433,0.99039316,0.0028089322
observed_schema_replay,observed_schema_1pct,fter,S33_0.5,33,True,eeg+emg+imu+fp,0,0.9897352,0.0058409576,0.0044238237
observed_schema_replay,observed_schema_1pct,fter,S33_0.75,33,True,eeg+emg+imu+fp,1,0.0035086765,0.99081117,0.005680133
observed_schema_replay,observed_schema_1pct,fter,S33_1,33,True,eeg+emg+imu+fp,2,0.0035979394,0.0073953103,0.9890067
observed_schema_replay,observed_schema_1pct,fter,S35_0.5,35,True,eeg+emg+imu+fp,0,0.99097246,0.0062795803,0.002748002
observed_schema_replay,observed_schema_1pct,fter,S35_0.75,35,True,eeg+emg+imu+fp,1,0.0057273954,0.98936003,0.0049126325
observed_schema_replay,observed_schema_1pct,fter,S35_1,35,True,eeg+emg+imu+fp,2,0.0024353398,0.021744868,0.9758198
observed_schema_replay,observed_schema_1pct,fter,S44_0.5,44,True,eeg+emg+imu+fp,0,0.98514414,0.01211656,0.0027392942
observed_schema_replay,observed_schema_1pct,fter,S44_0.75,44,True,eeg+emg+imu+fp,1,0.010292985,0.9828718,0.0068352167
observed_schema_replay,observed_schema_1pct,fter,S44_1,44,True,eeg+emg+imu+fp,2,0.003679974,0.0058602653,0.99045974
observed_schema_replay,observed_schema_1pct,fter,S53_0.5,53,True,eeg+emg+imu+fp,0,0.96435636,0.027919397,0.0077242963
observed_schema_replay,observed_schema_1pct,fter,S53_0.75,53,True,eeg+emg+imu+fp,1,0.0023333335,0.92600316,0.071663514
observed_schema_replay,observed_schema_1pct,fter,S53_1,53,True,eeg+emg+imu+fp,2,0.002339782,0.0049633845,0.9926968
observed_schema_replay,observed_schema_5pct,embracenet,S4_0.5,4,True,eeg+emg+imu+fp,0,0.99478626,0.0034988995,0.0017148674
observed_schema_replay,observed_schema_5pct,embracenet,S4_0.75,4,True,eeg+emg+imu+fp,1,0.008746252,0.98815113,0.0031025924
observed_schema_replay,observed_schema_5pct,embracenet,S4_1,4,True,eeg+emg+imu+fp,2,0.0018900223,0.0077144713,0.9903955
observed_schema_replay,observed_schema_5pct,embracenet,S5_0.5,5,True,eeg+emg+imu+fp,0,0.9806482,0.005831161,0.013520646
observed_schema_replay,observed_schema_5pct,embracenet,S5_0.75,5,True,eeg+emg+imu+fp,1,0.004914558,0.7920711,0.20301433
observed_schema_replay,observed_schema_5pct,embracenet,S5_1,5,True,eeg+emg+imu+fp,2,0.0036012328,0.003172524,0.99322623
observed_schema_replay,observed_schema_5pct,embracenet,S6_0.5,6,True,eeg+emg+imu+fp,0,0.99511766,0.002360135,0.0025222378
observed_schema_replay,observed_schema_5pct,embracenet,S6_0.75,6,True,eeg+emg+imu+fp,1,0.1669993,0.8294297,0.00357101
observed_schema_replay,observed_schema_5pct,embracenet,S6_1,6,True,eeg+emg+imu+fp,2,0.0012521775,0.32334355,0.6754043
observed_schema_replay,observed_schema_5pct,embracenet,S9_0.5,9,True,eeg+emg+imu+fp,0,0.994504,0.0038137387,0.0016822888
observed_schema_replay,observed_schema_5pct,embracenet,S9_0.75,9,True,eeg+emg+imu+fp,1,0.0037445023,0.9935322,0.0027232766
observed_schema_replay,observed_schema_5pct,embracenet,S9_1,9,True,eeg+emg+imu+fp,2,0.0026334126,0.0030442055,0.99432236
observed_schema_replay,observed_schema_5pct,embracenet,S17_0.5,17,True,eeg+emg+imu+fp,0,0.9941187,0.0021757984,0.0037055314
observed_schema_replay,observed_schema_5pct,embracenet,S17_0.75,17,True,eeg+emg+imu+fp,1,0.1597469,0.83788824,0.0023648927
observed_schema_replay,observed_schema_5pct,embracenet,S17_1,17,True,eeg+emg+imu+fp,2,0.0017963472,0.1652364,0.8329673
observed_schema_replay,observed_schema_5pct,embracenet,S18_0.5,18,True,eeg+emg+imu+fp,0,0.9954478,0.002022829,0.002529327
observed_schema_replay,observed_schema_5pct,embracenet,S18_0.75,18,True,eeg+emg+imu+fp,1,0.23373316,0.76400524,0.0022615779
observed_schema_replay,observed_schema_5pct,embracenet,S18_1,18,True,eeg+emg+imu+fp,2,0.0023278045,0.447541,0.55013114
observed_schema_replay,observed_schema_5pct,embracenet,S32_0.5,32,True,eeg+emg+imu+fp,0,0.99526626,0.0023329959,0.00240073
observed_schema_replay,observed_schema_5pct,embracenet,S32_0.75,32,True,eeg+emg+imu+fp,1,0.0039957394,0.99411577,0.0018885225
observed_schema_replay,observed_schema_5pct,embracenet,S33_0.5,33,True,eeg+emg+imu+fp,0,0.99284774,0.0023832002,0.004768997
observed_schema_replay,observed_schema_5pct,embracenet,S33_0.75,33,True,eeg+emg+imu+fp,1,0.002627414,0.993969,0.003403513
observed_schema_replay,observed_schema_5pct,embracenet,S33_1,33,True,eeg+emg+imu+fp,2,0.00259192,0.027398154,0.97001
observed_schema_replay,observed_schema_5pct,embracenet,S35_0.5,35,True,eeg+emg+imu+fp,0,0.99543744,0.0024758286,0.002086724
observed_schema_replay,observed_schema_5pct,embracenet,S35_0.75,35,True,eeg+emg+imu+fp,1,0.018720083,0.9792822,0.0019976578
observed_schema_replay,observed_schema_5pct,embracenet,S35_1,35,True,eeg+emg+imu+fp,2,0.0015514755,0.053436846,0.9450117
observed_schema_replay,observed_schema_5pct,embracenet,S44_0.5,44,True,eeg+emg+imu+fp,0,0.99537754,0.0025275194,0.0020949163
observed_schema_replay,observed_schema_5pct,embracenet,S44_0.75,44,True,eeg+emg+imu+fp,1,0.011734727,0.9865013,0.001763981
observed_schema_replay,observed_schema_5pct,embracenet,S44_1,44,True,eeg+emg+imu+fp,2,0.0025543636,0.020699877,0.9767458
observed_schema_replay,observed_schema_5pct,embracenet,S53_0.5,53,True,eeg+emg+imu+fp,0,0.9926815,0.0034328746,0.0038856727
observed_schema_replay,observed_schema_5pct,embracenet,S53_0.75,53,True,eeg+emg+imu+fp,1,0.018302055,0.96983796,0.011859957
observed_schema_replay,observed_schema_5pct,embracenet,S53_1,53,True,eeg+emg+imu+fp,2,0.0016844072,0.01567273,0.9826429
observed_schema_replay,observed_schema_5pct,fasca,S4_0.5,4,True,eeg+emg+imu+fp,0,0.99280596,0.0038572245,0.003336862
observed_schema_replay,observed_schema_5pct,fasca,S4_0.75,4,True,eeg+emg+imu+fp,1,0.026496528,0.96861434,0.0048891613
observed_schema_replay,observed_schema_5pct,fasca,S4_1,4,True,eeg+emg+imu+fp,2,0.002114685,0.01618938,0.98169595
observed_schema_replay,observed_schema_5pct,fasca,S5_0.5,5,True,eeg+emg+imu+fp,0,0.97421783,0.02093103,0.0048511666
observed_schema_replay,observed_schema_5pct,fasca,S5_0.75,5,True,eeg+emg+imu+fp,1,0.0056861886,0.89285445,0.10145932
observed_schema_replay,observed_schema_5pct,fasca,S5_1,5,True,eeg+emg+imu+fp,2,0.0038606704,0.003935916,0.9922034
observed_schema_replay,observed_schema_5pct,fasca,S6_0.5,6,True,eeg+emg+imu+fp,0,0.99072695,0.0056042788,0.003668786
observed_schema_replay,observed_schema_5pct,fasca,S6_0.75,6,True,eeg+emg+imu+fp,1,0.07062612,0.92379993,0.005574019
observed_schema_replay,observed_schema_5pct,fasca,S6_1,6,True,eeg+emg+imu+fp,2,0.0018694283,0.336022,0.6621086
observed_schema_replay,observed_schema_5pct,fasca,S9_0.5,9,True,eeg+emg+imu+fp,0,0.98710483,0.010064189,0.0028309599
observed_schema_replay,observed_schema_5pct,fasca,S9_0.75,9,True,eeg+emg+imu+fp,1,0.0027709743,0.9910634,0.006165596
observed_schema_replay,observed_schema_5pct,fasca,S9_1,9,True,eeg+emg+imu+fp,2,0.0033554304,0.0034854289,0.9931591
observed_schema_replay,observed_schema_5pct,fasca,S17_0.5,17,True,eeg+emg+imu+fp,0,0.9921706,0.0044087814,0.003420635
observed_schema_replay,observed_schema_5pct,fasca,S17_0.75,17,True,eeg+emg+imu+fp,1,0.04172561,0.9558117,0.0024627016
observed_schema_replay,observed_schema_5pct,fasca,S17_1,17,True,eeg+emg+imu+fp,2,0.0031654781,0.18171649,0.815118
observed_schema_replay,observed_schema_5pct,fasca,S18_0.5,18,True,eeg+emg+imu+fp,0,0.99333507,0.0036532318,0.0030117242
observed_schema_replay,observed_schema_5pct,fasca,S18_0.75,18,True,eeg+emg+imu+fp,1,0.024150474,0.9736467,0.002202817
observed_schema_replay,observed_schema_5pct,fasca,S18_1,18,True,eeg+emg+imu+fp,2,0.0031750714,0.08289487,0.9139301
observed_schema_replay,observed_schema_5pct,fasca,S32_0.5,32,True,eeg+emg+imu+fp,0,0.9923496,0.004459878,0.003190527
observed_schema_replay,observed_schema_5pct,fasca,S32_0.75,32,True,eeg+emg+imu+fp,1,0.0068079173,0.99038935,0.0028027305
observed_schema_replay,observed_schema_5pct,fasca,S33_0.5,33,True,eeg+emg+imu+fp,0,0.9897525,0.005838806,0.0044088084
observed_schema_replay,observed_schema_5pct,fasca,S33_0.75,33,True,eeg+emg+imu+fp,1,0.0035104482,0.9908144,0.0056751384
observed_schema_replay,observed_schema_5pct,fasca,S33_1,33,True,eeg+emg+imu+fp,2,0.0035924818,0.007398158,0.9890094
observed_schema_replay,observed_schema_5pct,fasca,S35_0.5,35,True,eeg+emg+imu+fp,0,0.9909623,0.006279221,0.0027583875
observed_schema_replay,observed_schema_5pct,fasca,S35_0.75,35,True,eeg+emg+imu+fp,1,0.0057184007,0.98934454,0.0049370676
observed_schema_replay,observed_schema_5pct,fasca,S35_1,35,True,eeg+emg+imu+fp,2,0.0023723843,0.021612309,0.9760153
observed_schema_replay,observed_schema_5pct,fasca,S44_0.5,44,True,eeg+emg+imu+fp,0,0.9851484,0.012120332,0.002731315
observed_schema_replay,observed_schema_5pct,fasca,S44_0.75,44,True,eeg+emg+imu+fp,1,0.010317108,0.9828463,0.0068365727
observed_schema_replay,observed_schema_5pct,fasca,S44_1,44,True,eeg+emg+imu+fp,2,0.0036900502,0.005866964,0.990443
observed_schema_replay,observed_schema_5pct,fasca,S53_0.5,53,True,eeg+emg+imu+fp,0,0.96438104,0.02789482,0.007724156
observed_schema_replay,observed_schema_5pct,fasca,S53_0.75,53,True,eeg+emg+imu+fp,1,0.002330102,0.92593485,0.07173504
observed_schema_replay,observed_schema_5pct,fasca,S53_1,53,True,eeg+emg+imu+fp,2,0.0023407356,0.004961744,0.99269754
observed_schema_replay,observed_schema_5pct,fter,S4_0.5,4,True,eeg+emg+imu+fp,0,0.99280596,0.0038572245,0.003336862
observed_schema_replay,observed_schema_5pct,fter,S4_0.75,4,True,eeg+emg+imu+fp,1,0.026496528,0.96861434,0.0048891613
observed_schema_replay,observed_schema_5pct,fter,S4_1,4,True,eeg+emg+imu+fp,2,0.002114685,0.01618938,0.98169595
observed_schema_replay,observed_schema_5pct,fter,S5_0.5,5,True,eeg+emg+imu+fp,0,0.97421783,0.02093103,0.0048511666
observed_schema_replay,observed_schema_5pct,fter,S5_0.75,5,True,eeg+emg+imu+fp,1,0.0056861886,0.89285445,0.10145932
observed_schema_replay,observed_schema_5pct,fter,S5_1,5,True,eeg+emg+imu+fp,2,0.0038606704,0.003935916,0.9922034
observed_schema_replay,observed_schema_5pct,fter,S6_0.5,6,True,eeg+emg+imu+fp,0,0.99072695,0.0056042788,0.003668786
observed_schema_replay,observed_schema_5pct,fter,S6_0.75,6,True,eeg+emg+imu+fp,1,0.07062612,0.92379993,0.005574019
observed_schema_replay,observed_schema_5pct,fter,S6_1,6,True,eeg+emg+imu+fp,2,0.0018694283,0.336022,0.6621086
observed_schema_replay,observed_schema_5pct,fter,S9_0.5,9,True,eeg+emg+imu+fp,0,0.98710483,0.010064189,0.0028309599
observed_schema_replay,observed_schema_5pct,fter,S9_0.75,9,True,eeg+emg+imu+fp,1,0.0027709743,0.9910634,0.006165596
observed_schema_replay,observed_schema_5pct,fter,S9_1,9,True,eeg+emg+imu+fp,2,0.0033554304,0.0034854289,0.9931591
observed_schema_replay,observed_schema_5pct,fter,S17_0.5,17,True,eeg+emg+imu+fp,0,0.9921706,0.0044087814,0.003420635
observed_schema_replay,observed_schema_5pct,fter,S17_0.75,17,True,eeg+emg+imu+fp,1,0.04172561,0.9558117,0.0024627016
observed_schema_replay,observed_schema_5pct,fter,S17_1,17,True,eeg+emg+imu+fp,2,0.0031654781,0.18171649,0.815118
observed_schema_replay,observed_schema_5pct,fter,S18_0.5,18,True,eeg+emg+imu+fp,0,0.99333507,0.0036532318,0.0030117242
observed_schema_replay,observed_schema_5pct,fter,S18_0.75,18,True,eeg+emg+imu+fp,1,0.024150474,0.9736467,0.002202817
observed_schema_replay,observed_schema_5pct,fter,S18_1,18,True,eeg+emg+imu+fp,2,0.0031750714,0.08289487,0.9139301
observed_schema_replay,observed_schema_5pct,fter,S32_0.5,32,True,eeg+emg+imu+fp,0,0.9923496,0.004459878,0.003190527
observed_schema_replay,observed_schema_5pct,fter,S32_0.75,32,True,eeg+emg+imu+fp,1,0.0068079173,0.99038935,0.0028027305
observed_schema_replay,observed_schema_5pct,fter,S33_0.5,33,True,eeg+emg+imu+fp,0,0.9897525,0.005838806,0.0044088084
observed_schema_replay,observed_schema_5pct,fter,S33_0.75,33,True,eeg+emg+imu+fp,1,0.0035104482,0.9908144,0.0056751384
observed_schema_replay,observed_schema_5pct,fter,S33_1,33,True,eeg+emg+imu+fp,2,0.0035924818,0.007398158,0.9890094
observed_schema_replay,observed_schema_5pct,fter,S35_0.5,35,True,eeg+emg+imu+fp,0,0.9909623,0.006279221,0.0027583875
observed_schema_replay,observed_schema_5pct,fter,S35_0.75,35,True,eeg+emg+imu+fp,1,0.0057184007,0.98934454,0.0049370676
observed_schema_replay,observed_schema_5pct,fter,S35_1,35,True,eeg+emg+imu+fp,2,0.0023723843,0.021612309,0.9760153
observed_schema_replay,observed_schema_5pct,fter,S44_0.5,44,True,eeg+emg+imu+fp,0,0.9851484,0.012120332,0.002731315
observed_schema_replay,observed_schema_5pct,fter,S44_0.75,44,True,eeg+emg+imu+fp,1,0.010317108,0.9828463,0.0068365727
observed_schema_replay,observed_schema_5pct,fter,S44_1,44,True,eeg+emg+imu+fp,2,0.0036900502,0.005866964,0.990443
observed_schema_replay,observed_schema_5pct,fter,S53_0.5,53,True,eeg+emg+imu+fp,0,0.96438104,0.02789482,0.007724156
observed_schema_replay,observed_schema_5pct,fter,S53_0.75,53,True,eeg+emg+imu+fp,1,0.002330102,0.92593485,0.07173504
observed_schema_replay,observed_schema_5pct,fter,S53_1,53,True,eeg+emg+imu+fp,2,0.0023407356,0.004961744,0.99269754
observed_schema_replay,observed_schema_10pct,embracenet,S4_0.5,4,True,eeg+emg+imu+fp,0,0.99478644,0.0034997463,0.0017138006
observed_schema_replay,observed_schema_10pct,embracenet,S4_0.75,4,True,eeg+emg+imu+fp,1,0.008783993,0.98812205,0.003093959
observed_schema_replay,observed_schema_10pct,embracenet,S4_1,4,True,eeg+emg+imu+fp,2,0.0018935067,0.0077178027,0.9903887
observed_schema_replay,observed_schema_10pct,embracenet,S5_0.5,5,True,eeg+emg+imu+fp,0,0.9806915,0.005825398,0.01348311
observed_schema_replay,observed_schema_10pct,embracenet,S5_0.75,5,True,eeg+emg+imu+fp,1,0.004935994,0.7922922,0.2027718
observed_schema_replay,observed_schema_10pct,embracenet,S5_1,5,True,eeg+emg+imu+fp,2,0.003611426,0.0031742593,0.9932143
observed_schema_replay,observed_schema_10pct,embracenet,S6_0.5,6,True,eeg+emg+imu+fp,0,0.9951167,0.0023609158,0.0025223645
observed_schema_replay,observed_schema_10pct,embracenet,S6_0.75,6,True,eeg+emg+imu+fp,1,0.16691016,0.82951397,0.0035758687
observed_schema_replay,observed_schema_10pct,embracenet,S6_1,6,True,eeg+emg+imu+fp,2,0.0012517729,0.3233108,0.67543745
observed_schema_replay,observed_schema_10pct,embracenet,S9_0.5,9,True,eeg+emg+imu+fp,0,0.9945064,0.0038138393,0.0016797717
observed_schema_replay,observed_schema_10pct,embracenet,S9_0.75,9,True,eeg+emg+imu+fp,1,0.0037473843,0.99353796,0.0027146041
observed_schema_replay,observed_schema_10pct,embracenet,S9_1,9,True,eeg+emg+imu+fp,2,0.0026339495,0.003046697,0.9943194
observed_schema_replay,observed_schema_10pct,embracenet,S17_0.5,17,True,eeg+emg+imu+fp,0,0.9941182,0.0021750533,0.0037067987
observed_schema_replay,observed_schema_10pct,embracenet,S17_0.75,17,True,eeg+emg+imu+fp,1,0.15980978,0.83782554,0.0023646345
observed_schema_replay,observed_schema_10pct,embracenet,S17_1,17,True,eeg+emg+imu+fp,2,0.0017974349,0.16532113,0.83288145
observed_schema_replay,observed_schema_10pct,embracenet,S18_0.5,18,True,eeg+emg+imu+fp,0,0.99545556,0.002021782,0.0025226
observed_schema_replay,observed_schema_10pct,embracenet,S18_0.75,18,True,eeg+emg+imu+fp,1,0.2345018,0.7632486,0.0022495484
observed_schema_replay,observed_schema_10pct,embracenet,S18_1,18,True,eeg+emg+imu+fp,2,0.0023279777,0.44733384,0.5503382
observed_schema_replay,observed_schema_10pct,embracenet,S32_0.5,32,True,eeg+emg+imu+fp,0,0.995269,0.0023331454,0.002397948
observed_schema_replay,observed_schema_10pct,embracenet,S32_0.75,32,True,eeg+emg+imu+fp,1,0.004007432,0.99410766,0.0018849504
observed_schema_replay,observed_schema_10pct,embracenet,S33_0.5,33,True,eeg+emg+imu+fp,0,0.99286467,0.002381509,0.004753785
observed_schema_replay,observed_schema_10pct,embracenet,S33_0.75,33,True,eeg+emg+imu+fp,1,0.0026309742,0.99397117,0.0033978038
observed_schema_replay,observed_schema_10pct,embracenet,S33_1,33,True,eeg+emg+imu+fp,2,0.002587952,0.02739687,0.9700152
observed_schema_replay,observed_schema_10pct,embracenet,S35_0.5,35,True,eeg+emg+imu+fp,0,0.99541765,0.0024788573,0.0021034875
observed_schema_replay,observed_schema_10pct,embracenet,S35_0.75,35,True,eeg+emg+imu+fp,1,0.018385785,0.9796021,0.0020121012
observed_schema_replay,observed_schema_10pct,embracenet,S35_1,35,True,eeg+emg+imu+fp,2,0.0015313484,0.052148953,0.94631976
observed_schema_replay,observed_schema_10pct,embracenet,S44_0.5,44,True,eeg+emg+imu+fp,0,0.99538547,0.0025266937,0.0020878655
observed_schema_replay,observed_schema_10pct,embracenet,S44_0.75,44,True,eeg+emg+imu+fp,1,0.011772116,0.98646635,0.0017615758
observed_schema_replay,observed_schema_10pct,embracenet,S44_1,44,True,eeg+emg+imu+fp,2,0.002559541,0.020734264,0.9767062
observed_schema_replay,observed_schema_10pct,embracenet,S53_0.5,53,True,eeg+emg+imu+fp,0,0.9926777,0.0034329018,0.0038894208
observed_schema_replay,observed_schema_10pct,embracenet,S53_0.75,53,True,eeg+emg+imu+fp,1,0.018257381,0.969872,0.011870666
observed_schema_replay,observed_schema_10pct,embracenet,S53_1,53,True,eeg+emg+imu+fp,2,0.0016820409,0.01566185,0.98265606
observed_schema_replay,observed_schema_10pct,fasca,S4_0.5,4,True,eeg+emg+imu+fp,0,0.99280757,0.0038576082,0.0033348382
observed_schema_replay,observed_schema_10pct,fasca,S4_0.75,4,True,eeg+emg+imu+fp,1,0.02651579,0.9686089,0.0048752306
observed_schema_replay,observed_schema_10pct,fasca,S4_1,4,True,eeg+emg+imu+fp,2,0.0021214657,0.016203398,0.98167515
observed_schema_replay,observed_schema_10pct,fasca,S5_0.5,5,True,eeg+emg+imu+fp,0,0.9742568,0.020899482,0.004843662
observed_schema_replay,observed_schema_10pct,fasca,S5_0.75,5,True,eeg+emg+imu+fp,1,0.005707748,0.8931298,0.101162456
observed_schema_replay,observed_schema_10pct,fasca,S5_1,5,True,eeg+emg+imu+fp,2,0.0038768437,0.003933909,0.9921892
observed_schema_replay,observed_schema_10pct,fasca,S6_0.5,6,True,eeg+emg+imu+fp,0,0.99074006,0.0055981274,0.003661832
observed_schema_replay,observed_schema_10pct,fasca,S6_0.75,6,True,eeg+emg+imu+fp,1,0.070576996,0.92385083,0.0055721006
observed_schema_replay,observed_schema_10pct,fasca,S6_1,6,True,eeg+emg+imu+fp,2,0.0018673044,0.33586207,0.6622706
observed_schema_replay,observed_schema_10pct,fasca,S9_0.5,9,True,eeg+emg+imu+fp,0,0.9871133,0.010060537,0.0028261736
observed_schema_replay,observed_schema_10pct,fasca,S9_0.75,9,True,eeg+emg+imu+fp,1,0.0027727857,0.99107647,0.0061507453
observed_schema_replay,observed_schema_10pct,fasca,S9_1,9,True,eeg+emg+imu+fp,2,0.0033561557,0.00348431,0.99315953
observed_schema_replay,observed_schema_10pct,fasca,S17_0.5,17,True,eeg+emg+imu+fp,0,0.9921655,0.0044105286,0.0034239364
observed_schema_replay,observed_schema_10pct,fasca,S17_0.75,17,True,eeg+emg+imu+fp,1,0.04171736,0.95581955,0.0024631075
observed_schema_replay,observed_schema_10pct,fasca,S17_1,17,True,eeg+emg+imu+fp,2,0.0031702025,0.181543,0.8152868
observed_schema_replay,observed_schema_10pct,fasca,S18_0.5,18,True,eeg+emg+imu+fp,0,0.9933459,0.0036524057,0.0030016678
observed_schema_replay,observed_schema_10pct,fasca,S18_0.75,18,True,eeg+emg+imu+fp,1,0.02425608,0.9735473,0.0021966484
observed_schema_replay,observed_schema_10pct,fasca,S18_1,18,True,eeg+emg+imu+fp,2,0.0031770624,0.08292147,0.9139015
observed_schema_replay,observed_schema_10pct,fasca,S32_0.5,32,True,eeg+emg+imu+fp,0,0.992353,0.004460314,0.0031866394
observed_schema_replay,observed_schema_10pct,fasca,S32_0.75,32,True,eeg+emg+imu+fp,1,0.0068140714,0.99038935,0.0027965794
observed_schema_replay,observed_schema_10pct,fasca,S33_0.5,33,True,eeg+emg+imu+fp,0,0.98977214,0.0058365036,0.004391392
observed_schema_replay,observed_schema_10pct,fasca,S33_0.75,33,True,eeg+emg+imu+fp,1,0.0035109778,0.9908176,0.0056714267
observed_schema_replay,observed_schema_10pct,fasca,S33_1,33,True,eeg+emg+imu+fp,2,0.003583073,0.007401711,0.9890153
observed_schema_replay,observed_schema_10pct,fasca,S35_0.5,35,True,eeg+emg+imu+fp,0,0.9909277,0.0062903594,0.0027818773
observed_schema_replay,observed_schema_10pct,fasca,S35_0.75,35,True,eeg+emg+imu+fp,1,0.0056573288,0.9893558,0.0049868217
observed_schema_replay,observed_schema_10pct,fasca,S35_1,35,True,eeg+emg+imu+fp,2,0.0023012056,0.021485552,0.9762132
observed_schema_replay,observed_schema_10pct,fasca,S44_0.5,44,True,eeg+emg+imu+fp,0,0.9851508,0.012127153,0.0027220023
observed_schema_replay,observed_schema_10pct,fasca,S44_0.75,44,True,eeg+emg+imu+fp,1,0.010340654,0.98281693,0.006842408
observed_schema_replay,observed_schema_10pct,fasca,S44_1,44,True,eeg+emg+imu+fp,2,0.0037010566,0.005875923,0.990423
observed_schema_replay,observed_schema_10pct,fasca,S53_0.5,53,True,eeg+emg+imu+fp,0,0.9644111,0.027864797,0.0077240574
observed_schema_replay,observed_schema_10pct,fasca,S53_0.75,53,True,eeg+emg+imu+fp,1,0.0023261977,0.9258557,0.071818106
observed_schema_replay,observed_schema_10pct,fasca,S53_1,53,True,eeg+emg+imu+fp,2,0.0023420479,0.0049599167,0.992698
observed_schema_replay,observed_schema_10pct,fter,S4_0.5,4,True,eeg+emg+imu+fp,0,0.99280757,0.0038576082,0.0033348382
observed_schema_replay,observed_schema_10pct,fter,S4_0.75,4,True,eeg+emg+imu+fp,1,0.02651579,0.9686089,0.0048752306
observed_schema_replay,observed_schema_10pct,fter,S4_1,4,True,eeg+emg+imu+fp,2,0.0021214657,0.016203398,0.98167515
observed_schema_replay,observed_schema_10pct,fter,S5_0.5,5,True,eeg+emg+imu+fp,0,0.9742568,0.020899482,0.004843662
observed_schema_replay,observed_schema_10pct,fter,S5_0.75,5,True,eeg+emg+imu+fp,1,0.005707748,0.8931298,0.101162456
observed_schema_replay,observed_schema_10pct,fter,S5_1,5,True,eeg+emg+imu+fp,2,0.0038768437,0.003933909,0.9921892
observed_schema_replay,observed_schema_10pct,fter,S6_0.5,6,True,eeg+emg+imu+fp,0,0.99074006,0.0055981274,0.003661832
observed_schema_replay,observed_schema_10pct,fter,S6_0.75,6,True,eeg+emg+imu+fp,1,0.070576996,0.92385083,0.0055721006
observed_schema_replay,observed_schema_10pct,fter,S6_1,6,True,eeg+emg+imu+fp,2,0.0018673044,0.33586207,0.6622706
observed_schema_replay,observed_schema_10pct,fter,S9_0.5,9,True,eeg+emg+imu+fp,0,0.9871133,0.010060537,0.0028261736
observed_schema_replay,observed_schema_10pct,fter,S9_0.75,9,True,eeg+emg+imu+fp,1,0.0027727857,0.99107647,0.0061507453
observed_schema_replay,observed_schema_10pct,fter,S9_1,9,True,eeg+emg+imu+fp,2,0.0033561557,0.00348431,0.99315953
observed_schema_replay,observed_schema_10pct,fter,S17_0.5,17,True,eeg+emg+imu+fp,0,0.9921655,0.0044105286,0.0034239364
observed_schema_replay,observed_schema_10pct,fter,S17_0.75,17,True,eeg+emg+imu+fp,1,0.04171736,0.95581955,0.0024631075
observed_schema_replay,observed_schema_10pct,fter,S17_1,17,True,eeg+emg+imu+fp,2,0.0031702025,0.181543,0.8152868
observed_schema_replay,observed_schema_10pct,fter,S18_0.5,18,True,eeg+emg+imu+fp,0,0.9933459,0.0036524057,0.0030016678
observed_schema_replay,observed_schema_10pct,fter,S18_0.75,18,True,eeg+emg+imu+fp,1,0.02425608,0.9735473,0.0021966484
observed_schema_replay,observed_schema_10pct,fter,S18_1,18,True,eeg+emg+imu+fp,2,0.0031770624,0.08292147,0.9139015
observed_schema_replay,observed_schema_10pct,fter,S32_0.5,32,True,eeg+emg+imu+fp,0,0.992353,0.004460314,0.0031866394
observed_schema_replay,observed_schema_10pct,fter,S32_0.75,32,True,eeg+emg+imu+fp,1,0.0068140714,0.99038935,0.0027965794
observed_schema_replay,observed_schema_10pct,fter,S33_0.5,33,True,eeg+emg+imu+fp,0,0.98977214,0.0058365036,0.004391392
observed_schema_replay,observed_schema_10pct,fter,S33_0.75,33,True,eeg+emg+imu+fp,1,0.0035109778,0.9908176,0.0056714267
observed_schema_replay,observed_schema_10pct,fter,S33_1,33,True,eeg+emg+imu+fp,2,0.003583073,0.007401711,0.9890153
observed_schema_replay,observed_schema_10pct,fter,S35_0.5,35,True,eeg+emg+imu+fp,0,0.9909277,0.0062903594,0.0027818773
observed_schema_replay,observed_schema_10pct,fter,S35_0.75,35,True,eeg+emg+imu+fp,1,0.0056573288,0.9893558,0.0049868217
observed_schema_replay,observed_schema_10pct,fter,S35_1,35,True,eeg+emg+imu+fp,2,0.0023012056,0.021485552,0.9762132
observed_schema_replay,observed_schema_10pct,fter,S44_0.5,44,True,eeg+emg+imu+fp,0,0.9851508,0.012127153,0.0027220023
observed_schema_replay,observed_schema_10pct,fter,S44_0.75,44,True,eeg+emg+imu+fp,1,0.010340654,0.98281693,0.006842408
observed_schema_replay,observed_schema_10pct,fter,S44_1,44,True,eeg+emg+imu+fp,2,0.0037010566,0.005875923,0.990423
observed_schema_replay,observed_schema_10pct,fter,S53_0.5,53,True,eeg+emg+imu+fp,0,0.9644111,0.027864797,0.0077240574
observed_schema_replay,observed_schema_10pct,fter,S53_0.75,53,True,eeg+emg+imu+fp,1,0.0023261977,0.9258557,0.071818106
observed_schema_replay,observed_schema_10pct,fter,S53_1,53,True,eeg+emg+imu+fp,2,0.0023420479,0.0049599167,0.992698
observed_schema_replay,observed_eeg_rejected,embracenet,S4_0.5,4,True,emg+imu+fp,0,0.99505466,0.003117755,0.0018276023
observed_schema_replay,observed_eeg_rejected,embracenet,S4_0.75,4,True,emg+imu+fp,1,0.008631848,0.98817706,0.003191133
observed_schema_replay,observed_eeg_rejected,embracenet,S4_1,4,True,emg+imu+fp,2,0.0017974717,0.0069565917,0.9912459
observed_schema_replay,observed_eeg_rejected,embracenet,S5_0.5,5,True,emg+imu+fp,0,0.97389436,0.005186787,0.020918833
observed_schema_replay,observed_eeg_rejected,embracenet,S5_0.75,5,True,emg+imu+fp,1,0.003621489,0.75847673,0.23790179
observed_schema_replay,observed_eeg_rejected,embracenet,S5_1,5,True,emg+imu+fp,2,0.0029248914,0.0028704535,0.9942046
observed_schema_replay,observed_eeg_rejected,embracenet,S6_0.5,6,True,emg+imu+fp,0,0.9954125,0.002088016,0.002499427
observed_schema_replay,observed_eeg_rejected,embracenet,S6_0.75,6,True,emg+imu+fp,1,0.18799233,0.8090622,0.002945452
observed_schema_replay,observed_eeg_rejected,embracenet,S6_1,6,True,emg+imu+fp,2,0.0011962525,0.32799798,0.67080575
observed_schema_replay,observed_eeg_rejected,embracenet,S9_0.5,9,True,emg+imu+fp,0,0.99493986,0.0034135694,0.001646556
observed_schema_replay,observed_eeg_rejected,embracenet,S9_0.75,9,True,emg+imu+fp,1,0.0033881087,0.9941903,0.0024216212
observed_schema_replay,observed_eeg_rejected,embracenet,S9_1,9,True,emg+imu+fp,2,0.0026989207,0.0026380895,0.994663
observed_schema_replay,observed_eeg_rejected,embracenet,S17_0.5,17,True,emg+imu+fp,0,0.99463797,0.0019107806,0.0034512952
observed_schema_replay,observed_eeg_rejected,embracenet,S17_0.75,17,True,emg+imu+fp,1,0.14779076,0.84993047,0.0022787976
observed_schema_replay,observed_eeg_rejected,embracenet,S17_1,17,True,emg+imu+fp,2,0.0013358068,0.15646382,0.84220034
observed_schema_replay,observed_eeg_rejected,embracenet,S18_0.5,18,True,emg+imu+fp,0,0.9954018,0.0018308172,0.0027674332
observed_schema_replay,observed_eeg_rejected,embracenet,S18_0.75,18,True,emg+imu+fp,1,0.21474409,0.78305525,0.0022006705
observed_schema_replay,observed_eeg_rejected,embracenet,S18_1,18,True,emg+imu+fp,2,0.0015635617,0.4281092,0.5703272
observed_schema_replay,observed_eeg_rejected,embracenet,S32_0.5,32,True,emg+imu+fp,0,0.995302,0.0020464128,0.002651509
observed_schema_replay,observed_eeg_rejected,embracenet,S32_0.75,32,True,emg+imu+fp,1,0.00318788,0.99475306,0.0020590425
observed_schema_replay,observed_eeg_rejected,embracenet,S33_0.5,33,True,emg+imu+fp,0,0.9924628,0.0021001948,0.005436998
observed_schema_replay,observed_eeg_rejected,embracenet,S33_0.75,33,True,emg+imu+fp,1,0.0019707698,0.99400145,0.0040277382
observed_schema_replay,observed_eeg_rejected,embracenet,S33_1,33,True,emg+imu+fp,2,0.0017929709,0.024732435,0.97347456
observed_schema_replay,observed_eeg_rejected,embracenet,S35_0.5,35,True,emg+imu+fp,0,0.9956798,0.0022091754,0.002111043
observed_schema_replay,observed_eeg_rejected,embracenet,S35_0.75,35,True,emg+imu+fp,1,0.01781793,0.9803365,0.0018455948
observed_schema_replay,observed_eeg_rejected,embracenet,S35_1,35,True,emg+imu+fp,2,0.0013618447,0.048455644,0.9501825
observed_schema_replay,observed_eeg_rejected,embracenet,S44_0.5,44,True,emg+imu+fp,0,0.9954972,0.0022483142,0.0022544526
observed_schema_replay,observed_eeg_rejected,embracenet,S44_0.75,44,True,emg+imu+fp,1,0.008544515,0.98962086,0.0018346008
observed_schema_replay,observed_eeg_rejected,embracenet,S44_1,44,True,emg+imu+fp,2,0.0020009666,0.017401969,0.9805971
observed_schema_replay,observed_eeg_rejected,embracenet,S53_0.5,53,True,emg+imu+fp,0,0.99370176,0.0029426597,0.003355533
observed_schema_replay,observed_eeg_rejected,embracenet,S53_0.75,53,True,emg+imu+fp,1,0.027010283,0.96428996,0.008699708
observed_schema_replay,observed_eeg_rejected,embracenet,S53_1,53,True,emg+imu+fp,2,0.0017076251,0.014029571,0.98426276
observed_schema_replay,observed_eeg_rejected,fasca,S4_0.5,4,True,emg+imu+fp,0,0.99280334,0.0035914928,0.00360515
observed_schema_replay,observed_eeg_rejected,fasca,S4_0.75,4,True,emg+imu+fp,1,0.023182288,0.97207433,0.004743344
observed_schema_replay,observed_eeg_rejected,fasca,S4_1,4,True,emg+imu+fp,2,0.002047994,0.015030262,0.9829218
observed_schema_replay,observed_eeg_rejected,fasca,S5_0.5,5,True,emg+imu+fp,0,0.9711363,0.022376558,0.0064871884
observed_schema_replay,observed_eeg_rejected,fasca,S5_0.75,5,True,emg+imu+fp,1,0.00427688,0.86796945,0.12775369
observed_schema_replay,observed_eeg_rejected,fasca,S5_1,5,True,emg+imu+fp,2,0.0031581859,0.0036219389,0.99321985
observed_schema_replay,observed_eeg_rejected,fasca,S6_0.5,6,True,emg+imu+fp,0,0.991824,0.0049972353,0.003178779
observed_schema_replay,observed_eeg_rejected,fasca,S6_0.75,6,True,emg+imu+fp,1,0.0784658,0.91788703,0.0036471093
observed_schema_replay,observed_eeg_rejected,fasca,S6_1,6,True,emg+imu+fp,2,0.0019205678,0.35877976,0.6392997
observed_schema_replay,observed_eeg_rejected,fasca,S9_0.5,9,True,emg+imu+fp,0,0.9880697,0.009302755,0.0026275886
observed_schema_replay,observed_eeg_rejected,fasca,S9_0.75,9,True,emg+imu+fp,1,0.0025432552,0.99181724,0.0056395433
observed_schema_replay,observed_eeg_rejected,fasca,S9_1,9,True,emg+imu+fp,2,0.003479298,0.0032034565,0.9933173
observed_schema_replay,observed_eeg_rejected,fasca,S17_0.5,17,True,emg+imu+fp,0,0.99292785,0.0039163274,0.0031557754
observed_schema_replay,observed_eeg_rejected,fasca,S17_0.75,17,True,emg+imu+fp,1,0.034974806,0.96246547,0.0025596966
observed_schema_replay,observed_eeg_rejected,fasca,S17_1,17,True,emg+imu+fp,2,0.002531627,0.16502117,0.83244723
observed_schema_replay,observed_eeg_rejected,fasca,S18_0.5,18,True,emg+imu+fp,0,0.9935495,0.003298926,0.003151546
observed_schema_replay,observed_eeg_rejected,fasca,S18_0.75,18,True,emg+imu+fp,1,0.016246224,0.9813722,0.002381579
observed_schema_replay,observed_eeg_rejected,fasca,S18_1,18,True,emg+imu+fp,2,0.0024214818,0.077994786,0.91958374
observed_schema_replay,observed_eeg_rejected,fasca,S32_0.5,32,True,emg+imu+fp,0,0.9924819,0.004004829,0.0035133027
observed_schema_replay,observed_eeg_rejected,fasca,S32_0.75,32,True,emg+imu+fp,1,0.0046824743,0.99198246,0.0033350748
observed_schema_replay,observed_eeg_rejected,fasca,S33_0.5,33,True,emg+imu+fp,0,0.98991656,0.0052342284,0.004849199
observed_schema_replay,observed_eeg_rejected,fasca,S33_0.75,33,True,emg+imu+fp,1,0.0025710193,0.98988324,0.0075457306
observed_schema_replay,observed_eeg_rejected,fasca,S33_1,33,True,emg+imu+fp,2,0.0026315681,0.0067370213,0.9906314
observed_schema_replay,observed_eeg_rejected,fasca,S35_0.5,35,True,emg+imu+fp,0,0.99170256,0.00563734,0.0026600899
observed_schema_replay,observed_eeg_rejected,fasca,S35_0.75,35,True,emg+imu+fp,1,0.004904104,0.9900971,0.004998743
observed_schema_replay,observed_eeg_rejected,fasca,S35_1,35,True,emg+imu+fp,2,0.0022818823,0.021429257,0.97628886
observed_schema_replay,observed_eeg_rejected,fasca,S44_0.5,44,True,emg+imu+fp,0,0.9840725,0.01308792,0.002839484
observed_schema_replay,observed_eeg_rejected,fasca,S44_0.75,44,True,emg+imu+fp,1,0.007004844,0.98427415,0.008721041
observed_schema_replay,observed_eeg_rejected,fasca,S44_1,44,True,emg+imu+fp,2,0.0030334143,0.005663706,0.9913029
observed_schema_replay,observed_eeg_rejected,fasca,S53_0.5,53,True,emg+imu+fp,0,0.9745589,0.020707076,0.004733996
observed_schema_replay,observed_eeg_rejected,fasca,S53_0.75,53,True,emg+imu+fp,1,0.0029090128,0.940466,0.056625005
observed_schema_replay,observed_eeg_rejected,fasca,S53_1,53,True,emg+imu+fp,2,0.002790207,0.0046586157,0.99255115
observed_schema_replay,observed_eeg_rejected,fter,S4_0.5,4,True,emg+imu+fp,0,0.99280334,0.0035914928,0.00360515
observed_schema_replay,observed_eeg_rejected,fter,S4_0.75,4,True,emg+imu+fp,1,0.023182288,0.97207433,0.004743344
observed_schema_replay,observed_eeg_rejected,fter,S4_1,4,True,emg+imu+fp,2,0.002047994,0.015030262,0.9829218
observed_schema_replay,observed_eeg_rejected,fter,S5_0.5,5,True,emg+imu+fp,0,0.9711363,0.022376558,0.0064871884
observed_schema_replay,observed_eeg_rejected,fter,S5_0.75,5,True,emg+imu+fp,1,0.00427688,0.86796945,0.12775369
observed_schema_replay,observed_eeg_rejected,fter,S5_1,5,True,emg+imu+fp,2,0.0031581859,0.0036219389,0.99321985
observed_schema_replay,observed_eeg_rejected,fter,S6_0.5,6,True,emg+imu+fp,0,0.991824,0.0049972353,0.003178779
observed_schema_replay,observed_eeg_rejected,fter,S6_0.75,6,True,emg+imu+fp,1,0.0784658,0.91788703,0.0036471093
observed_schema_replay,observed_eeg_rejected,fter,S6_1,6,True,emg+imu+fp,2,0.0019205678,0.35877976,0.6392997
observed_schema_replay,observed_eeg_rejected,fter,S9_0.5,9,True,emg+imu+fp,0,0.9880697,0.009302755,0.0026275886
observed_schema_replay,observed_eeg_rejected,fter,S9_0.75,9,True,emg+imu+fp,1,0.0025432552,0.99181724,0.0056395433
observed_schema_replay,observed_eeg_rejected,fter,S9_1,9,True,emg+imu+fp,2,0.003479298,0.0032034565,0.9933173
observed_schema_replay,observed_eeg_rejected,fter,S17_0.5,17,True,emg+imu+fp,0,0.99292785,0.0039163274,0.0031557754
observed_schema_replay,observed_eeg_rejected,fter,S17_0.75,17,True,emg+imu+fp,1,0.034974806,0.96246547,0.0025596966
observed_schema_replay,observed_eeg_rejected,fter,S17_1,17,True,emg+imu+fp,2,0.002531627,0.16502117,0.83244723
observed_schema_replay,observed_eeg_rejected,fter,S18_0.5,18,True,emg+imu+fp,0,0.9935495,0.003298926,0.003151546
observed_schema_replay,observed_eeg_rejected,fter,S18_0.75,18,True,emg+imu+fp,1,0.016246224,0.9813722,0.002381579
observed_schema_replay,observed_eeg_rejected,fter,S18_1,18,True,emg+imu+fp,2,0.0024214818,0.077994786,0.91958374
observed_schema_replay,observed_eeg_rejected,fter,S32_0.5,32,True,emg+imu+fp,0,0.9924819,0.004004829,0.0035133027
observed_schema_replay,observed_eeg_rejected,fter,S32_0.75,32,True,emg+imu+fp,1,0.0046824743,0.99198246,0.0033350748
observed_schema_replay,observed_eeg_rejected,fter,S33_0.5,33,True,emg+imu+fp,0,0.98991656,0.0052342284,0.004849199
observed_schema_replay,observed_eeg_rejected,fter,S33_0.75,33,True,emg+imu+fp,1,0.0025710193,0.98988324,0.0075457306
observed_schema_replay,observed_eeg_rejected,fter,S33_1,33,True,emg+imu+fp,2,0.0026315681,0.0067370213,0.9906314
observed_schema_replay,observed_eeg_rejected,fter,S35_0.5,35,True,emg+imu+fp,0,0.99170256,0.00563734,0.0026600899
observed_schema_replay,observed_eeg_rejected,fter,S35_0.75,35,True,emg+imu+fp,1,0.004904104,0.9900971,0.004998743
observed_schema_replay,observed_eeg_rejected,fter,S35_1,35,True,emg+imu+fp,2,0.0022818823,0.021429257,0.97628886
observed_schema_replay,observed_eeg_rejected,fter,S44_0.5,44,True,emg+imu+fp,0,0.9840725,0.01308792,0.002839484
observed_schema_replay,observed_eeg_rejected,fter,S44_0.75,44,True,emg+imu+fp,1,0.007004844,0.98427415,0.008721041
observed_schema_replay,observed_eeg_rejected,fter,S44_1,44,True,emg+imu+fp,2,0.0030334143,0.005663706,0.9913029
observed_schema_replay,observed_eeg_rejected,fter,S53_0.5,53,True,emg+imu+fp,0,0.9745589,0.020707076,0.004733996
observed_schema_replay,observed_eeg_rejected,fter,S53_0.75,53,True,emg+imu+fp,1,0.0029090128,0.940466,0.056625005
observed_schema_replay,observed_eeg_rejected,fter,S53_1,53,True,emg+imu+fp,2,0.002790207,0.0046586157,0.99255115
observed_schema_replay,observed_schema_zero,embracenet,S20_0.5,20,True,eeg+emg+imu+fp,0,0.99438554,0.0030088925,0.0026055279
observed_schema_replay,observed_schema_zero,embracenet,S20_0.75,20,True,eeg+emg+imu+fp,1,0.007409725,0.9903669,0.0022234486
observed_schema_replay,observed_schema_zero,embracenet,S20_1,20,True,eeg+emg+imu+fp,2,0.0028491446,0.017845502,0.9793053
observed_schema_replay,observed_schema_zero,embracenet,S22_0.5,22,True,eeg+emg+imu+fp,0,0.99317455,0.003006541,0.0038189348
observed_schema_replay,observed_schema_zero,embracenet,S22_0.75,22,True,eeg+emg+imu+fp,1,0.0020108079,0.991919,0.0060702437
observed_schema_replay,observed_schema_zero,embracenet,S22_1,22,True,eeg+emg+imu+fp,2,0.0035139753,0.0048863813,0.99159974
observed_schema_replay,observed_schema_zero,embracenet,S23_0.5,23,True,eeg+emg+imu+fp,0,0.99494,0.002405499,0.0026546146
observed_schema_replay,observed_schema_zero,embracenet,S23_0.75,23,True,eeg+emg+imu+fp,1,0.022417517,0.9759829,0.0015995927
observed_schema_replay,observed_schema_zero,embracenet,S23_1,23,True,eeg+emg+imu+fp,2,0.0044868537,0.009819162,0.985694
observed_schema_replay,observed_schema_zero,embracenet,S28_0.5,28,True,eeg+emg+imu+fp,0,0.98997694,0.0059224064,0.0041006063
observed_schema_replay,observed_schema_zero,embracenet,S28_0.75,28,True,eeg+emg+imu+fp,1,0.0018322855,0.9927387,0.0054289345
observed_schema_replay,observed_schema_zero,embracenet,S28_1,28,True,eeg+emg+imu+fp,2,0.0032610288,0.004993798,0.9917452
observed_schema_replay,observed_schema_zero,embracenet,S34_0.5,34,True,eeg+emg+imu+fp,0,0.9947446,0.0024606723,0.0027947093
observed_schema_replay,observed_schema_zero,embracenet,S34_0.75,34,True,eeg+emg+imu+fp,1,0.007108539,0.9913694,0.0015220377
observed_schema_replay,observed_schema_zero,embracenet,S34_1,34,True,eeg+emg+imu+fp,2,0.00394597,0.010989261,0.98506474
observed_schema_replay,observed_schema_zero,embracenet,S41_0.5,41,True,eeg+emg+imu+fp,0,0.9917179,0.0030237038,0.005258411
observed_schema_replay,observed_schema_zero,embracenet,S41_0.75,41,True,eeg+emg+imu+fp,1,0.0034155056,0.9939117,0.002672839
observed_schema_replay,observed_schema_zero,embracenet,S41_1,41,True,eeg+emg+imu+fp,2,0.002782421,0.01443855,0.982779
observed_schema_replay,observed_schema_zero,embracenet,S42_0.5,42,True,eeg+emg+imu+fp,0,0.9950013,0.0022658715,0.002732805
observed_schema_replay,observed_schema_zero,embracenet,S42_0.75,42,True,eeg+emg+imu+fp,1,0.09504976,0.90355676,0.001393502
observed_schema_replay,observed_schema_zero,embracenet,S42_1,42,True,eeg+emg+imu+fp,2,0.0061035496,0.20952721,0.78436923
observed_schema_replay,observed_schema_zero,embracenet,S45_0.5,45,True,eeg+emg+imu+fp,0,0.9950488,0.0022506707,0.0027004543
observed_schema_replay,observed_schema_zero,embracenet,S45_0.75,45,True,eeg+emg+imu+fp,1,0.010317898,0.9882331,0.001448942
observed_schema_replay,observed_schema_zero,embracenet,S51_0.5,51,True,eeg+emg+imu+fp,0,0.99458355,0.002533361,0.002883164
observed_schema_replay,observed_schema_zero,embracenet,S51_0.75,51,True,eeg+emg+imu+fp,1,0.0048922612,0.9930013,0.0021064677
observed_schema_replay,observed_schema_zero,embracenet,S51_1,51,True,eeg+emg+imu+fp,2,0.003343248,0.0074796765,0.98917705
observed_schema_replay,observed_schema_zero,embracenet,S54_0.5,54,True,eeg+emg+imu+fp,0,0.99490935,0.0025364335,0.0025542032
observed_schema_replay,observed_schema_zero,embracenet,S54_0.75,54,True,eeg+emg+imu+fp,1,0.009954254,0.98831296,0.0017327517
observed_schema_replay,observed_schema_zero,embracenet,S54_1,54,True,eeg+emg+imu+fp,2,0.0046100854,0.004893357,0.9904966
observed_schema_replay,observed_schema_zero,embracenet,S56_0.5,56,True,eeg+emg+imu+fp,0,0.99152,0.0027409485,0.005739003
observed_schema_replay,observed_schema_zero,embracenet,S56_0.75,56,True,eeg+emg+imu+fp,1,0.03276934,0.9603526,0.0068780663
observed_schema_replay,observed_schema_zero,embracenet,S56_1,56,True,eeg+emg+imu+fp,2,0.0025303676,0.25516135,0.7423083
observed_schema_replay,observed_schema_zero,fasca,S20_0.5,20,True,eeg+emg+imu+fp,0,0.988379,0.0069071166,0.0047138776
observed_schema_replay,observed_schema_zero,fasca,S20_0.75,20,True,eeg+emg+imu+fp,1,0.009855942,0.9819661,0.008177981
observed_schema_replay,observed_schema_zero,fasca,S20_1,20,True,eeg+emg+imu+fp,2,0.0052956906,0.007030346,0.987674
observed_schema_replay,observed_schema_zero,fasca,S22_0.5,22,True,eeg+emg+imu+fp,0,0.988255,0.005988087,0.0057569337
observed_schema_replay,observed_schema_zero,fasca,S22_0.75,22,True,eeg+emg+imu+fp,1,0.003360142,0.98818994,0.008449918
observed_schema_replay,observed_schema_zero,fasca,S22_1,22,True,eeg+emg+imu+fp,2,0.0049702465,0.0056246854,0.9894051
observed_schema_replay,observed_schema_zero,fasca,S23_0.5,23,True,eeg+emg+imu+fp,0,0.9905119,0.004568118,0.0049199997
observed_schema_replay,observed_schema_zero,fasca,S23_0.75,23,True,eeg+emg+imu+fp,1,0.03468278,0.9610608,0.004256366
observed_schema_replay,observed_schema_zero,fasca,S23_1,23,True,eeg+emg+imu+fp,2,0.0052749733,0.0065721828,0.9881528
observed_schema_replay,observed_schema_zero,fasca,S28_0.5,28,True,eeg+emg+imu+fp,0,0.98621947,0.008073353,0.005707135
observed_schema_replay,observed_schema_zero,fasca,S28_0.75,28,True,eeg+emg+imu+fp,1,0.0036304183,0.98905545,0.007314077
observed_schema_replay,observed_schema_zero,fasca,S28_1,28,True,eeg+emg+imu+fp,2,0.005532041,0.004955638,0.9895124
observed_schema_replay,observed_schema_zero,fasca,S34_0.5,34,True,eeg+emg+imu+fp,0,0.9904766,0.0045871884,0.0049361484
observed_schema_replay,observed_schema_zero,fasca,S34_0.75,34,True,eeg+emg+imu+fp,1,0.010910019,0.9865343,0.0025557273
observed_schema_replay,observed_schema_zero,fasca,S34_1,34,True,eeg+emg+imu+fp,2,0.0056878463,0.02932366,0.96498847
observed_schema_replay,observed_schema_zero,fasca,S41_0.5,41,True,eeg+emg+imu+fp,0,0.98770875,0.0062126536,0.0060786256
observed_schema_replay,observed_schema_zero,fasca,S41_0.75,41,True,eeg+emg+imu+fp,1,0.0035418607,0.98977643,0.0066816728
observed_schema_replay,observed_schema_zero,fasca,S41_1,41,True,eeg+emg+imu+fp,2,0.0051376387,0.0062940097,0.9885683
observed_schema_replay,observed_schema_zero,fasca,S42_0.5,42,True,eeg+emg+imu+fp,0,0.9908127,0.0043000844,0.0048872265
observed_schema_replay,observed_schema_zero,fasca,S42_0.75,42,True,eeg+emg+imu+fp,1,0.10565031,0.89135367,0.0029960226
observed_schema_replay,observed_schema_zero,fasca,S42_1,42,True,eeg+emg+imu+fp,2,0.009993783,0.064074,0.9259322
observed_schema_replay,observed_schema_zero,fasca,S45_0.5,45,True,eeg+emg+imu+fp,0,0.99071693,0.004192398,0.005090656
observed_schema_replay,observed_schema_zero,fasca,S45_0.75,45,True,eeg+emg+imu+fp,1,0.00840137,0.98876905,0.0028296057
observed_schema_replay,observed_schema_zero,fasca,S51_0.5,51,True,eeg+emg+imu+fp,0,0.9897376,0.0050694677,0.005192959
observed_schema_replay,observed_schema_zero,fasca,S51_0.75,51,True,eeg+emg+imu+fp,1,0.0064157434,0.9897389,0.0038453657
observed_schema_replay,observed_schema_zero,fasca,S51_1,51,True,eeg+emg+imu+fp,2,0.0051407353,0.006773772,0.9880855
observed_schema_replay,observed_schema_zero,fasca,S54_0.5,54,True,eeg+emg+imu+fp,0,0.9905801,0.004425507,0.004994377
observed_schema_replay,observed_schema_zero,fasca,S54_0.75,54,True,eeg+emg+imu+fp,1,0.019875279,0.9764827,0.0036420478
observed_schema_replay,observed_schema_zero,fasca,S54_1,54,True,eeg+emg+imu+fp,2,0.006185153,0.0063904827,0.9874244
observed_schema_replay,observed_schema_zero,fasca,S56_0.5,56,True,eeg+emg+imu+fp,0,0.9878127,0.005682171,0.0065051615
observed_schema_replay,observed_schema_zero,fasca,S56_0.75,56,True,eeg+emg+imu+fp,1,0.036595974,0.94012594,0.023278063
observed_schema_replay,observed_schema_zero,fasca,S56_1,56,True,eeg+emg+imu+fp,2,0.004891952,0.18524753,0.8098605
observed_schema_replay,observed_schema_zero,fter,S20_0.5,20,True,eeg+emg+imu+fp,0,0.988379,0.0069071166,0.0047138776
observed_schema_replay,observed_schema_zero,fter,S20_0.75,20,True,eeg+emg+imu+fp,1,0.009855942,0.9819661,0.008177981
observed_schema_replay,observed_schema_zero,fter,S20_1,20,True,eeg+emg+imu+fp,2,0.0052956906,0.007030346,0.987674
observed_schema_replay,observed_schema_zero,fter,S22_0.5,22,True,eeg+emg+imu+fp,0,0.988255,0.005988087,0.0057569337
observed_schema_replay,observed_schema_zero,fter,S22_0.75,22,True,eeg+emg+imu+fp,1,0.003360142,0.98818994,0.008449918
observed_schema_replay,observed_schema_zero,fter,S22_1,22,True,eeg+emg+imu+fp,2,0.0049702465,0.0056246854,0.9894051
observed_schema_replay,observed_schema_zero,fter,S23_0.5,23,True,eeg+emg+imu+fp,0,0.9905119,0.004568118,0.0049199997
observed_schema_replay,observed_schema_zero,fter,S23_0.75,23,True,eeg+emg+imu+fp,1,0.03468278,0.9610608,0.004256366
observed_schema_replay,observed_schema_zero,fter,S23_1,23,True,eeg+emg+imu+fp,2,0.0052749733,0.0065721828,0.9881528
observed_schema_replay,observed_schema_zero,fter,S28_0.5,28,True,eeg+emg+imu+fp,0,0.98621947,0.008073353,0.005707135
observed_schema_replay,observed_schema_zero,fter,S28_0.75,28,True,eeg+emg+imu+fp,1,0.0036304183,0.98905545,0.007314077
observed_schema_replay,observed_schema_zero,fter,S28_1,28,True,eeg+emg+imu+fp,2,0.005532041,0.004955638,0.9895124
observed_schema_replay,observed_schema_zero,fter,S34_0.5,34,True,eeg+emg+imu+fp,0,0.9904766,0.0045871884,0.0049361484
observed_schema_replay,observed_schema_zero,fter,S34_0.75,34,True,eeg+emg+imu+fp,1,0.010910019,0.9865343,0.0025557273
observed_schema_replay,observed_schema_zero,fter,S34_1,34,True,eeg+emg+imu+fp,2,0.0056878463,0.02932366,0.96498847
observed_schema_replay,observed_schema_zero,fter,S41_0.5,41,True,eeg+emg+imu+fp,0,0.98770875,0.0062126536,0.0060786256
observed_schema_replay,observed_schema_zero,fter,S41_0.75,41,True,eeg+emg+imu+fp,1,0.0035418607,0.98977643,0.0066816728
observed_schema_replay,observed_schema_zero,fter,S41_1,41,True,eeg+emg+imu+fp,2,0.0051376387,0.0062940097,0.9885683
observed_schema_replay,observed_schema_zero,fter,S42_0.5,42,True,eeg+emg+imu+fp,0,0.9908127,0.0043000844,0.0048872265
observed_schema_replay,observed_schema_zero,fter,S42_0.75,42,True,eeg+emg+imu+fp,1,0.10565031,0.89135367,0.0029960226
observed_schema_replay,observed_schema_zero,fter,S42_1,42,True,eeg+emg+imu+fp,2,0.009993783,0.064074,0.9259322
observed_schema_replay,observed_schema_zero,fter,S45_0.5,45,True,eeg+emg+imu+fp,0,0.99071693,0.004192398,0.005090656
observed_schema_replay,observed_schema_zero,fter,S45_0.75,45,True,eeg+emg+imu+fp,1,0.00840137,0.98876905,0.0028296057
observed_schema_replay,observed_schema_zero,fter,S51_0.5,51,True,eeg+emg+imu+fp,0,0.9897376,0.0050694677,0.005192959
observed_schema_replay,observed_schema_zero,fter,S51_0.75,51,True,eeg+emg+imu+fp,1,0.0064157434,0.9897389,0.0038453657
observed_schema_replay,observed_schema_zero,fter,S51_1,51,True,eeg+emg+imu+fp,2,0.0051407353,0.006773772,0.9880855
observed_schema_replay,observed_schema_zero,fter,S54_0.5,54,True,eeg+emg+imu+fp,0,0.9905801,0.004425507,0.004994377
observed_schema_replay,observed_schema_zero,fter,S54_0.75,54,True,eeg+emg+imu+fp,1,0.019875279,0.9764827,0.0036420478
observed_schema_replay,observed_schema_zero,fter,S54_1,54,True,eeg+emg+imu+fp,2,0.006185153,0.0063904827,0.9874244
observed_schema_replay,observed_schema_zero,fter,S56_0.5,56,True,eeg+emg+imu+fp,0,0.9878127,0.005682171,0.0065051615
observed_schema_replay,observed_schema_zero,fter,S56_0.75,56,True,eeg+emg+imu+fp,1,0.036595974,0.94012594,0.023278063
observed_schema_replay,observed_schema_zero,fter,S56_1,56,True,eeg+emg+imu+fp,2,0.004891952,0.18524753,0.8098605
observed_schema_replay,observed_schema_1pct,embracenet,S20_0.5,20,True,eeg+emg+imu+fp,0,0.99438745,0.003008618,0.00260395
observed_schema_replay,observed_schema_1pct,embracenet,S20_0.75,20,True,eeg+emg+imu+fp,1,0.0074198055,0.99035877,0.002221439
observed_schema_replay,observed_schema_1pct,embracenet,S20_1,20,True,eeg+emg+imu+fp,2,0.0028521924,0.017846843,0.9793009
observed_schema_replay,observed_schema_1pct,embracenet,S22_0.5,22,True,eeg+emg+imu+fp,0,0.9931755,0.0030070122,0.003817479
observed_schema_replay,observed_schema_1pct,embracenet,S22_0.75,22,True,eeg+emg+imu+fp,1,0.0020108977,0.9919307,0.006058349
observed_schema_replay,observed_schema_1pct,embracenet,S22_1,22,True,eeg+emg+imu+fp,2,0.003514943,0.0048856186,0.9915994
observed_schema_replay,observed_schema_1pct,embracenet,S23_0.5,23,True,eeg+emg+imu+fp,0,0.9949406,0.002405566,0.0026538018
observed_schema_replay,observed_schema_1pct,embracenet,S23_0.75,23,True,eeg+emg+imu+fp,1,0.022431925,0.9759693,0.0015987732
observed_schema_replay,observed_schema_1pct,embracenet,S23_1,23,True,eeg+emg+imu+fp,2,0.004486144,0.009813297,0.9857006
observed_schema_replay,observed_schema_1pct,embracenet,S28_0.5,28,True,eeg+emg+imu+fp,0,0.9899819,0.0059198234,0.0040982952
observed_schema_replay,observed_schema_1pct,embracenet,S28_0.75,28,True,eeg+emg+imu+fp,1,0.0018325755,0.9927414,0.0054259948
observed_schema_replay,observed_schema_1pct,embracenet,S28_1,28,True,eeg+emg+imu+fp,2,0.0032618241,0.004991921,0.99174625
observed_schema_replay,observed_schema_1pct,embracenet,S34_0.5,34,True,eeg+emg+imu+fp,0,0.9947464,0.0024606416,0.0027930355
observed_schema_replay,observed_schema_1pct,embracenet,S34_0.75,34,True,eeg+emg+imu+fp,1,0.007118399,0.99136114,0.0015204764
observed_schema_replay,observed_schema_1pct,embracenet,S34_1,34,True,eeg+emg+imu+fp,2,0.003950047,0.010988318,0.98506165
observed_schema_replay,observed_schema_1pct,embracenet,S41_0.5,41,True,eeg+emg+imu+fp,0,0.99172336,0.0030239355,0.005252674
observed_schema_replay,observed_schema_1pct,embracenet,S41_0.75,41,True,eeg+emg+imu+fp,1,0.0034199208,0.99391127,0.0026687998
observed_schema_replay,observed_schema_1pct,embracenet,S41_1,41,True,eeg+emg+imu+fp,2,0.002784449,0.014440355,0.9827752
observed_schema_replay,observed_schema_1pct,embracenet,S42_0.5,42,True,eeg+emg+imu+fp,0,0.9950021,0.002265848,0.0027320462
observed_schema_replay,observed_schema_1pct,embracenet,S42_0.75,42,True,eeg+emg+imu+fp,1,0.09510651,0.9035003,0.0013931869
observed_schema_replay,observed_schema_1pct,embracenet,S42_1,42,True,eeg+emg+imu+fp,2,0.0061079557,0.20955838,0.7843337
observed_schema_replay,observed_schema_1pct,embracenet,S45_0.5,45,True,eeg+emg+imu+fp,0,0.99505067,0.0022508895,0.0026984373
observed_schema_replay,observed_schema_1pct,embracenet,S45_0.75,45,True,eeg+emg+imu+fp,1,0.01033833,0.988214,0.001447658
observed_schema_replay,observed_schema_1pct,embracenet,S51_0.5,51,True,eeg+emg+imu+fp,0,0.9945753,0.0025349737,0.0028897154
observed_schema_replay,observed_schema_1pct,embracenet,S51_0.75,51,True,eeg+emg+imu+fp,1,0.004897402,0.99299794,0.0021046347
observed_schema_replay,observed_schema_1pct,embracenet,S51_1,51,True,eeg+emg+imu+fp,2,0.0033463587,0.0074778437,0.9891758
observed_schema_replay,observed_schema_1pct,embracenet,S54_0.5,54,True,eeg+emg+imu+fp,0,0.99490976,0.0025366426,0.002553621
observed_schema_replay,observed_schema_1pct,embracenet,S54_0.75,54,True,eeg+emg+imu+fp,1,0.009963121,0.98830575,0.0017311695
observed_schema_replay,observed_schema_1pct,embracenet,S54_1,54,True,eeg+emg+imu+fp,2,0.004613553,0.0048926673,0.9904938
observed_schema_replay,observed_schema_1pct,embracenet,S56_0.5,56,True,eeg+emg+imu+fp,0,0.99153036,0.0027398802,0.005729752
observed_schema_replay,observed_schema_1pct,embracenet,S56_0.75,56,True,eeg+emg+imu+fp,1,0.032912448,0.9602432,0.006844345
observed_schema_replay,observed_schema_1pct,embracenet,S56_1,56,True,eeg+emg+imu+fp,2,0.0025337012,0.25533321,0.7421331
observed_schema_replay,observed_schema_1pct,fasca,S20_0.5,20,True,eeg+emg+imu+fp,0,0.9883849,0.0069038966,0.0047112717
observed_schema_replay,observed_schema_1pct,fasca,S20_0.75,20,True,eeg+emg+imu+fp,1,0.009873651,0.9819569,0.008169479
observed_schema_replay,observed_schema_1pct,fasca,S20_1,20,True,eeg+emg+imu+fp,2,0.005302269,0.0070274887,0.9876702
observed_schema_replay,observed_schema_1pct,fasca,S22_0.5,22,True,eeg+emg+imu+fp,0,0.9882577,0.0059875846,0.0057547116
observed_schema_replay,observed_schema_1pct,fasca,S22_0.75,22,True,eeg+emg+imu+fp,1,0.0033621874,0.9882006,0.008437236
observed_schema_replay,observed_schema_1pct,fasca,S22_1,22,True,eeg+emg+imu+fp,2,0.0049732667,0.005621835,0.98940486
observed_schema_replay,observed_schema_1pct,fasca,S23_0.5,23,True,eeg+emg+imu+fp,0,0.99051446,0.004567403,0.0049181934
observed_schema_replay,observed_schema_1pct,fasca,S23_0.75,23,True,eeg+emg+imu+fp,1,0.034704793,0.9610422,0.004252977
observed_schema_replay,observed_schema_1pct,fasca,S23_1,23,True,eeg+emg+imu+fp,2,0.0052734013,0.006570292,0.9881563
observed_schema_replay,observed_schema_1pct,fasca,S28_0.5,28,True,eeg+emg+imu+fp,0,0.9862251,0.008071483,0.0057034106
observed_schema_replay,observed_schema_1pct,fasca,S28_0.75,28,True,eeg+emg+imu+fp,1,0.0036312782,0.9890544,0.007314386
observed_schema_replay,observed_schema_1pct,fasca,S28_1,28,True,eeg+emg+imu+fp,2,0.005533948,0.0049552605,0.98951083
observed_schema_replay,observed_schema_1pct,fasca,S34_0.5,34,True,eeg+emg+imu+fp,0,0.9904793,0.0045868587,0.0049338364
observed_schema_replay,observed_schema_1pct,fasca,S34_0.75,34,True,eeg+emg+imu+fp,1,0.01093305,0.9865143,0.0025526427
observed_schema_replay,observed_schema_1pct,fasca,S34_1,34,True,eeg+emg+imu+fp,2,0.0056993705,0.029327186,0.96497345
observed_schema_replay,observed_schema_1pct,fasca,S41_0.5,41,True,eeg+emg+imu+fp,0,0.9877124,0.0062124766,0.0060751312
observed_schema_replay,observed_schema_1pct,fasca,S41_0.75,41,True,eeg+emg+imu+fp,1,0.003545806,0.989783,0.0066712727
observed_schema_replay,observed_schema_1pct,fasca,S41_1,41,True,eeg+emg+imu+fp,2,0.0051417667,0.006291995,0.9885662
observed_schema_replay,observed_schema_1pct,fasca,S42_0.5,42,True,eeg+emg+imu+fp,0,0.9908142,0.0042998055,0.004885996
observed_schema_replay,observed_schema_1pct,fasca,S42_0.75,42,True,eeg+emg+imu+fp,1,0.10574568,0.8912589,0.002995424
observed_schema_replay,observed_schema_1pct,fasca,S42_1,42,True,eeg+emg+imu+fp,2,0.010001884,0.064070635,0.92592746
observed_schema_replay,observed_schema_1pct,fasca,S45_0.5,45,True,eeg+emg+imu+fp,0,0.99072057,0.004192347,0.005087027
observed_schema_replay,observed_schema_1pct,fasca,S45_0.75,45,True,eeg+emg+imu+fp,1,0.008420742,0.9887531,0.002826186
observed_schema_replay,observed_schema_1pct,fasca,S51_0.5,51,True,eeg+emg+imu+fp,0,0.98972136,0.0050754133,0.005203198
observed_schema_replay,observed_schema_1pct,fasca,S51_0.75,51,True,eeg+emg+imu+fp,1,0.0064281565,0.9897315,0.003840384
observed_schema_replay,observed_schema_1pct,fasca,S51_1,51,True,eeg+emg+imu+fp,2,0.005143433,0.006770195,0.9880864
observed_schema_replay,observed_schema_1pct,fasca,S54_0.5,54,True,eeg+emg+imu+fp,0,0.99058086,0.0044258274,0.0049932385
observed_schema_replay,observed_schema_1pct,fasca,S54_0.75,54,True,eeg+emg+imu+fp,1,0.019901365,0.97645885,0.0036397942
observed_schema_replay,observed_schema_1pct,fasca,S54_1,54,True,eeg+emg+imu+fp,2,0.006192203,0.00638771,0.9874201
observed_schema_replay,observed_schema_1pct,fasca,S56_0.5,56,True,eeg+emg+imu+fp,0,0.98782486,0.005678378,0.0064968155
observed_schema_replay,observed_schema_1pct,fasca,S56_0.75,56,True,eeg+emg+imu+fp,1,0.036788296,0.94002724,0.023184456
observed_schema_replay,observed_schema_1pct,fasca,S56_1,56,True,eeg+emg+imu+fp,2,0.004903886,0.18531354,0.80978256
observed_schema_replay,observed_schema_1pct,fter,S20_0.5,20,True,eeg+emg+imu+fp,0,0.9883849,0.0069038966,0.0047112717
observed_schema_replay,observed_schema_1pct,fter,S20_0.75,20,True,eeg+emg+imu+fp,1,0.009873651,0.9819569,0.008169479
observed_schema_replay,observed_schema_1pct,fter,S20_1,20,True,eeg+emg+imu+fp,2,0.005302269,0.0070274887,0.9876702
observed_schema_replay,observed_schema_1pct,fter,S22_0.5,22,True,eeg+emg+imu+fp,0,0.9882577,0.0059875846,0.0057547116
observed_schema_replay,observed_schema_1pct,fter,S22_0.75,22,True,eeg+emg+imu+fp,1,0.0033621874,0.9882006,0.008437236
observed_schema_replay,observed_schema_1pct,fter,S22_1,22,True,eeg+emg+imu+fp,2,0.0049732667,0.005621835,0.98940486
observed_schema_replay,observed_schema_1pct,fter,S23_0.5,23,True,eeg+emg+imu+fp,0,0.99051446,0.004567403,0.0049181934
observed_schema_replay,observed_schema_1pct,fter,S23_0.75,23,True,eeg+emg+imu+fp,1,0.034704793,0.9610422,0.004252977
observed_schema_replay,observed_schema_1pct,fter,S23_1,23,True,eeg+emg+imu+fp,2,0.0052734013,0.006570292,0.9881563
observed_schema_replay,observed_schema_1pct,fter,S28_0.5,28,True,eeg+emg+imu+fp,0,0.9862251,0.008071483,0.0057034106
observed_schema_replay,observed_schema_1pct,fter,S28_0.75,28,True,eeg+emg+imu+fp,1,0.0036312782,0.9890544,0.007314386
observed_schema_replay,observed_schema_1pct,fter,S28_1,28,True,eeg+emg+imu+fp,2,0.005533948,0.0049552605,0.98951083
observed_schema_replay,observed_schema_1pct,fter,S34_0.5,34,True,eeg+emg+imu+fp,0,0.9904793,0.0045868587,0.0049338364
observed_schema_replay,observed_schema_1pct,fter,S34_0.75,34,True,eeg+emg+imu+fp,1,0.01093305,0.9865143,0.0025526427
observed_schema_replay,observed_schema_1pct,fter,S34_1,34,True,eeg+emg+imu+fp,2,0.0056993705,0.029327186,0.96497345
observed_schema_replay,observed_schema_1pct,fter,S41_0.5,41,True,eeg+emg+imu+fp,0,0.9877124,0.0062124766,0.0060751312
observed_schema_replay,observed_schema_1pct,fter,S41_0.75,41,True,eeg+emg+imu+fp,1,0.003545806,0.989783,0.0066712727
observed_schema_replay,observed_schema_1pct,fter,S41_1,41,True,eeg+emg+imu+fp,2,0.0051417667,0.006291995,0.9885662
observed_schema_replay,observed_schema_1pct,fter,S42_0.5,42,True,eeg+emg+imu+fp,0,0.9908142,0.0042998055,0.004885996
observed_schema_replay,observed_schema_1pct,fter,S42_0.75,42,True,eeg+emg+imu+fp,1,0.10574568,0.8912589,0.002995424
observed_schema_replay,observed_schema_1pct,fter,S42_1,42,True,eeg+emg+imu+fp,2,0.010001884,0.064070635,0.92592746
observed_schema_replay,observed_schema_1pct,fter,S45_0.5,45,True,eeg+emg+imu+fp,0,0.99072057,0.004192347,0.005087027
observed_schema_replay,observed_schema_1pct,fter,S45_0.75,45,True,eeg+emg+imu+fp,1,0.008420742,0.9887531,0.002826186
observed_schema_replay,observed_schema_1pct,fter,S51_0.5,51,True,eeg+emg+imu+fp,0,0.98972136,0.0050754133,0.005203198
observed_schema_replay,observed_schema_1pct,fter,S51_0.75,51,True,eeg+emg+imu+fp,1,0.0064281565,0.9897315,0.003840384
observed_schema_replay,observed_schema_1pct,fter,S51_1,51,True,eeg+emg+imu+fp,2,0.005143433,0.006770195,0.9880864
observed_schema_replay,observed_schema_1pct,fter,S54_0.5,54,True,eeg+emg+imu+fp,0,0.99058086,0.0044258274,0.0049932385
observed_schema_replay,observed_schema_1pct,fter,S54_0.75,54,True,eeg+emg+imu+fp,1,0.019901365,0.97645885,0.0036397942
observed_schema_replay,observed_schema_1pct,fter,S54_1,54,True,eeg+emg+imu+fp,2,0.006192203,0.00638771,0.9874201
observed_schema_replay,observed_schema_1pct,fter,S56_0.5,56,True,eeg+emg+imu+fp,0,0.98782486,0.005678378,0.0064968155
observed_schema_replay,observed_schema_1pct,fter,S56_0.75,56,True,eeg+emg+imu+fp,1,0.036788296,0.94002724,0.023184456
observed_schema_replay,observed_schema_1pct,fter,S56_1,56,True,eeg+emg+imu+fp,2,0.004903886,0.18531354,0.80978256
observed_schema_replay,observed_schema_5pct,embracenet,S20_0.5,20,True,eeg+emg+imu+fp,0,0.99439454,0.0030075088,0.0025979802
observed_schema_replay,observed_schema_5pct,embracenet,S20_0.75,20,True,eeg+emg+imu+fp,1,0.0074586254,0.99032766,0.0022137507
observed_schema_replay,observed_schema_5pct,embracenet,S20_1,20,True,eeg+emg+imu+fp,2,0.0028639894,0.017850425,0.97928554
observed_schema_replay,observed_schema_5pct,embracenet,S22_0.5,22,True,eeg+emg+imu+fp,0,0.9931794,0.0030088332,0.0038117587
observed_schema_replay,observed_schema_5pct,embracenet,S22_0.75,22,True,eeg+emg+imu+fp,1,0.002011073,0.99197775,0.006011166
observed_schema_replay,observed_schema_5pct,embracenet,S22_1,22,True,eeg+emg+imu+fp,2,0.0035185937,0.004882321,0.9915991
observed_schema_replay,observed_schema_5pct,embracenet,S23_0.5,23,True,eeg+emg+imu+fp,0,0.9949433,0.002405782,0.002650845
observed_schema_replay,observed_schema_5pct,embracenet,S23_0.75,23,True,eeg+emg+imu+fp,1,0.022485161,0.97591907,0.0015957741
observed_schema_replay,observed_schema_5pct,embracenet,S23_1,23,True,eeg+emg+imu+fp,2,0.004481461,0.009787685,0.9857308
observed_schema_replay,observed_schema_5pct,embracenet,S28_0.5,28,True,eeg+emg+imu+fp,0,0.9899998,0.0059101484,0.00409014
observed_schema_replay,observed_schema_5pct,embracenet,S28_0.75,28,True,eeg+emg+imu+fp,1,0.001833365,0.9927501,0.005416514
observed_schema_replay,observed_schema_5pct,embracenet,S28_1,28,True,eeg+emg+imu+fp,2,0.0032649727,0.0049843146,0.9917507
observed_schema_replay,observed_schema_5pct,embracenet,S34_0.5,34,True,eeg+emg+imu+fp,0,0.9947528,0.0024605487,0.0027866762
observed_schema_replay,observed_schema_5pct,embracenet,S34_0.75,34,True,eeg+emg+imu+fp,1,0.007156312,0.9913292,0.0015144907
observed_schema_replay,observed_schema_5pct,embracenet,S34_1,34,True,eeg+emg+imu+fp,2,0.003965697,0.010983809,0.9850505
observed_schema_replay,observed_schema_5pct,embracenet,S41_0.5,41,True,eeg+emg+imu+fp,0,0.9917427,0.0030248172,0.0052324794
observed_schema_replay,observed_schema_5pct,embracenet,S41_0.75,41,True,eeg+emg+imu+fp,1,0.003436881,0.9939096,0.002653515
observed_schema_replay,observed_schema_5pct,embracenet,S41_1,41,True,eeg+emg+imu+fp,2,0.0027923377,0.014447478,0.9827602
observed_schema_replay,observed_schema_5pct,embracenet,S42_0.5,42,True,eeg+emg+imu+fp,0,0.99500513,0.0022657465,0.0027291717
observed_schema_replay,observed_schema_5pct,embracenet,S42_0.75,42,True,eeg+emg+imu+fp,1,0.09532354,0.9032845,0.0013919637
observed_schema_replay,observed_schema_5pct,embracenet,S42_1,42,True,eeg+emg+imu+fp,2,0.0061245053,0.20967644,0.78419906
observed_schema_replay,observed_schema_5pct,embracenet,S45_0.5,45,True,eeg+emg+imu+fp,0,0.9950576,0.0022517787,0.002690617
observed_schema_replay,observed_schema_5pct,embracenet,S45_0.75,45,True,eeg+emg+imu+fp,1,0.010419064,0.9881382,0.0014426811
observed_schema_replay,observed_schema_5pct,embracenet,S51_0.5,51,True,eeg+emg+imu+fp,0,0.9945393,0.002544841,0.0029158492
observed_schema_replay,observed_schema_5pct,embracenet,S51_0.75,51,True,eeg+emg+imu+fp,1,0.0049146945,0.99298686,0.0020984476
observed_schema_replay,observed_schema_5pct,embracenet,S51_1,51,True,eeg+emg+imu+fp,2,0.0033576295,0.0074710767,0.9891713
observed_schema_replay,observed_schema_5pct,embracenet,S54_0.5,54,True,eeg+emg+imu+fp,0,0.9949105,0.0025385823,0.002550965
observed_schema_replay,observed_schema_5pct,embracenet,S54_0.75,54,True,eeg+emg+imu+fp,1,0.010000785,0.988275,0.0017242708
observed_schema_replay,observed_schema_5pct,embracenet,S54_1,54,True,eeg+emg+imu+fp,2,0.004627051,0.0048897704,0.9904832
observed_schema_replay,observed_schema_5pct,embracenet,S56_0.5,56,True,eeg+emg+imu+fp,0,0.991569,0.0027367326,0.0056943367
observed_schema_replay,observed_schema_5pct,embracenet,S56_0.75,56,True,eeg+emg+imu+fp,1,0.033459995,0.95982814,0.0067118555
observed_schema_replay,observed_schema_5pct,embracenet,S56_1,56,True,eeg+emg+imu+fp,2,0.0025475505,0.2560887,0.74136376
observed_schema_replay,observed_schema_5pct,fasca,S20_0.5,20,True,eeg+emg+imu+fp,0,0.9884078,0.0068908525,0.0047014025
observed_schema_replay,observed_schema_5pct,fasca,S20_0.75,20,True,eeg+emg+imu+fp,1,0.009942029,0.9819209,0.008137124
observed_schema_replay,observed_schema_5pct,fasca,S20_1,20,True,eeg+emg+imu+fp,2,0.005327406,0.007016204,0.98765635
observed_schema_replay,observed_schema_5pct,fasca,S22_0.5,22,True,eeg+emg+imu+fp,0,0.9882686,0.0059853666,0.0057460344
observed_schema_replay,observed_schema_5pct,fasca,S22_0.75,22,True,eeg+emg+imu+fp,1,0.0033700063,0.988242,0.008388022
observed_schema_replay,observed_schema_5pct,fasca,S22_1,22,True,eeg+emg+imu+fp,2,0.004984881,0.005610051,0.9894051
observed_schema_replay,observed_schema_5pct,fasca,S23_0.5,23,True,eeg+emg+imu+fp,0,0.990524,0.004564465,0.004911557
observed_schema_replay,observed_schema_5pct,fasca,S23_0.75,23,True,eeg+emg+imu+fp,1,0.034787074,0.9609726,0.004240286
observed_schema_replay,observed_schema_5pct,fasca,S23_1,23,True,eeg+emg+imu+fp,2,0.0052650818,0.0065625696,0.98817235
observed_schema_replay,observed_schema_5pct,fasca,S28_0.5,28,True,eeg+emg+imu+fp,0,0.9862461,0.008064031,0.005689867
observed_schema_replay,observed_schema_5pct,fasca,S28_0.75,28,True,eeg+emg+imu+fp,1,0.0036339585,0.98904735,0.0073186997
observed_schema_replay,observed_schema_5pct,fasca,S28_1,28,True,eeg+emg+imu+fp,2,0.005541414,0.0049531977,0.98950535
observed_schema_replay,observed_schema_5pct,fasca,S34_0.5,34,True,eeg+emg+imu+fp,0,0.9904894,0.0045855166,0.0049251146
observed_schema_replay,observed_schema_5pct,fasca,S34_0.75,34,True,eeg+emg+imu+fp,1,0.011020015,0.98643917,0.002540862
observed_schema_replay,observed_schema_5pct,fasca,S34_1,34,True,eeg+emg+imu+fp,2,0.0057432414,0.029336251,0.9649205
observed_schema_replay,observed_schema_5pct,fasca,S41_0.5,41,True,eeg+emg+imu+fp,0,0.98772436,0.0062116724,0.006063976
observed_schema_replay,observed_schema_5pct,fasca,S41_0.75,41,True,eeg+emg+imu+fp,1,0.0035610888,0.98980695,0.0066319467
observed_schema_replay,observed_schema_5pct,fasca,S41_1,41,True,eeg+emg+imu+fp,2,0.005157781,0.0062838085,0.9885585
observed_schema_replay,observed_schema_5pct,fasca,S42_0.5,42,True,eeg+emg+imu+fp,0,0.99082,0.0042986833,0.004881306
observed_schema_replay,observed_schema_5pct,fasca,S42_0.75,42,True,eeg+emg+imu+fp,1,0.10611061,0.8908963,0.0029931134
observed_schema_replay,observed_schema_5pct,fasca,S42_1,42,True,eeg+emg+imu+fp,2,0.010032136,0.06405682,0.925911
observed_schema_replay,observed_schema_5pct,fasca,S45_0.5,45,True,eeg+emg+imu+fp,0,0.99073523,0.004192039,0.0050727697
observed_schema_replay,observed_schema_5pct,fasca,S45_0.75,45,True,eeg+emg+imu+fp,1,0.008497433,0.98868966,0.0028128747
observed_schema_replay,observed_schema_5pct,fasca,S51_0.5,51,True,eeg+emg+imu+fp,0,0.98965955,0.005102448,0.005238039
observed_schema_replay,observed_schema_5pct,fasca,S51_0.75,51,True,eeg+emg+imu+fp,1,0.006471694,0.9897051,0.0038232368
observed_schema_replay,observed_schema_5pct,fasca,S51_1,51,True,eeg+emg+imu+fp,2,0.0051520453,0.006755615,0.98809236
observed_schema_replay,observed_schema_5pct,fasca,S54_0.5,54,True,eeg+emg+imu+fp,0,0.99058574,0.004428142,0.004986136
observed_schema_replay,observed_schema_5pct,fasca,S54_0.75,54,True,eeg+emg+imu+fp,1,0.020021075,0.97635204,0.003626859
observed_schema_replay,observed_schema_5pct,fasca,S54_1,54,True,eeg+emg+imu+fp,2,0.0062190965,0.0063762837,0.9874046
observed_schema_replay,observed_schema_5pct,fasca,S56_0.5,56,True,eeg+emg+imu+fp,0,0.98787284,0.0056638313,0.0064633335
observed_schema_replay,observed_schema_5pct,fasca,S56_0.75,56,True,eeg+emg+imu+fp,1,0.03756931,0.9396245,0.022806205
observed_schema_replay,observed_schema_5pct,fasca,S56_1,56,True,eeg+emg+imu+fp,2,0.0049530515,0.18558003,0.8094669
observed_schema_replay,observed_schema_5pct,fter,S20_0.5,20,True,eeg+emg+imu+fp,0,0.9884078,0.0068908525,0.0047014025
observed_schema_replay,observed_schema_5pct,fter,S20_0.75,20,True,eeg+emg+imu+fp,1,0.009942029,0.9819209,0.008137124
observed_schema_replay,observed_schema_5pct,fter,S20_1,20,True,eeg+emg+imu+fp,2,0.005327406,0.007016204,0.98765635
observed_schema_replay,observed_schema_5pct,fter,S22_0.5,22,True,eeg+emg+imu+fp,0,0.9882686,0.0059853666,0.0057460344
observed_schema_replay,observed_schema_5pct,fter,S22_0.75,22,True,eeg+emg+imu+fp,1,0.0033700063,0.988242,0.008388022
observed_schema_replay,observed_schema_5pct,fter,S22_1,22,True,eeg+emg+imu+fp,2,0.004984881,0.005610051,0.9894051
observed_schema_replay,observed_schema_5pct,fter,S23_0.5,23,True,eeg+emg+imu+fp,0,0.990524,0.004564465,0.004911557
observed_schema_replay,observed_schema_5pct,fter,S23_0.75,23,True,eeg+emg+imu+fp,1,0.034787074,0.9609726,0.004240286
observed_schema_replay,observed_schema_5pct,fter,S23_1,23,True,eeg+emg+imu+fp,2,0.0052650818,0.0065625696,0.98817235
observed_schema_replay,observed_schema_5pct,fter,S28_0.5,28,True,eeg+emg+imu+fp,0,0.9862461,0.008064031,0.005689867
observed_schema_replay,observed_schema_5pct,fter,S28_0.75,28,True,eeg+emg+imu+fp,1,0.0036339585,0.98904735,0.0073186997
observed_schema_replay,observed_schema_5pct,fter,S28_1,28,True,eeg+emg+imu+fp,2,0.005541414,0.0049531977,0.98950535
observed_schema_replay,observed_schema_5pct,fter,S34_0.5,34,True,eeg+emg+imu+fp,0,0.9904894,0.0045855166,0.0049251146
observed_schema_replay,observed_schema_5pct,fter,S34_0.75,34,True,eeg+emg+imu+fp,1,0.011020015,0.98643917,0.002540862
observed_schema_replay,observed_schema_5pct,fter,S34_1,34,True,eeg+emg+imu+fp,2,0.0057432414,0.029336251,0.9649205
observed_schema_replay,observed_schema_5pct,fter,S41_0.5,41,True,eeg+emg+imu+fp,0,0.98772436,0.0062116724,0.006063976
observed_schema_replay,observed_schema_5pct,fter,S41_0.75,41,True,eeg+emg+imu+fp,1,0.0035610888,0.98980695,0.0066319467
observed_schema_replay,observed_schema_5pct,fter,S41_1,41,True,eeg+emg+imu+fp,2,0.005157781,0.0062838085,0.9885585
observed_schema_replay,observed_schema_5pct,fter,S42_0.5,42,True,eeg+emg+imu+fp,0,0.99082,0.0042986833,0.004881306
observed_schema_replay,observed_schema_5pct,fter,S42_0.75,42,True,eeg+emg+imu+fp,1,0.10611061,0.8908963,0.0029931134
observed_schema_replay,observed_schema_5pct,fter,S42_1,42,True,eeg+emg+imu+fp,2,0.010032136,0.06405682,0.925911
observed_schema_replay,observed_schema_5pct,fter,S45_0.5,45,True,eeg+emg+imu+fp,0,0.99073523,0.004192039,0.0050727697
observed_schema_replay,observed_schema_5pct,fter,S45_0.75,45,True,eeg+emg+imu+fp,1,0.008497433,0.98868966,0.0028128747
observed_schema_replay,observed_schema_5pct,fter,S51_0.5,51,True,eeg+emg+imu+fp,0,0.98965955,0.005102448,0.005238039
observed_schema_replay,observed_schema_5pct,fter,S51_0.75,51,True,eeg+emg+imu+fp,1,0.006471694,0.9897051,0.0038232368
observed_schema_replay,observed_schema_5pct,fter,S51_1,51,True,eeg+emg+imu+fp,2,0.0051520453,0.006755615,0.98809236
observed_schema_replay,observed_schema_5pct,fter,S54_0.5,54,True,eeg+emg+imu+fp,0,0.99058574,0.004428142,0.004986136
observed_schema_replay,observed_schema_5pct,fter,S54_0.75,54,True,eeg+emg+imu+fp,1,0.020021075,0.97635204,0.003626859
observed_schema_replay,observed_schema_5pct,fter,S54_1,54,True,eeg+emg+imu+fp,2,0.0062190965,0.0063762837,0.9874046
observed_schema_replay,observed_schema_5pct,fter,S56_0.5,56,True,eeg+emg+imu+fp,0,0.98787284,0.0056638313,0.0064633335
observed_schema_replay,observed_schema_5pct,fter,S56_0.75,56,True,eeg+emg+imu+fp,1,0.03756931,0.9396245,0.022806205
observed_schema_replay,observed_schema_5pct,fter,S56_1,56,True,eeg+emg+imu+fp,2,0.0049530515,0.18558003,0.8094669
observed_schema_replay,observed_schema_10pct,embracenet,S20_0.5,20,True,eeg+emg+imu+fp,0,0.9944026,0.0030061156,0.0025912968
observed_schema_replay,observed_schema_10pct,embracenet,S20_0.75,20,True,eeg+emg+imu+fp,1,0.0075035593,0.9902914,0.00220494
observed_schema_replay,observed_schema_10pct,embracenet,S20_1,20,True,eeg+emg+imu+fp,2,0.002877734,0.01785111,0.9792712
observed_schema_replay,observed_schema_10pct,embracenet,S22_0.5,22,True,eeg+emg+imu+fp,0,0.99318415,0.0030109722,0.003804847
observed_schema_replay,observed_schema_10pct,embracenet,S22_0.75,22,True,eeg+emg+imu+fp,1,0.002010876,0.99203587,0.0059532556
observed_schema_replay,observed_schema_10pct,embracenet,S22_1,22,True,eeg+emg+imu+fp,2,0.0035226243,0.0048776404,0.99159974
observed_schema_replay,observed_schema_10pct,embracenet,S23_0.5,23,True,eeg+emg+imu+fp,0,0.99494624,0.0024059403,0.0026478108
observed_schema_replay,observed_schema_10pct,embracenet,S23_0.75,23,True,eeg+emg+imu+fp,1,0.022541473,0.97586584,0.0015926594
observed_schema_replay,observed_schema_10pct,embracenet,S23_1,23,True,eeg+emg+imu+fp,2,0.004471628,0.009751207,0.9857772
observed_schema_replay,observed_schema_10pct,embracenet,S28_0.5,28,True,eeg+emg+imu+fp,0,0.99001807,0.0058995555,0.004082396
observed_schema_replay,observed_schema_10pct,embracenet,S28_0.75,28,True,eeg+emg+imu+fp,1,0.0018335049,0.99275684,0.005409653
observed_schema_replay,observed_schema_10pct,embracenet,S28_1,28,True,eeg+emg+imu+fp,2,0.0032688186,0.0049746726,0.9917565
observed_schema_replay,observed_schema_10pct,embracenet,S34_0.5,34,True,eeg+emg+imu+fp,0,0.99476,0.0024605012,0.0027794952
observed_schema_replay,observed_schema_10pct,embracenet,S34_0.75,34,True,eeg+emg+imu+fp,1,0.007199962,0.9912924,0.0015076124
observed_schema_replay,observed_schema_10pct,embracenet,S34_1,34,True,eeg+emg+imu+fp,2,0.0039835833,0.010976414,0.98503995
observed_schema_replay,observed_schema_10pct,embracenet,S41_0.5,41,True,eeg+emg+imu+fp,0,0.99176055,0.003025879,0.005213566
observed_schema_replay,observed_schema_10pct,embracenet,S41_0.75,41,True,eeg+emg+imu+fp,1,0.003456233,0.9939073,0.0026364464
observed_schema_replay,observed_schema_10pct,embracenet,S41_1,41,True,eeg+emg+imu+fp,2,0.0028015694,0.0144564435,0.982742
observed_schema_replay,observed_schema_10pct,embracenet,S42_0.5,42,True,eeg+emg+imu+fp,0,0.99500847,0.0022656047,0.00272594
observed_schema_replay,observed_schema_10pct,embracenet,S42_0.75,42,True,eeg+emg+imu+fp,1,0.09557202,0.9030375,0.0013905176
observed_schema_replay,observed_schema_10pct,embracenet,S42_1,42,True,eeg+emg+imu+fp,2,0.006142711,0.20980908,0.78404826
observed_schema_replay,observed_schema_10pct,embracenet,S45_0.5,45,True,eeg+emg+imu+fp,0,0.9950657,0.0022529261,0.0026814153
observed_schema_replay,observed_schema_10pct,embracenet,S45_0.75,45,True,eeg+emg+imu+fp,1,0.010517157,0.988046,0.0014368267
observed_schema_replay,observed_schema_10pct,embracenet,S51_0.5,51,True,eeg+emg+imu+fp,0,0.99448997,0.0025633192,0.002946767
observed_schema_replay,observed_schema_10pct,embracenet,S51_0.75,51,True,eeg+emg+imu+fp,1,0.0049286275,0.9929781,0.0020933133
observed_schema_replay,observed_schema_10pct,embracenet,S51_1,51,True,eeg+emg+imu+fp,2,0.0033686643,0.007464348,0.989167
observed_schema_replay,observed_schema_10pct,embracenet,S54_0.5,54,True,eeg+emg+imu+fp,0,0.9949095,0.0025433777,0.002547091
observed_schema_replay,observed_schema_10pct,embracenet,S54_0.75,54,True,eeg+emg+imu+fp,1,0.010051445,0.98823375,0.0017148271
observed_schema_replay,observed_schema_10pct,embracenet,S54_1,54,True,eeg+emg+imu+fp,2,0.0046429513,0.004885902,0.9904711
observed_schema_replay,observed_schema_10pct,embracenet,S56_0.5,56,True,eeg+emg+imu+fp,0,0.99160916,0.0027356956,0.0056551206
observed_schema_replay,observed_schema_10pct,embracenet,S56_0.75,56,True,eeg+emg+imu+fp,1,0.034026306,0.95941734,0.0065563596
observed_schema_replay,observed_schema_10pct,embracenet,S56_1,56,True,eeg+emg+imu+fp,2,0.0025656135,0.25720146,0.74023294
observed_schema_replay,observed_schema_10pct,fasca,S20_0.5,20,True,eeg+emg+imu+fp,0,0.98843527,0.006874373,0.004690347
observed_schema_replay,observed_schema_10pct,fasca,S20_0.75,20,True,eeg+emg+imu+fp,1,0.010021507,0.9818781,0.008100366
observed_schema_replay,observed_schema_10pct,fasca,S20_1,20,True,eeg+emg+imu+fp,2,0.005356005,0.0070024612,0.9876415
observed_schema_replay,observed_schema_10pct,fasca,S22_0.5,22,True,eeg+emg+imu+fp,0,0.98828214,0.005982129,0.0057356954
observed_schema_replay,observed_schema_10pct,fasca,S22_0.75,22,True,eeg+emg+imu+fp,1,0.003378948,0.9882911,0.008329905
observed_schema_replay,observed_schema_10pct,fasca,S22_1,22,True,eeg+emg+imu+fp,2,0.0049983007,0.0055945963,0.9894071
observed_schema_replay,observed_schema_10pct,fasca,S23_0.5,23,True,eeg+emg+imu+fp,0,0.9905348,0.00456062,0.0049045887
observed_schema_replay,observed_schema_10pct,fasca,S23_0.75,23,True,eeg+emg+imu+fp,1,0.034876507,0.96089715,0.0042264145
observed_schema_replay,observed_schema_10pct,fasca,S23_1,23,True,eeg+emg+imu+fp,2,0.005250416,0.0065525747,0.988197
observed_schema_replay,observed_schema_10pct,fasca,S28_0.5,28,True,eeg+emg+imu+fp,0,0.9862692,0.0080548795,0.0056759864
observed_schema_replay,observed_schema_10pct,fasca,S28_0.75,28,True,eeg+emg+imu+fp,1,0.0036356526,0.9890337,0.007330609
observed_schema_replay,observed_schema_10pct,fasca,S28_1,28,True,eeg+emg+imu+fp,2,0.0055503384,0.004949402,0.9895003
observed_schema_replay,observed_schema_10pct,fasca,S34_0.5,34,True,eeg+emg+imu+fp,0,0.99050075,0.004583794,0.004915396
observed_schema_replay,observed_schema_10pct,fasca,S34_0.75,34,True,eeg+emg+imu+fp,1,0.011116087,0.9863565,0.0025274472
observed_schema_replay,observed_schema_10pct,fasca,S34_1,34,True,eeg+emg+imu+fp,2,0.0057922895,0.02933634,0.9648714
observed_schema_replay,observed_schema_10pct,fasca,S41_0.5,41,True,eeg+emg+imu+fp,0,0.9877328,0.0062105283,0.006056672
observed_schema_replay,observed_schema_10pct,fasca,S41_0.75,41,True,eeg+emg+imu+fp,1,0.0035788275,0.98983306,0.0065882
observed_schema_replay,observed_schema_10pct,fasca,S41_1,41,True,eeg+emg+imu+fp,2,0.0051764525,0.00627341,0.9885502
observed_schema_replay,observed_schema_10pct,fasca,S42_0.5,42,True,eeg+emg+imu+fp,0,0.9908268,0.0042972695,0.0048759645
observed_schema_replay,observed_schema_10pct,fasca,S42_0.75,42,True,eeg+emg+imu+fp,1,0.10652861,0.890481,0.0029904137
observed_schema_replay,observed_schema_10pct,fasca,S42_1,42,True,eeg+emg+imu+fp,2,0.010064922,0.064038865,0.9258962
observed_schema_replay,observed_schema_10pct,fasca,S45_0.5,45,True,eeg+emg+imu+fp,0,0.99075294,0.004191439,0.005055569
observed_schema_replay,observed_schema_10pct,fasca,S45_0.75,45,True,eeg+emg+imu+fp,1,0.008590953,0.9886119,0.0027971258
observed_schema_replay,observed_schema_10pct,fasca,S51_0.5,51,True,eeg+emg+imu+fp,0,0.98959,0.005143034,0.005266894
observed_schema_replay,observed_schema_10pct,fasca,S51_0.75,51,True,eeg+emg+imu+fp,1,0.006511504,0.98968035,0.0038081482
observed_schema_replay,observed_schema_10pct,fasca,S51_1,51,True,eeg+emg+imu+fp,2,0.0051577496,0.006737212,0.988105
observed_schema_replay,observed_schema_10pct,fasca,S54_0.5,54,True,eeg+emg+imu+fp,0,0.9905947,0.0044332626,0.0049719904
observed_schema_replay,observed_schema_10pct,fasca,S54_0.75,54,True,eeg+emg+imu+fp,1,0.020201294,0.97619534,0.003603446
observed_schema_replay,observed_schema_10pct,fasca,S54_1,54,True,eeg+emg+imu+fp,2,0.0062493696,0.00636142,0.98738915
observed_schema_replay,observed_schema_10pct,fasca,S56_0.5,56,True,eeg+emg+imu+fp,0,0.9879303,0.0056471215,0.0064225453
observed_schema_replay,observed_schema_10pct,fasca,S56_0.75,56,True,eeg+emg+imu+fp,1,0.038551904,0.9391119,0.02233623
observed_schema_replay,observed_schema_10pct,fasca,S56_1,56,True,eeg+emg+imu+fp,2,0.005016569,0.18590267,0.8090808
observed_schema_replay,observed_schema_10pct,fter,S20_0.5,20,True,eeg+emg+imu+fp,0,0.98843527,0.006874373,0.004690347
observed_schema_replay,observed_schema_10pct,fter,S20_0.75,20,True,eeg+emg+imu+fp,1,0.010021507,0.9818781,0.008100366
observed_schema_replay,observed_schema_10pct,fter,S20_1,20,True,eeg+emg+imu+fp,2,0.005356005,0.0070024612,0.9876415
observed_schema_replay,observed_schema_10pct,fter,S22_0.5,22,True,eeg+emg+imu+fp,0,0.98828214,0.005982129,0.0057356954
observed_schema_replay,observed_schema_10pct,fter,S22_0.75,22,True,eeg+emg+imu+fp,1,0.003378948,0.9882911,0.008329905
observed_schema_replay,observed_schema_10pct,fter,S22_1,22,True,eeg+emg+imu+fp,2,0.0049983007,0.0055945963,0.9894071
observed_schema_replay,observed_schema_10pct,fter,S23_0.5,23,True,eeg+emg+imu+fp,0,0.9905348,0.00456062,0.0049045887
observed_schema_replay,observed_schema_10pct,fter,S23_0.75,23,True,eeg+emg+imu+fp,1,0.034876507,0.96089715,0.0042264145
observed_schema_replay,observed_schema_10pct,fter,S23_1,23,True,eeg+emg+imu+fp,2,0.005250416,0.0065525747,0.988197
observed_schema_replay,observed_schema_10pct,fter,S28_0.5,28,True,eeg+emg+imu+fp,0,0.9862692,0.0080548795,0.0056759864
observed_schema_replay,observed_schema_10pct,fter,S28_0.75,28,True,eeg+emg+imu+fp,1,0.0036356526,0.9890337,0.007330609
observed_schema_replay,observed_schema_10pct,fter,S28_1,28,True,eeg+emg+imu+fp,2,0.0055503384,0.004949402,0.9895003
observed_schema_replay,observed_schema_10pct,fter,S34_0.5,34,True,eeg+emg+imu+fp,0,0.99050075,0.004583794,0.004915396
observed_schema_replay,observed_schema_10pct,fter,S34_0.75,34,True,eeg+emg+imu+fp,1,0.011116087,0.9863565,0.0025274472
observed_schema_replay,observed_schema_10pct,fter,S34_1,34,True,eeg+emg+imu+fp,2,0.0057922895,0.02933634,0.9648714
observed_schema_replay,observed_schema_10pct,fter,S41_0.5,41,True,eeg+emg+imu+fp,0,0.9877328,0.0062105283,0.006056672
observed_schema_replay,observed_schema_10pct,fter,S41_0.75,41,True,eeg+emg+imu+fp,1,0.0035788275,0.98983306,0.0065882
observed_schema_replay,observed_schema_10pct,fter,S41_1,41,True,eeg+emg+imu+fp,2,0.0051764525,0.00627341,0.9885502
observed_schema_replay,observed_schema_10pct,fter,S42_0.5,42,True,eeg+emg+imu+fp,0,0.9908268,0.0042972695,0.0048759645
observed_schema_replay,observed_schema_10pct,fter,S42_0.75,42,True,eeg+emg+imu+fp,1,0.10652861,0.890481,0.0029904137
observed_schema_replay,observed_schema_10pct,fter,S42_1,42,True,eeg+emg+imu+fp,2,0.010064922,0.064038865,0.9258962
observed_schema_replay,observed_schema_10pct,fter,S45_0.5,45,True,eeg+emg+imu+fp,0,0.99075294,0.004191439,0.005055569
observed_schema_replay,observed_schema_10pct,fter,S45_0.75,45,True,eeg+emg+imu+fp,1,0.008590953,0.9886119,0.0027971258
observed_schema_replay,observed_schema_10pct,fter,S51_0.5,51,True,eeg+emg+imu+fp,0,0.98959,0.005143034,0.005266894
observed_schema_replay,observed_schema_10pct,fter,S51_0.75,51,True,eeg+emg+imu+fp,1,0.006511504,0.98968035,0.0038081482
observed_schema_replay,observed_schema_10pct,fter,S51_1,51,True,eeg+emg+imu+fp,2,0.0051577496,0.006737212,0.988105
observed_schema_replay,observed_schema_10pct,fter,S54_0.5,54,True,eeg+emg+imu+fp,0,0.9905947,0.0044332626,0.0049719904
observed_schema_replay,observed_schema_10pct,fter,S54_0.75,54,True,eeg+emg+imu+fp,1,0.020201294,0.97619534,0.003603446
observed_schema_replay,observed_schema_10pct,fter,S54_1,54,True,eeg+emg+imu+fp,2,0.0062493696,0.00636142,0.98738915
observed_schema_replay,observed_schema_10pct,fter,S56_0.5,56,True,eeg+emg+imu+fp,0,0.9879303,0.0056471215,0.0064225453
observed_schema_replay,observed_schema_10pct,fter,S56_0.75,56,True,eeg+emg+imu+fp,1,0.038551904,0.9391119,0.02233623
observed_schema_replay,observed_schema_10pct,fter,S56_1,56,True,eeg+emg+imu+fp,2,0.005016569,0.18590267,0.8090808
observed_schema_replay,observed_eeg_rejected,embracenet,S20_0.5,20,True,emg+imu+fp,0,0.9944524,0.0028230539,0.002724532
observed_schema_replay,observed_eeg_rejected,embracenet,S20_0.75,20,True,emg+imu+fp,1,0.006112007,0.99149936,0.0023886135
observed_schema_replay,observed_eeg_rejected,embracenet,S20_1,20,True,emg+imu+fp,2,0.0024957266,0.01575098,0.9817533
observed_schema_replay,observed_eeg_rejected,embracenet,S22_0.5,22,True,emg+imu+fp,0,0.9941654,0.0028671399,0.0029674491
observed_schema_replay,observed_eeg_rejected,embracenet,S22_0.75,22,True,emg+imu+fp,1,0.002166554,0.99368185,0.004151603
observed_schema_replay,observed_eeg_rejected,embracenet,S22_1,22,True,emg+imu+fp,2,0.0037393572,0.004380088,0.9918806
observed_schema_replay,observed_eeg_rejected,embracenet,S23_0.5,23,True,emg+imu+fp,0,0.9949562,0.002282856,0.0027609468
observed_schema_replay,observed_eeg_rejected,embracenet,S23_0.75,23,True,emg+imu+fp,1,0.021222576,0.9771833,0.0015941736
observed_schema_replay,observed_eeg_rejected,embracenet,S23_1,23,True,emg+imu+fp,2,0.004362116,0.0081434315,0.98749447
observed_schema_replay,observed_eeg_rejected,embracenet,S28_0.5,28,True,emg+imu+fp,0,0.99055225,0.0053927563,0.0040549915
observed_schema_replay,observed_eeg_rejected,embracenet,S28_0.75,28,True,emg+imu+fp,1,0.0019029304,0.99349433,0.004602699
observed_schema_replay,observed_eeg_rejected,embracenet,S28_1,28,True,emg+imu+fp,2,0.0033952708,0.004382524,0.99222225
observed_schema_replay,observed_eeg_rejected,embracenet,S34_0.5,34,True,emg+imu+fp,0,0.9946926,0.0023518351,0.0029555575
observed_schema_replay,observed_eeg_rejected,embracenet,S34_0.75,34,True,emg+imu+fp,1,0.006199011,0.9922335,0.0015674514
observed_schema_replay,observed_eeg_rejected,embracenet,S34_1,34,True,emg+imu+fp,2,0.0036636225,0.009657565,0.9866788
observed_schema_replay,observed_eeg_rejected,embracenet,S41_0.5,41,True,emg+imu+fp,0,0.9922886,0.0028513803,0.004860021
observed_schema_replay,observed_eeg_rejected,embracenet,S41_0.75,41,True,emg+imu+fp,1,0.0033988499,0.99403507,0.0025660375
observed_schema_replay,observed_eeg_rejected,embracenet,S41_1,41,True,emg+imu+fp,2,0.0026223508,0.01255823,0.9848194
observed_schema_replay,observed_eeg_rejected,embracenet,S42_0.5,42,True,emg+imu+fp,0,0.9948635,0.0021501447,0.0029863536
observed_schema_replay,observed_eeg_rejected,embracenet,S42_0.75,42,True,emg+imu+fp,1,0.07694809,0.9216158,0.001436188
observed_schema_replay,observed_eeg_rejected,embracenet,S42_1,42,True,emg+imu+fp,2,0.0039509367,0.19750561,0.79854345
observed_schema_replay,observed_eeg_rejected,embracenet,S45_0.5,45,True,emg+imu+fp,0,0.99505633,0.002148139,0.0027955808
observed_schema_replay,observed_eeg_rejected,embracenet,S45_0.75,45,True,emg+imu+fp,1,0.008970895,0.9895784,0.0014507001
observed_schema_replay,observed_eeg_rejected,embracenet,S51_0.5,51,True,emg+imu+fp,0,0.9945405,0.0024024693,0.0030569665
observed_schema_replay,observed_eeg_rejected,embracenet,S51_0.75,51,True,emg+imu+fp,1,0.0043452727,0.9935798,0.0020749138
observed_schema_replay,observed_eeg_rejected,embracenet,S51_1,51,True,emg+imu+fp,2,0.0032356177,0.0067511923,0.9900131
observed_schema_replay,observed_eeg_rejected,embracenet,S54_0.5,54,True,emg+imu+fp,0,0.9949494,0.0024249584,0.0026255886
observed_schema_replay,observed_eeg_rejected,embracenet,S54_0.75,54,True,emg+imu+fp,1,0.009073303,0.9892452,0.0016814688
observed_schema_replay,observed_eeg_rejected,embracenet,S54_1,54,True,emg+imu+fp,2,0.0044976384,0.0043587466,0.99114364
observed_schema_replay,observed_eeg_rejected,embracenet,S56_0.5,56,True,emg+imu+fp,0,0.99093914,0.0026153678,0.0064455434
observed_schema_replay,observed_eeg_rejected,embracenet,S56_0.75,56,True,emg+imu+fp,1,0.027844967,0.96474427,0.007410753
observed_schema_replay,observed_eeg_rejected,embracenet,S56_1,56,True,emg+imu+fp,2,0.002213601,0.24782425,0.74996215
observed_schema_replay,observed_eeg_rejected,fasca,S20_0.5,20,True,emg+imu+fp,0,0.9892879,0.0059133046,0.004798734
observed_schema_replay,observed_eeg_rejected,fasca,S20_0.75,20,True,emg+imu+fp,1,0.0076099862,0.98360705,0.008782971
observed_schema_replay,observed_eeg_rejected,fasca,S20_1,20,True,emg+imu+fp,2,0.004755436,0.0060411505,0.9892034
observed_schema_replay,observed_eeg_rejected,fasca,S22_0.5,22,True,emg+imu+fp,0,0.9897442,0.0054735136,0.0047823065
observed_schema_replay,observed_eeg_rejected,fasca,S22_0.75,22,True,emg+imu+fp,1,0.0033175906,0.9908554,0.005826997
observed_schema_replay,observed_eeg_rejected,fasca,S22_1,22,True,emg+imu+fp,2,0.005126267,0.005233543,0.98964024
observed_schema_replay,observed_eeg_rejected,fasca,S23_0.5,23,True,emg+imu+fp,0,0.9909094,0.004011233,0.0050793323
observed_schema_replay,observed_eeg_rejected,fasca,S23_0.75,23,True,emg+imu+fp,1,0.033124078,0.9627983,0.00407765
observed_schema_replay,observed_eeg_rejected,fasca,S23_1,23,True,emg+imu+fp,2,0.0052911495,0.0055438,0.98916507
observed_schema_replay,observed_eeg_rejected,fasca,S28_0.5,28,True,emg+imu+fp,0,0.98758775,0.006649799,0.005762474
observed_schema_replay,observed_eeg_rejected,fasca,S28_0.75,28,True,emg+imu+fp,1,0.0036595168,0.98973227,0.006608216
observed_schema_replay,observed_eeg_rejected,fasca,S28_1,28,True,emg+imu+fp,2,0.005729936,0.0043672025,0.9899029
observed_schema_replay,observed_eeg_rejected,fasca,S34_0.5,34,True,emg+imu+fp,0,0.99080104,0.0040906616,0.0051082927
observed_schema_replay,observed_eeg_rejected,fasca,S34_0.75,34,True,emg+imu+fp,1,0.008761299,0.9886357,0.0026029756
observed_schema_replay,observed_eeg_rejected,fasca,S34_1,34,True,emg+imu+fp,2,0.005132081,0.025802985,0.9690649
observed_schema_replay,observed_eeg_rejected,fasca,S41_0.5,41,True,emg+imu+fp,0,0.9885128,0.005558176,0.0059289723
observed_schema_replay,observed_eeg_rejected,fasca,S41_0.75,41,True,emg+imu+fp,1,0.0032693443,0.9901659,0.0065647573
observed_schema_replay,observed_eeg_rejected,fasca,S41_1,41,True,emg+imu+fp,2,0.0049078423,0.005562763,0.98952943
observed_schema_replay,observed_eeg_rejected,fasca,S42_0.5,42,True,emg+imu+fp,0,0.99090713,0.0038223856,0.005270524
observed_schema_replay,observed_eeg_rejected,fasca,S42_0.75,42,True,emg+imu+fp,1,0.073389076,0.9236577,0.0029531408
observed_schema_replay,observed_eeg_rejected,fasca,S42_1,42,True,emg+imu+fp,2,0.005896474,0.05868885,0.93541473
observed_schema_replay,observed_eeg_rejected,fasca,S45_0.5,45,True,emg+imu+fp,0,0.99108046,0.0036917978,0.005227726
observed_schema_replay,observed_eeg_rejected,fasca,S45_0.75,45,True,emg+imu+fp,1,0.007170793,0.99004173,0.0027874548
observed_schema_replay,observed_eeg_rejected,fasca,S51_0.5,51,True,emg+imu+fp,0,0.99025387,0.004473536,0.005272649
observed_schema_replay,observed_eeg_rejected,fasca,S51_0.75,51,True,emg+imu+fp,1,0.0061846785,0.9902329,0.003582456
observed_schema_replay,observed_eeg_rejected,fasca,S51_1,51,True,emg+imu+fp,2,0.0052512963,0.005965537,0.9887832
observed_schema_replay,observed_eeg_rejected,fasca,S54_0.5,54,True,emg+imu+fp,0,0.9910566,0.0038786642,0.0050647072
observed_schema_replay,observed_eeg_rejected,fasca,S54_0.75,54,True,emg+imu+fp,1,0.01710988,0.9795181,0.0033719912
observed_schema_replay,observed_eeg_rejected,fasca,S54_1,54,True,emg+imu+fp,2,0.0057955887,0.0054243146,0.9887801
observed_schema_replay,observed_eeg_rejected,fasca,S56_0.5,56,True,emg+imu+fp,0,0.98787737,0.005029421,0.007093186
observed_schema_replay,observed_eeg_rejected,fasca,S56_0.75,56,True,emg+imu+fp,1,0.027266087,0.94729495,0.025438964
observed_schema_replay,observed_eeg_rejected,fasca,S56_1,56,True,emg+imu+fp,2,0.0042108665,0.17287926,0.8229099
observed_schema_replay,observed_eeg_rejected,fter,S20_0.5,20,True,emg+imu+fp,0,0.9892879,0.0059133046,0.004798734
observed_schema_replay,observed_eeg_rejected,fter,S20_0.75,20,True,emg+imu+fp,1,0.0076099862,0.98360705,0.008782971
observed_schema_replay,observed_eeg_rejected,fter,S20_1,20,True,emg+imu+fp,2,0.004755436,0.0060411505,0.9892034
observed_schema_replay,observed_eeg_rejected,fter,S22_0.5,22,True,emg+imu+fp,0,0.9897442,0.0054735136,0.0047823065
observed_schema_replay,observed_eeg_rejected,fter,S22_0.75,22,True,emg+imu+fp,1,0.0033175906,0.9908554,0.005826997
observed_schema_replay,observed_eeg_rejected,fter,S22_1,22,True,emg+imu+fp,2,0.005126267,0.005233543,0.98964024
observed_schema_replay,observed_eeg_rejected,fter,S23_0.5,23,True,emg+imu+fp,0,0.9909094,0.004011233,0.0050793323
observed_schema_replay,observed_eeg_rejected,fter,S23_0.75,23,True,emg+imu+fp,1,0.033124078,0.9627983,0.00407765
observed_schema_replay,observed_eeg_rejected,fter,S23_1,23,True,emg+imu+fp,2,0.0052911495,0.0055438,0.98916507
observed_schema_replay,observed_eeg_rejected,fter,S28_0.5,28,True,emg+imu+fp,0,0.98758775,0.006649799,0.005762474
observed_schema_replay,observed_eeg_rejected,fter,S28_0.75,28,True,emg+imu+fp,1,0.0036595168,0.98973227,0.006608216
observed_schema_replay,observed_eeg_rejected,fter,S28_1,28,True,emg+imu+fp,2,0.005729936,0.0043672025,0.9899029
observed_schema_replay,observed_eeg_rejected,fter,S34_0.5,34,True,emg+imu+fp,0,0.99080104,0.0040906616,0.0051082927
observed_schema_replay,observed_eeg_rejected,fter,S34_0.75,34,True,emg+imu+fp,1,0.008761299,0.9886357,0.0026029756
observed_schema_replay,observed_eeg_rejected,fter,S34_1,34,True,emg+imu+fp,2,0.005132081,0.025802985,0.9690649
observed_schema_replay,observed_eeg_rejected,fter,S41_0.5,41,True,emg+imu+fp,0,0.9885128,0.005558176,0.0059289723
observed_schema_replay,observed_eeg_rejected,fter,S41_0.75,41,True,emg+imu+fp,1,0.0032693443,0.9901659,0.0065647573
observed_schema_replay,observed_eeg_rejected,fter,S41_1,41,True,emg+imu+fp,2,0.0049078423,0.005562763,0.98952943
observed_schema_replay,observed_eeg_rejected,fter,S42_0.5,42,True,emg+imu+fp,0,0.99090713,0.0038223856,0.005270524
observed_schema_replay,observed_eeg_rejected,fter,S42_0.75,42,True,emg+imu+fp,1,0.073389076,0.9236577,0.0029531408
observed_schema_replay,observed_eeg_rejected,fter,S42_1,42,True,emg+imu+fp,2,0.005896474,0.05868885,0.93541473
observed_schema_replay,observed_eeg_rejected,fter,S45_0.5,45,True,emg+imu+fp,0,0.99108046,0.0036917978,0.005227726
observed_schema_replay,observed_eeg_rejected,fter,S45_0.75,45,True,emg+imu+fp,1,0.007170793,0.99004173,0.0027874548
observed_schema_replay,observed_eeg_rejected,fter,S51_0.5,51,True,emg+imu+fp,0,0.99025387,0.004473536,0.005272649
observed_schema_replay,observed_eeg_rejected,fter,S51_0.75,51,True,emg+imu+fp,1,0.0061846785,0.9902329,0.003582456
observed_schema_replay,observed_eeg_rejected,fter,S51_1,51,True,emg+imu+fp,2,0.0052512963,0.005965537,0.9887832
observed_schema_replay,observed_eeg_rejected,fter,S54_0.5,54,True,emg+imu+fp,0,0.9910566,0.0038786642,0.0050647072
observed_schema_replay,observed_eeg_rejected,fter,S54_0.75,54,True,emg+imu+fp,1,0.01710988,0.9795181,0.0033719912
observed_schema_replay,observed_eeg_rejected,fter,S54_1,54,True,emg+imu+fp,2,0.0057955887,0.0054243146,0.9887801
observed_schema_replay,observed_eeg_rejected,fter,S56_0.5,56,True,emg+imu+fp,0,0.98787737,0.005029421,0.007093186
observed_schema_replay,observed_eeg_rejected,fter,S56_0.75,56,True,emg+imu+fp,1,0.027266087,0.94729495,0.025438964
observed_schema_replay,observed_eeg_rejected,fter,S56_1,56,True,emg+imu+fp,2,0.0042108665,0.17287926,0.8229099
observed_schema_replay,observed_schema_zero,embracenet,S8_1,8,True,eeg+emg+imu+fp,2,0.008356121,0.15639919,0.83524466
observed_schema_replay,observed_schema_zero,embracenet,S11_0.5,11,True,eeg+emg+imu+fp,0,0.99554724,0.0025522152,0.0019005359
observed_schema_replay,observed_schema_zero,embracenet,S11_0.75,11,True,eeg+emg+imu+fp,1,0.36609444,0.63220763,0.0016979588
observed_schema_replay,observed_schema_zero,embracenet,S12_0.5,12,True,eeg+emg+imu+fp,0,0.9927264,0.0026841257,0.0045894855
observed_schema_replay,observed_schema_zero,embracenet,S12_0.75,12,True,eeg+emg+imu+fp,1,0.0052928594,0.98658925,0.008117855
observed_schema_replay,observed_schema_zero,embracenet,S12_1,12,True,eeg+emg+imu+fp,2,0.0028844408,0.004064202,0.99305135
observed_schema_replay,observed_schema_zero,embracenet,S13_0.5,13,True,eeg+emg+imu+fp,0,0.995713,0.0028211903,0.001465842
observed_schema_replay,observed_schema_zero,embracenet,S13_0.75,13,True,eeg+emg+imu+fp,1,0.09055037,0.90785766,0.00159193
observed_schema_replay,observed_schema_zero,embracenet,S13_1,13,True,eeg+emg+imu+fp,2,0.0033379144,0.073201686,0.9234604
observed_schema_replay,observed_schema_zero,embracenet,S30_0.5,30,True,eeg+emg+imu+fp,0,0.99466944,0.0024808773,0.002849703
observed_schema_replay,observed_schema_zero,embracenet,S30_0.75,30,True,eeg+emg+imu+fp,1,0.005665532,0.99024034,0.0040941224
observed_schema_replay,observed_schema_zero,embracenet,S30_1,30,True,eeg+emg+imu+fp,2,0.0020404141,0.15879944,0.83916014
observed_schema_replay,observed_schema_zero,embracenet,S31_0.5,31,True,eeg+emg+imu+fp,0,0.99387145,0.0039103227,0.0022182378
observed_schema_replay,observed_schema_zero,embracenet,S31_0.75,31,True,eeg+emg+imu+fp,1,0.0050813295,0.96502733,0.029891336
observed_schema_replay,observed_schema_zero,embracenet,S31_1,31,True,eeg+emg+imu+fp,2,0.0032149453,0.003912008,0.992873
observed_schema_replay,observed_schema_zero,embracenet,S37_0.5,37,True,eeg+emg+imu+fp,0,0.9932359,0.005225126,0.0015389881
observed_schema_replay,observed_schema_zero,embracenet,S37_0.75,37,True,eeg+emg+imu+fp,1,0.08111601,0.91611785,0.0027660935
observed_schema_replay,observed_schema_zero,embracenet,S37_1,37,True,eeg+emg+imu+fp,2,0.0023151173,0.05678307,0.9409018
observed_schema_replay,observed_schema_zero,embracenet,S52_0.5,52,True,eeg+emg+imu+fp,0,0.99554545,0.0029874623,0.001467016
observed_schema_replay,observed_schema_zero,embracenet,S52_0.75,52,True,eeg+emg+imu+fp,1,0.006130656,0.9904178,0.003451587
observed_schema_replay,observed_schema_zero,embracenet,S52_1,52,True,eeg+emg+imu+fp,2,0.003978647,0.0041130804,0.99190825
observed_schema_replay,observed_schema_zero,embracenet,S55_0.5,55,True,eeg+emg+imu+fp,0,0.99514246,0.0024602397,0.0023973526
observed_schema_replay,observed_schema_zero,embracenet,S55_0.75,55,True,eeg+emg+imu+fp,1,0.9329601,0.06526578,0.0017741015
observed_schema_replay,observed_schema_zero,embracenet,S55_1,55,True,eeg+emg+imu+fp,2,0.003306952,0.21734016,0.7793529
observed_schema_replay,observed_schema_zero,embracenet,S57_0.5,57,True,eeg+emg+imu+fp,0,0.9949107,0.0036735304,0.001415765
observed_schema_replay,observed_schema_zero,embracenet,S57_0.75,57,True,eeg+emg+imu+fp,1,0.08101336,0.9174828,0.001503875
observed_schema_replay,observed_schema_zero,embracenet,S57_1,57,True,eeg+emg+imu+fp,2,0.003962131,0.018567493,0.9774704
observed_schema_replay,observed_schema_zero,embracenet,S58_0.5,58,True,eeg+emg+imu+fp,0,0.9950223,0.0033520348,0.0016256749
observed_schema_replay,observed_schema_zero,embracenet,S58_0.75,58,True,eeg+emg+imu+fp,1,0.014593816,0.97564214,0.009764056
observed_schema_replay,observed_schema_zero,embracenet,S58_1,58,True,eeg+emg+imu+fp,2,0.0041235094,0.0068210587,0.98905545
observed_schema_replay,observed_schema_zero,fasca,S8_1,8,True,eeg+emg+imu+fp,2,0.006454675,0.111859344,0.881686
observed_schema_replay,observed_schema_zero,fasca,S11_0.5,11,True,eeg+emg+imu+fp,0,0.9904205,0.005577035,0.004002483
observed_schema_replay,observed_schema_zero,fasca,S11_0.75,11,True,eeg+emg+imu+fp,1,0.17906094,0.8184757,0.0024633415
observed_schema_replay,observed_schema_zero,fasca,S12_0.5,12,True,eeg+emg+imu+fp,0,0.9744373,0.009548235,0.01601441
observed_schema_replay,observed_schema_zero,fasca,S12_0.75,12,True,eeg+emg+imu+fp,1,0.0034159997,0.9846091,0.011974856
observed_schema_replay,observed_schema_zero,fasca,S12_1,12,True,eeg+emg+imu+fp,2,0.0032700642,0.014985517,0.98174435
observed_schema_replay,observed_schema_zero,fasca,S13_0.5,13,True,eeg+emg+imu+fp,0,0.98930174,0.0072374456,0.0034608257
observed_schema_replay,observed_schema_zero,fasca,S13_0.75,13,True,eeg+emg+imu+fp,1,0.05416152,0.94045496,0.005383538
observed_schema_replay,observed_schema_zero,fasca,S13_1,13,True,eeg+emg+imu+fp,2,0.0037549771,0.018076068,0.97816896
observed_schema_replay,observed_schema_zero,fasca,S30_0.5,30,True,eeg+emg+imu+fp,0,0.98936206,0.0069371536,0.0037007441
observed_schema_replay,observed_schema_zero,fasca,S30_0.75,30,True,eeg+emg+imu+fp,1,0.0036827186,0.9922056,0.0041116443
observed_schema_replay,observed_schema_zero,fasca,S30_1,30,True,eeg+emg+imu+fp,2,0.0048039886,0.16463172,0.83056426
observed_schema_replay,observed_schema_zero,fasca,S31_0.5,31,True,eeg+emg+imu+fp,0,0.9856723,0.0097344965,0.004593154
observed_schema_replay,observed_schema_zero,fasca,S31_0.75,31,True,eeg+emg+imu+fp,1,0.0020379887,0.97686666,0.021095349
observed_schema_replay,observed_schema_zero,fasca,S31_1,31,True,eeg+emg+imu+fp,2,0.004107078,0.002969294,0.9929237
observed_schema_replay,observed_schema_zero,fasca,S37_0.5,37,True,eeg+emg+imu+fp,0,0.986214,0.0102901785,0.0034958369
observed_schema_replay,observed_schema_zero,fasca,S37_0.75,37,True,eeg+emg+imu+fp,1,0.0053152926,0.99179083,0.0028938127
observed_schema_replay,observed_schema_zero,fasca,S37_1,37,True,eeg+emg+imu+fp,2,0.003971236,0.042221367,0.95380735
observed_schema_replay,observed_schema_zero,fasca,S52_0.5,52,True,eeg+emg+imu+fp,0,0.9903248,0.005903685,0.0037715107
observed_schema_replay,observed_schema_zero,fasca,S52_0.75,52,True,eeg+emg+imu+fp,1,0.006864915,0.9910288,0.0021063194
observed_schema_replay,observed_schema_zero,fasca,S52_1,52,True,eeg+emg+imu+fp,2,0.005102743,0.005017936,0.9898793
observed_schema_replay,observed_schema_zero,fasca,S55_0.5,55,True,eeg+emg+imu+fp,0,0.9904497,0.005836483,0.0037137503
observed_schema_replay,observed_schema_zero,fasca,S55_0.75,55,True,eeg+emg+imu+fp,1,0.48122585,0.5149471,0.0038270687
observed_schema_replay,observed_schema_zero,fasca,S55_1,55,True,eeg+emg+imu+fp,2,0.0038894622,0.088071555,0.9080389
observed_schema_replay,observed_schema_zero,fasca,S57_0.5,57,True,eeg+emg+imu+fp,0,0.989775,0.0054843854,0.004740526
observed_schema_replay,observed_schema_zero,fasca,S57_0.75,57,True,eeg+emg+imu+fp,1,0.064050995,0.9333155,0.0026335095
observed_schema_replay,observed_schema_zero,fasca,S57_1,57,True,eeg+emg+imu+fp,2,0.0056092157,0.013638916,0.9807518
observed_schema_replay,observed_schema_zero,fasca,S58_0.5,58,True,eeg+emg+imu+fp,0,0.98923475,0.0068900413,0.0038751718
observed_schema_replay,observed_schema_zero,fasca,S58_0.75,58,True,eeg+emg+imu+fp,1,0.0065878048,0.9877944,0.0056178295
observed_schema_replay,observed_schema_zero,fasca,S58_1,58,True,eeg+emg+imu+fp,2,0.005162283,0.022553004,0.9722846
observed_schema_replay,observed_schema_zero,fter,S8_1,8,True,eeg+emg+imu+fp,2,0.006454675,0.111859344,0.881686
observed_schema_replay,observed_schema_zero,fter,S11_0.5,11,True,eeg+emg+imu+fp,0,0.9904205,0.005577035,0.004002483
observed_schema_replay,observed_schema_zero,fter,S11_0.75,11,True,eeg+emg+imu+fp,1,0.17906094,0.8184757,0.0024633415
observed_schema_replay,observed_schema_zero,fter,S12_0.5,12,True,eeg+emg+imu+fp,0,0.9744373,0.009548235,0.01601441
observed_schema_replay,observed_schema_zero,fter,S12_0.75,12,True,eeg+emg+imu+fp,1,0.0034159997,0.9846091,0.011974856
observed_schema_replay,observed_schema_zero,fter,S12_1,12,True,eeg+emg+imu+fp,2,0.0032700642,0.014985517,0.98174435
observed_schema_replay,observed_schema_zero,fter,S13_0.5,13,True,eeg+emg+imu+fp,0,0.98930174,0.0072374456,0.0034608257
observed_schema_replay,observed_schema_zero,fter,S13_0.75,13,True,eeg+emg+imu+fp,1,0.05416152,0.94045496,0.005383538
observed_schema_replay,observed_schema_zero,fter,S13_1,13,True,eeg+emg+imu+fp,2,0.0037549771,0.018076068,0.97816896
observed_schema_replay,observed_schema_zero,fter,S30_0.5,30,True,eeg+emg+imu+fp,0,0.98936206,0.0069371536,0.0037007441
observed_schema_replay,observed_schema_zero,fter,S30_0.75,30,True,eeg+emg+imu+fp,1,0.0036827186,0.9922056,0.0041116443
observed_schema_replay,observed_schema_zero,fter,S30_1,30,True,eeg+emg+imu+fp,2,0.0048039886,0.16463172,0.83056426
observed_schema_replay,observed_schema_zero,fter,S31_0.5,31,True,eeg+emg+imu+fp,0,0.9856723,0.0097344965,0.004593154
observed_schema_replay,observed_schema_zero,fter,S31_0.75,31,True,eeg+emg+imu+fp,1,0.0020379887,0.97686666,0.021095349
observed_schema_replay,observed_schema_zero,fter,S31_1,31,True,eeg+emg+imu+fp,2,0.004107078,0.002969294,0.9929237
observed_schema_replay,observed_schema_zero,fter,S37_0.5,37,True,eeg+emg+imu+fp,0,0.986214,0.0102901785,0.0034958369
observed_schema_replay,observed_schema_zero,fter,S37_0.75,37,True,eeg+emg+imu+fp,1,0.0053152926,0.99179083,0.0028938127
observed_schema_replay,observed_schema_zero,fter,S37_1,37,True,eeg+emg+imu+fp,2,0.003971236,0.042221367,0.95380735
observed_schema_replay,observed_schema_zero,fter,S52_0.5,52,True,eeg+emg+imu+fp,0,0.9903248,0.005903685,0.0037715107
observed_schema_replay,observed_schema_zero,fter,S52_0.75,52,True,eeg+emg+imu+fp,1,0.006864915,0.9910288,0.0021063194
observed_schema_replay,observed_schema_zero,fter,S52_1,52,True,eeg+emg+imu+fp,2,0.005102743,0.005017936,0.9898793
observed_schema_replay,observed_schema_zero,fter,S55_0.5,55,True,eeg+emg+imu+fp,0,0.9904497,0.005836483,0.0037137503
observed_schema_replay,observed_schema_zero,fter,S55_0.75,55,True,eeg+emg+imu+fp,1,0.48122585,0.5149471,0.0038270687
observed_schema_replay,observed_schema_zero,fter,S55_1,55,True,eeg+emg+imu+fp,2,0.0038894622,0.088071555,0.9080389
observed_schema_replay,observed_schema_zero,fter,S57_0.5,57,True,eeg+emg+imu+fp,0,0.989775,0.0054843854,0.004740526
observed_schema_replay,observed_schema_zero,fter,S57_0.75,57,True,eeg+emg+imu+fp,1,0.064050995,0.9333155,0.0026335095
observed_schema_replay,observed_schema_zero,fter,S57_1,57,True,eeg+emg+imu+fp,2,0.0056092157,0.013638916,0.9807518
observed_schema_replay,observed_schema_zero,fter,S58_0.5,58,True,eeg+emg+imu+fp,0,0.98923475,0.0068900413,0.0038751718
observed_schema_replay,observed_schema_zero,fter,S58_0.75,58,True,eeg+emg+imu+fp,1,0.0065878048,0.9877944,0.0056178295
observed_schema_replay,observed_schema_zero,fter,S58_1,58,True,eeg+emg+imu+fp,2,0.005162283,0.022553004,0.9722846
observed_schema_replay,observed_schema_1pct,embracenet,S8_1,8,True,eeg+emg+imu+fp,2,0.008358797,0.15641128,0.83522993
observed_schema_replay,observed_schema_1pct,embracenet,S11_0.5,11,True,eeg+emg+imu+fp,0,0.9955478,0.0025519058,0.0019003636
observed_schema_replay,observed_schema_1pct,embracenet,S11_0.75,11,True,eeg+emg+imu+fp,1,0.36614695,0.63215476,0.0016982224
observed_schema_replay,observed_schema_1pct,embracenet,S12_0.5,12,True,eeg+emg+imu+fp,0,0.99272794,0.0026833385,0.0045887507
observed_schema_replay,observed_schema_1pct,embracenet,S12_0.75,12,True,eeg+emg+imu+fp,1,0.005293908,0.9865894,0.008116691
observed_schema_replay,observed_schema_1pct,embracenet,S12_1,12,True,eeg+emg+imu+fp,2,0.002884903,0.0040633357,0.99305177
observed_schema_replay,observed_schema_1pct,embracenet,S13_0.5,13,True,eeg+emg+imu+fp,0,0.995713,0.0028212105,0.0014658136
observed_schema_replay,observed_schema_1pct,embracenet,S13_0.75,13,True,eeg+emg+imu+fp,1,0.090569355,0.90783876,0.0015918892
observed_schema_replay,observed_schema_1pct,embracenet,S13_1,13,True,eeg+emg+imu+fp,2,0.0033395672,0.073207624,0.92345285
observed_schema_replay,observed_schema_1pct,embracenet,S30_0.5,30,True,eeg+emg+imu+fp,0,0.9946696,0.0024806175,0.002849796
observed_schema_replay,observed_schema_1pct,embracenet,S30_0.75,30,True,eeg+emg+imu+fp,1,0.0056680157,0.99023646,0.004095563
observed_schema_replay,observed_schema_1pct,embracenet,S30_1,30,True,eeg+emg+imu+fp,2,0.002040289,0.15875864,0.83920103
observed_schema_replay,observed_schema_1pct,embracenet,S31_0.5,31,True,eeg+emg+imu+fp,0,0.9938736,0.003908725,0.0022176513
observed_schema_replay,observed_schema_1pct,embracenet,S31_0.75,31,True,eeg+emg+imu+fp,1,0.0050849565,0.9650354,0.029879687
observed_schema_replay,observed_schema_1pct,embracenet,S31_1,31,True,eeg+emg+imu+fp,2,0.003216794,0.0039138757,0.9928694
observed_schema_replay,observed_schema_1pct,embracenet,S37_0.5,37,True,eeg+emg+imu+fp,0,0.99324036,0.0052212994,0.0015383653
observed_schema_replay,observed_schema_1pct,embracenet,S37_0.75,37,True,eeg+emg+imu+fp,1,0.08113557,0.91609806,0.002766372
observed_schema_replay,observed_schema_1pct,embracenet,S37_1,37,True,eeg+emg+imu+fp,2,0.0023165464,0.05677503,0.94090843
observed_schema_replay,observed_schema_1pct,embracenet,S52_0.5,52,True,eeg+emg+imu+fp,0,0.9955461,0.0029870092,0.0014668847
observed_schema_replay,observed_schema_1pct,embracenet,S52_0.75,52,True,eeg+emg+imu+fp,1,0.006131483,0.990417,0.0034515287
observed_schema_replay,observed_schema_1pct,embracenet,S52_1,52,True,eeg+emg+imu+fp,2,0.0039780727,0.004111884,0.99191004
observed_schema_replay,observed_schema_1pct,embracenet,S55_0.5,55,True,eeg+emg+imu+fp,0,0.99514276,0.002460025,0.002397215
observed_schema_replay,observed_schema_1pct,embracenet,S55_0.75,55,True,eeg+emg+imu+fp,1,0.9329696,0.06525651,0.0017738418
observed_schema_replay,observed_schema_1pct,embracenet,S55_1,55,True,eeg+emg+imu+fp,2,0.0033057174,0.21734102,0.7793532
observed_schema_replay,observed_schema_1pct,embracenet,S57_0.5,57,True,eeg+emg+imu+fp,0,0.9949042,0.0036781642,0.0014175602
observed_schema_replay,observed_schema_1pct,embracenet,S57_0.75,57,True,eeg+emg+imu+fp,1,0.08089764,0.9175966,0.0015057923
observed_schema_replay,observed_schema_1pct,embracenet,S57_1,57,True,eeg+emg+imu+fp,2,0.0039568995,0.018580262,0.9774628
observed_schema_replay,observed_schema_1pct,embracenet,S58_0.5,58,True,eeg+emg+imu+fp,0,0.9950223,0.0033519259,0.0016258182
observed_schema_replay,observed_schema_1pct,embracenet,S58_0.75,58,True,eeg+emg+imu+fp,1,0.0146052735,0.9756212,0.009773459
observed_schema_replay,observed_schema_1pct,embracenet,S58_1,58,True,eeg+emg+imu+fp,2,0.0041227047,0.006818738,0.98905855
observed_schema_replay,observed_schema_1pct,fasca,S8_1,8,True,eeg+emg+imu+fp,2,0.0064554643,0.11188281,0.8816617
observed_schema_replay,observed_schema_1pct,fasca,S11_0.5,11,True,eeg+emg+imu+fp,0,0.9904211,0.0055769007,0.004001982
observed_schema_replay,observed_schema_1pct,fasca,S11_0.75,11,True,eeg+emg+imu+fp,1,0.17904496,0.8184919,0.002463197
observed_schema_replay,observed_schema_1pct,fasca,S12_0.5,12,True,eeg+emg+imu+fp,0,0.97444385,0.009547363,0.01600883
observed_schema_replay,observed_schema_1pct,fasca,S12_0.75,12,True,eeg+emg+imu+fp,1,0.003415731,0.98461246,0.011971869
observed_schema_replay,observed_schema_1pct,fasca,S12_1,12,True,eeg+emg+imu+fp,2,0.003270555,0.014987414,0.9817421
observed_schema_replay,observed_schema_1pct,fasca,S13_0.5,13,True,eeg+emg+imu+fp,0,0.98930174,0.0072377236,0.0034605507
observed_schema_replay,observed_schema_1pct,fasca,S13_0.75,13,True,eeg+emg+imu+fp,1,0.054158013,0.94046015,0.0053818747
observed_schema_replay,observed_schema_1pct,fasca,S13_1,13,True,eeg+emg+imu+fp,2,0.003756074,0.018082352,0.9781616
observed_schema_replay,observed_schema_1pct,fasca,S30_0.5,30,True,eeg+emg+imu+fp,0,0.98936266,0.006936846,0.003700529
observed_schema_replay,observed_schema_1pct,fasca,S30_0.75,30,True,eeg+emg+imu+fp,1,0.003681711,0.99220663,0.004111638
observed_schema_replay,observed_schema_1pct,fasca,S30_1,30,True,eeg+emg+imu+fp,2,0.0047989404,0.16460413,0.8305969
observed_schema_replay,observed_schema_1pct,fasca,S31_0.5,31,True,eeg+emg+imu+fp,0,0.98567176,0.009735999,0.004592244
observed_schema_replay,observed_schema_1pct,fasca,S31_0.75,31,True,eeg+emg+imu+fp,1,0.0020402996,0.9768918,0.021067852
observed_schema_replay,observed_schema_1pct,fasca,S31_1,31,True,eeg+emg+imu+fp,2,0.0041088983,0.0029693048,0.9929218
observed_schema_replay,observed_schema_1pct,fasca,S37_0.5,37,True,eeg+emg+imu+fp,0,0.9862214,0.0102862995,0.0034922597
observed_schema_replay,observed_schema_1pct,fasca,S37_0.75,37,True,eeg+emg+imu+fp,1,0.0053181336,0.9917894,0.00289247
observed_schema_replay,observed_schema_1pct,fasca,S37_1,37,True,eeg+emg+imu+fp,2,0.00397256,0.04222374,0.9538037
observed_schema_replay,observed_schema_1pct,fasca,S52_0.5,52,True,eeg+emg+imu+fp,0,0.9903264,0.005903035,0.003770531
observed_schema_replay,observed_schema_1pct,fasca,S52_0.75,52,True,eeg+emg+imu+fp,1,0.0068666134,0.9910273,0.0021060766
observed_schema_replay,observed_schema_1pct,fasca,S52_1,52,True,eeg+emg+imu+fp,2,0.0051003937,0.005017026,0.98988265
observed_schema_replay,observed_schema_1pct,fasca,S55_0.5,55,True,eeg+emg+imu+fp,0,0.9904508,0.0058362912,0.0037129165
observed_schema_replay,observed_schema_1pct,fasca,S55_0.75,55,True,eeg+emg+imu+fp,1,0.48125076,0.5149242,0.0038249635
observed_schema_replay,observed_schema_1pct,fasca,S55_1,55,True,eeg+emg+imu+fp,2,0.0038887337,0.08808159,0.90802974
observed_schema_replay,observed_schema_1pct,fasca,S57_0.5,57,True,eeg+emg+imu+fp,0,0.9897608,0.0054926,0.0047466294
observed_schema_replay,observed_schema_1pct,fasca,S57_0.75,57,True,eeg+emg+imu+fp,1,0.06390026,0.93346614,0.0026336687
observed_schema_replay,observed_schema_1pct,fasca,S57_1,57,True,eeg+emg+imu+fp,2,0.0056016636,0.013639815,0.9807585
observed_schema_replay,observed_schema_1pct,fasca,S58_0.5,58,True,eeg+emg+imu+fp,0,0.9892337,0.006890858,0.0038754435
observed_schema_replay,observed_schema_1pct,fasca,S58_0.75,58,True,eeg+emg+imu+fp,1,0.0065827123,0.9877897,0.0056275656
observed_schema_replay,observed_schema_1pct,fasca,S58_1,58,True,eeg+emg+imu+fp,2,0.0051539526,0.02254621,0.9722999
observed_schema_replay,observed_schema_1pct,fter,S8_1,8,True,eeg+emg+imu+fp,2,0.0064554643,0.11188281,0.8816617
observed_schema_replay,observed_schema_1pct,fter,S11_0.5,11,True,eeg+emg+imu+fp,0,0.9904211,0.0055769007,0.004001982
observed_schema_replay,observed_schema_1pct,fter,S11_0.75,11,True,eeg+emg+imu+fp,1,0.17904496,0.8184919,0.002463197
observed_schema_replay,observed_schema_1pct,fter,S12_0.5,12,True,eeg+emg+imu+fp,0,0.97444385,0.009547363,0.01600883
observed_schema_replay,observed_schema_1pct,fter,S12_0.75,12,True,eeg+emg+imu+fp,1,0.003415731,0.98461246,0.011971869
observed_schema_replay,observed_schema_1pct,fter,S12_1,12,True,eeg+emg+imu+fp,2,0.003270555,0.014987414,0.9817421
observed_schema_replay,observed_schema_1pct,fter,S13_0.5,13,True,eeg+emg+imu+fp,0,0.98930174,0.0072377236,0.0034605507
observed_schema_replay,observed_schema_1pct,fter,S13_0.75,13,True,eeg+emg+imu+fp,1,0.054158013,0.94046015,0.0053818747
observed_schema_replay,observed_schema_1pct,fter,S13_1,13,True,eeg+emg+imu+fp,2,0.003756074,0.018082352,0.9781616
observed_schema_replay,observed_schema_1pct,fter,S30_0.5,30,True,eeg+emg+imu+fp,0,0.98936266,0.006936846,0.003700529
observed_schema_replay,observed_schema_1pct,fter,S30_0.75,30,True,eeg+emg+imu+fp,1,0.003681711,0.99220663,0.004111638
observed_schema_replay,observed_schema_1pct,fter,S30_1,30,True,eeg+emg+imu+fp,2,0.0047989404,0.16460413,0.8305969
observed_schema_replay,observed_schema_1pct,fter,S31_0.5,31,True,eeg+emg+imu+fp,0,0.98567176,0.009735999,0.004592244
observed_schema_replay,observed_schema_1pct,fter,S31_0.75,31,True,eeg+emg+imu+fp,1,0.0020402996,0.9768918,0.021067852
observed_schema_replay,observed_schema_1pct,fter,S31_1,31,True,eeg+emg+imu+fp,2,0.0041088983,0.0029693048,0.9929218
observed_schema_replay,observed_schema_1pct,fter,S37_0.5,37,True,eeg+emg+imu+fp,0,0.9862214,0.0102862995,0.0034922597
observed_schema_replay,observed_schema_1pct,fter,S37_0.75,37,True,eeg+emg+imu+fp,1,0.0053181336,0.9917894,0.00289247
observed_schema_replay,observed_schema_1pct,fter,S37_1,37,True,eeg+emg+imu+fp,2,0.00397256,0.04222374,0.9538037
observed_schema_replay,observed_schema_1pct,fter,S52_0.5,52,True,eeg+emg+imu+fp,0,0.9903264,0.005903035,0.003770531
observed_schema_replay,observed_schema_1pct,fter,S52_0.75,52,True,eeg+emg+imu+fp,1,0.0068666134,0.9910273,0.0021060766
observed_schema_replay,observed_schema_1pct,fter,S52_1,52,True,eeg+emg+imu+fp,2,0.0051003937,0.005017026,0.98988265
observed_schema_replay,observed_schema_1pct,fter,S55_0.5,55,True,eeg+emg+imu+fp,0,0.9904508,0.0058362912,0.0037129165
observed_schema_replay,observed_schema_1pct,fter,S55_0.75,55,True,eeg+emg+imu+fp,1,0.48125076,0.5149242,0.0038249635
observed_schema_replay,observed_schema_1pct,fter,S55_1,55,True,eeg+emg+imu+fp,2,0.0038887337,0.08808159,0.90802974
observed_schema_replay,observed_schema_1pct,fter,S57_0.5,57,True,eeg+emg+imu+fp,0,0.9897608,0.0054926,0.0047466294
observed_schema_replay,observed_schema_1pct,fter,S57_0.75,57,True,eeg+emg+imu+fp,1,0.06390026,0.93346614,0.0026336687
observed_schema_replay,observed_schema_1pct,fter,S57_1,57,True,eeg+emg+imu+fp,2,0.0056016636,0.013639815,0.9807585
observed_schema_replay,observed_schema_1pct,fter,S58_0.5,58,True,eeg+emg+imu+fp,0,0.9892337,0.006890858,0.0038754435
observed_schema_replay,observed_schema_1pct,fter,S58_0.75,58,True,eeg+emg+imu+fp,1,0.0065827123,0.9877897,0.0056275656
observed_schema_replay,observed_schema_1pct,fter,S58_1,58,True,eeg+emg+imu+fp,2,0.0051539526,0.02254621,0.9722999
observed_schema_replay,observed_schema_5pct,embracenet,S8_1,8,True,eeg+emg+imu+fp,2,0.008368672,0.15645218,0.83517915
observed_schema_replay,observed_schema_5pct,embracenet,S11_0.5,11,True,eeg+emg+imu+fp,0,0.9955494,0.0025508,0.0018998674
observed_schema_replay,observed_schema_5pct,embracenet,S11_0.75,11,True,eeg+emg+imu+fp,1,0.36634743,0.6319532,0.0016993341
observed_schema_replay,observed_schema_5pct,embracenet,S12_0.5,12,True,eeg+emg+imu+fp,0,0.9927338,0.002680257,0.004585992
observed_schema_replay,observed_schema_5pct,embracenet,S12_0.75,12,True,eeg+emg+imu+fp,1,0.005297703,0.9865901,0.008112197
observed_schema_replay,observed_schema_5pct,embracenet,S12_1,12,True,eeg+emg+imu+fp,2,0.002886615,0.004059903,0.9930535
observed_schema_replay,observed_schema_5pct,embracenet,S13_0.5,13,True,eeg+emg+imu+fp,0,0.99571294,0.0028213325,0.0014657519
observed_schema_replay,observed_schema_5pct,embracenet,S13_0.75,13,True,eeg+emg+imu+fp,1,0.09064036,0.90776783,0.0015917672
observed_schema_replay,observed_schema_5pct,embracenet,S13_1,13,True,eeg+emg+imu+fp,2,0.0033455007,0.073229216,0.9234254
observed_schema_replay,observed_schema_5pct,embracenet,S30_0.5,30,True,eeg+emg+imu+fp,0,0.99467,0.0024796724,0.0028503917
observed_schema_replay,observed_schema_5pct,embracenet,S30_0.75,30,True,eeg+emg+imu+fp,1,0.005676625,0.9902217,0.0041017015
observed_schema_replay,observed_schema_5pct,embracenet,S30_1,30,True,eeg+emg+imu+fp,2,0.002039268,0.15858881,0.8393719
observed_schema_replay,observed_schema_5pct,embracenet,S31_0.5,31,True,eeg+emg+imu+fp,0,0.9938822,0.0039018078,0.002216055
observed_schema_replay,observed_schema_5pct,embracenet,S31_0.75,31,True,eeg+emg+imu+fp,1,0.005097547,0.96506387,0.02983851
observed_schema_replay,observed_schema_5pct,embracenet,S31_1,31,True,eeg+emg+imu+fp,2,0.0032253827,0.003922415,0.9928522
observed_schema_replay,observed_schema_5pct,embracenet,S37_0.5,37,True,eeg+emg+imu+fp,0,0.993258,0.005206042,0.0015359364
observed_schema_replay,observed_schema_5pct,embracenet,S37_0.75,37,True,eeg+emg+imu+fp,1,0.08120937,0.9160231,0.0027675594
observed_schema_replay,observed_schema_5pct,embracenet,S37_1,37,True,eeg+emg+imu+fp,2,0.00232219,0.056743983,0.9409339
observed_schema_replay,observed_schema_5pct,embracenet,S52_0.5,52,True,eeg+emg+imu+fp,0,0.9955483,0.0029852465,0.001466446
observed_schema_replay,observed_schema_5pct,embracenet,S52_0.75,52,True,eeg+emg+imu+fp,1,0.006134236,0.99041414,0.0034516596
observed_schema_replay,observed_schema_5pct,embracenet,S52_1,52,True,eeg+emg+imu+fp,2,0.0039753863,0.004107935,0.99191666
observed_schema_replay,observed_schema_5pct,embracenet,S55_0.5,55,True,eeg+emg+imu+fp,0,0.99514395,0.002459238,0.0023967738
observed_schema_replay,observed_schema_5pct,embracenet,S55_0.75,55,True,eeg+emg+imu+fp,1,0.9330011,0.06522591,0.0017729807
observed_schema_replay,observed_schema_5pct,embracenet,S55_1,55,True,eeg+emg+imu+fp,2,0.0033005364,0.21734321,0.77935624
observed_schema_replay,observed_schema_5pct,embracenet,S57_0.5,57,True,eeg+emg+imu+fp,0,0.9948776,0.0036979774,0.0014244751
observed_schema_replay,observed_schema_5pct,embracenet,S57_0.75,57,True,eeg+emg+imu+fp,1,0.080465116,0.91802233,0.0015125958
observed_schema_replay,observed_schema_5pct,embracenet,S57_1,57,True,eeg+emg+imu+fp,2,0.003937262,0.018638624,0.97742414
observed_schema_replay,observed_schema_5pct,embracenet,S58_0.5,58,True,eeg+emg+imu+fp,0,0.9950218,0.0033516537,0.0016265349
observed_schema_replay,observed_schema_5pct,embracenet,S58_0.75,58,True,eeg+emg+imu+fp,1,0.014647469,0.9755389,0.00981362
observed_schema_replay,observed_schema_5pct,embracenet,S58_1,58,True,eeg+emg+imu+fp,2,0.004118277,0.006810328,0.98907137
observed_schema_replay,observed_schema_5pct,fasca,S8_1,8,True,eeg+emg+imu+fp,2,0.0064568915,0.11196723,0.8815759
observed_schema_replay,observed_schema_5pct,fasca,S11_0.5,11,True,eeg+emg+imu+fp,0,0.99042326,0.005576523,0.004000247
observed_schema_replay,observed_schema_5pct,fasca,S11_0.75,11,True,eeg+emg+imu+fp,1,0.17897116,0.81856614,0.0024627394
observed_schema_replay,observed_schema_5pct,fasca,S12_0.5,12,True,eeg+emg+imu+fp,0,0.9744687,0.009544088,0.015987199
observed_schema_replay,observed_schema_5pct,fasca,S12_0.75,12,True,eeg+emg+imu+fp,1,0.0034144826,0.9846249,0.011960589
observed_schema_replay,observed_schema_5pct,fasca,S12_1,12,True,eeg+emg+imu+fp,2,0.0032723814,0.014994875,0.98173267
observed_schema_replay,observed_schema_5pct,fasca,S13_0.5,13,True,eeg+emg+imu+fp,0,0.9893017,0.0072389296,0.0034593623
observed_schema_replay,observed_schema_5pct,fasca,S13_0.75,13,True,eeg+emg+imu+fp,1,0.054141115,0.940484,0.0053748973
observed_schema_replay,observed_schema_5pct,fasca,S13_1,13,True,eeg+emg+imu+fp,2,0.0037597788,0.018106734,0.9781335
observed_schema_replay,observed_schema_5pct,fasca,S30_0.5,30,True,eeg+emg+imu+fp,0,0.98936415,0.006935939,0.0036999437
observed_schema_replay,observed_schema_5pct,fasca,S30_0.75,30,True,eeg+emg+imu+fp,1,0.0036769982,0.99221087,0.004112135
observed_schema_replay,observed_schema_5pct,fasca,S30_1,30,True,eeg+emg+imu+fp,2,0.0047770906,0.16446961,0.8307533
observed_schema_replay,observed_schema_5pct,fasca,S31_0.5,31,True,eeg+emg+imu+fp,0,0.98566943,0.009744099,0.0045864736
observed_schema_replay,observed_schema_5pct,fasca,S31_0.75,31,True,eeg+emg+imu+fp,1,0.0020508813,0.97700757,0.020941595
observed_schema_replay,observed_schema_5pct,fasca,S31_1,31,True,eeg+emg+imu+fp,2,0.0041186106,0.002970119,0.9929113
observed_schema_replay,observed_schema_5pct,fasca,S37_0.5,37,True,eeg+emg+imu+fp,0,0.98625094,0.010270891,0.0034781855
observed_schema_replay,observed_schema_5pct,fasca,S37_0.75,37,True,eeg+emg+imu+fp,1,0.0053290874,0.9917836,0.0028873177
observed_schema_replay,observed_schema_5pct,fasca,S37_1,37,True,eeg+emg+imu+fp,2,0.0039776214,0.0422319,0.9537905
observed_schema_replay,observed_schema_5pct,fasca,S52_0.5,52,True,eeg+emg+imu+fp,0,0.9903328,0.005900569,0.0037667046
observed_schema_replay,observed_schema_5pct,fasca,S52_0.75,52,True,eeg+emg+imu+fp,1,0.0068726353,0.9910221,0.0021052829
observed_schema_replay,observed_schema_5pct,fasca,S52_1,52,True,eeg+emg+imu+fp,2,0.005090646,0.005014079,0.9898953
observed_schema_replay,observed_schema_5pct,fasca,S55_0.5,55,True,eeg+emg+imu+fp,0,0.99045473,0.005835602,0.0037096767
observed_schema_replay,observed_schema_5pct,fasca,S55_0.75,55,True,eeg+emg+imu+fp,1,0.48132765,0.51485556,0.003816747
observed_schema_replay,observed_schema_5pct,fasca,S55_1,55,True,eeg+emg+imu+fp,2,0.0038854508,0.08811996,0.90799457
observed_schema_replay,observed_schema_5pct,fasca,S57_0.5,57,True,eeg+emg+imu+fp,0,0.9897051,0.005526062,0.004768848
observed_schema_replay,observed_schema_5pct,fasca,S57_0.75,57,True,eeg+emg+imu+fp,1,0.063322745,0.93404335,0.0026339332
observed_schema_replay,observed_schema_5pct,fasca,S57_1,57,True,eeg+emg+imu+fp,2,0.0055735633,0.013648186,0.9807782
observed_schema_replay,observed_schema_5pct,fasca,S58_0.5,58,True,eeg+emg+imu+fp,0,0.98922867,0.006894408,0.0038769497
observed_schema_replay,observed_schema_5pct,fasca,S58_0.75,58,True,eeg+emg+imu+fp,1,0.006561452,0.98777074,0.0056678914
observed_schema_replay,observed_schema_5pct,fasca,S58_1,58,True,eeg+emg+imu+fp,2,0.0051199873,0.022515284,0.9723647
observed_schema_replay,observed_schema_5pct,fter,S8_1,8,True,eeg+emg+imu+fp,2,0.0064568915,0.11196723,0.8815759
observed_schema_replay,observed_schema_5pct,fter,S11_0.5,11,True,eeg+emg+imu+fp,0,0.99042326,0.005576523,0.004000247
observed_schema_replay,observed_schema_5pct,fter,S11_0.75,11,True,eeg+emg+imu+fp,1,0.17897116,0.81856614,0.0024627394
observed_schema_replay,observed_schema_5pct,fter,S12_0.5,12,True,eeg+emg+imu+fp,0,0.9744687,0.009544088,0.015987199
observed_schema_replay,observed_schema_5pct,fter,S12_0.75,12,True,eeg+emg+imu+fp,1,0.0034144826,0.9846249,0.011960589
observed_schema_replay,observed_schema_5pct,fter,S12_1,12,True,eeg+emg+imu+fp,2,0.0032723814,0.014994875,0.98173267
observed_schema_replay,observed_schema_5pct,fter,S13_0.5,13,True,eeg+emg+imu+fp,0,0.9893017,0.0072389296,0.0034593623
observed_schema_replay,observed_schema_5pct,fter,S13_0.75,13,True,eeg+emg+imu+fp,1,0.054141115,0.940484,0.0053748973
observed_schema_replay,observed_schema_5pct,fter,S13_1,13,True,eeg+emg+imu+fp,2,0.0037597788,0.018106734,0.9781335
observed_schema_replay,observed_schema_5pct,fter,S30_0.5,30,True,eeg+emg+imu+fp,0,0.98936415,0.006935939,0.0036999437
observed_schema_replay,observed_schema_5pct,fter,S30_0.75,30,True,eeg+emg+imu+fp,1,0.0036769982,0.99221087,0.004112135
observed_schema_replay,observed_schema_5pct,fter,S30_1,30,True,eeg+emg+imu+fp,2,0.0047770906,0.16446961,0.8307533
observed_schema_replay,observed_schema_5pct,fter,S31_0.5,31,True,eeg+emg+imu+fp,0,0.98566943,0.009744099,0.0045864736
observed_schema_replay,observed_schema_5pct,fter,S31_0.75,31,True,eeg+emg+imu+fp,1,0.0020508813,0.97700757,0.020941595
observed_schema_replay,observed_schema_5pct,fter,S31_1,31,True,eeg+emg+imu+fp,2,0.0041186106,0.002970119,0.9929113
observed_schema_replay,observed_schema_5pct,fter,S37_0.5,37,True,eeg+emg+imu+fp,0,0.98625094,0.010270891,0.0034781855
observed_schema_replay,observed_schema_5pct,fter,S37_0.75,37,True,eeg+emg+imu+fp,1,0.0053290874,0.9917836,0.0028873177
observed_schema_replay,observed_schema_5pct,fter,S37_1,37,True,eeg+emg+imu+fp,2,0.0039776214,0.0422319,0.9537905
observed_schema_replay,observed_schema_5pct,fter,S52_0.5,52,True,eeg+emg+imu+fp,0,0.9903328,0.005900569,0.0037667046
observed_schema_replay,observed_schema_5pct,fter,S52_0.75,52,True,eeg+emg+imu+fp,1,0.0068726353,0.9910221,0.0021052829
observed_schema_replay,observed_schema_5pct,fter,S52_1,52,True,eeg+emg+imu+fp,2,0.005090646,0.005014079,0.9898953
observed_schema_replay,observed_schema_5pct,fter,S55_0.5,55,True,eeg+emg+imu+fp,0,0.99045473,0.005835602,0.0037096767
observed_schema_replay,observed_schema_5pct,fter,S55_0.75,55,True,eeg+emg+imu+fp,1,0.48132765,0.51485556,0.003816747
observed_schema_replay,observed_schema_5pct,fter,S55_1,55,True,eeg+emg+imu+fp,2,0.0038854508,0.08811996,0.90799457
observed_schema_replay,observed_schema_5pct,fter,S57_0.5,57,True,eeg+emg+imu+fp,0,0.9897051,0.005526062,0.004768848
observed_schema_replay,observed_schema_5pct,fter,S57_0.75,57,True,eeg+emg+imu+fp,1,0.063322745,0.93404335,0.0026339332
observed_schema_replay,observed_schema_5pct,fter,S57_1,57,True,eeg+emg+imu+fp,2,0.0055735633,0.013648186,0.9807782
observed_schema_replay,observed_schema_5pct,fter,S58_0.5,58,True,eeg+emg+imu+fp,0,0.98922867,0.006894408,0.0038769497
observed_schema_replay,observed_schema_5pct,fter,S58_0.75,58,True,eeg+emg+imu+fp,1,0.006561452,0.98777074,0.0056678914
observed_schema_replay,observed_schema_5pct,fter,S58_1,58,True,eeg+emg+imu+fp,2,0.0051199873,0.022515284,0.9723647
observed_schema_replay,observed_schema_10pct,embracenet,S8_1,8,True,eeg+emg+imu+fp,2,0.008379034,0.15648644,0.8351345
observed_schema_replay,observed_schema_10pct,embracenet,S11_0.5,11,True,eeg+emg+imu+fp,0,0.99555063,0.0025497053,0.0018996745
observed_schema_replay,observed_schema_10pct,embracenet,S11_0.75,11,True,eeg+emg+imu+fp,1,0.36657453,0.6317246,0.0017008564
observed_schema_replay,observed_schema_10pct,embracenet,S12_0.5,12,True,eeg+emg+imu+fp,0,0.99274045,0.0026765615,0.00458296
observed_schema_replay,observed_schema_10pct,embracenet,S12_0.75,12,True,eeg+emg+imu+fp,1,0.0053015254,0.9865915,0.008106944
observed_schema_replay,observed_schema_10pct,embracenet,S12_1,12,True,eeg+emg+imu+fp,2,0.0028884357,0.0040556914,0.9930558
observed_schema_replay,observed_schema_10pct,embracenet,S13_0.5,13,True,eeg+emg+imu+fp,0,0.9957126,0.0028215714,0.0014657903
observed_schema_replay,observed_schema_10pct,embracenet,S13_0.75,13,True,eeg+emg+imu+fp,1,0.09071839,0.90768987,0.0015917107
observed_schema_replay,observed_schema_10pct,embracenet,S13_1,13,True,eeg+emg+imu+fp,2,0.0033514295,0.07325145,0.92339706
observed_schema_replay,observed_schema_10pct,embracenet,S30_0.5,30,True,eeg+emg+imu+fp,0,0.9946697,0.0024787055,0.0028516345
observed_schema_replay,observed_schema_10pct,embracenet,S30_0.75,30,True,eeg+emg+imu+fp,1,0.0056842975,0.99020547,0.0041102446
observed_schema_replay,observed_schema_10pct,embracenet,S30_1,30,True,eeg+emg+imu+fp,2,0.0020368476,0.15836363,0.83959955
observed_schema_replay,observed_schema_10pct,embracenet,S31_0.5,31,True,eeg+emg+imu+fp,0,0.9938919,0.0038922976,0.0022157815
observed_schema_replay,observed_schema_10pct,embracenet,S31_0.75,31,True,eeg+emg+imu+fp,1,0.0051083905,0.96508545,0.029806184
observed_schema_replay,observed_schema_10pct,embracenet,S31_1,31,True,eeg+emg+imu+fp,2,0.0032391993,0.0039348537,0.9928259
observed_schema_replay,observed_schema_10pct,embracenet,S37_0.5,37,True,eeg+emg+imu+fp,0,0.99327976,0.005187141,0.001533064
observed_schema_replay,observed_schema_10pct,embracenet,S37_0.75,37,True,eeg+emg+imu+fp,1,0.0812914,0.91593933,0.002769247
observed_schema_replay,observed_schema_10pct,embracenet,S37_1,37,True,eeg+emg+imu+fp,2,0.002329033,0.056707304,0.9409637
observed_schema_replay,observed_schema_10pct,embracenet,S52_0.5,52,True,eeg+emg+imu+fp,0,0.9955508,0.0029831696,0.0014660916
observed_schema_replay,observed_schema_10pct,embracenet,S52_0.75,52,True,eeg+emg+imu+fp,1,0.006136438,0.99041086,0.0034526668
observed_schema_replay,observed_schema_10pct,embracenet,S52_1,52,True,eeg+emg+imu+fp,2,0.00397118,0.0041048457,0.991924
observed_schema_replay,observed_schema_10pct,embracenet,S55_0.5,55,True,eeg+emg+imu+fp,0,0.99514514,0.0024584148,0.0023964734
observed_schema_replay,observed_schema_10pct,embracenet,S55_0.75,55,True,eeg+emg+imu+fp,1,0.9330254,0.06520224,0.0017723084
observed_schema_replay,observed_schema_10pct,embracenet,S55_1,55,True,eeg+emg+imu+fp,2,0.0032935238,0.21734285,0.77936363
observed_schema_replay,observed_schema_10pct,embracenet,S57_0.5,57,True,eeg+emg+imu+fp,0,0.9948419,0.0037256156,0.0014324266
observed_schema_replay,observed_schema_10pct,embracenet,S57_0.75,57,True,eeg+emg+imu+fp,1,0.07999026,0.9184907,0.001519063
observed_schema_replay,observed_schema_10pct,embracenet,S57_1,57,True,eeg+emg+imu+fp,2,0.0039153183,0.018725289,0.9773595
observed_schema_replay,observed_schema_10pct,embracenet,S58_0.5,58,True,eeg+emg+imu+fp,0,0.99502057,0.0033516912,0.0016277545
observed_schema_replay,observed_schema_10pct,embracenet,S58_0.75,58,True,eeg+emg+imu+fp,1,0.014691635,0.97543937,0.009869034
observed_schema_replay,observed_schema_10pct,embracenet,S58_1,58,True,eeg+emg+imu+fp,2,0.0041099414,0.0068017934,0.98908824
observed_schema_replay,observed_schema_10pct,fasca,S8_1,8,True,eeg+emg+imu+fp,2,0.0064547695,0.112051286,0.88149387
observed_schema_replay,observed_schema_10pct,fasca,S11_0.5,11,True,eeg+emg+imu+fp,0,0.99042493,0.005576397,0.0039986623
observed_schema_replay,observed_schema_10pct,fasca,S11_0.75,11,True,eeg+emg+imu+fp,1,0.17885637,0.8186812,0.002462435
observed_schema_replay,observed_schema_10pct,fasca,S12_0.5,12,True,eeg+emg+imu+fp,0,0.9744978,0.009540457,0.01596173
observed_schema_replay,observed_schema_10pct,fasca,S12_0.75,12,True,eeg+emg+imu+fp,1,0.0034125242,0.98463947,0.0119479885
observed_schema_replay,observed_schema_10pct,fasca,S12_1,12,True,eeg+emg+imu+fp,2,0.0032743465,0.015003915,0.9817217
observed_schema_replay,observed_schema_10pct,fasca,S13_0.5,13,True,eeg+emg+imu+fp,0,0.9893017,0.007240617,0.0034576915
observed_schema_replay,observed_schema_10pct,fasca,S13_0.75,13,True,eeg+emg+imu+fp,1,0.054113075,0.9405214,0.005365584
observed_schema_replay,observed_schema_10pct,fasca,S13_1,13,True,eeg+emg+imu+fp,2,0.0037628764,0.018134592,0.9781025
observed_schema_replay,observed_schema_10pct,fasca,S30_0.5,30,True,eeg+emg+imu+fp,0,0.9893647,0.006935529,0.0036998305
observed_schema_replay,observed_schema_10pct,fasca,S30_0.75,30,True,eeg+emg+imu+fp,1,0.0036695537,0.9922165,0.004113926
observed_schema_replay,observed_schema_10pct,fasca,S30_1,30,True,eeg+emg+imu+fp,2,0.004746326,0.16425,0.83100367
observed_schema_replay,observed_schema_10pct,fasca,S31_0.5,31,True,eeg+emg+imu+fp,0,0.9856672,0.009758427,0.004574409
observed_schema_replay,observed_schema_10pct,fasca,S31_0.75,31,True,eeg+emg+imu+fp,1,0.0020671887,0.97718525,0.020747567
observed_schema_replay,observed_schema_10pct,fasca,S31_1,31,True,eeg+emg+imu+fp,2,0.0041378485,0.0029725004,0.99288964
observed_schema_replay,observed_schema_10pct,fasca,S37_0.5,37,True,eeg+emg+imu+fp,0,0.98628694,0.010251911,0.0034611905
observed_schema_replay,observed_schema_10pct,fasca,S37_0.75,37,True,eeg+emg+imu+fp,1,0.005341818,0.99177676,0.002881386
observed_schema_replay,observed_schema_10pct,fasca,S37_1,37,True,eeg+emg+imu+fp,2,0.003983403,0.04223916,0.9537774
observed_schema_replay,observed_schema_10pct,fasca,S52_0.5,52,True,eeg+emg+imu+fp,0,0.99034005,0.00589779,0.0037621276
observed_schema_replay,observed_schema_10pct,fasca,S52_0.75,52,True,eeg+emg+imu+fp,1,0.0068784156,0.9910169,0.0021046859
observed_schema_replay,observed_schema_10pct,fasca,S52_1,52,True,eeg+emg+imu+fp,2,0.005077712,0.005011945,0.98991036
observed_schema_replay,observed_schema_10pct,fasca,S55_0.5,55,True,eeg+emg+imu+fp,0,0.9904592,0.0058349203,0.0037058468
observed_schema_replay,observed_schema_10pct,fasca,S55_0.75,55,True,eeg+emg+imu+fp,1,0.4813722,0.5148209,0.0038069591
observed_schema_replay,observed_schema_10pct,fasca,S55_1,55,True,eeg+emg+imu+fp,2,0.0038805471,0.088163674,0.9079558
observed_schema_replay,observed_schema_10pct,fasca,S57_0.5,57,True,eeg+emg+imu+fp,0,0.98964006,0.005568354,0.004791565
observed_schema_replay,observed_schema_10pct,fasca,S57_0.75,57,True,eeg+emg+imu+fp,1,0.06266161,0.934705,0.0026333581
observed_schema_replay,observed_schema_10pct,fasca,S57_1,57,True,eeg+emg+imu+fp,2,0.0055424045,0.013667941,0.98078966
observed_schema_replay,observed_schema_10pct,fasca,S58_0.5,58,True,eeg+emg+imu+fp,0,0.9892208,0.006899487,0.0038797732
observed_schema_replay,observed_schema_10pct,fasca,S58_0.75,58,True,eeg+emg+imu+fp,1,0.0065330192,0.9877457,0.005721276
observed_schema_replay,observed_schema_10pct,fasca,S58_1,58,True,eeg+emg+imu+fp,2,0.0050768186,0.022470394,0.9724528
observed_schema_replay,observed_schema_10pct,fter,S8_1,8,True,eeg+emg+imu+fp,2,0.0064547695,0.112051286,0.88149387
observed_schema_replay,observed_schema_10pct,fter,S11_0.5,11,True,eeg+emg+imu+fp,0,0.99042493,0.005576397,0.0039986623
observed_schema_replay,observed_schema_10pct,fter,S11_0.75,11,True,eeg+emg+imu+fp,1,0.17885637,0.8186812,0.002462435
observed_schema_replay,observed_schema_10pct,fter,S12_0.5,12,True,eeg+emg+imu+fp,0,0.9744978,0.009540457,0.01596173
observed_schema_replay,observed_schema_10pct,fter,S12_0.75,12,True,eeg+emg+imu+fp,1,0.0034125242,0.98463947,0.0119479885
observed_schema_replay,observed_schema_10pct,fter,S12_1,12,True,eeg+emg+imu+fp,2,0.0032743465,0.015003915,0.9817217
observed_schema_replay,observed_schema_10pct,fter,S13_0.5,13,True,eeg+emg+imu+fp,0,0.9893017,0.007240617,0.0034576915
observed_schema_replay,observed_schema_10pct,fter,S13_0.75,13,True,eeg+emg+imu+fp,1,0.054113075,0.9405214,0.005365584
observed_schema_replay,observed_schema_10pct,fter,S13_1,13,True,eeg+emg+imu+fp,2,0.0037628764,0.018134592,0.9781025
observed_schema_replay,observed_schema_10pct,fter,S30_0.5,30,True,eeg+emg+imu+fp,0,0.9893647,0.006935529,0.0036998305
observed_schema_replay,observed_schema_10pct,fter,S30_0.75,30,True,eeg+emg+imu+fp,1,0.0036695537,0.9922165,0.004113926
observed_schema_replay,observed_schema_10pct,fter,S30_1,30,True,eeg+emg+imu+fp,2,0.004746326,0.16425,0.83100367
observed_schema_replay,observed_schema_10pct,fter,S31_0.5,31,True,eeg+emg+imu+fp,0,0.9856672,0.009758427,0.004574409
observed_schema_replay,observed_schema_10pct,fter,S31_0.75,31,True,eeg+emg+imu+fp,1,0.0020671887,0.97718525,0.020747567
observed_schema_replay,observed_schema_10pct,fter,S31_1,31,True,eeg+emg+imu+fp,2,0.0041378485,0.0029725004,0.99288964
observed_schema_replay,observed_schema_10pct,fter,S37_0.5,37,True,eeg+emg+imu+fp,0,0.98628694,0.010251911,0.0034611905
observed_schema_replay,observed_schema_10pct,fter,S37_0.75,37,True,eeg+emg+imu+fp,1,0.005341818,0.99177676,0.002881386
observed_schema_replay,observed_schema_10pct,fter,S37_1,37,True,eeg+emg+imu+fp,2,0.003983403,0.04223916,0.9537774
observed_schema_replay,observed_schema_10pct,fter,S52_0.5,52,True,eeg+emg+imu+fp,0,0.99034005,0.00589779,0.0037621276
observed_schema_replay,observed_schema_10pct,fter,S52_0.75,52,True,eeg+emg+imu+fp,1,0.0068784156,0.9910169,0.0021046859
observed_schema_replay,observed_schema_10pct,fter,S52_1,52,True,eeg+emg+imu+fp,2,0.005077712,0.005011945,0.98991036
observed_schema_replay,observed_schema_10pct,fter,S55_0.5,55,True,eeg+emg+imu+fp,0,0.9904592,0.0058349203,0.0037058468
observed_schema_replay,observed_schema_10pct,fter,S55_0.75,55,True,eeg+emg+imu+fp,1,0.4813722,0.5148209,0.0038069591
observed_schema_replay,observed_schema_10pct,fter,S55_1,55,True,eeg+emg+imu+fp,2,0.0038805471,0.088163674,0.9079558
observed_schema_replay,observed_schema_10pct,fter,S57_0.5,57,True,eeg+emg+imu+fp,0,0.98964006,0.005568354,0.004791565
observed_schema_replay,observed_schema_10pct,fter,S57_0.75,57,True,eeg+emg+imu+fp,1,0.06266161,0.934705,0.0026333581
observed_schema_replay,observed_schema_10pct,fter,S57_1,57,True,eeg+emg+imu+fp,2,0.0055424045,0.013667941,0.98078966
observed_schema_replay,observed_schema_10pct,fter,S58_0.5,58,True,eeg+emg+imu+fp,0,0.9892208,0.006899487,0.0038797732
observed_schema_replay,observed_schema_10pct,fter,S58_0.75,58,True,eeg+emg+imu+fp,1,0.0065330192,0.9877457,0.005721276
observed_schema_replay,observed_schema_10pct,fter,S58_1,58,True,eeg+emg+imu+fp,2,0.0050768186,0.022470394,0.9724528
observed_schema_replay,observed_eeg_rejected,embracenet,S8_1,8,True,emg+imu+fp,2,0.0053573246,0.1529602,0.84168243
observed_schema_replay,observed_eeg_rejected,embracenet,S11_0.5,11,True,emg+imu+fp,0,0.9958139,0.0023172344,0.0018688743
observed_schema_replay,observed_eeg_rejected,embracenet,S11_0.75,11,True,emg+imu+fp,1,0.34849072,0.65001446,0.001494829
observed_schema_replay,observed_eeg_rejected,embracenet,S12_0.5,12,True,emg+imu+fp,0,0.99285674,0.0023805986,0.0047626155
observed_schema_replay,observed_eeg_rejected,embracenet,S12_0.75,12,True,emg+imu+fp,1,0.004140333,0.9868734,0.008986312
observed_schema_replay,observed_eeg_rejected,embracenet,S12_1,12,True,emg+imu+fp,2,0.002406619,0.0037717782,0.9938216
observed_schema_replay,observed_eeg_rejected,embracenet,S13_0.5,13,True,emg+imu+fp,0,0.99600273,0.0025490394,0.001448255
observed_schema_replay,observed_eeg_rejected,embracenet,S13_0.75,13,True,emg+imu+fp,1,0.083847515,0.91469425,0.0014582695
observed_schema_replay,observed_eeg_rejected,embracenet,S13_1,13,True,emg+imu+fp,2,0.0026141468,0.07375844,0.92362744
observed_schema_replay,observed_eeg_rejected,embracenet,S30_0.5,30,True,emg+imu+fp,0,0.9951665,0.0021755751,0.002657924
observed_schema_replay,observed_eeg_rejected,embracenet,S30_0.75,30,True,emg+imu+fp,1,0.0042570205,0.9918947,0.0038482065
observed_schema_replay,observed_eeg_rejected,embracenet,S30_1,30,True,emg+imu+fp,2,0.0015618567,0.14322448,0.85521364
observed_schema_replay,observed_eeg_rejected,embracenet,S31_0.5,31,True,emg+imu+fp,0,0.9945665,0.003368269,0.0020651857
observed_schema_replay,observed_eeg_rejected,embracenet,S31_0.75,31,True,emg+imu+fp,1,0.0040605785,0.9665094,0.029429993
observed_schema_replay,observed_eeg_rejected,embracenet,S31_1,31,True,emg+imu+fp,2,0.0031716141,0.0031052043,0.99372315
observed_schema_replay,observed_eeg_rejected,embracenet,S37_0.5,37,True,emg+imu+fp,0,0.99417084,0.0044408753,0.0013883383
observed_schema_replay,observed_eeg_rejected,embracenet,S37_0.75,37,True,emg+imu+fp,1,0.064619325,0.9328198,0.002560891
observed_schema_replay,observed_eeg_rejected,embracenet,S37_1,37,True,emg+imu+fp,2,0.0018642284,0.053945493,0.9441903
observed_schema_replay,observed_eeg_rejected,embracenet,S52_0.5,52,True,emg+imu+fp,0,0.9958989,0.0027011652,0.0013999852
observed_schema_replay,observed_eeg_rejected,embracenet,S52_0.75,52,True,emg+imu+fp,1,0.005141435,0.9916723,0.0031862678
observed_schema_replay,observed_eeg_rejected,embracenet,S52_1,52,True,emg+imu+fp,2,0.0034058224,0.0036600258,0.99293417
observed_schema_replay,observed_eeg_rejected,embracenet,S55_0.5,55,True,emg+imu+fp,0,0.99549913,0.0022340033,0.002266879
observed_schema_replay,observed_eeg_rejected,embracenet,S55_0.75,55,True,emg+imu+fp,1,0.9296306,0.0688672,0.0015021836
observed_schema_replay,observed_eeg_rejected,embracenet,S55_1,55,True,emg+imu+fp,2,0.002506468,0.21317697,0.78431654
observed_schema_replay,observed_eeg_rejected,embracenet,S57_0.5,57,True,emg+imu+fp,0,0.9955681,0.0032012903,0.0012306309
observed_schema_replay,observed_eeg_rejected,embracenet,S57_0.75,57,True,emg+imu+fp,1,0.081706315,0.9170451,0.0012485416
observed_schema_replay,observed_eeg_rejected,embracenet,S57_1,57,True,emg+imu+fp,2,0.0034937111,0.018580442,0.97792584
observed_schema_replay,observed_eeg_rejected,embracenet,S58_0.5,58,True,emg+imu+fp,0,0.99568063,0.0028731495,0.0014462285
observed_schema_replay,observed_eeg_rejected,embracenet,S58_0.75,58,True,emg+imu+fp,1,0.01194039,0.9788839,0.009175761
observed_schema_replay,observed_eeg_rejected,embracenet,S58_1,58,True,emg+imu+fp,2,0.0037158625,0.00563555,0.99064857
observed_schema_replay,observed_eeg_rejected,fasca,S8_1,8,True,emg+imu+fp,2,0.0046728617,0.0995906,0.8957365
observed_schema_replay,observed_eeg_rejected,fasca,S11_0.5,11,True,emg+imu+fp,0,0.990715,0.005032771,0.0042522005
observed_schema_replay,observed_eeg_rejected,fasca,S11_0.75,11,True,emg+imu+fp,1,0.15524353,0.8422833,0.0024731506
observed_schema_replay,observed_eeg_rejected,fasca,S12_0.5,12,True,emg+imu+fp,0,0.97157806,0.00891684,0.019505132
observed_schema_replay,observed_eeg_rejected,fasca,S12_0.75,12,True,emg+imu+fp,1,0.0029047271,0.98303586,0.014059377
observed_schema_replay,observed_eeg_rejected,fasca,S12_1,12,True,emg+imu+fp,2,0.0028117578,0.013423306,0.98376495
observed_schema_replay,observed_eeg_rejected,fasca,S13_0.5,13,True,emg+imu+fp,0,0.9896998,0.0065748864,0.00372533
observed_schema_replay,observed_eeg_rejected,fasca,S13_0.75,13,True,emg+imu+fp,1,0.04514906,0.94888735,0.0059636272
observed_schema_replay,observed_eeg_rejected,fasca,S13_1,13,True,emg+imu+fp,2,0.0030517613,0.016285598,0.9806626
observed_schema_replay,observed_eeg_rejected,fasca,S30_0.5,30,True,emg+imu+fp,0,0.98999214,0.0062333993,0.0037743978
observed_schema_replay,observed_eeg_rejected,fasca,S30_0.75,30,True,emg+imu+fp,1,0.0029528972,0.9923858,0.00466132
observed_schema_replay,observed_eeg_rejected,fasca,S30_1,30,True,emg+imu+fp,2,0.0034556866,0.14775506,0.8487893
observed_schema_replay,observed_eeg_rejected,fasca,S31_0.5,31,True,emg+imu+fp,0,0.9865208,0.008779946,0.0046991864
observed_schema_replay,observed_eeg_rejected,fasca,S31_0.75,31,True,emg+imu+fp,1,0.0019239503,0.9754681,0.02260794
observed_schema_replay,observed_eeg_rejected,fasca,S31_1,31,True,emg+imu+fp,2,0.0045412057,0.0028210145,0.9926378
observed_schema_replay,observed_eeg_rejected,fasca,S37_0.5,37,True,emg+imu+fp,0,0.9872795,0.009148949,0.003571568
observed_schema_replay,observed_eeg_rejected,fasca,S37_0.75,37,True,emg+imu+fp,1,0.00398918,0.99289465,0.0031162074
observed_schema_replay,observed_eeg_rejected,fasca,S37_1,37,True,emg+imu+fp,2,0.0031668104,0.03678266,0.9600506
observed_schema_replay,observed_eeg_rejected,fasca,S52_0.5,52,True,emg+imu+fp,0,0.99055856,0.005391848,0.0040495726
observed_schema_replay,observed_eeg_rejected,fasca,S52_0.75,52,True,emg+imu+fp,1,0.005862702,0.9919227,0.002214607
observed_schema_replay,observed_eeg_rejected,fasca,S52_1,52,True,emg+imu+fp,2,0.00463565,0.0045354743,0.99082893
observed_schema_replay,observed_eeg_rejected,fasca,S55_0.5,55,True,emg+imu+fp,0,0.9910808,0.0051419237,0.0037772693
observed_schema_replay,observed_eeg_rejected,fasca,S55_0.75,55,True,emg+imu+fp,1,0.47696123,0.51949644,0.0035423667
observed_schema_replay,observed_eeg_rejected,fasca,S55_1,55,True,emg+imu+fp,2,0.0033155968,0.07991877,0.91676563
observed_schema_replay,observed_eeg_rejected,fasca,S57_0.5,57,True,emg+imu+fp,0,0.99092156,0.004920862,0.004157564
observed_schema_replay,observed_eeg_rejected,fasca,S57_0.75,57,True,emg+imu+fp,1,0.07609173,0.92184144,0.0020668737
observed_schema_replay,observed_eeg_rejected,fasca,S57_1,57,True,emg+imu+fp,2,0.0055792443,0.011792378,0.98262835
observed_schema_replay,observed_eeg_rejected,fasca,S58_0.5,58,True,emg+imu+fp,0,0.9899792,0.0061262683,0.0038945486
observed_schema_replay,observed_eeg_rejected,fasca,S58_0.75,58,True,emg+imu+fp,1,0.0055472106,0.9886365,0.005816275
observed_schema_replay,observed_eeg_rejected,fasca,S58_1,58,True,emg+imu+fp,2,0.004714743,0.021112593,0.97417265
observed_schema_replay,observed_eeg_rejected,fter,S8_1,8,True,emg+imu+fp,2,0.0046728617,0.0995906,0.8957365
observed_schema_replay,observed_eeg_rejected,fter,S11_0.5,11,True,emg+imu+fp,0,0.990715,0.005032771,0.0042522005
observed_schema_replay,observed_eeg_rejected,fter,S11_0.75,11,True,emg+imu+fp,1,0.15524353,0.8422833,0.0024731506
observed_schema_replay,observed_eeg_rejected,fter,S12_0.5,12,True,emg+imu+fp,0,0.97157806,0.00891684,0.019505132
observed_schema_replay,observed_eeg_rejected,fter,S12_0.75,12,True,emg+imu+fp,1,0.0029047271,0.98303586,0.014059377
observed_schema_replay,observed_eeg_rejected,fter,S12_1,12,True,emg+imu+fp,2,0.0028117578,0.013423306,0.98376495
observed_schema_replay,observed_eeg_rejected,fter,S13_0.5,13,True,emg+imu+fp,0,0.9896998,0.0065748864,0.00372533
observed_schema_replay,observed_eeg_rejected,fter,S13_0.75,13,True,emg+imu+fp,1,0.04514906,0.94888735,0.0059636272
observed_schema_replay,observed_eeg_rejected,fter,S13_1,13,True,emg+imu+fp,2,0.0030517613,0.016285598,0.9806626
observed_schema_replay,observed_eeg_rejected,fter,S30_0.5,30,True,emg+imu+fp,0,0.98999214,0.0062333993,0.0037743978
observed_schema_replay,observed_eeg_rejected,fter,S30_0.75,30,True,emg+imu+fp,1,0.0029528972,0.9923858,0.00466132
observed_schema_replay,observed_eeg_rejected,fter,S30_1,30,True,emg+imu+fp,2,0.0034556866,0.14775506,0.8487893
observed_schema_replay,observed_eeg_rejected,fter,S31_0.5,31,True,emg+imu+fp,0,0.9865208,0.008779946,0.0046991864
observed_schema_replay,observed_eeg_rejected,fter,S31_0.75,31,True,emg+imu+fp,1,0.0019239503,0.9754681,0.02260794
observed_schema_replay,observed_eeg_rejected,fter,S31_1,31,True,emg+imu+fp,2,0.0045412057,0.0028210145,0.9926378
observed_schema_replay,observed_eeg_rejected,fter,S37_0.5,37,True,emg+imu+fp,0,0.9872795,0.009148949,0.003571568
observed_schema_replay,observed_eeg_rejected,fter,S37_0.75,37,True,emg+imu+fp,1,0.00398918,0.99289465,0.0031162074
observed_schema_replay,observed_eeg_rejected,fter,S37_1,37,True,emg+imu+fp,2,0.0031668104,0.03678266,0.9600506
observed_schema_replay,observed_eeg_rejected,fter,S52_0.5,52,True,emg+imu+fp,0,0.99055856,0.005391848,0.0040495726
observed_schema_replay,observed_eeg_rejected,fter,S52_0.75,52,True,emg+imu+fp,1,0.005862702,0.9919227,0.002214607
observed_schema_replay,observed_eeg_rejected,fter,S52_1,52,True,emg+imu+fp,2,0.00463565,0.0045354743,0.99082893
observed_schema_replay,observed_eeg_rejected,fter,S55_0.5,55,True,emg+imu+fp,0,0.9910808,0.0051419237,0.0037772693
observed_schema_replay,observed_eeg_rejected,fter,S55_0.75,55,True,emg+imu+fp,1,0.47696123,0.51949644,0.0035423667
observed_schema_replay,observed_eeg_rejected,fter,S55_1,55,True,emg+imu+fp,2,0.0033155968,0.07991877,0.91676563
observed_schema_replay,observed_eeg_rejected,fter,S57_0.5,57,True,emg+imu+fp,0,0.99092156,0.004920862,0.004157564
observed_schema_replay,observed_eeg_rejected,fter,S57_0.75,57,True,emg+imu+fp,1,0.07609173,0.92184144,0.0020668737
observed_schema_replay,observed_eeg_rejected,fter,S57_1,57,True,emg+imu+fp,2,0.0055792443,0.011792378,0.98262835
observed_schema_replay,observed_eeg_rejected,fter,S58_0.5,58,True,emg+imu+fp,0,0.9899792,0.0061262683,0.0038945486
observed_schema_replay,observed_eeg_rejected,fter,S58_0.75,58,True,emg+imu+fp,1,0.0055472106,0.9886365,0.005816275
observed_schema_replay,observed_eeg_rejected,fter,S58_1,58,True,emg+imu+fp,2,0.004714743,0.021112593,0.97417265
