held_out_study,method,condition,subject,study,truth,windows,p_control,p_pd,fter_exact_route_rate,metadata_study,metadata_truth,gender,age,hoehen_yahr
Ga,baseline,clean_both,GaCo01,Ga,0,22,0.8593727566666667,0.14062725333333334,0.0,Ga,0,1,66.0,0.0
Ga,baseline,clean_both,GaCo02,Ga,0,22,0.9972548866666666,0.0027450996666666667,0.0,Ga,0,1,74.0,0.0
Ga,baseline,clean_both,GaCo03,Ga,0,22,0.8194728133333333,0.18052718666666667,0.0,Ga,0,1,69.0,0.0
Ga,baseline,clean_both,GaCo04,Ga,0,22,0.047486165999999996,0.9525138566666667,0.0,Ga,0,1,86.0,0.0
Ga,baseline,clean_both,GaCo05,Ga,0,22,0.028477780666666664,0.97152223,0.0,Ga,0,2,75.0,0.0
Ga,baseline,clean_both,GaCo06,Ga,0,22,0.007243429466666666,0.9927565700000001,0.0,Ga,0,1,82.0,0.0
Ga,baseline,clean_both,GaCo07,Ga,0,22,0.127765019,0.87223496,0.0,Ga,0,1,79.0,0.0
Ga,baseline,clean_both,GaCo08,Ga,0,22,0.012136859333333333,0.9878631233333334,0.0,Ga,0,2,78.0,0.0
Ga,baseline,clean_both,GaCo09,Ga,0,22,0.295076961,0.7049230766666668,0.0,Ga,0,2,78.0,0.0
Ga,baseline,clean_both,GaCo10,Ga,0,22,0.14890934566666666,0.85109063,0.0,Ga,0,1,69.0,0.0
Ga,baseline,clean_both,GaCo11,Ga,0,22,0.9875039666666666,0.012496016666666665,0.0,Ga,0,1,70.0,0.0
Ga,baseline,clean_both,GaCo12,Ga,0,22,0.46443562666666666,0.5355643966666667,0.0,Ga,0,2,65.0,0.0
Ga,baseline,clean_both,GaCo13,Ga,0,22,0.9203858666666666,0.07961411333333333,0.0,Ga,0,2,67.0,0.0
Ga,baseline,clean_both,GaCo14,Ga,0,22,0.35596084,0.64403916,0.0,Ga,0,2,68.0,0.0
Ga,baseline,clean_both,GaCo15,Ga,0,22,0.07332363266666667,0.9266763866666666,0.0,Ga,0,2,67.0,0.0
Ga,baseline,clean_both,GaCo16,Ga,0,22,0.36254944333333333,0.63745058,0.0,Ga,0,2,63.0,0.0
Ga,baseline,clean_both,GaCo17,Ga,0,22,0.9671951533333333,0.032804861666666664,0.0,Ga,0,1,67.0,0.0
Ga,baseline,clean_both,GaCo22,Ga,0,22,0.660328,0.339672,0.0,Ga,0,1,65.0,0.0
Ga,baseline,clean_both,GaPt03,Ga,1,22,0.035536726,0.9644633033333333,0.0,Ga,1,2,82.0,3.0
Ga,baseline,clean_both,GaPt04,Ga,1,22,0.11955011866666666,0.8804498700000001,0.0,Ga,1,1,68.0,2.5
Ga,baseline,clean_both,GaPt05,Ga,1,22,0.22402692999999999,0.7759730866666666,0.0,Ga,1,2,82.0,2.5
Ga,baseline,clean_both,GaPt06,Ga,1,22,0.9075249966666666,0.09247502666666667,0.0,Ga,1,1,72.0,2.0
Ga,baseline,clean_both,GaPt07,Ga,1,22,0.0346703145,0.9653296866666666,0.0,Ga,1,2,53.0,3.0
Ga,baseline,clean_both,GaPt08,Ga,1,22,0.0094629519,0.9905370366666667,0.0,Ga,1,2,68.0,2.0
Ga,baseline,clean_both,GaPt09,Ga,1,22,0.10300643999999999,0.8969935666666666,0.0,Ga,1,1,69.0,3.0
Ga,baseline,clean_both,GaPt12,Ga,1,22,0.043854209,0.9561457733333333,0.0,Ga,1,2,59.0,2.0
Ga,baseline,clean_both,GaPt13,Ga,1,22,0.008949207466666666,0.99105078,0.0,Ga,1,1,70.0,2.0
Ga,baseline,clean_both,GaPt14,Ga,1,22,0.11502361566666668,0.88497639,0.0,Ga,1,1,56.0,2.0
Ga,baseline,clean_both,GaPt15,Ga,1,22,0.057209120999999995,0.9427908533333333,0.0,Ga,1,1,81.0,2.0
Ga,baseline,clean_both,GaPt16,Ga,1,22,0.18308130166666667,0.8169187133333334,0.0,Ga,1,1,79.0,2.0
Ga,baseline,clean_both,GaPt17,Ga,1,22,0.05534540166666666,0.9446546000000001,0.0,Ga,1,1,71.0,3.0
Ga,baseline,clean_both,GaPt18,Ga,1,22,0.14386466666666667,0.8561353366666666,0.0,Ga,1,2,76.0,2.0
Ga,baseline,clean_both,GaPt19,Ga,1,22,0.9282198199999999,0.07178016999999999,0.0,Ga,1,2,76.0,2.0
Ga,baseline,clean_both,GaPt20,Ga,1,22,0.029563089333333334,0.97043688,0.0,Ga,1,1,81.0,2.0
Ga,baseline,clean_both,GaPt21,Ga,1,22,0.06178621266666667,0.9382137666666667,0.0,Ga,1,1,80.0,3.0
Ga,baseline,clean_both,GaPt22,Ga,1,22,0.8944733666666668,0.10552659999999998,0.0,Ga,1,1,78.0,2.0
Ga,baseline,clean_both,GaPt23,Ga,1,22,0.41629854666666666,0.5837014666666667,0.0,Ga,1,2,71.0,3.0
Ga,baseline,clean_both,GaPt24,Ga,1,22,0.09062871533333335,0.9093713066666668,0.0,Ga,1,1,68.0,2.5
Ga,baseline,clean_both,GaPt25,Ga,1,22,0.7742265233333333,0.22577346333333334,0.0,Ga,1,1,81.0,2.5
Ga,baseline,clean_both,GaPt26,Ga,1,22,0.069680488,0.9303195133333334,0.0,Ga,1,2,78.0,2.5
Ga,baseline,clean_both,GaPt27,Ga,1,22,0.0854533,0.9145467466666667,0.0,Ga,1,1,72.0,2.0
Ga,baseline,clean_both,GaPt28,Ga,1,22,0.05399301133333334,0.9460069666666667,0.0,Ga,1,1,61.0,2.5
Ga,baseline,clean_both,GaPt29,Ga,1,22,0.021972507000000002,0.9780274800000001,0.0,Ga,1,1,68.0,2.0
Ga,baseline,clean_both,GaPt30,Ga,1,22,0.04038374666666667,0.9596162399999999,0.0,Ga,1,1,69.0,2.0
Ga,baseline,clean_both,GaPt31,Ga,1,22,0.3596453566666667,0.6403546433333333,0.0,Ga,1,1,67.0,2.5
Ga,baseline,clean_both,GaPt32,Ga,1,22,0.20327503133333333,0.7967249566666667,0.0,Ga,1,1,63.0,2.0
Ga,baseline,clean_both,GaPt33,Ga,1,22,0.13104488,0.8689550866666668,0.0,Ga,1,1,63.0,2.5
Ga,baseline,left_only,GaCo01,Ga,0,22,0.9464189599999999,0.053581051666666664,0.0,Ga,0,1,66.0,0.0
Ga,baseline,left_only,GaCo02,Ga,0,22,0.99901181,0.0009881868500000001,0.0,Ga,0,1,74.0,0.0
Ga,baseline,left_only,GaCo03,Ga,0,22,0.5603045866666667,0.43969538666666663,0.0,Ga,0,1,69.0,0.0
Ga,baseline,left_only,GaCo04,Ga,0,22,0.04093185533333333,0.9590681266666666,0.0,Ga,0,1,86.0,0.0
Ga,baseline,left_only,GaCo05,Ga,0,22,0.09117493633333333,0.9088250333333333,0.0,Ga,0,2,75.0,0.0
Ga,baseline,left_only,GaCo06,Ga,0,22,0.005546589333333333,0.9944534233333333,0.0,Ga,0,1,82.0,0.0
Ga,baseline,left_only,GaCo07,Ga,0,22,0.39856126,0.6014387133333333,0.0,Ga,0,1,79.0,0.0
Ga,baseline,left_only,GaCo08,Ga,0,22,0.034495418666666666,0.9655045933333334,0.0,Ga,0,2,78.0,0.0
Ga,baseline,left_only,GaCo09,Ga,0,22,0.41060366,0.5893963313333334,0.0,Ga,0,2,78.0,0.0
Ga,baseline,left_only,GaCo10,Ga,0,22,0.3642549716666667,0.6357450166666667,0.0,Ga,0,1,69.0,0.0
Ga,baseline,left_only,GaCo11,Ga,0,22,0.9887658333333333,0.011234180866666667,0.0,Ga,0,1,70.0,0.0
Ga,baseline,left_only,GaCo12,Ga,0,22,0.6049941366666667,0.3950058533333333,0.0,Ga,0,2,65.0,0.0
Ga,baseline,left_only,GaCo13,Ga,0,22,0.9408243866666667,0.059175595666666664,0.0,Ga,0,2,67.0,0.0
Ga,baseline,left_only,GaCo14,Ga,0,22,0.10474626066666666,0.8952537399999999,0.0,Ga,0,2,68.0,0.0
Ga,baseline,left_only,GaCo15,Ga,0,22,0.23558538233333334,0.7644146333333334,0.0,Ga,0,2,67.0,0.0
Ga,baseline,left_only,GaCo16,Ga,0,22,0.53897959,0.46102042000000004,0.0,Ga,0,2,63.0,0.0
Ga,baseline,left_only,GaCo17,Ga,0,22,0.9824539,0.017546066333333332,0.0,Ga,0,1,67.0,0.0
Ga,baseline,left_only,GaCo22,Ga,0,22,0.15541607,0.8445839166666667,0.0,Ga,0,1,65.0,0.0
Ga,baseline,left_only,GaPt03,Ga,1,22,0.036180657666666664,0.9638193866666667,0.0,Ga,1,2,82.0,3.0
Ga,baseline,left_only,GaPt04,Ga,1,22,0.19882360666666665,0.8011763900000001,0.0,Ga,1,1,68.0,2.5
Ga,baseline,left_only,GaPt05,Ga,1,22,0.3182632833333333,0.6817367,0.0,Ga,1,2,82.0,2.5
Ga,baseline,left_only,GaPt06,Ga,1,22,0.8944331999999999,0.10556676833333334,0.0,Ga,1,1,72.0,2.0
Ga,baseline,left_only,GaPt07,Ga,1,22,0.10408678433333333,0.89591325,0.0,Ga,1,2,53.0,3.0
Ga,baseline,left_only,GaPt08,Ga,1,22,0.010292232766666666,0.9897077833333333,0.0,Ga,1,2,68.0,2.0
Ga,baseline,left_only,GaPt09,Ga,1,22,0.51326752,0.48673247333333336,0.0,Ga,1,1,69.0,3.0
Ga,baseline,left_only,GaPt12,Ga,1,22,0.17160005533333333,0.82839995,0.0,Ga,1,2,59.0,2.0
Ga,baseline,left_only,GaPt13,Ga,1,22,0.019966974999999998,0.9800330266666667,0.0,Ga,1,1,70.0,2.0
Ga,baseline,left_only,GaPt14,Ga,1,22,0.58761012,0.41238987,0.0,Ga,1,1,56.0,2.0
Ga,baseline,left_only,GaPt15,Ga,1,22,0.065566842,0.9344331533333333,0.0,Ga,1,1,81.0,2.0
Ga,baseline,left_only,GaPt16,Ga,1,22,0.36797608333333337,0.6320239433333333,0.0,Ga,1,1,79.0,2.0
Ga,baseline,left_only,GaPt17,Ga,1,22,0.15592009666666667,0.8440799,0.0,Ga,1,1,71.0,3.0
Ga,baseline,left_only,GaPt18,Ga,1,22,0.14362261466666668,0.8563773766666666,0.0,Ga,1,2,76.0,2.0
Ga,baseline,left_only,GaPt19,Ga,1,22,0.9432500633333333,0.05674995866666666,0.0,Ga,1,2,76.0,2.0
Ga,baseline,left_only,GaPt20,Ga,1,22,0.09905123333333334,0.9009487666666667,0.0,Ga,1,1,81.0,2.0
Ga,baseline,left_only,GaPt21,Ga,1,22,0.08884124266666667,0.9111587366666667,0.0,Ga,1,1,80.0,3.0
Ga,baseline,left_only,GaPt22,Ga,1,22,0.9076705766666667,0.09232941333333333,0.0,Ga,1,1,78.0,2.0
Ga,baseline,left_only,GaPt23,Ga,1,22,0.3960047233333333,0.6039952833333334,0.0,Ga,1,2,71.0,3.0
Ga,baseline,left_only,GaPt24,Ga,1,22,0.07226878366666667,0.9277312133333333,0.0,Ga,1,1,68.0,2.5
Ga,baseline,left_only,GaPt25,Ga,1,22,0.7817080433333333,0.21829194333333335,0.0,Ga,1,1,81.0,2.5
Ga,baseline,left_only,GaPt26,Ga,1,22,0.03333549833333333,0.9666644833333334,0.0,Ga,1,2,78.0,2.5
Ga,baseline,left_only,GaPt27,Ga,1,22,0.029807838,0.9701921533333334,0.0,Ga,1,1,72.0,2.0
Ga,baseline,left_only,GaPt28,Ga,1,22,0.08549217383333334,0.9145078333333334,0.0,Ga,1,1,61.0,2.5
Ga,baseline,left_only,GaPt29,Ga,1,22,0.013170583,0.9868294666666667,0.0,Ga,1,1,68.0,2.0
Ga,baseline,left_only,GaPt30,Ga,1,22,0.11964344133333334,0.88035655,0.0,Ga,1,1,69.0,2.0
Ga,baseline,left_only,GaPt31,Ga,1,22,0.5902767,0.4097232833333333,0.0,Ga,1,1,67.0,2.5
Ga,baseline,left_only,GaPt32,Ga,1,22,0.46157144666666666,0.5384285400000001,0.0,Ga,1,1,63.0,2.0
Ga,baseline,left_only,GaPt33,Ga,1,22,0.06427846,0.9357215333333334,0.0,Ga,1,1,63.0,2.5
Ga,baseline,right_only,GaCo01,Ga,0,22,0.5923958866666666,0.4076041166666667,0.0,Ga,0,1,66.0,0.0
Ga,baseline,right_only,GaCo02,Ga,0,22,0.9900519566666667,0.009947999333333334,0.0,Ga,0,1,74.0,0.0
Ga,baseline,right_only,GaCo03,Ga,0,22,0.88685245,0.11314755333333333,0.0,Ga,0,1,69.0,0.0
Ga,baseline,right_only,GaCo04,Ga,0,22,0.07020443066666666,0.9297955866666667,0.0,Ga,0,1,86.0,0.0
Ga,baseline,right_only,GaCo05,Ga,0,22,0.013530764,0.9864692433333332,0.0,Ga,0,2,75.0,0.0
Ga,baseline,right_only,GaCo06,Ga,0,22,0.010344508233333334,0.9896555166666667,0.0,Ga,0,1,82.0,0.0
Ga,baseline,right_only,GaCo07,Ga,0,22,0.022559247,0.9774407466666667,0.0,Ga,0,1,79.0,0.0
Ga,baseline,right_only,GaCo08,Ga,0,22,0.006188007799999999,0.9938120233333333,0.0,Ga,0,2,78.0,0.0
Ga,baseline,right_only,GaCo09,Ga,0,22,0.10694102733333333,0.89305896,0.0,Ga,0,2,78.0,0.0
Ga,baseline,right_only,GaCo10,Ga,0,22,0.06352517166666667,0.9364748333333334,0.0,Ga,0,1,69.0,0.0
Ga,baseline,right_only,GaCo11,Ga,0,22,0.9735275666666666,0.02647242866666667,0.0,Ga,0,1,70.0,0.0
Ga,baseline,right_only,GaCo12,Ga,0,22,0.32048477999999997,0.6795152333333334,0.0,Ga,0,2,65.0,0.0
Ga,baseline,right_only,GaCo13,Ga,0,22,0.84238432,0.15761566333333332,0.0,Ga,0,2,67.0,0.0
Ga,baseline,right_only,GaCo14,Ga,0,22,0.6723320333333334,0.3276679666666667,0.0,Ga,0,2,68.0,0.0
Ga,baseline,right_only,GaCo15,Ga,0,22,0.020822207,0.9791777766666666,0.0,Ga,0,2,67.0,0.0
Ga,baseline,right_only,GaCo16,Ga,0,22,0.19531795666666665,0.8046820266666668,0.0,Ga,0,2,63.0,0.0
Ga,baseline,right_only,GaCo17,Ga,0,22,0.9059461999999999,0.094053808,0.0,Ga,0,1,67.0,0.0
Ga,baseline,right_only,GaCo22,Ga,0,22,0.8965635666666666,0.10343640666666666,0.0,Ga,0,1,65.0,0.0
Ga,baseline,right_only,GaPt03,Ga,1,22,0.058496708,0.9415032833333333,0.0,Ga,1,2,82.0,3.0
Ga,baseline,right_only,GaPt04,Ga,1,22,0.09311795433333335,0.9068820333333333,0.0,Ga,1,1,68.0,2.5
Ga,baseline,right_only,GaPt05,Ga,1,22,0.17753278333333333,0.8224671866666666,0.0,Ga,1,2,82.0,2.5
Ga,baseline,right_only,GaPt06,Ga,1,22,0.9093237433333333,0.09067628266666666,0.0,Ga,1,1,72.0,2.0
Ga,baseline,right_only,GaPt07,Ga,1,22,0.014419091233333334,0.98558092,0.0,Ga,1,2,53.0,3.0
Ga,baseline,right_only,GaPt08,Ga,1,22,0.009157014,0.99084298,0.0,Ga,1,2,68.0,2.0
Ga,baseline,right_only,GaPt09,Ga,1,22,0.009190286666666667,0.9908096866666667,0.0,Ga,1,1,69.0,3.0
Ga,baseline,right_only,GaPt12,Ga,1,22,0.012325147866666665,0.98767485,0.0,Ga,1,2,59.0,2.0
Ga,baseline,right_only,GaPt13,Ga,1,22,0.00789761,0.99210238,0.0,Ga,1,1,70.0,2.0
Ga,baseline,right_only,GaPt14,Ga,1,22,0.017149259333333333,0.9828507200000001,0.0,Ga,1,1,56.0,2.0
Ga,baseline,right_only,GaPt15,Ga,1,22,0.06901124866666668,0.9309887466666668,0.0,Ga,1,1,81.0,2.0
Ga,baseline,right_only,GaPt16,Ga,1,22,0.09002424399999999,0.9099757766666666,0.0,Ga,1,1,79.0,2.0
Ga,baseline,right_only,GaPt17,Ga,1,22,0.028936480666666667,0.9710635033333334,0.0,Ga,1,1,71.0,3.0
Ga,baseline,right_only,GaPt18,Ga,1,22,0.16656797333333334,0.8334320333333333,0.0,Ga,1,2,76.0,2.0
Ga,baseline,right_only,GaPt19,Ga,1,22,0.8525355233333333,0.14746445433333333,0.0,Ga,1,2,76.0,2.0
Ga,baseline,right_only,GaPt20,Ga,1,22,0.013507028333333332,0.98649295,0.0,Ga,1,1,81.0,2.0
Ga,baseline,right_only,GaPt21,Ga,1,22,0.04617688933333334,0.9538230900000001,0.0,Ga,1,1,80.0,3.0
Ga,baseline,right_only,GaPt22,Ga,1,22,0.8115931166666667,0.18840687666666667,0.0,Ga,1,1,78.0,2.0
Ga,baseline,right_only,GaPt23,Ga,1,22,0.4652478666666667,0.5347521233333333,0.0,Ga,1,2,71.0,3.0
Ga,baseline,right_only,GaPt24,Ga,1,22,0.146771888,0.8532280999999999,0.0,Ga,1,1,68.0,2.5
Ga,baseline,right_only,GaPt25,Ga,1,22,0.7297230899999999,0.27027691000000004,0.0,Ga,1,1,81.0,2.5
Ga,baseline,right_only,GaPt26,Ga,1,22,0.20887345666666668,0.7911265799999999,0.0,Ga,1,2,78.0,2.5
Ga,baseline,right_only,GaPt27,Ga,1,22,0.28789953,0.7121004766666666,0.0,Ga,1,1,72.0,2.0
Ga,baseline,right_only,GaPt28,Ga,1,22,0.03808337766666667,0.9619166166666666,0.0,Ga,1,1,61.0,2.5
Ga,baseline,right_only,GaPt29,Ga,1,22,0.04712768666666667,0.9528723,0.0,Ga,1,1,68.0,2.0
Ga,baseline,right_only,GaPt30,Ga,1,22,0.019074047666666667,0.9809259766666667,0.0,Ga,1,1,69.0,2.0
Ga,baseline,right_only,GaPt31,Ga,1,22,0.19339223133333336,0.8066077366666667,0.0,Ga,1,1,67.0,2.5
Ga,baseline,right_only,GaPt32,Ga,1,22,0.06745728899999999,0.9325427300000001,0.0,Ga,1,1,63.0,2.0
Ga,baseline,right_only,GaPt33,Ga,1,22,0.28681567333333335,0.7131843166666666,0.0,Ga,1,1,63.0,2.5
Ga,baseline,sensor_dead_bilateral,GaCo01,Ga,0,22,0.6516670566666667,0.34833294,1.0,Ga,0,1,66.0,0.0
Ga,baseline,sensor_dead_bilateral,GaCo02,Ga,0,22,0.9352716866666667,0.06472828333333334,1.0,Ga,0,1,74.0,0.0
Ga,baseline,sensor_dead_bilateral,GaCo03,Ga,0,22,0.6474779,0.35252211,1.0,Ga,0,1,69.0,0.0
Ga,baseline,sensor_dead_bilateral,GaCo04,Ga,0,22,0.13270255133333334,0.8672974333333333,1.0,Ga,0,1,86.0,0.0
Ga,baseline,sensor_dead_bilateral,GaCo05,Ga,0,22,0.07307239566666666,0.9269276066666666,1.0,Ga,0,2,75.0,0.0
Ga,baseline,sensor_dead_bilateral,GaCo06,Ga,0,22,0.033504609,0.96649539,1.0,Ga,0,1,82.0,0.0
Ga,baseline,sensor_dead_bilateral,GaCo07,Ga,0,22,0.3536436,0.6463564,1.0,Ga,0,1,79.0,0.0
Ga,baseline,sensor_dead_bilateral,GaCo08,Ga,0,22,0.06139827233333334,0.9386017333333334,1.0,Ga,0,2,78.0,0.0
Ga,baseline,sensor_dead_bilateral,GaCo09,Ga,0,22,0.28679725,0.7132027566666667,1.0,Ga,0,2,78.0,0.0
Ga,baseline,sensor_dead_bilateral,GaCo10,Ga,0,22,0.21030325333333333,0.7896967533333333,1.0,Ga,0,1,69.0,0.0
Ga,baseline,sensor_dead_bilateral,GaCo11,Ga,0,22,0.9018456866666668,0.09815433833333333,1.0,Ga,0,1,70.0,0.0
Ga,baseline,sensor_dead_bilateral,GaCo12,Ga,0,22,0.4915301933333333,0.5084697833333333,1.0,Ga,0,2,65.0,0.0
Ga,baseline,sensor_dead_bilateral,GaCo13,Ga,0,22,0.7089841166666666,0.2910159,1.0,Ga,0,2,67.0,0.0
Ga,baseline,sensor_dead_bilateral,GaCo14,Ga,0,22,0.4457171066666667,0.5542829033333333,1.0,Ga,0,2,68.0,0.0
Ga,baseline,sensor_dead_bilateral,GaCo15,Ga,0,22,0.13805559066666664,0.8619444166666667,1.0,Ga,0,2,67.0,0.0
Ga,baseline,sensor_dead_bilateral,GaCo16,Ga,0,22,0.41090759666666665,0.5890924000000001,1.0,Ga,0,2,63.0,0.0
Ga,baseline,sensor_dead_bilateral,GaCo17,Ga,0,22,0.9084207833333333,0.09157927033333334,1.0,Ga,0,1,67.0,0.0
Ga,baseline,sensor_dead_bilateral,GaCo22,Ga,0,22,0.6314125,0.3685875033333333,1.0,Ga,0,1,65.0,0.0
Ga,baseline,sensor_dead_bilateral,GaPt03,Ga,1,22,0.030498525,0.9695014533333334,1.0,Ga,1,2,82.0,3.0
Ga,baseline,sensor_dead_bilateral,GaPt04,Ga,1,22,0.28534650333333333,0.7146534999999999,1.0,Ga,1,1,68.0,2.5
Ga,baseline,sensor_dead_bilateral,GaPt05,Ga,1,22,0.38129977333333337,0.6187002333333333,1.0,Ga,1,2,82.0,2.5
Ga,baseline,sensor_dead_bilateral,GaPt06,Ga,1,22,0.74938459,0.2506154,1.0,Ga,1,1,72.0,2.0
Ga,baseline,sensor_dead_bilateral,GaPt07,Ga,1,22,0.092589963,0.90741002,1.0,Ga,1,2,53.0,3.0
Ga,baseline,sensor_dead_bilateral,GaPt08,Ga,1,22,0.02371226833333333,0.9762877233333334,1.0,Ga,1,2,68.0,2.0
Ga,baseline,sensor_dead_bilateral,GaPt09,Ga,1,22,0.34386262333333334,0.6561373833333334,1.0,Ga,1,1,69.0,3.0
Ga,baseline,sensor_dead_bilateral,GaPt12,Ga,1,22,0.13670102933333333,0.8632989466666667,1.0,Ga,1,2,59.0,2.0
Ga,baseline,sensor_dead_bilateral,GaPt13,Ga,1,22,0.04753270266666667,0.9524673133333333,1.0,Ga,1,1,70.0,2.0
Ga,baseline,sensor_dead_bilateral,GaPt14,Ga,1,22,0.31225024333333334,0.6877497533333333,1.0,Ga,1,1,56.0,2.0
Ga,baseline,sensor_dead_bilateral,GaPt15,Ga,1,22,0.12407236233333334,0.8759276333333333,1.0,Ga,1,1,81.0,2.0
Ga,baseline,sensor_dead_bilateral,GaPt16,Ga,1,22,0.3388004333333334,0.6611996,1.0,Ga,1,1,79.0,2.0
Ga,baseline,sensor_dead_bilateral,GaPt17,Ga,1,22,0.24959077999999998,0.7504092533333333,1.0,Ga,1,1,71.0,3.0
Ga,baseline,sensor_dead_bilateral,GaPt18,Ga,1,22,0.2667462333333333,0.7332537866666667,1.0,Ga,1,2,76.0,2.0
Ga,baseline,sensor_dead_bilateral,GaPt19,Ga,1,22,0.701419,0.2985809933333333,1.0,Ga,1,2,76.0,2.0
Ga,baseline,sensor_dead_bilateral,GaPt20,Ga,1,22,0.07210066433333333,0.9278993799999999,1.0,Ga,1,1,81.0,2.0
Ga,baseline,sensor_dead_bilateral,GaPt21,Ga,1,22,0.136356892,0.8636431033333333,1.0,Ga,1,1,80.0,3.0
Ga,baseline,sensor_dead_bilateral,GaPt22,Ga,1,22,0.64516692,0.35483305666666665,1.0,Ga,1,1,78.0,2.0
Ga,baseline,sensor_dead_bilateral,GaPt23,Ga,1,22,0.59518226,0.4048177233333334,1.0,Ga,1,2,71.0,3.0
Ga,baseline,sensor_dead_bilateral,GaPt24,Ga,1,22,0.25944987,0.7405501266666666,1.0,Ga,1,1,68.0,2.5
Ga,baseline,sensor_dead_bilateral,GaPt25,Ga,1,22,0.6878697333333333,0.31213026,1.0,Ga,1,1,81.0,2.5
Ga,baseline,sensor_dead_bilateral,GaPt26,Ga,1,22,0.15487151700000001,0.8451284833333332,1.0,Ga,1,2,78.0,2.5
Ga,baseline,sensor_dead_bilateral,GaPt27,Ga,1,22,0.2091755253333333,0.7908244433333333,1.0,Ga,1,1,72.0,2.0
Ga,baseline,sensor_dead_bilateral,GaPt28,Ga,1,22,0.09160383666666666,0.9083961666666666,1.0,Ga,1,1,61.0,2.5
Ga,baseline,sensor_dead_bilateral,GaPt29,Ga,1,22,0.133864648,0.8661353666666667,1.0,Ga,1,1,68.0,2.0
Ga,baseline,sensor_dead_bilateral,GaPt30,Ga,1,22,0.07109108566666666,0.9289089133333333,1.0,Ga,1,1,69.0,2.0
Ga,baseline,sensor_dead_bilateral,GaPt31,Ga,1,22,0.5191583633333333,0.48084163333333335,1.0,Ga,1,1,67.0,2.5
Ga,baseline,sensor_dead_bilateral,GaPt32,Ga,1,22,0.3700112766666666,0.62998875,1.0,Ga,1,1,63.0,2.0
Ga,baseline,sensor_dead_bilateral,GaPt33,Ga,1,22,0.42089262000000005,0.5791073866666666,1.0,Ga,1,1,63.0,2.5
Ga,baseline,near_dead_bilateral,GaCo01,Ga,0,22,0.7418137333333333,0.25818625333333334,0.0,Ga,0,1,66.0,0.0
Ga,baseline,near_dead_bilateral,GaCo02,Ga,0,22,0.96889468,0.031105343999999997,0.0,Ga,0,1,74.0,0.0
Ga,baseline,near_dead_bilateral,GaCo03,Ga,0,22,0.6098071166666666,0.3901928866666666,0.0,Ga,0,1,69.0,0.0
Ga,baseline,near_dead_bilateral,GaCo04,Ga,0,22,0.13331140133333333,0.8666885666666667,0.0,Ga,0,1,86.0,0.0
Ga,baseline,near_dead_bilateral,GaCo05,Ga,0,22,0.09319654,0.90680344,0.0,Ga,0,2,75.0,0.0
Ga,baseline,near_dead_bilateral,GaCo06,Ga,0,22,0.018171287999999997,0.9818287666666666,0.0,Ga,0,1,82.0,0.0
Ga,baseline,near_dead_bilateral,GaCo07,Ga,0,22,0.48442587,0.5155741166666666,0.0,Ga,0,1,79.0,0.0
Ga,baseline,near_dead_bilateral,GaCo08,Ga,0,22,0.08053807233333334,0.9194619033333332,0.0,Ga,0,2,78.0,0.0
Ga,baseline,near_dead_bilateral,GaCo09,Ga,0,22,0.2599991466666667,0.74000086,0.0,Ga,0,2,78.0,0.0
Ga,baseline,near_dead_bilateral,GaCo10,Ga,0,22,0.26594208,0.7340579133333334,0.0,Ga,0,1,69.0,0.0
Ga,baseline,near_dead_bilateral,GaCo11,Ga,0,22,0.9535460033333334,0.04645398666666667,0.0,Ga,0,1,70.0,0.0
Ga,baseline,near_dead_bilateral,GaCo12,Ga,0,22,0.48274787,0.5172521133333333,0.0,Ga,0,2,65.0,0.0
Ga,baseline,near_dead_bilateral,GaCo13,Ga,0,22,0.6757966866666667,0.3242033166666667,0.0,Ga,0,2,67.0,0.0
Ga,baseline,near_dead_bilateral,GaCo14,Ga,0,22,0.44807423,0.5519257866666667,0.0,Ga,0,2,68.0,0.0
Ga,baseline,near_dead_bilateral,GaCo15,Ga,0,22,0.11045834666666667,0.8895416266666668,0.0,Ga,0,2,67.0,0.0
Ga,baseline,near_dead_bilateral,GaCo16,Ga,0,22,0.43085434,0.5691456566666667,0.0,Ga,0,2,63.0,0.0
Ga,baseline,near_dead_bilateral,GaCo17,Ga,0,22,0.8711800233333333,0.12881996666666667,0.0,Ga,0,1,67.0,0.0
Ga,baseline,near_dead_bilateral,GaCo22,Ga,0,22,0.6770668366666667,0.32293317666666665,0.0,Ga,0,1,65.0,0.0
Ga,baseline,near_dead_bilateral,GaPt03,Ga,1,22,0.03415357433333333,0.9658464000000001,0.0,Ga,1,2,82.0,3.0
Ga,baseline,near_dead_bilateral,GaPt04,Ga,1,22,0.3530539733333333,0.64694602,0.0,Ga,1,1,68.0,2.5
Ga,baseline,near_dead_bilateral,GaPt05,Ga,1,22,0.36972188333333333,0.6302780966666667,0.0,Ga,1,2,82.0,2.5
Ga,baseline,near_dead_bilateral,GaPt06,Ga,1,22,0.7353060933333334,0.26469392,0.0,Ga,1,1,72.0,2.0
Ga,baseline,near_dead_bilateral,GaPt07,Ga,1,22,0.09462567366666667,0.9053743333333334,0.0,Ga,1,2,53.0,3.0
Ga,baseline,near_dead_bilateral,GaPt08,Ga,1,22,0.02277484,0.97722517,0.0,Ga,1,2,68.0,2.0
Ga,baseline,near_dead_bilateral,GaPt09,Ga,1,22,0.3701732833333333,0.6298266966666667,0.0,Ga,1,1,69.0,3.0
Ga,baseline,near_dead_bilateral,GaPt12,Ga,1,22,0.08993426366666667,0.9100657566666667,0.0,Ga,1,2,59.0,2.0
Ga,baseline,near_dead_bilateral,GaPt13,Ga,1,22,0.039198315866666666,0.9608017000000001,0.0,Ga,1,1,70.0,2.0
Ga,baseline,near_dead_bilateral,GaPt14,Ga,1,22,0.23287733,0.7671226666666667,0.0,Ga,1,1,56.0,2.0
Ga,baseline,near_dead_bilateral,GaPt15,Ga,1,22,0.196155949,0.80384406,0.0,Ga,1,1,81.0,2.0
Ga,baseline,near_dead_bilateral,GaPt16,Ga,1,22,0.34227236333333333,0.6577276366666667,0.0,Ga,1,1,79.0,2.0
Ga,baseline,near_dead_bilateral,GaPt17,Ga,1,22,0.25025180666666663,0.7497481733333333,0.0,Ga,1,1,71.0,3.0
Ga,baseline,near_dead_bilateral,GaPt18,Ga,1,22,0.35584674333333327,0.6441532333333333,0.0,Ga,1,2,76.0,2.0
Ga,baseline,near_dead_bilateral,GaPt19,Ga,1,22,0.7272865466666666,0.27271343666666664,0.0,Ga,1,2,76.0,2.0
Ga,baseline,near_dead_bilateral,GaPt20,Ga,1,22,0.069916771,0.93008323,0.0,Ga,1,1,81.0,2.0
Ga,baseline,near_dead_bilateral,GaPt21,Ga,1,22,0.131609862,0.8683901333333334,0.0,Ga,1,1,80.0,3.0
Ga,baseline,near_dead_bilateral,GaPt22,Ga,1,22,0.6547852500000001,0.34521473333333336,0.0,Ga,1,1,78.0,2.0
Ga,baseline,near_dead_bilateral,GaPt23,Ga,1,22,0.42534502333333335,0.5746549466666667,0.0,Ga,1,2,71.0,3.0
Ga,baseline,near_dead_bilateral,GaPt24,Ga,1,22,0.16152632233333333,0.8384736666666667,0.0,Ga,1,1,68.0,2.5
Ga,baseline,near_dead_bilateral,GaPt25,Ga,1,22,0.76606358,0.23393645,0.0,Ga,1,1,81.0,2.5
Ga,baseline,near_dead_bilateral,GaPt26,Ga,1,22,0.13494651666666665,0.8650534633333334,0.0,Ga,1,2,78.0,2.5
Ga,baseline,near_dead_bilateral,GaPt27,Ga,1,22,0.16077454666666666,0.8392254600000001,0.0,Ga,1,1,72.0,2.0
Ga,baseline,near_dead_bilateral,GaPt28,Ga,1,22,0.06992776866666667,0.9300722333333334,0.0,Ga,1,1,61.0,2.5
Ga,baseline,near_dead_bilateral,GaPt29,Ga,1,22,0.07450969,0.9254903,0.0,Ga,1,1,68.0,2.0
Ga,baseline,near_dead_bilateral,GaPt30,Ga,1,22,0.074083238,0.9259167700000001,0.0,Ga,1,1,69.0,2.0
Ga,baseline,near_dead_bilateral,GaPt31,Ga,1,22,0.49194916666666666,0.5080508333333333,0.0,Ga,1,1,67.0,2.5
Ga,baseline,near_dead_bilateral,GaPt32,Ga,1,22,0.364303,0.635697,0.0,Ga,1,1,63.0,2.0
Ga,baseline,near_dead_bilateral,GaPt33,Ga,1,22,0.33924646999999997,0.66075355,0.0,Ga,1,1,63.0,2.5
Ga,baseline,contact_loss_bilateral,GaCo01,Ga,0,22,0.82623298,0.17376702666666666,0.0,Ga,0,1,66.0,0.0
Ga,baseline,contact_loss_bilateral,GaCo02,Ga,0,22,0.9965484033333333,0.0034516133999999998,0.0,Ga,0,1,74.0,0.0
Ga,baseline,contact_loss_bilateral,GaCo03,Ga,0,22,0.7875315366666666,0.21246846333333333,0.0,Ga,0,1,69.0,0.0
Ga,baseline,contact_loss_bilateral,GaCo04,Ga,0,22,0.05455851033333334,0.9454414766666667,0.0,Ga,0,1,86.0,0.0
Ga,baseline,contact_loss_bilateral,GaCo05,Ga,0,22,0.03336971783333333,0.9666302566666666,0.0,Ga,0,2,75.0,0.0
Ga,baseline,contact_loss_bilateral,GaCo06,Ga,0,22,0.008998975666666667,0.9910010333333333,0.0,Ga,0,1,82.0,0.0
Ga,baseline,contact_loss_bilateral,GaCo07,Ga,0,22,0.15056149,0.8494385166666666,0.0,Ga,0,1,79.0,0.0
Ga,baseline,contact_loss_bilateral,GaCo08,Ga,0,22,0.014185007999999999,0.9858150166666667,0.0,Ga,0,2,78.0,0.0
Ga,baseline,contact_loss_bilateral,GaCo09,Ga,0,22,0.30895715133333335,0.6910428533333333,0.0,Ga,0,2,78.0,0.0
Ga,baseline,contact_loss_bilateral,GaCo10,Ga,0,22,0.15857710666666666,0.8414228766666666,0.0,Ga,0,1,69.0,0.0
Ga,baseline,contact_loss_bilateral,GaCo11,Ga,0,22,0.9865411000000001,0.013458857666666666,0.0,Ga,0,1,70.0,0.0
Ga,baseline,contact_loss_bilateral,GaCo12,Ga,0,22,0.4750017633333334,0.5249982366666667,0.0,Ga,0,2,65.0,0.0
Ga,baseline,contact_loss_bilateral,GaCo13,Ga,0,22,0.9027229666666666,0.09727701999999999,0.0,Ga,0,2,67.0,0.0
Ga,baseline,contact_loss_bilateral,GaCo14,Ga,0,22,0.3699669933333333,0.6300330033333333,0.0,Ga,0,2,68.0,0.0
Ga,baseline,contact_loss_bilateral,GaCo15,Ga,0,22,0.08457775966666665,0.9154222399999999,0.0,Ga,0,2,67.0,0.0
Ga,baseline,contact_loss_bilateral,GaCo16,Ga,0,22,0.38496594,0.61503408,0.0,Ga,0,2,63.0,0.0
Ga,baseline,contact_loss_bilateral,GaCo17,Ga,0,22,0.9673891533333334,0.032610842,0.0,Ga,0,1,67.0,0.0
Ga,baseline,contact_loss_bilateral,GaCo22,Ga,0,22,0.65487829,0.34512173333333335,0.0,Ga,0,1,65.0,0.0
Ga,baseline,contact_loss_bilateral,GaPt03,Ga,1,22,0.02968280233333333,0.9703172033333334,0.0,Ga,1,2,82.0,3.0
Ga,baseline,contact_loss_bilateral,GaPt04,Ga,1,22,0.146470835,0.8535291733333334,0.0,Ga,1,1,68.0,2.5
Ga,baseline,contact_loss_bilateral,GaPt05,Ga,1,22,0.24174554,0.7582544166666666,0.0,Ga,1,2,82.0,2.5
Ga,baseline,contact_loss_bilateral,GaPt06,Ga,1,22,0.8944409133333333,0.10555905433333333,0.0,Ga,1,1,72.0,2.0
Ga,baseline,contact_loss_bilateral,GaPt07,Ga,1,22,0.037467355333333334,0.9625326666666666,0.0,Ga,1,2,53.0,3.0
Ga,baseline,contact_loss_bilateral,GaPt08,Ga,1,22,0.010654022166666667,0.9893459666666667,0.0,Ga,1,2,68.0,2.0
Ga,baseline,contact_loss_bilateral,GaPt09,Ga,1,22,0.14201102333333335,0.8579889766666667,0.0,Ga,1,1,69.0,3.0
Ga,baseline,contact_loss_bilateral,GaPt12,Ga,1,22,0.05924760766666667,0.9407524,0.0,Ga,1,2,59.0,2.0
Ga,baseline,contact_loss_bilateral,GaPt13,Ga,1,22,0.012521225266666667,0.9874787666666668,0.0,Ga,1,1,70.0,2.0
Ga,baseline,contact_loss_bilateral,GaPt14,Ga,1,22,0.14315949000000003,0.8568404833333334,0.0,Ga,1,1,56.0,2.0
Ga,baseline,contact_loss_bilateral,GaPt15,Ga,1,22,0.06680733366666666,0.9331927000000001,0.0,Ga,1,1,81.0,2.0
Ga,baseline,contact_loss_bilateral,GaPt16,Ga,1,22,0.21199858333333332,0.78800141,0.0,Ga,1,1,79.0,2.0
Ga,baseline,contact_loss_bilateral,GaPt17,Ga,1,22,0.077952065,0.9220479333333333,0.0,Ga,1,1,71.0,3.0
Ga,baseline,contact_loss_bilateral,GaPt18,Ga,1,22,0.16230515166666667,0.8376948799999999,0.0,Ga,1,2,76.0,2.0
Ga,baseline,contact_loss_bilateral,GaPt19,Ga,1,22,0.9199152766666666,0.08008472500000001,0.0,Ga,1,2,76.0,2.0
Ga,baseline,contact_loss_bilateral,GaPt20,Ga,1,22,0.03199706733333333,0.9680029333333334,0.0,Ga,1,1,81.0,2.0
Ga,baseline,contact_loss_bilateral,GaPt21,Ga,1,22,0.068593935,0.9314060666666667,0.0,Ga,1,1,80.0,3.0
Ga,baseline,contact_loss_bilateral,GaPt22,Ga,1,22,0.8941885333333334,0.10581147,0.0,Ga,1,1,78.0,2.0
Ga,baseline,contact_loss_bilateral,GaPt23,Ga,1,22,0.4418013333333333,0.55819869,0.0,Ga,1,2,71.0,3.0
Ga,baseline,contact_loss_bilateral,GaPt24,Ga,1,22,0.10273163866666667,0.8972683733333332,0.0,Ga,1,1,68.0,2.5
Ga,baseline,contact_loss_bilateral,GaPt25,Ga,1,22,0.7918005533333333,0.20819944333333332,0.0,Ga,1,1,81.0,2.5
Ga,baseline,contact_loss_bilateral,GaPt26,Ga,1,22,0.07887705033333332,0.9211229200000001,0.0,Ga,1,2,78.0,2.5
Ga,baseline,contact_loss_bilateral,GaPt27,Ga,1,22,0.08926864666666667,0.9107313366666667,0.0,Ga,1,1,72.0,2.0
Ga,baseline,contact_loss_bilateral,GaPt28,Ga,1,22,0.05549953,0.9445004866666666,0.0,Ga,1,1,61.0,2.5
Ga,baseline,contact_loss_bilateral,GaPt29,Ga,1,22,0.029574029166666665,0.9704259533333334,0.0,Ga,1,1,68.0,2.0
Ga,baseline,contact_loss_bilateral,GaPt30,Ga,1,22,0.043737105666666665,0.9562629033333333,0.0,Ga,1,1,69.0,2.0
Ga,baseline,contact_loss_bilateral,GaPt31,Ga,1,22,0.37843766666666667,0.6215623333333333,0.0,Ga,1,1,67.0,2.5
Ga,baseline,contact_loss_bilateral,GaPt32,Ga,1,22,0.2196832,0.7803167666666667,0.0,Ga,1,1,63.0,2.0
Ga,baseline,contact_loss_bilateral,GaPt33,Ga,1,22,0.17121299433333334,0.8287870466666667,0.0,Ga,1,1,63.0,2.5
Ga,baseline,saturation_bilateral,GaCo01,Ga,0,22,0.8652741233333333,0.134725858,0.0,Ga,0,1,66.0,0.0
Ga,baseline,saturation_bilateral,GaCo02,Ga,0,22,0.99588161,0.0041184098,0.0,Ga,0,1,74.0,0.0
Ga,baseline,saturation_bilateral,GaCo03,Ga,0,22,0.7459206500000001,0.2540793666666667,0.0,Ga,0,1,69.0,0.0
Ga,baseline,saturation_bilateral,GaCo04,Ga,0,22,0.039094297666666666,0.9609057033333332,0.0,Ga,0,1,86.0,0.0
Ga,baseline,saturation_bilateral,GaCo05,Ga,0,22,0.02142847,0.9785715333333332,0.0,Ga,0,2,75.0,0.0
Ga,baseline,saturation_bilateral,GaCo06,Ga,0,22,0.007213553066666666,0.9927864333333334,0.0,Ga,0,1,82.0,0.0
Ga,baseline,saturation_bilateral,GaCo07,Ga,0,22,0.14407387900000002,0.85592612,0.0,Ga,0,1,79.0,0.0
Ga,baseline,saturation_bilateral,GaCo08,Ga,0,22,0.012225523166666667,0.9877744666666667,0.0,Ga,0,2,78.0,0.0
Ga,baseline,saturation_bilateral,GaCo09,Ga,0,22,0.2624533196666667,0.7375467233333334,0.0,Ga,0,2,78.0,0.0
Ga,baseline,saturation_bilateral,GaCo10,Ga,0,22,0.114221482,0.8857785033333334,0.0,Ga,0,1,69.0,0.0
Ga,baseline,saturation_bilateral,GaCo11,Ga,0,22,0.9844699,0.015530120666666666,0.0,Ga,0,1,70.0,0.0
Ga,baseline,saturation_bilateral,GaCo12,Ga,0,22,0.39782226666666665,0.60217775,0.0,Ga,0,2,65.0,0.0
Ga,baseline,saturation_bilateral,GaCo13,Ga,0,22,0.8941235333333334,0.10587645666666667,0.0,Ga,0,2,67.0,0.0
Ga,baseline,saturation_bilateral,GaCo14,Ga,0,22,0.38486401,0.6151359666666666,0.0,Ga,0,2,68.0,0.0
Ga,baseline,saturation_bilateral,GaCo15,Ga,0,22,0.06348505533333333,0.9365149533333333,0.0,Ga,0,2,67.0,0.0
Ga,baseline,saturation_bilateral,GaCo16,Ga,0,22,0.2925770033333333,0.7074229866666667,0.0,Ga,0,2,63.0,0.0
Ga,baseline,saturation_bilateral,GaCo17,Ga,0,22,0.9593411433333333,0.04065886133333333,0.0,Ga,0,1,67.0,0.0
Ga,baseline,saturation_bilateral,GaCo22,Ga,0,22,0.5789121133333334,0.4210879533333333,0.0,Ga,0,1,65.0,0.0
Ga,baseline,saturation_bilateral,GaPt03,Ga,1,22,0.03292549083333333,0.9670745166666667,0.0,Ga,1,2,82.0,3.0
Ga,baseline,saturation_bilateral,GaPt04,Ga,1,22,0.13567717333333332,0.8643228233333332,0.0,Ga,1,1,68.0,2.5
Ga,baseline,saturation_bilateral,GaPt05,Ga,1,22,0.2674458566666667,0.7325541333333333,0.0,Ga,1,2,82.0,2.5
Ga,baseline,saturation_bilateral,GaPt06,Ga,1,22,0.8563526,0.14364739433333332,0.0,Ga,1,1,72.0,2.0
Ga,baseline,saturation_bilateral,GaPt07,Ga,1,22,0.03773648133333333,0.96226354,0.0,Ga,1,2,53.0,3.0
Ga,baseline,saturation_bilateral,GaPt08,Ga,1,22,0.009254849033333333,0.9907451666666667,0.0,Ga,1,2,68.0,2.0
Ga,baseline,saturation_bilateral,GaPt09,Ga,1,22,0.10540545333333333,0.89459458,0.0,Ga,1,1,69.0,3.0
Ga,baseline,saturation_bilateral,GaPt12,Ga,1,22,0.04378722966666667,0.9562127833333333,0.0,Ga,1,2,59.0,2.0
Ga,baseline,saturation_bilateral,GaPt13,Ga,1,22,0.009648114800000001,0.9903518966666667,0.0,Ga,1,1,70.0,2.0
Ga,baseline,saturation_bilateral,GaPt14,Ga,1,22,0.10482767333333332,0.8951723333333333,0.0,Ga,1,1,56.0,2.0
Ga,baseline,saturation_bilateral,GaPt15,Ga,1,22,0.054531521,0.9454684666666666,0.0,Ga,1,1,81.0,2.0
Ga,baseline,saturation_bilateral,GaPt16,Ga,1,22,0.19491512,0.8050848866666667,0.0,Ga,1,1,79.0,2.0
Ga,baseline,saturation_bilateral,GaPt17,Ga,1,22,0.05798846566666666,0.9420115666666667,0.0,Ga,1,1,71.0,3.0
Ga,baseline,saturation_bilateral,GaPt18,Ga,1,22,0.15823014999999999,0.8417698299999999,0.0,Ga,1,2,76.0,2.0
Ga,baseline,saturation_bilateral,GaPt19,Ga,1,22,0.9104457533333333,0.08955426233333334,0.0,Ga,1,2,76.0,2.0
Ga,baseline,saturation_bilateral,GaPt20,Ga,1,22,0.035681461,0.9643185166666667,0.0,Ga,1,1,81.0,2.0
Ga,baseline,saturation_bilateral,GaPt21,Ga,1,22,0.04762814866666667,0.9523718666666667,0.0,Ga,1,1,80.0,3.0
Ga,baseline,saturation_bilateral,GaPt22,Ga,1,22,0.8444065666666667,0.15559345666666666,0.0,Ga,1,1,78.0,2.0
Ga,baseline,saturation_bilateral,GaPt23,Ga,1,22,0.37973212000000006,0.6202678866666667,0.0,Ga,1,2,71.0,3.0
Ga,baseline,saturation_bilateral,GaPt24,Ga,1,22,0.078397901,0.9216021133333333,0.0,Ga,1,1,68.0,2.5
Ga,baseline,saturation_bilateral,GaPt25,Ga,1,22,0.7584472,0.24155279,0.0,Ga,1,1,81.0,2.5
Ga,baseline,saturation_bilateral,GaPt26,Ga,1,22,0.07070332066666667,0.9292966533333334,0.0,Ga,1,2,78.0,2.5
Ga,baseline,saturation_bilateral,GaPt27,Ga,1,22,0.08820607333333334,0.91179393,0.0,Ga,1,1,72.0,2.0
Ga,baseline,saturation_bilateral,GaPt28,Ga,1,22,0.0445363105,0.9554637,0.0,Ga,1,1,61.0,2.5
Ga,baseline,saturation_bilateral,GaPt29,Ga,1,22,0.019922330999999998,0.9800777133333334,0.0,Ga,1,1,68.0,2.0
Ga,baseline,saturation_bilateral,GaPt30,Ga,1,22,0.04623637433333333,0.9537636133333334,0.0,Ga,1,1,69.0,2.0
Ga,baseline,saturation_bilateral,GaPt31,Ga,1,22,0.36571097,0.63428902,0.0,Ga,1,1,67.0,2.5
Ga,baseline,saturation_bilateral,GaPt32,Ga,1,22,0.19855084666666667,0.8014491633333334,0.0,Ga,1,1,63.0,2.0
Ga,baseline,saturation_bilateral,GaPt33,Ga,1,22,0.15704797866666664,0.8429520333333334,0.0,Ga,1,1,63.0,2.5
Ga,baseline,drift_bilateral,GaCo01,Ga,0,22,0.5814744766666666,0.4185255333333333,0.0,Ga,0,1,66.0,0.0
Ga,baseline,drift_bilateral,GaCo02,Ga,0,22,0.98431823,0.015681768000000002,0.0,Ga,0,1,74.0,0.0
Ga,baseline,drift_bilateral,GaCo03,Ga,0,22,0.7199735833333333,0.28002644666666665,0.0,Ga,0,1,69.0,0.0
Ga,baseline,drift_bilateral,GaCo04,Ga,0,22,0.27120036,0.7287996466666667,0.0,Ga,0,1,86.0,0.0
Ga,baseline,drift_bilateral,GaCo05,Ga,0,22,0.16760076499999998,0.8323992433333333,0.0,Ga,0,2,75.0,0.0
Ga,baseline,drift_bilateral,GaCo06,Ga,0,22,0.03721571966666667,0.9627842833333333,0.0,Ga,0,1,82.0,0.0
Ga,baseline,drift_bilateral,GaCo07,Ga,0,22,0.16065362533333336,0.8393463666666667,0.0,Ga,0,1,79.0,0.0
Ga,baseline,drift_bilateral,GaCo08,Ga,0,22,0.08820349933333332,0.9117965,0.0,Ga,0,2,78.0,0.0
Ga,baseline,drift_bilateral,GaCo09,Ga,0,22,0.40683769,0.5931622983333333,0.0,Ga,0,2,78.0,0.0
Ga,baseline,drift_bilateral,GaCo10,Ga,0,22,0.29437962666666667,0.70562034,0.0,Ga,0,1,69.0,0.0
Ga,baseline,drift_bilateral,GaCo11,Ga,0,22,0.9695391933333334,0.030460788333333332,0.0,Ga,0,1,70.0,0.0
Ga,baseline,drift_bilateral,GaCo12,Ga,0,22,0.4491693366666667,0.5508306266666666,0.0,Ga,0,2,65.0,0.0
Ga,baseline,drift_bilateral,GaCo13,Ga,0,22,0.6734911333333334,0.3265088666666667,0.0,Ga,0,2,67.0,0.0
Ga,baseline,drift_bilateral,GaCo14,Ga,0,22,0.3903181966666667,0.6096817733333334,0.0,Ga,0,2,68.0,0.0
Ga,baseline,drift_bilateral,GaCo15,Ga,0,22,0.20352655333333333,0.7964734566666666,0.0,Ga,0,2,67.0,0.0
Ga,baseline,drift_bilateral,GaCo16,Ga,0,22,0.5185189733333334,0.48148103000000003,0.0,Ga,0,2,63.0,0.0
Ga,baseline,drift_bilateral,GaCo17,Ga,0,22,0.8841468533333333,0.11585315,0.0,Ga,0,1,67.0,0.0
Ga,baseline,drift_bilateral,GaCo22,Ga,0,22,0.70148878,0.29851123166666665,0.0,Ga,0,1,65.0,0.0
Ga,baseline,drift_bilateral,GaPt03,Ga,1,22,0.11539188,0.8846080866666667,0.0,Ga,1,2,82.0,3.0
Ga,baseline,drift_bilateral,GaPt04,Ga,1,22,0.20266496,0.7973350466666668,0.0,Ga,1,1,68.0,2.5
Ga,baseline,drift_bilateral,GaPt05,Ga,1,22,0.30374865333333334,0.6962513733333333,0.0,Ga,1,2,82.0,2.5
Ga,baseline,drift_bilateral,GaPt06,Ga,1,22,0.5269607666666667,0.47303923,0.0,Ga,1,1,72.0,2.0
Ga,baseline,drift_bilateral,GaPt07,Ga,1,22,0.118585023,0.8814149633333334,0.0,Ga,1,2,53.0,3.0
Ga,baseline,drift_bilateral,GaPt08,Ga,1,22,0.05442925066666666,0.9455707000000001,0.0,Ga,1,2,68.0,2.0
Ga,baseline,drift_bilateral,GaPt09,Ga,1,22,0.04368453966666666,0.9563154333333334,0.0,Ga,1,1,69.0,3.0
Ga,baseline,drift_bilateral,GaPt12,Ga,1,22,0.148976644,0.8510233333333334,0.0,Ga,1,2,59.0,2.0
Ga,baseline,drift_bilateral,GaPt13,Ga,1,22,0.18594731933333333,0.8140527233333333,0.0,Ga,1,1,70.0,2.0
Ga,baseline,drift_bilateral,GaPt14,Ga,1,22,0.19241284666666666,0.8075871433333334,0.0,Ga,1,1,56.0,2.0
Ga,baseline,drift_bilateral,GaPt15,Ga,1,22,0.217545671,0.7824543333333334,0.0,Ga,1,1,81.0,2.0
Ga,baseline,drift_bilateral,GaPt16,Ga,1,22,0.20999315333333335,0.79000682,0.0,Ga,1,1,79.0,2.0
Ga,baseline,drift_bilateral,GaPt17,Ga,1,22,0.12399631333333333,0.8760037,0.0,Ga,1,1,71.0,3.0
Ga,baseline,drift_bilateral,GaPt18,Ga,1,22,0.08647426666666667,0.9135257566666667,0.0,Ga,1,2,76.0,2.0
Ga,baseline,drift_bilateral,GaPt19,Ga,1,22,0.6851096233333333,0.3148903766666667,0.0,Ga,1,2,76.0,2.0
Ga,baseline,drift_bilateral,GaPt20,Ga,1,22,0.12590465333333334,0.8740953333333333,0.0,Ga,1,1,81.0,2.0
Ga,baseline,drift_bilateral,GaPt21,Ga,1,22,0.19450177666666665,0.8054981933333334,0.0,Ga,1,1,80.0,3.0
Ga,baseline,drift_bilateral,GaPt22,Ga,1,22,0.57198305,0.42801691000000003,0.0,Ga,1,1,78.0,2.0
Ga,baseline,drift_bilateral,GaPt23,Ga,1,22,0.44039086,0.5596091433333333,0.0,Ga,1,2,71.0,3.0
Ga,baseline,drift_bilateral,GaPt24,Ga,1,22,0.197918492,0.8020815233333334,0.0,Ga,1,1,68.0,2.5
Ga,baseline,drift_bilateral,GaPt25,Ga,1,22,0.7319407066666667,0.2680592566666667,0.0,Ga,1,1,81.0,2.5
Ga,baseline,drift_bilateral,GaPt26,Ga,1,22,0.19455489,0.8054451166666666,0.0,Ga,1,2,78.0,2.5
Ga,baseline,drift_bilateral,GaPt27,Ga,1,22,0.3575171533333333,0.6424828533333333,0.0,Ga,1,1,72.0,2.0
Ga,baseline,drift_bilateral,GaPt28,Ga,1,22,0.18337472,0.81662527,0.0,Ga,1,1,61.0,2.5
Ga,baseline,drift_bilateral,GaPt29,Ga,1,22,0.100874802,0.8991252066666666,0.0,Ga,1,1,68.0,2.0
Ga,baseline,drift_bilateral,GaPt30,Ga,1,22,0.14281788466666667,0.85718215,0.0,Ga,1,1,69.0,2.0
Ga,baseline,drift_bilateral,GaPt31,Ga,1,22,0.34339955333333333,0.6566004433333333,0.0,Ga,1,1,67.0,2.5
Ga,baseline,drift_bilateral,GaPt32,Ga,1,22,0.33426286,0.6657371333333333,0.0,Ga,1,1,63.0,2.0
Ga,baseline,drift_bilateral,GaPt33,Ga,1,22,0.15025843,0.8497415766666667,0.0,Ga,1,1,63.0,2.5
Ga,baseline,packet_loss_bilateral,GaCo01,Ga,0,22,0.8470448199999999,0.15295518333333333,0.0,Ga,0,1,66.0,0.0
Ga,baseline,packet_loss_bilateral,GaCo02,Ga,0,22,0.9955473,0.004452681966666667,0.0,Ga,0,1,74.0,0.0
Ga,baseline,packet_loss_bilateral,GaCo03,Ga,0,22,0.81795988,0.18204015666666665,0.0,Ga,0,1,69.0,0.0
Ga,baseline,packet_loss_bilateral,GaCo04,Ga,0,22,0.06617314933333333,0.9338268566666666,0.0,Ga,0,1,86.0,0.0
Ga,baseline,packet_loss_bilateral,GaCo05,Ga,0,22,0.044570794000000004,0.9554292066666666,0.0,Ga,0,2,75.0,0.0
Ga,baseline,packet_loss_bilateral,GaCo06,Ga,0,22,0.011974557333333335,0.98802542,0.0,Ga,0,1,82.0,0.0
Ga,baseline,packet_loss_bilateral,GaCo07,Ga,0,22,0.17156395800000002,0.8284360466666666,0.0,Ga,0,1,79.0,0.0
Ga,baseline,packet_loss_bilateral,GaCo08,Ga,0,22,0.01823372566666667,0.98176626,0.0,Ga,0,2,78.0,0.0
Ga,baseline,packet_loss_bilateral,GaCo09,Ga,0,22,0.3104976746666667,0.6895023366666666,0.0,Ga,0,2,78.0,0.0
Ga,baseline,packet_loss_bilateral,GaCo10,Ga,0,22,0.19120044533333336,0.8087995233333333,0.0,Ga,0,1,69.0,0.0
Ga,baseline,packet_loss_bilateral,GaCo11,Ga,0,22,0.9852318966666666,0.014768106166666668,0.0,Ga,0,1,70.0,0.0
Ga,baseline,packet_loss_bilateral,GaCo12,Ga,0,22,0.51580256,0.48419746999999996,0.0,Ga,0,2,65.0,0.0
Ga,baseline,packet_loss_bilateral,GaCo13,Ga,0,22,0.90387837,0.09612160833333333,0.0,Ga,0,2,67.0,0.0
Ga,baseline,packet_loss_bilateral,GaCo14,Ga,0,22,0.36828997333333335,0.6317100233333334,0.0,Ga,0,2,68.0,0.0
Ga,baseline,packet_loss_bilateral,GaCo15,Ga,0,22,0.09341275666666667,0.9065872233333333,0.0,Ga,0,2,67.0,0.0
Ga,baseline,packet_loss_bilateral,GaCo16,Ga,0,22,0.37694726666666667,0.6230527566666667,0.0,Ga,0,2,63.0,0.0
Ga,baseline,packet_loss_bilateral,GaCo17,Ga,0,22,0.9580461333333333,0.041953836,0.0,Ga,0,1,67.0,0.0
Ga,baseline,packet_loss_bilateral,GaCo22,Ga,0,22,0.6822472466666666,0.31775273,0.0,Ga,0,1,65.0,0.0
Ga,baseline,packet_loss_bilateral,GaPt03,Ga,1,22,0.05045792533333334,0.9495420666666666,0.0,Ga,1,2,82.0,3.0
Ga,baseline,packet_loss_bilateral,GaPt04,Ga,1,22,0.14190442,0.85809559,0.0,Ga,1,1,68.0,2.5
Ga,baseline,packet_loss_bilateral,GaPt05,Ga,1,22,0.26053406333333334,0.7394659466666668,0.0,Ga,1,2,82.0,2.5
Ga,baseline,packet_loss_bilateral,GaPt06,Ga,1,22,0.8831918566666667,0.11680812433333332,0.0,Ga,1,1,72.0,2.0
Ga,baseline,packet_loss_bilateral,GaPt07,Ga,1,22,0.053211174666666666,0.9467888433333332,0.0,Ga,1,2,53.0,3.0
Ga,baseline,packet_loss_bilateral,GaPt08,Ga,1,22,0.015627414000000003,0.9843725733333333,0.0,Ga,1,2,68.0,2.0
Ga,baseline,packet_loss_bilateral,GaPt09,Ga,1,22,0.12739807,0.8726018866666667,0.0,Ga,1,1,69.0,3.0
Ga,baseline,packet_loss_bilateral,GaPt12,Ga,1,22,0.06288659566666667,0.9371134,0.0,Ga,1,2,59.0,2.0
Ga,baseline,packet_loss_bilateral,GaPt13,Ga,1,22,0.014415215333333333,0.9855847633333333,0.0,Ga,1,1,70.0,2.0
Ga,baseline,packet_loss_bilateral,GaPt14,Ga,1,22,0.15220908,0.8477908866666667,0.0,Ga,1,1,56.0,2.0
Ga,baseline,packet_loss_bilateral,GaPt15,Ga,1,22,0.07966119733333334,0.9203388,0.0,Ga,1,1,81.0,2.0
Ga,baseline,packet_loss_bilateral,GaPt16,Ga,1,22,0.21523090666666667,0.7847691233333333,0.0,Ga,1,1,79.0,2.0
Ga,baseline,packet_loss_bilateral,GaPt17,Ga,1,22,0.07762699266666666,0.9223729966666667,0.0,Ga,1,1,71.0,3.0
Ga,baseline,packet_loss_bilateral,GaPt18,Ga,1,22,0.18134340999999998,0.8186565866666666,0.0,Ga,1,2,76.0,2.0
Ga,baseline,packet_loss_bilateral,GaPt19,Ga,1,22,0.9115016233333333,0.08849836366666668,0.0,Ga,1,2,76.0,2.0
Ga,baseline,packet_loss_bilateral,GaPt20,Ga,1,22,0.04663499066666666,0.9533650333333333,0.0,Ga,1,1,81.0,2.0
Ga,baseline,packet_loss_bilateral,GaPt21,Ga,1,22,0.09191781766666667,0.9080821666666666,0.0,Ga,1,1,80.0,3.0
Ga,baseline,packet_loss_bilateral,GaPt22,Ga,1,22,0.8858556933333334,0.11414429999999999,0.0,Ga,1,1,78.0,2.0
Ga,baseline,packet_loss_bilateral,GaPt23,Ga,1,22,0.44528082,0.5547192033333334,0.0,Ga,1,2,71.0,3.0
Ga,baseline,packet_loss_bilateral,GaPt24,Ga,1,22,0.126121275,0.8738787333333334,0.0,Ga,1,1,68.0,2.5
Ga,baseline,packet_loss_bilateral,GaPt25,Ga,1,22,0.7857715733333333,0.21422844,0.0,Ga,1,1,81.0,2.5
Ga,baseline,packet_loss_bilateral,GaPt26,Ga,1,22,0.09442903333333334,0.9055709333333333,0.0,Ga,1,2,78.0,2.5
Ga,baseline,packet_loss_bilateral,GaPt27,Ga,1,22,0.11080123833333333,0.8891987666666666,0.0,Ga,1,1,72.0,2.0
Ga,baseline,packet_loss_bilateral,GaPt28,Ga,1,22,0.07283632699999999,0.9271636533333334,0.0,Ga,1,1,61.0,2.5
Ga,baseline,packet_loss_bilateral,GaPt29,Ga,1,22,0.03424532933333333,0.9657546633333333,0.0,Ga,1,1,68.0,2.0
Ga,baseline,packet_loss_bilateral,GaPt30,Ga,1,22,0.060258683333333334,0.9397413666666666,0.0,Ga,1,1,69.0,2.0
Ga,baseline,packet_loss_bilateral,GaPt31,Ga,1,22,0.3750132933333334,0.62498671,0.0,Ga,1,1,67.0,2.5
Ga,baseline,packet_loss_bilateral,GaPt32,Ga,1,22,0.25370107333333336,0.7462989333333333,0.0,Ga,1,1,63.0,2.0
Ga,baseline,packet_loss_bilateral,GaPt33,Ga,1,22,0.17739681566666668,0.8226032,0.0,Ga,1,1,63.0,2.5
Ga,baseline,gain_miscalibration,GaCo01,Ga,0,22,0.8066182833333334,0.19338172,0.0,Ga,0,1,66.0,0.0
Ga,baseline,gain_miscalibration,GaCo02,Ga,0,22,0.99557909,0.0044208931,0.0,Ga,0,1,74.0,0.0
Ga,baseline,gain_miscalibration,GaCo03,Ga,0,22,0.8881557400000001,0.11184425999999999,0.0,Ga,0,1,69.0,0.0
Ga,baseline,gain_miscalibration,GaCo04,Ga,0,22,0.27863403666666664,0.7213659199999999,0.0,Ga,0,1,86.0,0.0
Ga,baseline,gain_miscalibration,GaCo05,Ga,0,22,0.216089651,0.7839103766666667,0.0,Ga,0,2,75.0,0.0
Ga,baseline,gain_miscalibration,GaCo06,Ga,0,22,0.033439549000000006,0.9665604466666666,0.0,Ga,0,1,82.0,0.0
Ga,baseline,gain_miscalibration,GaCo07,Ga,0,22,0.24203558000000003,0.7579644,0.0,Ga,0,1,79.0,0.0
Ga,baseline,gain_miscalibration,GaCo08,Ga,0,22,0.03529888766666667,0.96470109,0.0,Ga,0,2,78.0,0.0
Ga,baseline,gain_miscalibration,GaCo09,Ga,0,22,0.38000485666666667,0.6199951366666666,0.0,Ga,0,2,78.0,0.0
Ga,baseline,gain_miscalibration,GaCo10,Ga,0,22,0.2421827466666667,0.75781725,0.0,Ga,0,1,69.0,0.0
Ga,baseline,gain_miscalibration,GaCo11,Ga,0,22,0.9859861033333334,0.014013899333333335,0.0,Ga,0,1,70.0,0.0
Ga,baseline,gain_miscalibration,GaCo12,Ga,0,22,0.5995796866666666,0.40042031333333333,0.0,Ga,0,2,65.0,0.0
Ga,baseline,gain_miscalibration,GaCo13,Ga,0,22,0.91968002,0.08032001333333334,0.0,Ga,0,2,67.0,0.0
Ga,baseline,gain_miscalibration,GaCo14,Ga,0,22,0.5722469833333333,0.42775302,0.0,Ga,0,2,68.0,0.0
Ga,baseline,gain_miscalibration,GaCo15,Ga,0,22,0.13239515833333335,0.8676048333333334,0.0,Ga,0,2,67.0,0.0
Ga,baseline,gain_miscalibration,GaCo16,Ga,0,22,0.33461560333333334,0.6653844066666667,0.0,Ga,0,2,63.0,0.0
Ga,baseline,gain_miscalibration,GaCo17,Ga,0,22,0.9720965833333333,0.027903425,0.0,Ga,0,1,67.0,0.0
Ga,baseline,gain_miscalibration,GaCo22,Ga,0,22,0.8280378,0.17196218333333332,0.0,Ga,0,1,65.0,0.0
Ga,baseline,gain_miscalibration,GaPt03,Ga,1,22,0.2198826346666667,0.7801173499999999,0.0,Ga,1,2,82.0,3.0
Ga,baseline,gain_miscalibration,GaPt04,Ga,1,22,0.32236626333333335,0.6776337566666667,0.0,Ga,1,1,68.0,2.5
Ga,baseline,gain_miscalibration,GaPt05,Ga,1,22,0.5333340166666667,0.4666659933333333,0.0,Ga,1,2,82.0,2.5
Ga,baseline,gain_miscalibration,GaPt06,Ga,1,22,0.87801264,0.12198739166666667,0.0,Ga,1,1,72.0,2.0
Ga,baseline,gain_miscalibration,GaPt07,Ga,1,22,0.07801842333333332,0.9219815566666667,0.0,Ga,1,2,53.0,3.0
Ga,baseline,gain_miscalibration,GaPt08,Ga,1,22,0.014895491666666668,0.98510448,0.0,Ga,1,2,68.0,2.0
Ga,baseline,gain_miscalibration,GaPt09,Ga,1,22,0.12972004866666667,0.8702799233333334,0.0,Ga,1,1,69.0,3.0
Ga,baseline,gain_miscalibration,GaPt12,Ga,1,22,0.026854913999999997,0.9731450833333334,0.0,Ga,1,2,59.0,2.0
Ga,baseline,gain_miscalibration,GaPt13,Ga,1,22,0.059589813,0.94041021,0.0,Ga,1,1,70.0,2.0
Ga,baseline,gain_miscalibration,GaPt14,Ga,1,22,0.06729073266666667,0.9327092533333333,0.0,Ga,1,1,56.0,2.0
Ga,baseline,gain_miscalibration,GaPt15,Ga,1,22,0.297485008,0.7025149900000001,0.0,Ga,1,1,81.0,2.0
Ga,baseline,gain_miscalibration,GaPt16,Ga,1,22,0.129669668,0.8703303433333334,0.0,Ga,1,1,79.0,2.0
Ga,baseline,gain_miscalibration,GaPt17,Ga,1,22,0.093528328,0.90647168,0.0,Ga,1,1,71.0,3.0
Ga,baseline,gain_miscalibration,GaPt18,Ga,1,22,0.21936592333333335,0.7806340566666666,0.0,Ga,1,2,76.0,2.0
Ga,baseline,gain_miscalibration,GaPt19,Ga,1,22,0.8704016666666666,0.12959834166666667,0.0,Ga,1,2,76.0,2.0
Ga,baseline,gain_miscalibration,GaPt20,Ga,1,22,0.022467298333333333,0.9775326833333334,0.0,Ga,1,1,81.0,2.0
Ga,baseline,gain_miscalibration,GaPt21,Ga,1,22,0.1336085916666667,0.8663914199999999,0.0,Ga,1,1,80.0,3.0
Ga,baseline,gain_miscalibration,GaPt22,Ga,1,22,0.8322016733333334,0.16779829666666668,0.0,Ga,1,1,78.0,2.0
Ga,baseline,gain_miscalibration,GaPt23,Ga,1,22,0.33916603333333334,0.6608339333333334,0.0,Ga,1,2,71.0,3.0
Ga,baseline,gain_miscalibration,GaPt24,Ga,1,22,0.2403797466666667,0.7596202333333334,0.0,Ga,1,1,68.0,2.5
Ga,baseline,gain_miscalibration,GaPt25,Ga,1,22,0.8204166666666666,0.17958334666666664,0.0,Ga,1,1,81.0,2.5
Ga,baseline,gain_miscalibration,GaPt26,Ga,1,22,0.34045474,0.65954529,0.0,Ga,1,2,78.0,2.5
Ga,baseline,gain_miscalibration,GaPt27,Ga,1,22,0.6397305633333333,0.3602694366666667,0.0,Ga,1,1,72.0,2.0
Ga,baseline,gain_miscalibration,GaPt28,Ga,1,22,0.24579670466666667,0.75420328,0.0,Ga,1,1,61.0,2.5
Ga,baseline,gain_miscalibration,GaPt29,Ga,1,22,0.07883303233333333,0.9211669866666666,0.0,Ga,1,1,68.0,2.0
Ga,baseline,gain_miscalibration,GaPt30,Ga,1,22,0.04205176,0.95794828,0.0,Ga,1,1,69.0,2.0
Ga,baseline,gain_miscalibration,GaPt31,Ga,1,22,0.31559656333333336,0.6844034466666667,0.0,Ga,1,1,67.0,2.5
Ga,baseline,gain_miscalibration,GaPt32,Ga,1,22,0.4973822233333334,0.5026177666666667,0.0,Ga,1,1,63.0,2.0
Ga,baseline,gain_miscalibration,GaPt33,Ga,1,22,0.18334127333333336,0.8166587433333333,0.0,Ga,1,1,63.0,2.5
Ga,fasca,clean_both,GaCo01,Ga,0,22,0.8325082766666667,0.16749174333333336,0.0,Ga,0,1,66.0,0.0
Ga,fasca,clean_both,GaCo02,Ga,0,22,0.9926003099999999,0.007399693466666667,0.0,Ga,0,1,74.0,0.0
Ga,fasca,clean_both,GaCo03,Ga,0,22,0.8391500333333334,0.16085001000000002,0.0,Ga,0,1,69.0,0.0
Ga,fasca,clean_both,GaCo04,Ga,0,22,0.11429863333333333,0.8857013466666667,0.0,Ga,0,1,86.0,0.0
Ga,fasca,clean_both,GaCo05,Ga,0,22,0.06480676366666667,0.9351932433333333,0.0,Ga,0,2,75.0,0.0
Ga,fasca,clean_both,GaCo06,Ga,0,22,0.029153917,0.97084608,0.0,Ga,0,1,82.0,0.0
Ga,fasca,clean_both,GaCo07,Ga,0,22,0.4340907666666666,0.5659092333333333,0.0,Ga,0,1,79.0,0.0
Ga,fasca,clean_both,GaCo08,Ga,0,22,0.03649142833333333,0.9635085666666666,0.0,Ga,0,2,78.0,0.0
Ga,fasca,clean_both,GaCo09,Ga,0,22,0.1874027,0.8125973066666666,0.0,Ga,0,2,78.0,0.0
Ga,fasca,clean_both,GaCo10,Ga,0,22,0.4495055766666667,0.5504944233333333,0.0,Ga,0,1,69.0,0.0
Ga,fasca,clean_both,GaCo11,Ga,0,22,0.9719916866666667,0.028008308,0.0,Ga,0,1,70.0,0.0
Ga,fasca,clean_both,GaCo12,Ga,0,22,0.6130587733333334,0.3869412333333333,0.0,Ga,0,2,65.0,0.0
Ga,fasca,clean_both,GaCo13,Ga,0,22,0.9012629366666666,0.09873709466666668,0.0,Ga,0,2,67.0,0.0
Ga,fasca,clean_both,GaCo14,Ga,0,22,0.5152144,0.48478556666666667,0.0,Ga,0,2,68.0,0.0
Ga,fasca,clean_both,GaCo15,Ga,0,22,0.22826718999999998,0.7717328366666667,0.0,Ga,0,2,67.0,0.0
Ga,fasca,clean_both,GaCo16,Ga,0,22,0.44200128333333333,0.55799868,0.0,Ga,0,2,63.0,0.0
Ga,fasca,clean_both,GaCo17,Ga,0,22,0.9611740333333333,0.038825946,0.0,Ga,0,1,67.0,0.0
Ga,fasca,clean_both,GaCo22,Ga,0,22,0.7225051699999999,0.2774948366666667,0.0,Ga,0,1,65.0,0.0
Ga,fasca,clean_both,GaPt03,Ga,1,22,0.06186735833333334,0.9381326199999999,0.0,Ga,1,2,82.0,3.0
Ga,fasca,clean_both,GaPt04,Ga,1,22,0.16655728666666667,0.8334427299999999,0.0,Ga,1,1,68.0,2.5
Ga,fasca,clean_both,GaPt05,Ga,1,22,0.6946201466666667,0.30537987,0.0,Ga,1,2,82.0,2.5
Ga,fasca,clean_both,GaPt06,Ga,1,22,0.8675890333333333,0.13241098199999998,0.0,Ga,1,1,72.0,2.0
Ga,fasca,clean_both,GaPt07,Ga,1,22,0.07104092099999999,0.9289590666666667,0.0,Ga,1,2,53.0,3.0
Ga,fasca,clean_both,GaPt08,Ga,1,22,0.024672861666666667,0.9753271166666666,0.0,Ga,1,2,68.0,2.0
Ga,fasca,clean_both,GaPt09,Ga,1,22,0.15699500166666666,0.8430050000000001,0.0,Ga,1,1,69.0,3.0
Ga,fasca,clean_both,GaPt12,Ga,1,22,0.08093759,0.9190624166666667,0.0,Ga,1,2,59.0,2.0
Ga,fasca,clean_both,GaPt13,Ga,1,22,0.042712551666666675,0.9572874333333333,0.0,Ga,1,1,70.0,2.0
Ga,fasca,clean_both,GaPt14,Ga,1,22,0.50739614,0.49260386,0.0,Ga,1,1,56.0,2.0
Ga,fasca,clean_both,GaPt15,Ga,1,22,0.06112404333333333,0.9388759533333334,0.0,Ga,1,1,81.0,2.0
Ga,fasca,clean_both,GaPt16,Ga,1,22,0.29413087,0.7058691433333334,0.0,Ga,1,1,79.0,2.0
Ga,fasca,clean_both,GaPt17,Ga,1,22,0.12317992999999999,0.87682007,0.0,Ga,1,1,71.0,3.0
Ga,fasca,clean_both,GaPt18,Ga,1,22,0.2540327,0.7459672999999999,0.0,Ga,1,2,76.0,2.0
Ga,fasca,clean_both,GaPt19,Ga,1,22,0.8933314,0.10666860133333333,0.0,Ga,1,2,76.0,2.0
Ga,fasca,clean_both,GaPt20,Ga,1,22,0.05602143733333334,0.9439785833333333,0.0,Ga,1,1,81.0,2.0
Ga,fasca,clean_both,GaPt21,Ga,1,22,0.10730723000000002,0.8926927833333332,0.0,Ga,1,1,80.0,3.0
Ga,fasca,clean_both,GaPt22,Ga,1,22,0.8281603999999999,0.17183957666666663,0.0,Ga,1,1,78.0,2.0
Ga,fasca,clean_both,GaPt23,Ga,1,22,0.31456391333333333,0.6854360833333333,0.0,Ga,1,2,71.0,3.0
Ga,fasca,clean_both,GaPt24,Ga,1,22,0.06892940333333333,0.9310706,0.0,Ga,1,1,68.0,2.5
Ga,fasca,clean_both,GaPt25,Ga,1,22,0.9252648566666667,0.07473514433333334,0.0,Ga,1,1,81.0,2.5
Ga,fasca,clean_both,GaPt26,Ga,1,22,0.21287912333333334,0.7871208633333334,0.0,Ga,1,2,78.0,2.5
Ga,fasca,clean_both,GaPt27,Ga,1,22,0.3593683266666667,0.6406316733333334,0.0,Ga,1,1,72.0,2.0
Ga,fasca,clean_both,GaPt28,Ga,1,22,0.07099616666666667,0.9290038466666667,0.0,Ga,1,1,61.0,2.5
Ga,fasca,clean_both,GaPt29,Ga,1,22,0.11935029333333334,0.88064971,0.0,Ga,1,1,68.0,2.0
Ga,fasca,clean_both,GaPt30,Ga,1,22,0.054783208666666666,0.9452167766666667,0.0,Ga,1,1,69.0,2.0
Ga,fasca,clean_both,GaPt31,Ga,1,22,0.4056209533333333,0.5943790633333333,0.0,Ga,1,1,67.0,2.5
Ga,fasca,clean_both,GaPt32,Ga,1,22,0.5075209133333333,0.49247908,0.0,Ga,1,1,63.0,2.0
Ga,fasca,clean_both,GaPt33,Ga,1,22,0.13359031,0.8664096833333333,0.0,Ga,1,1,63.0,2.5
Ga,fasca,left_only,GaCo01,Ga,0,22,0.8976040533333333,0.10239593466666667,0.0,Ga,0,1,66.0,0.0
Ga,fasca,left_only,GaCo02,Ga,0,22,0.9960786666666667,0.003921353733333333,0.0,Ga,0,1,74.0,0.0
Ga,fasca,left_only,GaCo03,Ga,0,22,0.7075851333333333,0.29241484,0.0,Ga,0,1,69.0,0.0
Ga,fasca,left_only,GaCo04,Ga,0,22,0.08086884899999999,0.9191311633333333,0.0,Ga,0,1,86.0,0.0
Ga,fasca,left_only,GaCo05,Ga,0,22,0.14598639333333333,0.8540136233333334,0.0,Ga,0,2,75.0,0.0
Ga,fasca,left_only,GaCo06,Ga,0,22,0.028703603000000005,0.9712963666666666,0.0,Ga,0,1,82.0,0.0
Ga,fasca,left_only,GaCo07,Ga,0,22,0.78140175,0.21859826666666668,0.0,Ga,0,1,79.0,0.0
Ga,fasca,left_only,GaCo08,Ga,0,22,0.053745388000000005,0.9462546533333334,0.0,Ga,0,2,78.0,0.0
Ga,fasca,left_only,GaCo09,Ga,0,22,0.23110067,0.7688993333333333,0.0,Ga,0,2,78.0,0.0
Ga,fasca,left_only,GaCo10,Ga,0,22,0.6142887866666666,0.3857112166666667,0.0,Ga,0,1,69.0,0.0
Ga,fasca,left_only,GaCo11,Ga,0,22,0.9833671466666667,0.016632841666666665,0.0,Ga,0,1,70.0,0.0
Ga,fasca,left_only,GaCo12,Ga,0,22,0.6983095033333333,0.30169048,0.0,Ga,0,2,65.0,0.0
Ga,fasca,left_only,GaCo13,Ga,0,22,0.9258565133333333,0.07414351333333334,0.0,Ga,0,2,67.0,0.0
Ga,fasca,left_only,GaCo14,Ga,0,22,0.31396477666666667,0.6860352333333334,0.0,Ga,0,2,68.0,0.0
Ga,fasca,left_only,GaCo15,Ga,0,22,0.3730292933333333,0.6269707,0.0,Ga,0,2,67.0,0.0
Ga,fasca,left_only,GaCo16,Ga,0,22,0.5728137,0.42718628,0.0,Ga,0,2,63.0,0.0
Ga,fasca,left_only,GaCo17,Ga,0,22,0.97096765,0.029032375333333332,0.0,Ga,0,1,67.0,0.0
Ga,fasca,left_only,GaCo22,Ga,0,22,0.26476212000000005,0.7352379166666667,0.0,Ga,0,1,65.0,0.0
Ga,fasca,left_only,GaPt03,Ga,1,22,0.09659816666666667,0.90340181,0.0,Ga,1,2,82.0,3.0
Ga,fasca,left_only,GaPt04,Ga,1,22,0.20283396666666667,0.7971660500000001,0.0,Ga,1,1,68.0,2.5
Ga,fasca,left_only,GaPt05,Ga,1,22,0.6852359,0.31476409,0.0,Ga,1,2,82.0,2.5
Ga,fasca,left_only,GaPt06,Ga,1,22,0.8916938733333333,0.10830614666666667,0.0,Ga,1,1,72.0,2.0
Ga,fasca,left_only,GaPt07,Ga,1,22,0.14389435866666667,0.8561056833333334,0.0,Ga,1,2,53.0,3.0
Ga,fasca,left_only,GaPt08,Ga,1,22,0.019139174,0.9808608200000001,0.0,Ga,1,2,68.0,2.0
Ga,fasca,left_only,GaPt09,Ga,1,22,0.4669211066666667,0.5330789066666667,0.0,Ga,1,1,69.0,3.0
Ga,fasca,left_only,GaPt12,Ga,1,22,0.07940744566666667,0.9205925666666667,0.0,Ga,1,2,59.0,2.0
Ga,fasca,left_only,GaPt13,Ga,1,22,0.05214856066666667,0.9478514533333332,0.0,Ga,1,1,70.0,2.0
Ga,fasca,left_only,GaPt14,Ga,1,22,0.8132983566666666,0.186701645,0.0,Ga,1,1,56.0,2.0
Ga,fasca,left_only,GaPt15,Ga,1,22,0.064775661,0.93522433,0.0,Ga,1,1,81.0,2.0
Ga,fasca,left_only,GaPt16,Ga,1,22,0.5048326399999999,0.4951673733333333,0.0,Ga,1,1,79.0,2.0
Ga,fasca,left_only,GaPt17,Ga,1,22,0.17450205333333335,0.8254979666666666,0.0,Ga,1,1,71.0,3.0
Ga,fasca,left_only,GaPt18,Ga,1,22,0.14560245333333333,0.8543975733333333,0.0,Ga,1,2,76.0,2.0
Ga,fasca,left_only,GaPt19,Ga,1,22,0.9226504866666666,0.07734950333333333,0.0,Ga,1,2,76.0,2.0
Ga,fasca,left_only,GaPt20,Ga,1,22,0.10590936,0.8940906333333333,0.0,Ga,1,1,81.0,2.0
Ga,fasca,left_only,GaPt21,Ga,1,22,0.12682967,0.87317034,0.0,Ga,1,1,80.0,3.0
Ga,fasca,left_only,GaPt22,Ga,1,22,0.8884901666666667,0.11150983666666665,0.0,Ga,1,1,78.0,2.0
Ga,fasca,left_only,GaPt23,Ga,1,22,0.3110604243333333,0.6889395566666666,0.0,Ga,1,2,71.0,3.0
Ga,fasca,left_only,GaPt24,Ga,1,22,0.05668138366666667,0.9433186,0.0,Ga,1,1,68.0,2.5
Ga,fasca,left_only,GaPt25,Ga,1,22,0.9144371800000001,0.08556282366666668,0.0,Ga,1,1,81.0,2.5
Ga,fasca,left_only,GaPt26,Ga,1,22,0.13174402999999998,0.8682559533333333,0.0,Ga,1,2,78.0,2.5
Ga,fasca,left_only,GaPt27,Ga,1,22,0.16964649333333334,0.83035351,0.0,Ga,1,1,72.0,2.0
Ga,fasca,left_only,GaPt28,Ga,1,22,0.07397802,0.9260219666666667,0.0,Ga,1,1,61.0,2.5
Ga,fasca,left_only,GaPt29,Ga,1,22,0.096665995,0.9033340033333334,0.0,Ga,1,1,68.0,2.0
Ga,fasca,left_only,GaPt30,Ga,1,22,0.070819902,0.9291801166666667,0.0,Ga,1,1,69.0,2.0
Ga,fasca,left_only,GaPt31,Ga,1,22,0.6958498466666666,0.30415015,0.0,Ga,1,1,67.0,2.5
Ga,fasca,left_only,GaPt32,Ga,1,22,0.6804285866666667,0.31957144666666665,0.0,Ga,1,1,63.0,2.0
Ga,fasca,left_only,GaPt33,Ga,1,22,0.09314619333333334,0.9068538,0.0,Ga,1,1,63.0,2.5
Ga,fasca,right_only,GaCo01,Ga,0,22,0.6900231666666666,0.30997683000000004,0.0,Ga,0,1,66.0,0.0
Ga,fasca,right_only,GaCo02,Ga,0,22,0.98425707,0.015742950000000002,0.0,Ga,0,1,74.0,0.0
Ga,fasca,right_only,GaCo03,Ga,0,22,0.8832355966666667,0.11676439833333334,0.0,Ga,0,1,69.0,0.0
Ga,fasca,right_only,GaCo04,Ga,0,22,0.17053663333333335,0.8294633333333333,0.0,Ga,0,1,86.0,0.0
Ga,fasca,right_only,GaCo05,Ga,0,22,0.036671982666666665,0.9633280233333333,0.0,Ga,0,2,75.0,0.0
Ga,fasca,right_only,GaCo06,Ga,0,22,0.03109806433333333,0.9689019533333334,0.0,Ga,0,1,82.0,0.0
Ga,fasca,right_only,GaCo07,Ga,0,22,0.11522105333333332,0.8847789733333333,0.0,Ga,0,1,79.0,0.0
Ga,fasca,right_only,GaCo08,Ga,0,22,0.028729587,0.97127038,0.0,Ga,0,2,78.0,0.0
Ga,fasca,right_only,GaCo09,Ga,0,22,0.16224980333333333,0.8377502033333334,0.0,Ga,0,2,78.0,0.0
Ga,fasca,right_only,GaCo10,Ga,0,22,0.26582168,0.7341783066666666,0.0,Ga,0,1,69.0,0.0
Ga,fasca,right_only,GaCo11,Ga,0,22,0.9474812,0.052518754333333334,0.0,Ga,0,1,70.0,0.0
Ga,fasca,right_only,GaCo12,Ga,0,22,0.4972357733333333,0.50276422,0.0,Ga,0,2,65.0,0.0
Ga,fasca,right_only,GaCo13,Ga,0,22,0.8402815233333333,0.15971846666666667,0.0,Ga,0,2,67.0,0.0
Ga,fasca,right_only,GaCo14,Ga,0,22,0.7381111766666667,0.26188882666666663,0.0,Ga,0,2,68.0,0.0
Ga,fasca,right_only,GaCo15,Ga,0,22,0.13104167666666666,0.8689583233333332,0.0,Ga,0,2,67.0,0.0
Ga,fasca,right_only,GaCo16,Ga,0,22,0.32842136,0.6715786566666666,0.0,Ga,0,2,63.0,0.0
Ga,fasca,right_only,GaCo17,Ga,0,22,0.9344486133333333,0.06555138666666667,0.0,Ga,0,1,67.0,0.0
Ga,fasca,right_only,GaCo22,Ga,0,22,0.9129626000000001,0.08703738999999999,0.0,Ga,0,1,65.0,0.0
Ga,fasca,right_only,GaPt03,Ga,1,22,0.04459044633333333,0.9554095166666667,0.0,Ga,1,2,82.0,3.0
Ga,fasca,right_only,GaPt04,Ga,1,22,0.16174460999999998,0.8382553899999999,0.0,Ga,1,1,68.0,2.5
Ga,fasca,right_only,GaPt05,Ga,1,22,0.6757766666666667,0.3242233266666667,0.0,Ga,1,2,82.0,2.5
Ga,fasca,right_only,GaPt06,Ga,1,22,0.8219722333333334,0.17802773000000002,0.0,Ga,1,1,72.0,2.0
Ga,fasca,right_only,GaPt07,Ga,1,22,0.03996820533333333,0.9600318166666667,0.0,Ga,1,2,53.0,3.0
Ga,fasca,right_only,GaPt08,Ga,1,22,0.033109356666666666,0.96689068,0.0,Ga,1,2,68.0,2.0
Ga,fasca,right_only,GaPt09,Ga,1,22,0.038217186666666667,0.9617827933333333,0.0,Ga,1,1,69.0,3.0
Ga,fasca,right_only,GaPt12,Ga,1,22,0.11601593333333333,0.8839840633333332,0.0,Ga,1,2,59.0,2.0
Ga,fasca,right_only,GaPt13,Ga,1,22,0.040868749333333336,0.9591312533333333,0.0,Ga,1,1,70.0,2.0
Ga,fasca,right_only,GaPt14,Ga,1,22,0.08992826666666666,0.91007172,0.0,Ga,1,1,56.0,2.0
Ga,fasca,right_only,GaPt15,Ga,1,22,0.06787893866666667,0.9321210466666666,0.0,Ga,1,1,81.0,2.0
Ga,fasca,right_only,GaPt16,Ga,1,22,0.16670264333333332,0.8332973733333334,0.0,Ga,1,1,79.0,2.0
Ga,fasca,right_only,GaPt17,Ga,1,22,0.11330898333333334,0.88669099,0.0,Ga,1,1,71.0,3.0
Ga,fasca,right_only,GaPt18,Ga,1,22,0.37923408666666664,0.6207659233333334,0.0,Ga,1,2,76.0,2.0
Ga,fasca,right_only,GaPt19,Ga,1,22,0.8118451366666667,0.18815484666666668,0.0,Ga,1,2,76.0,2.0
Ga,fasca,right_only,GaPt20,Ga,1,22,0.03626888466666667,0.96373109,0.0,Ga,1,1,81.0,2.0
Ga,fasca,right_only,GaPt21,Ga,1,22,0.09342642733333333,0.9065735566666667,0.0,Ga,1,1,80.0,3.0
Ga,fasca,right_only,GaPt22,Ga,1,22,0.64871673,0.35128328000000003,0.0,Ga,1,1,78.0,2.0
Ga,fasca,right_only,GaPt23,Ga,1,22,0.3904348066666667,0.6095652033333333,0.0,Ga,1,2,71.0,3.0
Ga,fasca,right_only,GaPt24,Ga,1,22,0.09711826200000001,0.9028817466666667,0.0,Ga,1,1,68.0,2.5
Ga,fasca,right_only,GaPt25,Ga,1,22,0.9154969633333333,0.084503017,0.0,Ga,1,1,81.0,2.5
Ga,fasca,right_only,GaPt26,Ga,1,22,0.33721744000000003,0.66278255,0.0,Ga,1,2,78.0,2.5
Ga,fasca,right_only,GaPt27,Ga,1,22,0.6046656233333333,0.3953343933333333,0.0,Ga,1,1,72.0,2.0
Ga,fasca,right_only,GaPt28,Ga,1,22,0.07477032133333333,0.9252296566666667,0.0,Ga,1,1,61.0,2.5
Ga,fasca,right_only,GaPt29,Ga,1,22,0.15681285666666667,0.8431871000000001,0.0,Ga,1,1,68.0,2.0
Ga,fasca,right_only,GaPt30,Ga,1,22,0.04578895933333333,0.95421106,0.0,Ga,1,1,69.0,2.0
Ga,fasca,right_only,GaPt31,Ga,1,22,0.144823012,0.8551770133333334,0.0,Ga,1,1,67.0,2.5
Ga,fasca,right_only,GaPt32,Ga,1,22,0.32955061,0.6704494,0.0,Ga,1,1,63.0,2.0
Ga,fasca,right_only,GaPt33,Ga,1,22,0.25818656,0.7418134433333333,0.0,Ga,1,1,63.0,2.5
Ga,fasca,sensor_dead_bilateral,GaCo01,Ga,0,22,0.7730551766666666,0.2269448133333333,1.0,Ga,0,1,66.0,0.0
Ga,fasca,sensor_dead_bilateral,GaCo02,Ga,0,22,0.9769748866666667,0.02302511566666667,1.0,Ga,0,1,74.0,0.0
Ga,fasca,sensor_dead_bilateral,GaCo03,Ga,0,22,0.7593240333333333,0.24067594333333334,1.0,Ga,0,1,69.0,0.0
Ga,fasca,sensor_dead_bilateral,GaCo04,Ga,0,22,0.21735855,0.7826414700000001,1.0,Ga,0,1,86.0,0.0
Ga,fasca,sensor_dead_bilateral,GaCo05,Ga,0,22,0.16748747,0.8325125566666666,1.0,Ga,0,2,75.0,0.0
Ga,fasca,sensor_dead_bilateral,GaCo06,Ga,0,22,0.07779277366666666,0.9222072166666667,1.0,Ga,0,1,82.0,0.0
Ga,fasca,sensor_dead_bilateral,GaCo07,Ga,0,22,0.5819490833333334,0.4180509133333334,1.0,Ga,0,1,79.0,0.0
Ga,fasca,sensor_dead_bilateral,GaCo08,Ga,0,22,0.10269505333333333,0.8973049766666668,1.0,Ga,0,2,78.0,0.0
Ga,fasca,sensor_dead_bilateral,GaCo09,Ga,0,22,0.33236876,0.66763122,1.0,Ga,0,2,78.0,0.0
Ga,fasca,sensor_dead_bilateral,GaCo10,Ga,0,22,0.4731320833333334,0.5268679466666667,1.0,Ga,0,1,69.0,0.0
Ga,fasca,sensor_dead_bilateral,GaCo11,Ga,0,22,0.9445285366666667,0.055471431999999994,1.0,Ga,0,1,70.0,0.0
Ga,fasca,sensor_dead_bilateral,GaCo12,Ga,0,22,0.6795287933333333,0.32047121333333334,1.0,Ga,0,2,65.0,0.0
Ga,fasca,sensor_dead_bilateral,GaCo13,Ga,0,22,0.861158,0.13884198866666667,1.0,Ga,0,2,67.0,0.0
Ga,fasca,sensor_dead_bilateral,GaCo14,Ga,0,22,0.6372114999999999,0.3627885066666667,1.0,Ga,0,2,68.0,0.0
Ga,fasca,sensor_dead_bilateral,GaCo15,Ga,0,22,0.36129456666666665,0.6387054066666668,1.0,Ga,0,2,67.0,0.0
Ga,fasca,sensor_dead_bilateral,GaCo16,Ga,0,22,0.5622694500000001,0.4377305333333333,1.0,Ga,0,2,63.0,0.0
Ga,fasca,sensor_dead_bilateral,GaCo17,Ga,0,22,0.9436955766666667,0.05630443333333333,1.0,Ga,0,1,67.0,0.0
Ga,fasca,sensor_dead_bilateral,GaCo22,Ga,0,22,0.6934932366666667,0.3065067633333333,1.0,Ga,0,1,65.0,0.0
Ga,fasca,sensor_dead_bilateral,GaPt03,Ga,1,22,0.08119316666666666,0.91880682,1.0,Ga,1,2,82.0,3.0
Ga,fasca,sensor_dead_bilateral,GaPt04,Ga,1,22,0.3639488,0.6360511766666667,1.0,Ga,1,1,68.0,2.5
Ga,fasca,sensor_dead_bilateral,GaPt05,Ga,1,22,0.7274857633333333,0.27251426,1.0,Ga,1,2,82.0,2.5
Ga,fasca,sensor_dead_bilateral,GaPt06,Ga,1,22,0.8460910533333333,0.15390894333333335,1.0,Ga,1,1,72.0,2.0
Ga,fasca,sensor_dead_bilateral,GaPt07,Ga,1,22,0.12598963999999999,0.8740103333333334,1.0,Ga,1,2,53.0,3.0
Ga,fasca,sensor_dead_bilateral,GaPt08,Ga,1,22,0.081306597,0.91869339,1.0,Ga,1,2,68.0,2.0
Ga,fasca,sensor_dead_bilateral,GaPt09,Ga,1,22,0.3695519033333334,0.63044808,1.0,Ga,1,1,69.0,3.0
Ga,fasca,sensor_dead_bilateral,GaPt12,Ga,1,22,0.2589330266666667,0.7410669799999999,1.0,Ga,1,2,59.0,2.0
Ga,fasca,sensor_dead_bilateral,GaPt13,Ga,1,22,0.10519801499999999,0.8948019433333333,1.0,Ga,1,1,70.0,2.0
Ga,fasca,sensor_dead_bilateral,GaPt14,Ga,1,22,0.6877751466666666,0.31222479666666664,1.0,Ga,1,1,56.0,2.0
Ga,fasca,sensor_dead_bilateral,GaPt15,Ga,1,22,0.11846510666666667,0.8815349,1.0,Ga,1,1,81.0,2.0
Ga,fasca,sensor_dead_bilateral,GaPt16,Ga,1,22,0.51946053,0.4805394933333333,1.0,Ga,1,1,79.0,2.0
Ga,fasca,sensor_dead_bilateral,GaPt17,Ga,1,22,0.3921751766666666,0.6078248,1.0,Ga,1,1,71.0,3.0
Ga,fasca,sensor_dead_bilateral,GaPt18,Ga,1,22,0.44669238,0.5533076566666667,1.0,Ga,1,2,76.0,2.0
Ga,fasca,sensor_dead_bilateral,GaPt19,Ga,1,22,0.81894838,0.18105161166666664,1.0,Ga,1,2,76.0,2.0
Ga,fasca,sensor_dead_bilateral,GaPt20,Ga,1,22,0.12987258533333335,0.8701274066666667,1.0,Ga,1,1,81.0,2.0
Ga,fasca,sensor_dead_bilateral,GaPt21,Ga,1,22,0.20138997333333333,0.7986100066666667,1.0,Ga,1,1,80.0,3.0
Ga,fasca,sensor_dead_bilateral,GaPt22,Ga,1,22,0.7740331666666668,0.22596682,1.0,Ga,1,1,78.0,2.0
Ga,fasca,sensor_dead_bilateral,GaPt23,Ga,1,22,0.58118228,0.41881773,1.0,Ga,1,2,71.0,3.0
Ga,fasca,sensor_dead_bilateral,GaPt24,Ga,1,22,0.22814178333333335,0.7718581999999999,1.0,Ga,1,1,68.0,2.5
Ga,fasca,sensor_dead_bilateral,GaPt25,Ga,1,22,0.8661650666666666,0.13383493666666665,1.0,Ga,1,1,81.0,2.5
Ga,fasca,sensor_dead_bilateral,GaPt26,Ga,1,22,0.31049676666666665,0.6895032466666667,1.0,Ga,1,2,78.0,2.5
Ga,fasca,sensor_dead_bilateral,GaPt27,Ga,1,22,0.4346973033333333,0.5653026866666666,1.0,Ga,1,1,72.0,2.0
Ga,fasca,sensor_dead_bilateral,GaPt28,Ga,1,22,0.15120731666666667,0.8487926966666667,1.0,Ga,1,1,61.0,2.5
Ga,fasca,sensor_dead_bilateral,GaPt29,Ga,1,22,0.3166269933333334,0.683373,1.0,Ga,1,1,68.0,2.0
Ga,fasca,sensor_dead_bilateral,GaPt30,Ga,1,22,0.10377413333333334,0.89622585,1.0,Ga,1,1,69.0,2.0
Ga,fasca,sensor_dead_bilateral,GaPt31,Ga,1,22,0.6368892366666666,0.36311075,1.0,Ga,1,1,67.0,2.5
Ga,fasca,sensor_dead_bilateral,GaPt32,Ga,1,22,0.5856146433333334,0.4143853833333333,1.0,Ga,1,1,63.0,2.0
Ga,fasca,sensor_dead_bilateral,GaPt33,Ga,1,22,0.39544387,0.6045561266666667,1.0,Ga,1,1,63.0,2.5
Ga,fasca,near_dead_bilateral,GaCo01,Ga,0,22,0.8208771333333335,0.17912285333333333,0.0,Ga,0,1,66.0,0.0
Ga,fasca,near_dead_bilateral,GaCo02,Ga,0,22,0.9806545,0.01934551766666667,0.0,Ga,0,1,74.0,0.0
Ga,fasca,near_dead_bilateral,GaCo03,Ga,0,22,0.7509047633333333,0.24909524333333333,0.0,Ga,0,1,69.0,0.0
Ga,fasca,near_dead_bilateral,GaCo04,Ga,0,22,0.21631187666666665,0.7836881266666667,0.0,Ga,0,1,86.0,0.0
Ga,fasca,near_dead_bilateral,GaCo05,Ga,0,22,0.17794517499999998,0.8220548333333334,0.0,Ga,0,2,75.0,0.0
Ga,fasca,near_dead_bilateral,GaCo06,Ga,0,22,0.060135025333333335,0.9398649933333334,0.0,Ga,0,1,82.0,0.0
Ga,fasca,near_dead_bilateral,GaCo07,Ga,0,22,0.7000350566666667,0.29996494999999995,0.0,Ga,0,1,79.0,0.0
Ga,fasca,near_dead_bilateral,GaCo08,Ga,0,22,0.08732069166666667,0.91267931,0.0,Ga,0,2,78.0,0.0
Ga,fasca,near_dead_bilateral,GaCo09,Ga,0,22,0.3205378933333333,0.6794621266666666,0.0,Ga,0,2,78.0,0.0
Ga,fasca,near_dead_bilateral,GaCo10,Ga,0,22,0.5503296466666666,0.44967035333333333,0.0,Ga,0,1,69.0,0.0
Ga,fasca,near_dead_bilateral,GaCo11,Ga,0,22,0.95246261,0.047537389333333326,0.0,Ga,0,1,70.0,0.0
Ga,fasca,near_dead_bilateral,GaCo12,Ga,0,22,0.6618918633333334,0.33810814666666666,0.0,Ga,0,2,65.0,0.0
Ga,fasca,near_dead_bilateral,GaCo13,Ga,0,22,0.8268137699999999,0.17318620666666665,0.0,Ga,0,2,67.0,0.0
Ga,fasca,near_dead_bilateral,GaCo14,Ga,0,22,0.6060979866666667,0.39390199333333337,0.0,Ga,0,2,68.0,0.0
Ga,fasca,near_dead_bilateral,GaCo15,Ga,0,22,0.33251762333333335,0.6674824,0.0,Ga,0,2,67.0,0.0
Ga,fasca,near_dead_bilateral,GaCo16,Ga,0,22,0.55911951,0.4408804966666666,0.0,Ga,0,2,63.0,0.0
Ga,fasca,near_dead_bilateral,GaCo17,Ga,0,22,0.9291602,0.07083978566666667,0.0,Ga,0,1,67.0,0.0
Ga,fasca,near_dead_bilateral,GaCo22,Ga,0,22,0.77831518,0.22168484666666666,0.0,Ga,0,1,65.0,0.0
Ga,fasca,near_dead_bilateral,GaPt03,Ga,1,22,0.074933572,0.9250664366666667,0.0,Ga,1,2,82.0,3.0
Ga,fasca,near_dead_bilateral,GaPt04,Ga,1,22,0.40997296333333333,0.5900270366666667,0.0,Ga,1,1,68.0,2.5
Ga,fasca,near_dead_bilateral,GaPt05,Ga,1,22,0.6875809,0.31241910666666667,0.0,Ga,1,2,82.0,2.5
Ga,fasca,near_dead_bilateral,GaPt06,Ga,1,22,0.8241315466666667,0.17586844999999998,0.0,Ga,1,1,72.0,2.0
Ga,fasca,near_dead_bilateral,GaPt07,Ga,1,22,0.12654781466666667,0.8734522,0.0,Ga,1,2,53.0,3.0
Ga,fasca,near_dead_bilateral,GaPt08,Ga,1,22,0.06754988466666667,0.9324501033333333,0.0,Ga,1,2,68.0,2.0
Ga,fasca,near_dead_bilateral,GaPt09,Ga,1,22,0.40002004333333335,0.5999799666666666,0.0,Ga,1,1,69.0,3.0
Ga,fasca,near_dead_bilateral,GaPt12,Ga,1,22,0.19875665333333334,0.8012433333333333,0.0,Ga,1,2,59.0,2.0
Ga,fasca,near_dead_bilateral,GaPt13,Ga,1,22,0.08540422666666665,0.9145957566666666,0.0,Ga,1,1,70.0,2.0
Ga,fasca,near_dead_bilateral,GaPt14,Ga,1,22,0.5610093766666666,0.4389906233333334,0.0,Ga,1,1,56.0,2.0
Ga,fasca,near_dead_bilateral,GaPt15,Ga,1,22,0.13254915833333333,0.86745085,0.0,Ga,1,1,81.0,2.0
Ga,fasca,near_dead_bilateral,GaPt16,Ga,1,22,0.4753980266666667,0.5246019666666667,0.0,Ga,1,1,79.0,2.0
Ga,fasca,near_dead_bilateral,GaPt17,Ga,1,22,0.36300306666666665,0.63699692,0.0,Ga,1,1,71.0,3.0
Ga,fasca,near_dead_bilateral,GaPt18,Ga,1,22,0.5049621066666666,0.49503790333333336,0.0,Ga,1,2,76.0,2.0
Ga,fasca,near_dead_bilateral,GaPt19,Ga,1,22,0.8533747666666667,0.14662523333333333,0.0,Ga,1,2,76.0,2.0
Ga,fasca,near_dead_bilateral,GaPt20,Ga,1,22,0.12983366533333332,0.8701663399999999,0.0,Ga,1,1,81.0,2.0
Ga,fasca,near_dead_bilateral,GaPt21,Ga,1,22,0.21148245333333335,0.7885175533333334,0.0,Ga,1,1,80.0,3.0
Ga,fasca,near_dead_bilateral,GaPt22,Ga,1,22,0.7443952166666666,0.25560479,0.0,Ga,1,1,78.0,2.0
Ga,fasca,near_dead_bilateral,GaPt23,Ga,1,22,0.43683760000000005,0.5631624,0.0,Ga,1,2,71.0,3.0
Ga,fasca,near_dead_bilateral,GaPt24,Ga,1,22,0.15344496333333332,0.8465550166666667,0.0,Ga,1,1,68.0,2.5
Ga,fasca,near_dead_bilateral,GaPt25,Ga,1,22,0.8866033666666667,0.11339662166666668,0.0,Ga,1,1,81.0,2.5
Ga,fasca,near_dead_bilateral,GaPt26,Ga,1,22,0.37055556666666667,0.62944442,0.0,Ga,1,2,78.0,2.5
Ga,fasca,near_dead_bilateral,GaPt27,Ga,1,22,0.42788358,0.57211643,0.0,Ga,1,1,72.0,2.0
Ga,fasca,near_dead_bilateral,GaPt28,Ga,1,22,0.14327397,0.85672603,0.0,Ga,1,1,61.0,2.5
Ga,fasca,near_dead_bilateral,GaPt29,Ga,1,22,0.23057065666666668,0.76942933,0.0,Ga,1,1,68.0,2.0
Ga,fasca,near_dead_bilateral,GaPt30,Ga,1,22,0.0996482,0.9003518100000001,0.0,Ga,1,1,69.0,2.0
Ga,fasca,near_dead_bilateral,GaPt31,Ga,1,22,0.58183915,0.4181608433333333,0.0,Ga,1,1,67.0,2.5
Ga,fasca,near_dead_bilateral,GaPt32,Ga,1,22,0.6139203366666667,0.38607964,0.0,Ga,1,1,63.0,2.0
Ga,fasca,near_dead_bilateral,GaPt33,Ga,1,22,0.35096223666666665,0.6490377966666667,0.0,Ga,1,1,63.0,2.5
Ga,fasca,contact_loss_bilateral,GaCo01,Ga,0,22,0.8196940666666667,0.18030596333333335,0.0,Ga,0,1,66.0,0.0
Ga,fasca,contact_loss_bilateral,GaCo02,Ga,0,22,0.9918961999999999,0.0081038046,0.0,Ga,0,1,74.0,0.0
Ga,fasca,contact_loss_bilateral,GaCo03,Ga,0,22,0.8379377233333334,0.16206228333333333,0.0,Ga,0,1,69.0,0.0
Ga,fasca,contact_loss_bilateral,GaCo04,Ga,0,22,0.13069758666666667,0.8693024366666666,0.0,Ga,0,1,86.0,0.0
Ga,fasca,contact_loss_bilateral,GaCo05,Ga,0,22,0.08027423833333333,0.9197257533333333,0.0,Ga,0,2,75.0,0.0
Ga,fasca,contact_loss_bilateral,GaCo06,Ga,0,22,0.03348670433333333,0.9665132933333332,0.0,Ga,0,1,82.0,0.0
Ga,fasca,contact_loss_bilateral,GaCo07,Ga,0,22,0.4970536466666666,0.5029463533333334,0.0,Ga,0,1,79.0,0.0
Ga,fasca,contact_loss_bilateral,GaCo08,Ga,0,22,0.04271699833333333,0.9572830466666667,0.0,Ga,0,2,78.0,0.0
Ga,fasca,contact_loss_bilateral,GaCo09,Ga,0,22,0.21313675333333335,0.7868632566666666,0.0,Ga,0,2,78.0,0.0
Ga,fasca,contact_loss_bilateral,GaCo10,Ga,0,22,0.48992752999999994,0.5100724666666667,0.0,Ga,0,1,69.0,0.0
Ga,fasca,contact_loss_bilateral,GaCo11,Ga,0,22,0.9728204833333334,0.027179508,0.0,Ga,0,1,70.0,0.0
Ga,fasca,contact_loss_bilateral,GaCo12,Ga,0,22,0.641622,0.35837801,0.0,Ga,0,2,65.0,0.0
Ga,fasca,contact_loss_bilateral,GaCo13,Ga,0,22,0.8985150333333333,0.10148495899999999,0.0,Ga,0,2,67.0,0.0
Ga,fasca,contact_loss_bilateral,GaCo14,Ga,0,22,0.54768619,0.45231381,0.0,Ga,0,2,68.0,0.0
Ga,fasca,contact_loss_bilateral,GaCo15,Ga,0,22,0.25900764666666665,0.7409923133333334,0.0,Ga,0,2,67.0,0.0
Ga,fasca,contact_loss_bilateral,GaCo16,Ga,0,22,0.4714694466666667,0.5285305466666667,0.0,Ga,0,2,63.0,0.0
Ga,fasca,contact_loss_bilateral,GaCo17,Ga,0,22,0.96272119,0.037278799,0.0,Ga,0,1,67.0,0.0
Ga,fasca,contact_loss_bilateral,GaCo22,Ga,0,22,0.7362846866666667,0.26371528333333333,0.0,Ga,0,1,65.0,0.0
Ga,fasca,contact_loss_bilateral,GaPt03,Ga,1,22,0.06564925633333334,0.9343507666666667,0.0,Ga,1,2,82.0,3.0
Ga,fasca,contact_loss_bilateral,GaPt04,Ga,1,22,0.19630887,0.8036911099999999,0.0,Ga,1,1,68.0,2.5
Ga,fasca,contact_loss_bilateral,GaPt05,Ga,1,22,0.7038136066666666,0.2961863866666667,0.0,Ga,1,2,82.0,2.5
Ga,fasca,contact_loss_bilateral,GaPt06,Ga,1,22,0.8746917666666666,0.12530824866666668,0.0,Ga,1,1,72.0,2.0
Ga,fasca,contact_loss_bilateral,GaPt07,Ga,1,22,0.07591081666666667,0.9240891666666666,0.0,Ga,1,2,53.0,3.0
Ga,fasca,contact_loss_bilateral,GaPt08,Ga,1,22,0.028090833,0.9719091666666667,0.0,Ga,1,2,68.0,2.0
Ga,fasca,contact_loss_bilateral,GaPt09,Ga,1,22,0.19296095666666666,0.8070390333333334,0.0,Ga,1,1,69.0,3.0
Ga,fasca,contact_loss_bilateral,GaPt12,Ga,1,22,0.09462584333333333,0.9053741633333333,0.0,Ga,1,2,59.0,2.0
Ga,fasca,contact_loss_bilateral,GaPt13,Ga,1,22,0.05012286566666666,0.9498771333333332,0.0,Ga,1,1,70.0,2.0
Ga,fasca,contact_loss_bilateral,GaPt14,Ga,1,22,0.5557413266666666,0.4442586933333333,0.0,Ga,1,1,56.0,2.0
Ga,fasca,contact_loss_bilateral,GaPt15,Ga,1,22,0.06951758000000001,0.9304823999999999,0.0,Ga,1,1,81.0,2.0
Ga,fasca,contact_loss_bilateral,GaPt16,Ga,1,22,0.3479392333333333,0.6520607866666667,0.0,Ga,1,1,79.0,2.0
Ga,fasca,contact_loss_bilateral,GaPt17,Ga,1,22,0.15755483666666667,0.8424452200000001,0.0,Ga,1,1,71.0,3.0
Ga,fasca,contact_loss_bilateral,GaPt18,Ga,1,22,0.29401871,0.7059812966666666,0.0,Ga,1,2,76.0,2.0
Ga,fasca,contact_loss_bilateral,GaPt19,Ga,1,22,0.8952622533333333,0.10473773800000001,0.0,Ga,1,2,76.0,2.0
Ga,fasca,contact_loss_bilateral,GaPt20,Ga,1,22,0.06522620233333333,0.9347738133333333,0.0,Ga,1,1,81.0,2.0
Ga,fasca,contact_loss_bilateral,GaPt21,Ga,1,22,0.12696716,0.8730328333333333,0.0,Ga,1,1,80.0,3.0
Ga,fasca,contact_loss_bilateral,GaPt22,Ga,1,22,0.83798102,0.16201899333333333,0.0,Ga,1,1,78.0,2.0
Ga,fasca,contact_loss_bilateral,GaPt23,Ga,1,22,0.3560906533333333,0.64390936,0.0,Ga,1,2,71.0,3.0
Ga,fasca,contact_loss_bilateral,GaPt24,Ga,1,22,0.08338399466666667,0.9166160133333333,0.0,Ga,1,1,68.0,2.5
Ga,fasca,contact_loss_bilateral,GaPt25,Ga,1,22,0.9270381566666667,0.07296187,0.0,Ga,1,1,81.0,2.5
Ga,fasca,contact_loss_bilateral,GaPt26,Ga,1,22,0.24651579999999998,0.7534842033333332,0.0,Ga,1,2,78.0,2.5
Ga,fasca,contact_loss_bilateral,GaPt27,Ga,1,22,0.3824426033333333,0.6175573966666666,0.0,Ga,1,1,72.0,2.0
Ga,fasca,contact_loss_bilateral,GaPt28,Ga,1,22,0.07863053566666667,0.9213694833333334,0.0,Ga,1,1,61.0,2.5
Ga,fasca,contact_loss_bilateral,GaPt29,Ga,1,22,0.14606568,0.85393432,0.0,Ga,1,1,68.0,2.0
Ga,fasca,contact_loss_bilateral,GaPt30,Ga,1,22,0.063229888,0.9367701133333334,0.0,Ga,1,1,69.0,2.0
Ga,fasca,contact_loss_bilateral,GaPt31,Ga,1,22,0.4485422833333333,0.5514577066666666,0.0,Ga,1,1,67.0,2.5
Ga,fasca,contact_loss_bilateral,GaPt32,Ga,1,22,0.53990913,0.4600908533333334,0.0,Ga,1,1,63.0,2.0
Ga,fasca,contact_loss_bilateral,GaPt33,Ga,1,22,0.170002828,0.8299971666666667,0.0,Ga,1,1,63.0,2.5
Ga,fasca,saturation_bilateral,GaCo01,Ga,0,22,0.8290034433333333,0.17099656,0.0,Ga,0,1,66.0,0.0
Ga,fasca,saturation_bilateral,GaCo02,Ga,0,22,0.98993042,0.010069609833333333,0.0,Ga,0,1,74.0,0.0
Ga,fasca,saturation_bilateral,GaCo03,Ga,0,22,0.8011222533333333,0.19887773333333333,0.0,Ga,0,1,69.0,0.0
Ga,fasca,saturation_bilateral,GaCo04,Ga,0,22,0.097611878,0.9023881,0.0,Ga,0,1,86.0,0.0
Ga,fasca,saturation_bilateral,GaCo05,Ga,0,22,0.06376940933333333,0.9362306,0.0,Ga,0,2,75.0,0.0
Ga,fasca,saturation_bilateral,GaCo06,Ga,0,22,0.02968010633333333,0.9703198866666667,0.0,Ga,0,1,82.0,0.0
Ga,fasca,saturation_bilateral,GaCo07,Ga,0,22,0.43240934,0.56759068,0.0,Ga,0,1,79.0,0.0
Ga,fasca,saturation_bilateral,GaCo08,Ga,0,22,0.03906869566666667,0.96093131,0.0,Ga,0,2,78.0,0.0
Ga,fasca,saturation_bilateral,GaCo09,Ga,0,22,0.17301199666666667,0.8269880000000001,0.0,Ga,0,2,78.0,0.0
Ga,fasca,saturation_bilateral,GaCo10,Ga,0,22,0.40294159,0.59705844,0.0,Ga,0,1,69.0,0.0
Ga,fasca,saturation_bilateral,GaCo11,Ga,0,22,0.96774,0.03225999166666667,0.0,Ga,0,1,70.0,0.0
Ga,fasca,saturation_bilateral,GaCo12,Ga,0,22,0.55952685,0.44047315000000004,0.0,Ga,0,2,65.0,0.0
Ga,fasca,saturation_bilateral,GaCo13,Ga,0,22,0.88687756,0.11312246999999999,0.0,Ga,0,2,67.0,0.0
Ga,fasca,saturation_bilateral,GaCo14,Ga,0,22,0.5350393133333333,0.4649607,0.0,Ga,0,2,68.0,0.0
Ga,fasca,saturation_bilateral,GaCo15,Ga,0,22,0.21292168166666667,0.7870783233333333,0.0,Ga,0,2,67.0,0.0
Ga,fasca,saturation_bilateral,GaCo16,Ga,0,22,0.40953158333333334,0.5904684566666667,0.0,Ga,0,2,63.0,0.0
Ga,fasca,saturation_bilateral,GaCo17,Ga,0,22,0.9537403433333332,0.04625964533333334,0.0,Ga,0,1,67.0,0.0
Ga,fasca,saturation_bilateral,GaCo22,Ga,0,22,0.6772377166666667,0.3227622866666667,0.0,Ga,0,1,65.0,0.0
Ga,fasca,saturation_bilateral,GaPt03,Ga,1,22,0.06446931266666667,0.9355306733333334,0.0,Ga,1,2,82.0,3.0
Ga,fasca,saturation_bilateral,GaPt04,Ga,1,22,0.1739397566666667,0.8260602433333334,0.0,Ga,1,1,68.0,2.5
Ga,fasca,saturation_bilateral,GaPt05,Ga,1,22,0.6848569666666666,0.31514300666666667,0.0,Ga,1,2,82.0,2.5
Ga,fasca,saturation_bilateral,GaPt06,Ga,1,22,0.8170982833333333,0.18290169833333333,0.0,Ga,1,1,72.0,2.0
Ga,fasca,saturation_bilateral,GaPt07,Ga,1,22,0.07492797,0.9250720633333334,0.0,Ga,1,2,53.0,3.0
Ga,fasca,saturation_bilateral,GaPt08,Ga,1,22,0.025430261666666665,0.9745697466666666,0.0,Ga,1,2,68.0,2.0
Ga,fasca,saturation_bilateral,GaPt09,Ga,1,22,0.16153798166666666,0.8384619999999999,0.0,Ga,1,1,69.0,3.0
Ga,fasca,saturation_bilateral,GaPt12,Ga,1,22,0.08222743766666667,0.9177725666666667,0.0,Ga,1,2,59.0,2.0
Ga,fasca,saturation_bilateral,GaPt13,Ga,1,22,0.046751373333333325,0.9532486533333332,0.0,Ga,1,1,70.0,2.0
Ga,fasca,saturation_bilateral,GaPt14,Ga,1,22,0.48207832,0.5179216666666667,0.0,Ga,1,1,56.0,2.0
Ga,fasca,saturation_bilateral,GaPt15,Ga,1,22,0.06312789166666667,0.9368721366666667,0.0,Ga,1,1,81.0,2.0
Ga,fasca,saturation_bilateral,GaPt16,Ga,1,22,0.30726056333333335,0.6927394566666667,0.0,Ga,1,1,79.0,2.0
Ga,fasca,saturation_bilateral,GaPt17,Ga,1,22,0.13370160666666667,0.8662983999999999,0.0,Ga,1,1,71.0,3.0
Ga,fasca,saturation_bilateral,GaPt18,Ga,1,22,0.2785692233333333,0.7214307766666668,0.0,Ga,1,2,76.0,2.0
Ga,fasca,saturation_bilateral,GaPt19,Ga,1,22,0.88175462,0.11824537333333335,0.0,Ga,1,2,76.0,2.0
Ga,fasca,saturation_bilateral,GaPt20,Ga,1,22,0.06442369466666667,0.9355763,0.0,Ga,1,1,81.0,2.0
Ga,fasca,saturation_bilateral,GaPt21,Ga,1,22,0.09813474033333335,0.9018652633333334,0.0,Ga,1,1,80.0,3.0
Ga,fasca,saturation_bilateral,GaPt22,Ga,1,22,0.7716563966666667,0.22834363,0.0,Ga,1,1,78.0,2.0
Ga,fasca,saturation_bilateral,GaPt23,Ga,1,22,0.30383831333333333,0.6961616899999999,0.0,Ga,1,2,71.0,3.0
Ga,fasca,saturation_bilateral,GaPt24,Ga,1,22,0.06657036466666666,0.9334296333333333,0.0,Ga,1,1,68.0,2.5
Ga,fasca,saturation_bilateral,GaPt25,Ga,1,22,0.9208827333333334,0.07911729266666666,0.0,Ga,1,1,81.0,2.5
Ga,fasca,saturation_bilateral,GaPt26,Ga,1,22,0.2083281166666667,0.7916718666666668,0.0,Ga,1,2,78.0,2.5
Ga,fasca,saturation_bilateral,GaPt27,Ga,1,22,0.36366197000000006,0.6363380233333333,0.0,Ga,1,1,72.0,2.0
Ga,fasca,saturation_bilateral,GaPt28,Ga,1,22,0.06846073233333333,0.93153928,0.0,Ga,1,1,61.0,2.5
Ga,fasca,saturation_bilateral,GaPt29,Ga,1,22,0.10713361866666667,0.8928663666666666,0.0,Ga,1,1,68.0,2.0
Ga,fasca,saturation_bilateral,GaPt30,Ga,1,22,0.06254500233333334,0.9374549666666666,0.0,Ga,1,1,69.0,2.0
Ga,fasca,saturation_bilateral,GaPt31,Ga,1,22,0.4080563566666667,0.5919436333333333,0.0,Ga,1,1,67.0,2.5
Ga,fasca,saturation_bilateral,GaPt32,Ga,1,22,0.47839513333333333,0.52160488,0.0,Ga,1,1,63.0,2.0
Ga,fasca,saturation_bilateral,GaPt33,Ga,1,22,0.1454997033333333,0.8545002733333332,0.0,Ga,1,1,63.0,2.5
Ga,fasca,drift_bilateral,GaCo01,Ga,0,22,0.6275760899999999,0.3724239166666667,0.0,Ga,0,1,66.0,0.0
Ga,fasca,drift_bilateral,GaCo02,Ga,0,22,0.9885009833333332,0.011498979,0.0,Ga,0,1,74.0,0.0
Ga,fasca,drift_bilateral,GaCo03,Ga,0,22,0.7347492666666667,0.2652507,0.0,Ga,0,1,69.0,0.0
Ga,fasca,drift_bilateral,GaCo04,Ga,0,22,0.19179737666666666,0.8082026133333334,0.0,Ga,0,1,86.0,0.0
Ga,fasca,drift_bilateral,GaCo05,Ga,0,22,0.14352025733333332,0.8564797233333333,0.0,Ga,0,2,75.0,0.0
Ga,fasca,drift_bilateral,GaCo06,Ga,0,22,0.044316490333333326,0.9556835,0.0,Ga,0,1,82.0,0.0
Ga,fasca,drift_bilateral,GaCo07,Ga,0,22,0.36240104333333334,0.6375989466666666,0.0,Ga,0,1,79.0,0.0
Ga,fasca,drift_bilateral,GaCo08,Ga,0,22,0.05276472666666667,0.94723528,0.0,Ga,0,2,78.0,0.0
Ga,fasca,drift_bilateral,GaCo09,Ga,0,22,0.24838485666666665,0.7516151133333334,0.0,Ga,0,2,78.0,0.0
Ga,fasca,drift_bilateral,GaCo10,Ga,0,22,0.46139033999999995,0.5386096666666667,0.0,Ga,0,1,69.0,0.0
Ga,fasca,drift_bilateral,GaCo11,Ga,0,22,0.9591695699999999,0.040830431333333334,0.0,Ga,0,1,70.0,0.0
Ga,fasca,drift_bilateral,GaCo12,Ga,0,22,0.5072127733333334,0.49278722,0.0,Ga,0,2,65.0,0.0
Ga,fasca,drift_bilateral,GaCo13,Ga,0,22,0.7668463,0.23315370666666668,0.0,Ga,0,2,67.0,0.0
Ga,fasca,drift_bilateral,GaCo14,Ga,0,22,0.4896833233333333,0.5103166600000001,0.0,Ga,0,2,68.0,0.0
Ga,fasca,drift_bilateral,GaCo15,Ga,0,22,0.25919924,0.7408007866666667,0.0,Ga,0,2,67.0,0.0
Ga,fasca,drift_bilateral,GaCo16,Ga,0,22,0.4436156933333333,0.5563843066666667,0.0,Ga,0,2,63.0,0.0
Ga,fasca,drift_bilateral,GaCo17,Ga,0,22,0.9371539933333333,0.06284602366666667,0.0,Ga,0,1,67.0,0.0
Ga,fasca,drift_bilateral,GaCo22,Ga,0,22,0.6980104466666667,0.30198952,0.0,Ga,0,1,65.0,0.0
Ga,fasca,drift_bilateral,GaPt03,Ga,1,22,0.09832494133333332,0.9016750533333333,0.0,Ga,1,2,82.0,3.0
Ga,fasca,drift_bilateral,GaPt04,Ga,1,22,0.19483291,0.8051670866666667,0.0,Ga,1,1,68.0,2.5
Ga,fasca,drift_bilateral,GaPt05,Ga,1,22,0.6258738733333333,0.37412612666666667,0.0,Ga,1,2,82.0,2.5
Ga,fasca,drift_bilateral,GaPt06,Ga,1,22,0.63454284,0.36545718,0.0,Ga,1,1,72.0,2.0
Ga,fasca,drift_bilateral,GaPt07,Ga,1,22,0.07799023666666667,0.9220097666666667,0.0,Ga,1,2,53.0,3.0
Ga,fasca,drift_bilateral,GaPt08,Ga,1,22,0.034312716,0.9656872466666666,0.0,Ga,1,2,68.0,2.0
Ga,fasca,drift_bilateral,GaPt09,Ga,1,22,0.094150658,0.9058493533333333,0.0,Ga,1,1,69.0,3.0
Ga,fasca,drift_bilateral,GaPt12,Ga,1,22,0.07858313333333333,0.9214168966666666,0.0,Ga,1,2,59.0,2.0
Ga,fasca,drift_bilateral,GaPt13,Ga,1,22,0.09196468266666667,0.9080353,0.0,Ga,1,1,70.0,2.0
Ga,fasca,drift_bilateral,GaPt14,Ga,1,22,0.41789012000000003,0.58210989,0.0,Ga,1,1,56.0,2.0
Ga,fasca,drift_bilateral,GaPt15,Ga,1,22,0.07697491766666667,0.9230251133333334,0.0,Ga,1,1,81.0,2.0
Ga,fasca,drift_bilateral,GaPt16,Ga,1,22,0.22356086,0.7764391033333333,0.0,Ga,1,1,79.0,2.0
Ga,fasca,drift_bilateral,GaPt17,Ga,1,22,0.16597480333333334,0.8340252333333334,0.0,Ga,1,1,71.0,3.0
Ga,fasca,drift_bilateral,GaPt18,Ga,1,22,0.19126458666666668,0.80873542,0.0,Ga,1,2,76.0,2.0
Ga,fasca,drift_bilateral,GaPt19,Ga,1,22,0.7162969333333334,0.2837031,0.0,Ga,1,2,76.0,2.0
Ga,fasca,drift_bilateral,GaPt20,Ga,1,22,0.08778084666666668,0.9122191633333333,0.0,Ga,1,1,81.0,2.0
Ga,fasca,drift_bilateral,GaPt21,Ga,1,22,0.12770109833333335,0.8722988666666667,0.0,Ga,1,1,80.0,3.0
Ga,fasca,drift_bilateral,GaPt22,Ga,1,22,0.59283596,0.4071640666666667,0.0,Ga,1,1,78.0,2.0
Ga,fasca,drift_bilateral,GaPt23,Ga,1,22,0.3408073166666667,0.6591926866666667,0.0,Ga,1,2,71.0,3.0
Ga,fasca,drift_bilateral,GaPt24,Ga,1,22,0.08285344233333333,0.9171465766666667,0.0,Ga,1,1,68.0,2.5
Ga,fasca,drift_bilateral,GaPt25,Ga,1,22,0.8925800466666667,0.10741994833333333,0.0,Ga,1,1,81.0,2.5
Ga,fasca,drift_bilateral,GaPt26,Ga,1,22,0.24348015,0.75651984,0.0,Ga,1,2,78.0,2.5
Ga,fasca,drift_bilateral,GaPt27,Ga,1,22,0.38214992666666664,0.6178501066666667,0.0,Ga,1,1,72.0,2.0
Ga,fasca,drift_bilateral,GaPt28,Ga,1,22,0.13562384,0.86437615,0.0,Ga,1,1,61.0,2.5
Ga,fasca,drift_bilateral,GaPt29,Ga,1,22,0.14069401666666667,0.8593060033333334,0.0,Ga,1,1,68.0,2.0
Ga,fasca,drift_bilateral,GaPt30,Ga,1,22,0.06597552733333334,0.9340245,0.0,Ga,1,1,69.0,2.0
Ga,fasca,drift_bilateral,GaPt31,Ga,1,22,0.3481734,0.6518265833333333,0.0,Ga,1,1,67.0,2.5
Ga,fasca,drift_bilateral,GaPt32,Ga,1,22,0.5039332733333334,0.4960667,0.0,Ga,1,1,63.0,2.0
Ga,fasca,drift_bilateral,GaPt33,Ga,1,22,0.13912992999999999,0.8608700666666667,0.0,Ga,1,1,63.0,2.5
Ga,fasca,packet_loss_bilateral,GaCo01,Ga,0,22,0.8305668333333333,0.16943318,0.0,Ga,0,1,66.0,0.0
Ga,fasca,packet_loss_bilateral,GaCo02,Ga,0,22,0.9895755666666667,0.010424440200000001,0.0,Ga,0,1,74.0,0.0
Ga,fasca,packet_loss_bilateral,GaCo03,Ga,0,22,0.8385211933333334,0.1614788,0.0,Ga,0,1,69.0,0.0
Ga,fasca,packet_loss_bilateral,GaCo04,Ga,0,22,0.14860048166666667,0.8513995166666666,0.0,Ga,0,1,86.0,0.0
Ga,fasca,packet_loss_bilateral,GaCo05,Ga,0,22,0.09535516333333334,0.9046448333333333,0.0,Ga,0,2,75.0,0.0
Ga,fasca,packet_loss_bilateral,GaCo06,Ga,0,22,0.04241822233333333,0.9575817733333333,0.0,Ga,0,1,82.0,0.0
Ga,fasca,packet_loss_bilateral,GaCo07,Ga,0,22,0.5005190700000001,0.49948092000000005,0.0,Ga,0,1,79.0,0.0
Ga,fasca,packet_loss_bilateral,GaCo08,Ga,0,22,0.05215038266666666,0.9478496066666667,0.0,Ga,0,2,78.0,0.0
Ga,fasca,packet_loss_bilateral,GaCo09,Ga,0,22,0.23558189666666665,0.7644181033333334,0.0,Ga,0,2,78.0,0.0
Ga,fasca,packet_loss_bilateral,GaCo10,Ga,0,22,0.5016427166666667,0.49835730000000006,0.0,Ga,0,1,69.0,0.0
Ga,fasca,packet_loss_bilateral,GaCo11,Ga,0,22,0.96838754,0.031612460833333335,0.0,Ga,0,1,70.0,0.0
Ga,fasca,packet_loss_bilateral,GaCo12,Ga,0,22,0.6546059833333334,0.3453940366666666,0.0,Ga,0,2,65.0,0.0
Ga,fasca,packet_loss_bilateral,GaCo13,Ga,0,22,0.8935318133333334,0.10646816333333332,0.0,Ga,0,2,67.0,0.0
Ga,fasca,packet_loss_bilateral,GaCo14,Ga,0,22,0.5356871366666667,0.4643128733333333,0.0,Ga,0,2,68.0,0.0
Ga,fasca,packet_loss_bilateral,GaCo15,Ga,0,22,0.26870366333333334,0.7312963133333333,0.0,Ga,0,2,67.0,0.0
Ga,fasca,packet_loss_bilateral,GaCo16,Ga,0,22,0.47330653333333333,0.5266934766666665,0.0,Ga,0,2,63.0,0.0
Ga,fasca,packet_loss_bilateral,GaCo17,Ga,0,22,0.9543809266666666,0.04561905,0.0,Ga,0,1,67.0,0.0
Ga,fasca,packet_loss_bilateral,GaCo22,Ga,0,22,0.7490051000000001,0.25099488,0.0,Ga,0,1,65.0,0.0
Ga,fasca,packet_loss_bilateral,GaPt03,Ga,1,22,0.085129315,0.9148706966666666,0.0,Ga,1,2,82.0,3.0
Ga,fasca,packet_loss_bilateral,GaPt04,Ga,1,22,0.20461345,0.7953865166666666,0.0,Ga,1,1,68.0,2.5
Ga,fasca,packet_loss_bilateral,GaPt05,Ga,1,22,0.7109553533333334,0.28904466666666667,0.0,Ga,1,2,82.0,2.5
Ga,fasca,packet_loss_bilateral,GaPt06,Ga,1,22,0.8559220133333333,0.14407802,0.0,Ga,1,1,72.0,2.0
Ga,fasca,packet_loss_bilateral,GaPt07,Ga,1,22,0.096896592,0.9031033833333333,0.0,Ga,1,2,53.0,3.0
Ga,fasca,packet_loss_bilateral,GaPt08,Ga,1,22,0.03806732933333334,0.9619326866666666,0.0,Ga,1,2,68.0,2.0
Ga,fasca,packet_loss_bilateral,GaPt09,Ga,1,22,0.20574598666666666,0.794254,0.0,Ga,1,1,69.0,3.0
Ga,fasca,packet_loss_bilateral,GaPt12,Ga,1,22,0.10959797466666667,0.8904020333333333,0.0,Ga,1,2,59.0,2.0
Ga,fasca,packet_loss_bilateral,GaPt13,Ga,1,22,0.059631479666666674,0.9403685233333333,0.0,Ga,1,1,70.0,2.0
Ga,fasca,packet_loss_bilateral,GaPt14,Ga,1,22,0.5500412533333333,0.44995877,0.0,Ga,1,1,56.0,2.0
Ga,fasca,packet_loss_bilateral,GaPt15,Ga,1,22,0.08638892,0.9136110666666667,0.0,Ga,1,1,81.0,2.0
Ga,fasca,packet_loss_bilateral,GaPt16,Ga,1,22,0.35510590666666664,0.6448941033333333,0.0,Ga,1,1,79.0,2.0
Ga,fasca,packet_loss_bilateral,GaPt17,Ga,1,22,0.17365,0.8263499966666666,0.0,Ga,1,1,71.0,3.0
Ga,fasca,packet_loss_bilateral,GaPt18,Ga,1,22,0.30450348666666666,0.6954965,0.0,Ga,1,2,76.0,2.0
Ga,fasca,packet_loss_bilateral,GaPt19,Ga,1,22,0.8876349333333332,0.11236505000000001,0.0,Ga,1,2,76.0,2.0
Ga,fasca,packet_loss_bilateral,GaPt20,Ga,1,22,0.08149318,0.9185068233333333,0.0,Ga,1,1,81.0,2.0
Ga,fasca,packet_loss_bilateral,GaPt21,Ga,1,22,0.15793176333333334,0.8420682333333334,0.0,Ga,1,1,80.0,3.0
Ga,fasca,packet_loss_bilateral,GaPt22,Ga,1,22,0.8270378666666667,0.17296210999999997,0.0,Ga,1,1,78.0,2.0
Ga,fasca,packet_loss_bilateral,GaPt23,Ga,1,22,0.35810677,0.6418932433333333,0.0,Ga,1,2,71.0,3.0
Ga,fasca,packet_loss_bilateral,GaPt24,Ga,1,22,0.10203534833333333,0.89796465,0.0,Ga,1,1,68.0,2.5
Ga,fasca,packet_loss_bilateral,GaPt25,Ga,1,22,0.9258486233333333,0.07415135933333333,0.0,Ga,1,1,81.0,2.5
Ga,fasca,packet_loss_bilateral,GaPt26,Ga,1,22,0.26395656,0.7360434433333333,0.0,Ga,1,2,78.0,2.5
Ga,fasca,packet_loss_bilateral,GaPt27,Ga,1,22,0.4100983866666667,0.5899016266666667,0.0,Ga,1,1,72.0,2.0
Ga,fasca,packet_loss_bilateral,GaPt28,Ga,1,22,0.10116191666666667,0.8988380566666666,0.0,Ga,1,1,61.0,2.5
Ga,fasca,packet_loss_bilateral,GaPt29,Ga,1,22,0.16461363666666665,0.8353863666666667,0.0,Ga,1,1,68.0,2.0
Ga,fasca,packet_loss_bilateral,GaPt30,Ga,1,22,0.07908244333333332,0.9209175333333333,0.0,Ga,1,1,69.0,2.0
Ga,fasca,packet_loss_bilateral,GaPt31,Ga,1,22,0.43937071666666666,0.5606292566666666,0.0,Ga,1,1,67.0,2.5
Ga,fasca,packet_loss_bilateral,GaPt32,Ga,1,22,0.5655790333333334,0.4344209766666666,0.0,Ga,1,1,63.0,2.0
Ga,fasca,packet_loss_bilateral,GaPt33,Ga,1,22,0.18537185,0.8146281466666667,0.0,Ga,1,1,63.0,2.5
Ga,fasca,gain_miscalibration,GaCo01,Ga,0,22,0.7694559999999999,0.23054396999999996,0.0,Ga,0,1,66.0,0.0
Ga,fasca,gain_miscalibration,GaCo02,Ga,0,22,0.9890672033333333,0.010932816666666666,0.0,Ga,0,1,74.0,0.0
Ga,fasca,gain_miscalibration,GaCo03,Ga,0,22,0.8691089666666666,0.13089104666666665,0.0,Ga,0,1,69.0,0.0
Ga,fasca,gain_miscalibration,GaCo04,Ga,0,22,0.25657799666666664,0.7434219933333334,0.0,Ga,0,1,86.0,0.0
Ga,fasca,gain_miscalibration,GaCo05,Ga,0,22,0.09762898733333332,0.90237098,0.0,Ga,0,2,75.0,0.0
Ga,fasca,gain_miscalibration,GaCo06,Ga,0,22,0.05605634,0.9439436566666667,0.0,Ga,0,1,82.0,0.0
Ga,fasca,gain_miscalibration,GaCo07,Ga,0,22,0.4372757666666667,0.56272425,0.0,Ga,0,1,79.0,0.0
Ga,fasca,gain_miscalibration,GaCo08,Ga,0,22,0.04405811033333334,0.9559418666666666,0.0,Ga,0,2,78.0,0.0
Ga,fasca,gain_miscalibration,GaCo09,Ga,0,22,0.27715609,0.7228439433333333,0.0,Ga,0,2,78.0,0.0
Ga,fasca,gain_miscalibration,GaCo10,Ga,0,22,0.48805375666666667,0.5119462666666666,0.0,Ga,0,1,69.0,0.0
Ga,fasca,gain_miscalibration,GaCo11,Ga,0,22,0.96521581,0.034784191,0.0,Ga,0,1,70.0,0.0
Ga,fasca,gain_miscalibration,GaCo12,Ga,0,22,0.6300389366666667,0.36996104999999996,0.0,Ga,0,2,65.0,0.0
Ga,fasca,gain_miscalibration,GaCo13,Ga,0,22,0.8832156833333333,0.11678431866666666,0.0,Ga,0,2,67.0,0.0
Ga,fasca,gain_miscalibration,GaCo14,Ga,0,22,0.6312890333333333,0.36871094666666665,0.0,Ga,0,2,68.0,0.0
Ga,fasca,gain_miscalibration,GaCo15,Ga,0,22,0.27442766,0.7255723433333333,0.0,Ga,0,2,67.0,0.0
Ga,fasca,gain_miscalibration,GaCo16,Ga,0,22,0.4084104766666667,0.5915895066666667,0.0,Ga,0,2,63.0,0.0
Ga,fasca,gain_miscalibration,GaCo17,Ga,0,22,0.9594622366666666,0.040537756,0.0,Ga,0,1,67.0,0.0
Ga,fasca,gain_miscalibration,GaCo22,Ga,0,22,0.8601441133333333,0.13985584666666664,0.0,Ga,0,1,65.0,0.0
Ga,fasca,gain_miscalibration,GaPt03,Ga,1,22,0.09618301,0.9038169833333334,0.0,Ga,1,2,82.0,3.0
Ga,fasca,gain_miscalibration,GaPt04,Ga,1,22,0.2518765,0.7481234899999999,0.0,Ga,1,1,68.0,2.5
Ga,fasca,gain_miscalibration,GaPt05,Ga,1,22,0.7728316833333334,0.22716832666666664,0.0,Ga,1,2,82.0,2.5
Ga,fasca,gain_miscalibration,GaPt06,Ga,1,22,0.8332849000000001,0.16671508333333332,0.0,Ga,1,1,72.0,2.0
Ga,fasca,gain_miscalibration,GaPt07,Ga,1,22,0.07608668633333333,0.92391328,0.0,Ga,1,2,53.0,3.0
Ga,fasca,gain_miscalibration,GaPt08,Ga,1,22,0.034796714666666666,0.9652032833333334,0.0,Ga,1,2,68.0,2.0
Ga,fasca,gain_miscalibration,GaPt09,Ga,1,22,0.15201458666666667,0.8479854000000001,0.0,Ga,1,1,69.0,3.0
Ga,fasca,gain_miscalibration,GaPt12,Ga,1,22,0.10983436166666666,0.8901656333333333,0.0,Ga,1,2,59.0,2.0
Ga,fasca,gain_miscalibration,GaPt13,Ga,1,22,0.077792639,0.9222073233333333,0.0,Ga,1,1,70.0,2.0
Ga,fasca,gain_miscalibration,GaPt14,Ga,1,22,0.36775999333333337,0.6322400233333333,0.0,Ga,1,1,56.0,2.0
Ga,fasca,gain_miscalibration,GaPt15,Ga,1,22,0.11089737666666666,0.8891026266666667,0.0,Ga,1,1,81.0,2.0
Ga,fasca,gain_miscalibration,GaPt16,Ga,1,22,0.22210927333333333,0.7778907133333334,0.0,Ga,1,1,79.0,2.0
Ga,fasca,gain_miscalibration,GaPt17,Ga,1,22,0.19272879333333334,0.8072712000000001,0.0,Ga,1,1,71.0,3.0
Ga,fasca,gain_miscalibration,GaPt18,Ga,1,22,0.39025565,0.6097443766666667,0.0,Ga,1,2,76.0,2.0
Ga,fasca,gain_miscalibration,GaPt19,Ga,1,22,0.8581891233333333,0.14181087,0.0,Ga,1,2,76.0,2.0
Ga,fasca,gain_miscalibration,GaPt20,Ga,1,22,0.05314774366666667,0.94685228,0.0,Ga,1,1,81.0,2.0
Ga,fasca,gain_miscalibration,GaPt21,Ga,1,22,0.1841193866666667,0.8158806633333334,0.0,Ga,1,1,80.0,3.0
Ga,fasca,gain_miscalibration,GaPt22,Ga,1,22,0.7766601,0.22333991333333333,0.0,Ga,1,1,78.0,2.0
Ga,fasca,gain_miscalibration,GaPt23,Ga,1,22,0.30223149,0.6977684866666666,0.0,Ga,1,2,71.0,3.0
Ga,fasca,gain_miscalibration,GaPt24,Ga,1,22,0.1362018633333333,0.8637981466666668,0.0,Ga,1,1,68.0,2.5
Ga,fasca,gain_miscalibration,GaPt25,Ga,1,22,0.9276944666666668,0.07230555733333333,0.0,Ga,1,1,81.0,2.5
Ga,fasca,gain_miscalibration,GaPt26,Ga,1,22,0.42853007666666665,0.5714699266666666,0.0,Ga,1,2,78.0,2.5
Ga,fasca,gain_miscalibration,GaPt27,Ga,1,22,0.7057702666666668,0.29422972,0.0,Ga,1,1,72.0,2.0
Ga,fasca,gain_miscalibration,GaPt28,Ga,1,22,0.18993994466666667,0.8100600666666665,0.0,Ga,1,1,61.0,2.5
Ga,fasca,gain_miscalibration,GaPt29,Ga,1,22,0.24050339666666665,0.7594966133333333,0.0,Ga,1,1,68.0,2.0
Ga,fasca,gain_miscalibration,GaPt30,Ga,1,22,0.06252701100000001,0.93747296,0.0,Ga,1,1,69.0,2.0
Ga,fasca,gain_miscalibration,GaPt31,Ga,1,22,0.30343502666666666,0.6965649800000001,0.0,Ga,1,1,67.0,2.5
Ga,fasca,gain_miscalibration,GaPt32,Ga,1,22,0.59032315,0.40967689,0.0,Ga,1,1,63.0,2.0
Ga,fasca,gain_miscalibration,GaPt33,Ga,1,22,0.23964768666666666,0.7603523000000001,0.0,Ga,1,1,63.0,2.5
Ju,baseline,clean_both,JuCo01,Ju,0,8,0.017376133,0.9826238766666666,0.0,Ju,0,1,78.0,
Ju,baseline,clean_both,JuCo02,Ju,0,6,0.8859805666666666,0.11401946,0.0,Ju,0,1,71.0,
Ju,baseline,clean_both,JuCo03,Ju,0,6,0.9508928566666667,0.04910716566666667,0.0,Ju,0,2,66.0,
Ju,baseline,clean_both,JuCo04,Ju,0,16,0.9170095333333333,0.082990484,0.0,Ju,0,2,68.0,
Ju,baseline,clean_both,JuCo05,Ju,0,15,0.8514252833333332,0.14857472666666668,0.0,Ju,0,2,55.0,
Ju,baseline,clean_both,JuCo06,Ju,0,21,0.9274463833333333,0.07255363199999999,0.0,Ju,0,2,74.0,
Ju,baseline,clean_both,JuCo07,Ju,0,14,0.2388474313333333,0.7611525866666667,0.0,Ju,0,2,62.0,
Ju,baseline,clean_both,JuCo08,Ju,0,14,0.8697383200000001,0.13026168066666666,0.0,Ju,0,2,77.0,
Ju,baseline,clean_both,JuCo09,Ju,0,13,0.8003105,0.19968949333333333,0.0,Ju,0,1,65.0,
Ju,baseline,clean_both,JuCo11,Ju,0,16,0.6206091100000001,0.3793908666666666,0.0,Ju,0,1,72.0,
Ju,baseline,clean_both,JuCo12,Ju,0,17,0.011879186666666666,0.98812078,0.0,Ju,0,2,72.0,
Ju,baseline,clean_both,JuCo13,Ju,0,16,0.9927686000000001,0.007231407933333333,0.0,Ju,0,1,61.0,
Ju,baseline,clean_both,JuCo14,Ju,0,13,0.81468908,0.18531094666666667,0.0,Ju,0,1,55.0,
Ju,baseline,clean_both,JuCo15,Ju,0,16,0.9142099899999999,0.085790028,0.0,Ju,0,2,53.0,
Ju,baseline,clean_both,JuCo16,Ju,0,13,0.9929877466666667,0.007012259,0.0,Ju,0,1,66.0,
Ju,baseline,clean_both,JuCo17,Ju,0,12,0.9829589966666666,0.017041024000000002,0.0,Ju,0,2,65.0,
Ju,baseline,clean_both,JuCo18,Ju,0,16,0.9493853900000001,0.050614627,0.0,Ju,0,2,64.0,
Ju,baseline,clean_both,JuCo19,Ju,0,15,0.9713841566666667,0.028615845666666667,0.0,Ju,0,2,59.0,
Ju,baseline,clean_both,JuCo20,Ju,0,19,0.05888225166666666,0.9411177466666668,0.0,Ju,0,2,67.0,
Ju,baseline,clean_both,JuCo21,Ju,0,17,0.4040965366666667,0.59590348,0.0,Ju,0,1,60.0,
Ju,baseline,clean_both,JuCo22,Ju,0,17,0.9624782666666668,0.037521722333333334,0.0,Ju,0,2,62.0,
Ju,baseline,clean_both,JuCo23,Ju,0,17,0.48791236,0.5120876466666666,0.0,Ju,0,1,68.0,
Ju,baseline,clean_both,JuCo24,Ju,0,14,0.97939672,0.020603248333333334,0.0,Ju,0,1,64.0,
Ju,baseline,clean_both,JuCo25,Ju,0,14,0.7801076133333332,0.21989238,0.0,Ju,0,1,53.0,
Ju,baseline,clean_both,JuCo26,Ju,0,14,0.8918415466666666,0.10815844000000001,0.0,Ju,0,1,60.0,
Ju,baseline,clean_both,JuPt01,Ju,1,14,0.8918415466666666,0.10815844000000001,0.0,Ju,1,1,77.0,2.0
Ju,baseline,clean_both,JuPt02,Ju,1,9,0.11438318833333334,0.8856168566666667,0.0,Ju,1,2,72.0,2.5
Ju,baseline,clean_both,JuPt03,Ju,1,8,0.42299518999999997,0.5770048,0.0,Ju,1,2,74.0,2.5
Ju,baseline,clean_both,JuPt04,Ju,1,10,0.19247391333333333,0.80752608,0.0,Ju,1,1,70.0,2.5
Ju,baseline,clean_both,JuPt05,Ju,1,6,0.04396320166666667,0.95603681,0.0,Ju,1,1,74.0,2.0
Ju,baseline,clean_both,JuPt06,Ju,1,11,0.0229901326,0.97700989,0.0,Ju,1,1,78.0,2.5
Ju,baseline,clean_both,JuPt07,Ju,1,7,0.33127102,0.66872901,0.0,Ju,1,2,51.0,3.0
Ju,baseline,clean_both,JuPt08,Ju,1,6,0.15877480233333333,0.84122522,0.0,Ju,1,2,54.0,2.0
Ju,baseline,clean_both,JuPt09,Ju,1,17,0.14180905,0.85819095,0.0,Ju,1,1,61.0,2.5
Ju,baseline,clean_both,JuPt10,Ju,1,16,0.73833437,0.26166562666666665,0.0,Ju,1,1,69.0,3.0
Ju,baseline,clean_both,JuPt11,Ju,1,25,0.4620430233333333,0.5379569866666666,0.0,Ju,1,1,74.0,2.0
Ju,baseline,clean_both,JuPt12,Ju,1,17,0.22604634266666668,0.7739536333333333,0.0,Ju,1,2,58.0,2.5
Ju,baseline,clean_both,JuPt13,Ju,1,30,0.11070162166666668,0.8892983799999999,0.0,Ju,1,1,80.0,3.0
Ju,baseline,clean_both,JuPt14,Ju,1,21,0.010460608000000001,0.9895393966666667,0.0,Ju,1,2,67.0,2.0
Ju,baseline,clean_both,JuPt15,Ju,1,17,0.5399627966666667,0.4600372133333333,0.0,Ju,1,2,64.0,2.5
Ju,baseline,clean_both,JuPt16,Ju,1,26,0.048499708333333336,0.9515002999999999,0.0,Ju,1,2,64.0,2.0
Ju,baseline,clean_both,JuPt17,Ju,1,17,0.68115022,0.31884975,0.0,Ju,1,1,64.0,2.5
Ju,baseline,clean_both,JuPt18,Ju,1,50,0.027041199333333335,0.9729588133333333,0.0,Ju,1,1,82.0,3.0
Ju,baseline,clean_both,JuPt19,Ju,1,16,0.036438902333333335,0.9635610866666666,0.0,Ju,1,2,68.0,2.0
Ju,baseline,clean_both,JuPt20,Ju,1,16,0.09564536933333334,0.9043546333333333,0.0,Ju,1,1,64.0,2.0
Ju,baseline,clean_both,JuPt21,Ju,1,33,0.4437767133333333,0.55622328,0.0,Ju,1,1,84.0,2.5
Ju,baseline,clean_both,JuPt22,Ju,1,15,0.6029912933333333,0.39700871066666665,0.0,Ju,1,1,69.0,2.5
Ju,baseline,clean_both,JuPt23,Ju,1,15,0.8038368766666667,0.196163108,0.0,Ju,1,1,68.0,2.0
Ju,baseline,clean_both,JuPt24,Ju,1,22,0.30941273333333336,0.6905872333333333,0.0,Ju,1,1,68.0,2.5
Ju,baseline,clean_both,JuPt25,Ju,1,17,0.051558065333333326,0.94844195,0.0,Ju,1,1,45.0,2.0
Ju,baseline,clean_both,JuPt26,Ju,1,21,0.6780507866666667,0.32194919333333333,0.0,Ju,1,2,66.0,2.0
Ju,baseline,clean_both,JuPt27,Ju,1,18,0.17024358000000003,0.8297564199999999,0.0,Ju,1,2,58.0,2.0
Ju,baseline,clean_both,JuPt28,Ju,1,16,0.04492552466666666,0.9550744666666667,0.0,Ju,1,2,57.0,2.5
Ju,baseline,clean_both,JuPt29,Ju,1,19,0.7219205133333334,0.2780794306666667,0.0,Ju,1,2,69.0,2.5
Ju,baseline,left_only,JuCo01,Ju,0,8,0.027051714,0.97294829,0.0,Ju,0,1,78.0,
Ju,baseline,left_only,JuCo02,Ju,0,6,0.8714833333333334,0.12851666299999998,0.0,Ju,0,1,71.0,
Ju,baseline,left_only,JuCo03,Ju,0,6,0.9771266866666667,0.022873330333333334,0.0,Ju,0,2,66.0,
Ju,baseline,left_only,JuCo04,Ju,0,16,0.9543882199999999,0.045611768999999996,0.0,Ju,0,2,68.0,
Ju,baseline,left_only,JuCo05,Ju,0,15,0.6967587533333334,0.3032412433333333,0.0,Ju,0,2,55.0,
Ju,baseline,left_only,JuCo06,Ju,0,21,0.8055569199999999,0.19444312666666666,0.0,Ju,0,2,74.0,
Ju,baseline,left_only,JuCo07,Ju,0,14,0.3675540533333333,0.6324459566666666,0.0,Ju,0,2,62.0,
Ju,baseline,left_only,JuCo08,Ju,0,14,0.38618099666666666,0.6138190099999999,0.0,Ju,0,2,77.0,
Ju,baseline,left_only,JuCo09,Ju,0,13,0.76202915,0.23797084866666665,0.0,Ju,0,1,65.0,
Ju,baseline,left_only,JuCo11,Ju,0,16,0.4576661,0.5423339333333334,0.0,Ju,0,1,72.0,
Ju,baseline,left_only,JuCo12,Ju,0,17,0.012013690166666665,0.9879863000000001,0.0,Ju,0,2,72.0,
Ju,baseline,left_only,JuCo13,Ju,0,16,0.9981513999999999,0.0018485929666666667,0.0,Ju,0,1,61.0,
Ju,baseline,left_only,JuCo14,Ju,0,13,0.5827572166666667,0.4172427666666667,0.0,Ju,0,1,55.0,
Ju,baseline,left_only,JuCo15,Ju,0,16,0.6488784366666667,0.3511215566666667,0.0,Ju,0,2,53.0,
Ju,baseline,left_only,JuCo16,Ju,0,13,0.9903524333333333,0.009647565666666668,0.0,Ju,0,1,66.0,
Ju,baseline,left_only,JuCo17,Ju,0,12,0.9446812666666666,0.055318774666666674,0.0,Ju,0,2,65.0,
Ju,baseline,left_only,JuCo18,Ju,0,16,0.9053045000000001,0.09469550433333333,0.0,Ju,0,2,64.0,
Ju,baseline,left_only,JuCo19,Ju,0,15,0.9636166666666667,0.036383333,0.0,Ju,0,2,59.0,
Ju,baseline,left_only,JuCo20,Ju,0,19,0.080408025,0.91959198,0.0,Ju,0,2,67.0,
Ju,baseline,left_only,JuCo21,Ju,0,17,0.24152976,0.7584702333333334,0.0,Ju,0,1,60.0,
Ju,baseline,left_only,JuCo22,Ju,0,17,0.96860158,0.03139840633333333,0.0,Ju,0,2,62.0,
Ju,baseline,left_only,JuCo23,Ju,0,17,0.44034090333333337,0.5596590833333334,0.0,Ju,0,1,68.0,
Ju,baseline,left_only,JuCo24,Ju,0,14,0.9614998233333333,0.03850019033333333,0.0,Ju,0,1,64.0,
Ju,baseline,left_only,JuCo25,Ju,0,14,0.83037752,0.16962248133333335,0.0,Ju,0,1,53.0,
Ju,baseline,left_only,JuCo26,Ju,0,14,0.9622926666666666,0.03770731533333333,0.0,Ju,0,1,60.0,
Ju,baseline,left_only,JuPt01,Ju,1,14,0.9622926666666666,0.03770731533333333,0.0,Ju,1,1,77.0,2.0
Ju,baseline,left_only,JuPt02,Ju,1,9,0.03321612066666667,0.9667838999999999,0.0,Ju,1,2,72.0,2.5
Ju,baseline,left_only,JuPt03,Ju,1,8,0.5765266003333334,0.42347338799999995,0.0,Ju,1,2,74.0,2.5
Ju,baseline,left_only,JuPt04,Ju,1,10,0.5869756666666667,0.41302431999999994,0.0,Ju,1,1,70.0,2.5
Ju,baseline,left_only,JuPt05,Ju,1,6,0.0327736691,0.9672263499999999,0.0,Ju,1,1,74.0,2.0
Ju,baseline,left_only,JuPt06,Ju,1,11,0.0116627287,0.9883372566666666,0.0,Ju,1,1,78.0,2.5
Ju,baseline,left_only,JuPt07,Ju,1,7,0.36932827166666665,0.6306717166666667,0.0,Ju,1,2,51.0,3.0
Ju,baseline,left_only,JuPt08,Ju,1,6,0.19773921000000003,0.8022607599999999,0.0,Ju,1,2,54.0,2.0
Ju,baseline,left_only,JuPt09,Ju,1,17,0.26167430733333336,0.7383256899999999,0.0,Ju,1,1,61.0,2.5
Ju,baseline,left_only,JuPt10,Ju,1,16,0.9605339666666667,0.039466049866666665,0.0,Ju,1,1,69.0,3.0
Ju,baseline,left_only,JuPt11,Ju,1,25,0.7051840266666667,0.29481597333333337,0.0,Ju,1,1,74.0,2.0
Ju,baseline,left_only,JuPt12,Ju,1,17,0.3620324476666667,0.6379675733333333,0.0,Ju,1,2,58.0,2.5
Ju,baseline,left_only,JuPt13,Ju,1,30,0.11567500033333333,0.884325,0.0,Ju,1,1,80.0,3.0
Ju,baseline,left_only,JuPt14,Ju,1,21,0.004592348166666667,0.9954076000000001,0.0,Ju,1,2,67.0,2.0
Ju,baseline,left_only,JuPt15,Ju,1,17,0.2476008533333333,0.7523991200000001,0.0,Ju,1,2,64.0,2.5
Ju,baseline,left_only,JuPt16,Ju,1,26,0.042134925,0.9578650733333333,0.0,Ju,1,2,64.0,2.0
Ju,baseline,left_only,JuPt17,Ju,1,17,0.11680128166666666,0.88319874,0.0,Ju,1,1,64.0,2.5
Ju,baseline,left_only,JuPt18,Ju,1,50,0.049247298333333335,0.9507526866666667,0.0,Ju,1,1,82.0,3.0
Ju,baseline,left_only,JuPt19,Ju,1,16,0.06631710233333334,0.9336829166666667,0.0,Ju,1,2,68.0,2.0
Ju,baseline,left_only,JuPt20,Ju,1,16,0.3219904546666667,0.67800954,0.0,Ju,1,1,64.0,2.0
Ju,baseline,left_only,JuPt21,Ju,1,33,0.56060589,0.43939411666666667,0.0,Ju,1,1,84.0,2.5
Ju,baseline,left_only,JuPt22,Ju,1,15,0.7117669033333334,0.2882330966666667,0.0,Ju,1,1,69.0,2.5
Ju,baseline,left_only,JuPt23,Ju,1,15,0.9543252733333333,0.045674754000000005,0.0,Ju,1,1,68.0,2.0
Ju,baseline,left_only,JuPt24,Ju,1,22,0.21662581000000003,0.7833741866666667,0.0,Ju,1,1,68.0,2.5
Ju,baseline,left_only,JuPt25,Ju,1,17,0.13951094333333333,0.8604890633333332,0.0,Ju,1,1,45.0,2.0
Ju,baseline,left_only,JuPt26,Ju,1,21,0.49541502,0.5045849866666666,0.0,Ju,1,2,66.0,2.0
Ju,baseline,left_only,JuPt27,Ju,1,18,0.06886720333333333,0.9311327733333333,0.0,Ju,1,2,58.0,2.0
Ju,baseline,left_only,JuPt28,Ju,1,16,0.04558825733333333,0.95441172,0.0,Ju,1,2,57.0,2.5
Ju,baseline,left_only,JuPt29,Ju,1,19,0.6631327833333334,0.33686720066666664,0.0,Ju,1,2,69.0,2.5
Ju,baseline,right_only,JuCo01,Ju,0,8,0.016613937333333332,0.98338605,0.0,Ju,0,1,78.0,
Ju,baseline,right_only,JuCo02,Ju,0,6,0.88838114,0.11161885266666666,0.0,Ju,0,1,71.0,
Ju,baseline,right_only,JuCo03,Ju,0,6,0.7557969733333333,0.2442030133333333,0.0,Ju,0,2,66.0,
Ju,baseline,right_only,JuCo04,Ju,0,16,0.7555871666666666,0.24441283333333333,0.0,Ju,0,2,68.0,
Ju,baseline,right_only,JuCo05,Ju,0,15,0.8819774766666667,0.118022505,0.0,Ju,0,2,55.0,
Ju,baseline,right_only,JuCo06,Ju,0,21,0.9540835466666667,0.045916413999999996,0.0,Ju,0,2,74.0,
Ju,baseline,right_only,JuCo07,Ju,0,14,0.18825970833333336,0.8117402866666666,0.0,Ju,0,2,62.0,
Ju,baseline,right_only,JuCo08,Ju,0,14,0.9750714033333333,0.024928547666666665,0.0,Ju,0,2,77.0,
Ju,baseline,right_only,JuCo09,Ju,0,13,0.74403075,0.2559692433333333,0.0,Ju,0,1,65.0,
Ju,baseline,right_only,JuCo11,Ju,0,16,0.7452052633333333,0.25479474333333335,0.0,Ju,0,1,72.0,
Ju,baseline,right_only,JuCo12,Ju,0,17,0.014539423666666667,0.9854605866666667,0.0,Ju,0,2,72.0,
Ju,baseline,right_only,JuCo13,Ju,0,16,0.9601225033333334,0.03987748966666666,0.0,Ju,0,1,61.0,
Ju,baseline,right_only,JuCo14,Ju,0,13,0.9117379,0.08826213099999998,0.0,Ju,0,1,55.0,
Ju,baseline,right_only,JuCo15,Ju,0,16,0.9637452999999999,0.036254691666666665,0.0,Ju,0,2,53.0,
Ju,baseline,right_only,JuCo16,Ju,0,13,0.9936404733333334,0.0063595037000000005,0.0,Ju,0,1,66.0,
Ju,baseline,right_only,JuCo17,Ju,0,12,0.9922988333333334,0.007701157133333333,0.0,Ju,0,2,65.0,
Ju,baseline,right_only,JuCo18,Ju,0,16,0.9644438466666667,0.035556142,0.0,Ju,0,2,64.0,
Ju,baseline,right_only,JuCo19,Ju,0,15,0.9741012666666666,0.025898767666666666,0.0,Ju,0,2,59.0,
Ju,baseline,right_only,JuCo20,Ju,0,19,0.059826693666666673,0.9401732933333333,0.0,Ju,0,2,67.0,
Ju,baseline,right_only,JuCo21,Ju,0,17,0.58188813,0.41811189666666665,0.0,Ju,0,1,60.0,
Ju,baseline,right_only,JuCo22,Ju,0,17,0.9226812533333333,0.07731876066666667,0.0,Ju,0,2,62.0,
Ju,baseline,right_only,JuCo23,Ju,0,17,0.53220297,0.4677970333333334,0.0,Ju,0,1,68.0,
Ju,baseline,right_only,JuCo24,Ju,0,14,0.9869843666666668,0.013015610833333335,0.0,Ju,0,1,64.0,
Ju,baseline,right_only,JuCo25,Ju,0,14,0.7083246166666667,0.2916754066666667,0.0,Ju,0,1,53.0,
Ju,baseline,right_only,JuCo26,Ju,0,14,0.6585852999999999,0.3414147,0.0,Ju,0,1,60.0,
Ju,baseline,right_only,JuPt01,Ju,1,14,0.6585852999999999,0.3414147,0.0,Ju,1,1,77.0,2.0
Ju,baseline,right_only,JuPt02,Ju,1,9,0.4035401066666666,0.5964599033333333,0.0,Ju,1,2,72.0,2.5
Ju,baseline,right_only,JuPt03,Ju,1,8,0.43770076100000005,0.56229922,0.0,Ju,1,2,74.0,2.5
Ju,baseline,right_only,JuPt04,Ju,1,10,0.033522952333333335,0.9664770333333333,0.0,Ju,1,1,70.0,2.5
Ju,baseline,right_only,JuPt05,Ju,1,6,0.07237981,0.9276202000000001,0.0,Ju,1,1,74.0,2.0
Ju,baseline,right_only,JuPt06,Ju,1,11,0.05084294933333333,0.9491570333333333,0.0,Ju,1,1,78.0,2.5
Ju,baseline,right_only,JuPt07,Ju,1,7,0.3515787733333333,0.6484212333333333,0.0,Ju,1,2,51.0,3.0
Ju,baseline,right_only,JuPt08,Ju,1,6,0.21313553333333335,0.78686449,0.0,Ju,1,2,54.0,2.0
Ju,baseline,right_only,JuPt09,Ju,1,17,0.09582835233333332,0.9041716166666666,0.0,Ju,1,1,61.0,2.5
Ju,baseline,right_only,JuPt10,Ju,1,16,0.07515552933333333,0.9248444866666666,0.0,Ju,1,1,69.0,3.0
Ju,baseline,right_only,JuPt11,Ju,1,25,0.06440036066666667,0.9355996233333332,0.0,Ju,1,1,74.0,2.0
Ju,baseline,right_only,JuPt12,Ju,1,17,0.16616454666666666,0.8338354533333333,0.0,Ju,1,2,58.0,2.5
Ju,baseline,right_only,JuPt13,Ju,1,30,0.13342095866666667,0.8665790533333334,0.0,Ju,1,1,80.0,3.0
Ju,baseline,right_only,JuPt14,Ju,1,21,0.034529341,0.9654706533333334,0.0,Ju,1,2,67.0,2.0
Ju,baseline,right_only,JuPt15,Ju,1,17,0.78616225,0.21383772499999998,0.0,Ju,1,2,64.0,2.5
Ju,baseline,right_only,JuPt16,Ju,1,26,0.08614285933333332,0.9138571433333333,0.0,Ju,1,2,64.0,2.0
Ju,baseline,right_only,JuPt17,Ju,1,17,0.9479934,0.05200660366666667,0.0,Ju,1,1,64.0,2.5
Ju,baseline,right_only,JuPt18,Ju,1,50,0.030258034399999998,0.9697419533333332,0.0,Ju,1,1,82.0,3.0
Ju,baseline,right_only,JuPt19,Ju,1,16,0.029598378666666664,0.9704016000000001,0.0,Ju,1,2,68.0,2.0
Ju,baseline,right_only,JuPt20,Ju,1,16,0.02626541883333333,0.9737345766666667,0.0,Ju,1,1,64.0,2.0
Ju,baseline,right_only,JuPt21,Ju,1,33,0.33217528,0.6678247,0.0,Ju,1,1,84.0,2.5
Ju,baseline,right_only,JuPt22,Ju,1,15,0.48888810666666666,0.5111118886666667,0.0,Ju,1,1,69.0,2.5
Ju,baseline,right_only,JuPt23,Ju,1,15,0.41241554999999996,0.58758447,0.0,Ju,1,1,68.0,2.0
Ju,baseline,right_only,JuPt24,Ju,1,22,0.41680274,0.5831972433333333,0.0,Ju,1,1,68.0,2.5
Ju,baseline,right_only,JuPt25,Ju,1,17,0.030524953666666663,0.9694750500000001,0.0,Ju,1,1,45.0,2.0
Ju,baseline,right_only,JuPt26,Ju,1,21,0.7740532466666666,0.22594676666666666,0.0,Ju,1,2,66.0,2.0
Ju,baseline,right_only,JuPt27,Ju,1,18,0.5178204866666667,0.48217954333333335,0.0,Ju,1,2,58.0,2.0
Ju,baseline,right_only,JuPt28,Ju,1,16,0.052120935,0.9478790566666667,0.0,Ju,1,2,57.0,2.5
Ju,baseline,right_only,JuPt29,Ju,1,19,0.75734638,0.24265363733333334,0.0,Ju,1,2,69.0,2.5
Ju,baseline,sensor_dead_bilateral,JuCo01,Ju,0,8,0.3427201266666667,0.6572798833333334,1.0,Ju,0,1,78.0,
Ju,baseline,sensor_dead_bilateral,JuCo02,Ju,0,6,0.8045956333333333,0.19540434666666665,1.0,Ju,0,1,71.0,
Ju,baseline,sensor_dead_bilateral,JuCo03,Ju,0,6,0.8556936500000001,0.14430637433333335,1.0,Ju,0,2,66.0,
Ju,baseline,sensor_dead_bilateral,JuCo04,Ju,0,16,0.7938065499999999,0.2061934466666667,1.0,Ju,0,2,68.0,
Ju,baseline,sensor_dead_bilateral,JuCo05,Ju,0,15,0.8567059666666667,0.14329404,1.0,Ju,0,2,55.0,
Ju,baseline,sensor_dead_bilateral,JuCo06,Ju,0,21,0.55213606,0.44786393666666663,1.0,Ju,0,2,74.0,
Ju,baseline,sensor_dead_bilateral,JuCo07,Ju,0,14,0.47116236666666667,0.52883764,1.0,Ju,0,2,62.0,
Ju,baseline,sensor_dead_bilateral,JuCo08,Ju,0,14,0.5547201,0.44527991333333333,1.0,Ju,0,2,77.0,
Ju,baseline,sensor_dead_bilateral,JuCo09,Ju,0,13,0.6694247466666666,0.33057524666666666,1.0,Ju,0,1,65.0,
Ju,baseline,sensor_dead_bilateral,JuCo11,Ju,0,16,0.55061828,0.4493817233333333,1.0,Ju,0,1,72.0,
Ju,baseline,sensor_dead_bilateral,JuCo12,Ju,0,17,0.082230009,0.9177699599999999,1.0,Ju,0,2,72.0,
Ju,baseline,sensor_dead_bilateral,JuCo13,Ju,0,16,0.93154671,0.06845329733333333,1.0,Ju,0,1,61.0,
Ju,baseline,sensor_dead_bilateral,JuCo14,Ju,0,13,0.4381949033333334,0.5618051000000001,1.0,Ju,0,1,55.0,
Ju,baseline,sensor_dead_bilateral,JuCo15,Ju,0,16,0.7099716866666667,0.29002832,1.0,Ju,0,2,53.0,
Ju,baseline,sensor_dead_bilateral,JuCo16,Ju,0,13,0.9465299333333334,0.053470023666666665,1.0,Ju,0,1,66.0,
Ju,baseline,sensor_dead_bilateral,JuCo17,Ju,0,12,0.8500459466666667,0.14995406666666666,1.0,Ju,0,2,65.0,
Ju,baseline,sensor_dead_bilateral,JuCo18,Ju,0,16,0.9029972233333333,0.09700275066666668,1.0,Ju,0,2,64.0,
Ju,baseline,sensor_dead_bilateral,JuCo19,Ju,0,15,0.93413331,0.06586667933333333,1.0,Ju,0,2,59.0,
Ju,baseline,sensor_dead_bilateral,JuCo20,Ju,0,19,0.19155907333333333,0.8084409333333333,1.0,Ju,0,2,67.0,
Ju,baseline,sensor_dead_bilateral,JuCo21,Ju,0,17,0.6424459333333333,0.35755405,1.0,Ju,0,1,60.0,
Ju,baseline,sensor_dead_bilateral,JuCo22,Ju,0,17,0.79937409,0.20062591666666665,1.0,Ju,0,2,62.0,
Ju,baseline,sensor_dead_bilateral,JuCo23,Ju,0,17,0.31649864,0.6835013866666667,1.0,Ju,0,1,68.0,
Ju,baseline,sensor_dead_bilateral,JuCo24,Ju,0,14,0.6399294866666666,0.36007049999999996,1.0,Ju,0,1,64.0,
Ju,baseline,sensor_dead_bilateral,JuCo25,Ju,0,14,0.6308620533333333,0.36913794000000005,1.0,Ju,0,1,53.0,
Ju,baseline,sensor_dead_bilateral,JuCo26,Ju,0,14,0.7073822500000001,0.29261773333333335,1.0,Ju,0,1,60.0,
Ju,baseline,sensor_dead_bilateral,JuPt01,Ju,1,14,0.4658262633333334,0.53417372,1.0,Ju,1,1,77.0,2.0
Ju,baseline,sensor_dead_bilateral,JuPt02,Ju,1,9,0.25645044666666666,0.7435495433333333,1.0,Ju,1,2,72.0,2.5
Ju,baseline,sensor_dead_bilateral,JuPt03,Ju,1,8,0.59685807,0.40314195999999997,1.0,Ju,1,2,74.0,2.5
Ju,baseline,sensor_dead_bilateral,JuPt04,Ju,1,10,0.14458962666666667,0.85541035,1.0,Ju,1,1,70.0,2.5
Ju,baseline,sensor_dead_bilateral,JuPt05,Ju,1,6,0.10902693333333334,0.8909730733333333,1.0,Ju,1,1,74.0,2.0
Ju,baseline,sensor_dead_bilateral,JuPt06,Ju,1,11,0.07679496233333334,0.9232050666666667,1.0,Ju,1,1,78.0,2.5
Ju,baseline,sensor_dead_bilateral,JuPt07,Ju,1,7,0.49674906333333335,0.5032509366666666,1.0,Ju,1,2,51.0,3.0
Ju,baseline,sensor_dead_bilateral,JuPt08,Ju,1,6,0.30900985666666664,0.6909901433333333,1.0,Ju,1,2,54.0,2.0
Ju,baseline,sensor_dead_bilateral,JuPt09,Ju,1,17,0.07859975666666667,0.9214002533333333,1.0,Ju,1,1,61.0,2.5
Ju,baseline,sensor_dead_bilateral,JuPt10,Ju,1,16,0.4350162833333333,0.5649836933333333,1.0,Ju,1,1,69.0,3.0
Ju,baseline,sensor_dead_bilateral,JuPt11,Ju,1,25,0.41865416333333333,0.5813458333333333,1.0,Ju,1,1,74.0,2.0
Ju,baseline,sensor_dead_bilateral,JuPt12,Ju,1,17,0.32018901666666666,0.6798109533333334,1.0,Ju,1,2,58.0,2.5
Ju,baseline,sensor_dead_bilateral,JuPt13,Ju,1,30,0.12847532666666667,0.8715246899999999,1.0,Ju,1,1,80.0,3.0
Ju,baseline,sensor_dead_bilateral,JuPt14,Ju,1,21,0.16579952,0.8342004766666666,1.0,Ju,1,2,67.0,2.0
Ju,baseline,sensor_dead_bilateral,JuPt15,Ju,1,17,0.6434518833333334,0.3565481,1.0,Ju,1,2,64.0,2.5
Ju,baseline,sensor_dead_bilateral,JuPt16,Ju,1,26,0.18194669,0.8180533166666667,1.0,Ju,1,2,64.0,2.0
Ju,baseline,sensor_dead_bilateral,JuPt17,Ju,1,17,0.44897587666666666,0.5510241333333333,1.0,Ju,1,1,64.0,2.5
Ju,baseline,sensor_dead_bilateral,JuPt18,Ju,1,50,0.049612945,0.9503870666666666,1.0,Ju,1,1,82.0,3.0
Ju,baseline,sensor_dead_bilateral,JuPt19,Ju,1,16,0.31566466666666665,0.6843353333333333,1.0,Ju,1,2,68.0,2.0
Ju,baseline,sensor_dead_bilateral,JuPt20,Ju,1,16,0.18870335000000002,0.8112966500000001,1.0,Ju,1,1,64.0,2.0
Ju,baseline,sensor_dead_bilateral,JuPt21,Ju,1,33,0.5447171266666667,0.45528288666666666,1.0,Ju,1,1,84.0,2.5
Ju,baseline,sensor_dead_bilateral,JuPt22,Ju,1,15,0.3211457466666667,0.67885426,1.0,Ju,1,1,69.0,2.5
Ju,baseline,sensor_dead_bilateral,JuPt23,Ju,1,15,0.6969416733333333,0.30305832000000005,1.0,Ju,1,1,68.0,2.0
Ju,baseline,sensor_dead_bilateral,JuPt24,Ju,1,22,0.23761860999999998,0.7623813966666667,1.0,Ju,1,1,68.0,2.5
Ju,baseline,sensor_dead_bilateral,JuPt25,Ju,1,17,0.20011120333333332,0.7998888233333333,1.0,Ju,1,1,45.0,2.0
Ju,baseline,sensor_dead_bilateral,JuPt26,Ju,1,21,0.5374802666666666,0.46251975333333334,1.0,Ju,1,2,66.0,2.0
Ju,baseline,sensor_dead_bilateral,JuPt27,Ju,1,18,0.24801125000000002,0.7519887399999999,1.0,Ju,1,2,58.0,2.0
Ju,baseline,sensor_dead_bilateral,JuPt28,Ju,1,16,0.041164165,0.9588358166666667,1.0,Ju,1,2,57.0,2.5
Ju,baseline,sensor_dead_bilateral,JuPt29,Ju,1,19,0.6926244766666666,0.30737555,1.0,Ju,1,2,69.0,2.5
Ju,baseline,near_dead_bilateral,JuCo01,Ju,0,8,0.26449646,0.73550351,0.0,Ju,0,1,78.0,
Ju,baseline,near_dead_bilateral,JuCo02,Ju,0,6,0.8126314,0.18736862666666668,0.0,Ju,0,1,71.0,
Ju,baseline,near_dead_bilateral,JuCo03,Ju,0,6,0.7043984333333334,0.29560156666666665,0.0,Ju,0,2,66.0,
Ju,baseline,near_dead_bilateral,JuCo04,Ju,0,16,0.69989122,0.3001088,0.0,Ju,0,2,68.0,
Ju,baseline,near_dead_bilateral,JuCo05,Ju,0,15,0.7187235566666667,0.2812764333333333,0.0,Ju,0,2,55.0,
Ju,baseline,near_dead_bilateral,JuCo06,Ju,0,21,0.72311652,0.27688350333333334,0.0,Ju,0,2,74.0,
Ju,baseline,near_dead_bilateral,JuCo07,Ju,0,14,0.4830416933333333,0.5169583266666667,0.0,Ju,0,2,62.0,
Ju,baseline,near_dead_bilateral,JuCo08,Ju,0,14,0.48937862666666665,0.51062141,0.0,Ju,0,2,77.0,
Ju,baseline,near_dead_bilateral,JuCo09,Ju,0,13,0.7139617066666667,0.28603828000000003,0.0,Ju,0,1,65.0,
Ju,baseline,near_dead_bilateral,JuCo11,Ju,0,16,0.40059885333333334,0.5994011466666667,0.0,Ju,0,1,72.0,
Ju,baseline,near_dead_bilateral,JuCo12,Ju,0,17,0.060035166,0.9399648266666666,0.0,Ju,0,2,72.0,
Ju,baseline,near_dead_bilateral,JuCo13,Ju,0,16,0.9799273566666667,0.020072628999999998,0.0,Ju,0,1,61.0,
Ju,baseline,near_dead_bilateral,JuCo14,Ju,0,13,0.4824870766666667,0.5175129266666666,0.0,Ju,0,1,55.0,
Ju,baseline,near_dead_bilateral,JuCo15,Ju,0,16,0.6747668,0.3252332466666667,0.0,Ju,0,2,53.0,
Ju,baseline,near_dead_bilateral,JuCo16,Ju,0,13,0.9594182033333333,0.040581783333333336,0.0,Ju,0,1,66.0,
Ju,baseline,near_dead_bilateral,JuCo17,Ju,0,12,0.9716426666666665,0.028357315000000004,0.0,Ju,0,2,65.0,
Ju,baseline,near_dead_bilateral,JuCo18,Ju,0,16,0.8666699833333333,0.13333001,0.0,Ju,0,2,64.0,
Ju,baseline,near_dead_bilateral,JuCo19,Ju,0,15,0.8964624333333333,0.10353758566666667,0.0,Ju,0,2,59.0,
Ju,baseline,near_dead_bilateral,JuCo20,Ju,0,19,0.17299873333333335,0.8270012533333334,0.0,Ju,0,2,67.0,
Ju,baseline,near_dead_bilateral,JuCo21,Ju,0,17,0.65582971,0.3441702633333333,0.0,Ju,0,1,60.0,
Ju,baseline,near_dead_bilateral,JuCo22,Ju,0,17,0.9482978533333334,0.051702151333333335,0.0,Ju,0,2,62.0,
Ju,baseline,near_dead_bilateral,JuCo23,Ju,0,17,0.4500815,0.5499185,0.0,Ju,0,1,68.0,
Ju,baseline,near_dead_bilateral,JuCo24,Ju,0,14,0.7557319000000001,0.24426812333333334,0.0,Ju,0,1,64.0,
Ju,baseline,near_dead_bilateral,JuCo25,Ju,0,14,0.5093859,0.49061413,0.0,Ju,0,1,53.0,
Ju,baseline,near_dead_bilateral,JuCo26,Ju,0,14,0.6241628333333333,0.3758371466666666,0.0,Ju,0,1,60.0,
Ju,baseline,near_dead_bilateral,JuPt01,Ju,1,14,0.6748306999999999,0.32516931,0.0,Ju,1,1,77.0,2.0
Ju,baseline,near_dead_bilateral,JuPt02,Ju,1,9,0.26577867,0.7342213166666666,0.0,Ju,1,2,72.0,2.5
Ju,baseline,near_dead_bilateral,JuPt03,Ju,1,8,0.19125221666666667,0.8087477666666666,0.0,Ju,1,2,74.0,2.5
Ju,baseline,near_dead_bilateral,JuPt04,Ju,1,10,0.17628025000000003,0.8237197666666667,0.0,Ju,1,1,70.0,2.5
Ju,baseline,near_dead_bilateral,JuPt05,Ju,1,6,0.06924833366666668,0.9307516433333333,0.0,Ju,1,1,74.0,2.0
Ju,baseline,near_dead_bilateral,JuPt06,Ju,1,11,0.09899189133333335,0.9010081166666666,0.0,Ju,1,1,78.0,2.5
Ju,baseline,near_dead_bilateral,JuPt07,Ju,1,7,0.3918930266666667,0.60810697,0.0,Ju,1,2,51.0,3.0
Ju,baseline,near_dead_bilateral,JuPt08,Ju,1,6,0.13654934500000002,0.86345068,0.0,Ju,1,2,54.0,2.0
Ju,baseline,near_dead_bilateral,JuPt09,Ju,1,17,0.1289352,0.8710648000000001,0.0,Ju,1,1,61.0,2.5
Ju,baseline,near_dead_bilateral,JuPt10,Ju,1,16,0.3415478433333334,0.6584521566666667,0.0,Ju,1,1,69.0,3.0
Ju,baseline,near_dead_bilateral,JuPt11,Ju,1,25,0.48939904666666667,0.5106009733333333,0.0,Ju,1,1,74.0,2.0
Ju,baseline,near_dead_bilateral,JuPt12,Ju,1,17,0.2720390733333333,0.7279609499999999,0.0,Ju,1,2,58.0,2.5
Ju,baseline,near_dead_bilateral,JuPt13,Ju,1,30,0.09961257733333333,0.9003874000000001,0.0,Ju,1,1,80.0,3.0
Ju,baseline,near_dead_bilateral,JuPt14,Ju,1,21,0.10455839299999999,0.8954416,0.0,Ju,1,2,67.0,2.0
Ju,baseline,near_dead_bilateral,JuPt15,Ju,1,17,0.5951860533333333,0.40481396666666664,0.0,Ju,1,2,64.0,2.5
Ju,baseline,near_dead_bilateral,JuPt16,Ju,1,26,0.20974152333333332,0.7902584633333333,0.0,Ju,1,2,64.0,2.0
Ju,baseline,near_dead_bilateral,JuPt17,Ju,1,17,0.4717178866666667,0.5282820933333333,0.0,Ju,1,1,64.0,2.5
Ju,baseline,near_dead_bilateral,JuPt18,Ju,1,50,0.06439920066666667,0.9356008,0.0,Ju,1,1,82.0,3.0
Ju,baseline,near_dead_bilateral,JuPt19,Ju,1,16,0.3307942133333333,0.6692057666666668,0.0,Ju,1,2,68.0,2.0
Ju,baseline,near_dead_bilateral,JuPt20,Ju,1,16,0.12086172399999999,0.8791383,0.0,Ju,1,1,64.0,2.0
Ju,baseline,near_dead_bilateral,JuPt21,Ju,1,33,0.5182281333333333,0.48177188,0.0,Ju,1,1,84.0,2.5
Ju,baseline,near_dead_bilateral,JuPt22,Ju,1,15,0.3722918433333333,0.6277081366666667,0.0,Ju,1,1,69.0,2.5
Ju,baseline,near_dead_bilateral,JuPt23,Ju,1,15,0.8069119466666667,0.19308806,0.0,Ju,1,1,68.0,2.0
Ju,baseline,near_dead_bilateral,JuPt24,Ju,1,22,0.20819163666666665,0.7918083633333334,0.0,Ju,1,1,68.0,2.5
Ju,baseline,near_dead_bilateral,JuPt25,Ju,1,17,0.10938974000000001,0.8906102566666667,0.0,Ju,1,1,45.0,2.0
Ju,baseline,near_dead_bilateral,JuPt26,Ju,1,21,0.5934544133333334,0.40654555,0.0,Ju,1,2,66.0,2.0
Ju,baseline,near_dead_bilateral,JuPt27,Ju,1,18,0.34663578999999994,0.6533641966666667,0.0,Ju,1,2,58.0,2.0
Ju,baseline,near_dead_bilateral,JuPt28,Ju,1,16,0.02465939966666667,0.9753406133333332,0.0,Ju,1,2,57.0,2.5
Ju,baseline,near_dead_bilateral,JuPt29,Ju,1,19,0.7177612333333333,0.28223876999999997,0.0,Ju,1,2,69.0,2.5
Ju,baseline,contact_loss_bilateral,JuCo01,Ju,0,8,0.032770313,0.9672297,0.0,Ju,0,1,78.0,
Ju,baseline,contact_loss_bilateral,JuCo02,Ju,0,6,0.8635195866666666,0.136480416,0.0,Ju,0,1,71.0,
Ju,baseline,contact_loss_bilateral,JuCo03,Ju,0,6,0.9383341166666667,0.06166586666666667,0.0,Ju,0,2,66.0,
Ju,baseline,contact_loss_bilateral,JuCo04,Ju,0,16,0.9218435633333333,0.07815643500000001,0.0,Ju,0,2,68.0,
Ju,baseline,contact_loss_bilateral,JuCo05,Ju,0,15,0.8780273666666667,0.12197262333333332,0.0,Ju,0,2,55.0,
Ju,baseline,contact_loss_bilateral,JuCo06,Ju,0,21,0.9033527866666665,0.09664721666666666,0.0,Ju,0,2,74.0,
Ju,baseline,contact_loss_bilateral,JuCo07,Ju,0,14,0.32670704333333334,0.6732929466666667,0.0,Ju,0,2,62.0,
Ju,baseline,contact_loss_bilateral,JuCo08,Ju,0,14,0.8317509633333334,0.16824899833333332,0.0,Ju,0,2,77.0,
Ju,baseline,contact_loss_bilateral,JuCo09,Ju,0,13,0.8323677933333333,0.167632228,0.0,Ju,0,1,65.0,
Ju,baseline,contact_loss_bilateral,JuCo11,Ju,0,16,0.6387462,0.3612538166666666,0.0,Ju,0,1,72.0,
Ju,baseline,contact_loss_bilateral,JuCo12,Ju,0,17,0.011785577333333333,0.9882144199999999,0.0,Ju,0,2,72.0,
Ju,baseline,contact_loss_bilateral,JuCo13,Ju,0,16,0.9916638400000001,0.008336152966666668,0.0,Ju,0,1,61.0,
Ju,baseline,contact_loss_bilateral,JuCo14,Ju,0,13,0.7411839366666667,0.2588160253333333,0.0,Ju,0,1,55.0,
Ju,baseline,contact_loss_bilateral,JuCo15,Ju,0,16,0.9067103900000001,0.09328961000000001,0.0,Ju,0,2,53.0,
Ju,baseline,contact_loss_bilateral,JuCo16,Ju,0,13,0.9911891333333332,0.008810858999999999,0.0,Ju,0,1,66.0,
Ju,baseline,contact_loss_bilateral,JuCo17,Ju,0,12,0.9778473333333334,0.022152696,0.0,Ju,0,2,65.0,
Ju,baseline,contact_loss_bilateral,JuCo18,Ju,0,16,0.9363328000000001,0.06366717000000001,0.0,Ju,0,2,64.0,
Ju,baseline,contact_loss_bilateral,JuCo19,Ju,0,15,0.9754377633333333,0.024562209,0.0,Ju,0,2,59.0,
Ju,baseline,contact_loss_bilateral,JuCo20,Ju,0,19,0.07790898366666667,0.9220910033333333,0.0,Ju,0,2,67.0,
Ju,baseline,contact_loss_bilateral,JuCo21,Ju,0,17,0.4735364266666667,0.5264635866666666,0.0,Ju,0,1,60.0,
Ju,baseline,contact_loss_bilateral,JuCo22,Ju,0,17,0.95778686,0.042213152000000004,0.0,Ju,0,2,62.0,
Ju,baseline,contact_loss_bilateral,JuCo23,Ju,0,17,0.4686881666666667,0.5313118099999999,0.0,Ju,0,1,68.0,
Ju,baseline,contact_loss_bilateral,JuCo24,Ju,0,14,0.9722786,0.027721405333333334,0.0,Ju,0,1,64.0,
Ju,baseline,contact_loss_bilateral,JuCo25,Ju,0,14,0.7530039866666667,0.24699600333333335,0.0,Ju,0,1,53.0,
Ju,baseline,contact_loss_bilateral,JuCo26,Ju,0,14,0.8708581366666667,0.12914186333333333,0.0,Ju,0,1,60.0,
Ju,baseline,contact_loss_bilateral,JuPt01,Ju,1,14,0.8237091533333333,0.17629085,0.0,Ju,1,1,77.0,2.0
Ju,baseline,contact_loss_bilateral,JuPt02,Ju,1,9,0.15580870666666669,0.8441913133333333,0.0,Ju,1,2,72.0,2.5
Ju,baseline,contact_loss_bilateral,JuPt03,Ju,1,8,0.42818592333333333,0.5718140666666667,0.0,Ju,1,2,74.0,2.5
Ju,baseline,contact_loss_bilateral,JuPt04,Ju,1,10,0.19643850333333335,0.8035615066666667,0.0,Ju,1,1,70.0,2.5
Ju,baseline,contact_loss_bilateral,JuPt05,Ju,1,6,0.055725247,0.9442747499999999,0.0,Ju,1,1,74.0,2.0
Ju,baseline,contact_loss_bilateral,JuPt06,Ju,1,11,0.028827021800000005,0.9711729533333333,0.0,Ju,1,1,78.0,2.5
Ju,baseline,contact_loss_bilateral,JuPt07,Ju,1,7,0.35918416666666664,0.6408158433333333,0.0,Ju,1,2,51.0,3.0
Ju,baseline,contact_loss_bilateral,JuPt08,Ju,1,6,0.14347491933333334,0.8565250666666667,0.0,Ju,1,2,54.0,2.0
Ju,baseline,contact_loss_bilateral,JuPt09,Ju,1,17,0.11423683633333333,0.88576313,0.0,Ju,1,1,61.0,2.5
Ju,baseline,contact_loss_bilateral,JuPt10,Ju,1,16,0.69234326,0.30765670333333334,0.0,Ju,1,1,69.0,3.0
Ju,baseline,contact_loss_bilateral,JuPt11,Ju,1,25,0.54137108,0.45862893,0.0,Ju,1,1,74.0,2.0
Ju,baseline,contact_loss_bilateral,JuPt12,Ju,1,17,0.22499583999999997,0.7750041333333333,0.0,Ju,1,2,58.0,2.5
Ju,baseline,contact_loss_bilateral,JuPt13,Ju,1,30,0.10177939133333334,0.8982206166666667,0.0,Ju,1,1,80.0,3.0
Ju,baseline,contact_loss_bilateral,JuPt14,Ju,1,21,0.012776671666666668,0.9872233533333333,0.0,Ju,1,2,67.0,2.0
Ju,baseline,contact_loss_bilateral,JuPt15,Ju,1,17,0.5590204966666666,0.44097951999999996,0.0,Ju,1,2,64.0,2.5
Ju,baseline,contact_loss_bilateral,JuPt16,Ju,1,26,0.06546748566666667,0.9345325333333333,0.0,Ju,1,2,64.0,2.0
Ju,baseline,contact_loss_bilateral,JuPt17,Ju,1,17,0.6287397866666667,0.3712601933333333,0.0,Ju,1,1,64.0,2.5
Ju,baseline,contact_loss_bilateral,JuPt18,Ju,1,50,0.027106144999999998,0.9728938500000001,0.0,Ju,1,1,82.0,3.0
Ju,baseline,contact_loss_bilateral,JuPt19,Ju,1,16,0.057696091,0.9423038966666667,0.0,Ju,1,2,68.0,2.0
Ju,baseline,contact_loss_bilateral,JuPt20,Ju,1,16,0.09582078333333333,0.9041792133333333,0.0,Ju,1,1,64.0,2.0
Ju,baseline,contact_loss_bilateral,JuPt21,Ju,1,33,0.5074977333333334,0.4925022833333333,0.0,Ju,1,1,84.0,2.5
Ju,baseline,contact_loss_bilateral,JuPt22,Ju,1,15,0.57615182,0.4238481966666667,0.0,Ju,1,1,69.0,2.5
Ju,baseline,contact_loss_bilateral,JuPt23,Ju,1,15,0.8576920833333334,0.14230791,0.0,Ju,1,1,68.0,2.0
Ju,baseline,contact_loss_bilateral,JuPt24,Ju,1,22,0.2969190133333333,0.7030809833333334,0.0,Ju,1,1,68.0,2.5
Ju,baseline,contact_loss_bilateral,JuPt25,Ju,1,17,0.06494311133333333,0.9350568766666667,0.0,Ju,1,1,45.0,2.0
Ju,baseline,contact_loss_bilateral,JuPt26,Ju,1,21,0.6168016,0.38319839333333333,0.0,Ju,1,2,66.0,2.0
Ju,baseline,contact_loss_bilateral,JuPt27,Ju,1,18,0.21181584333333334,0.7881841666666666,0.0,Ju,1,2,58.0,2.0
Ju,baseline,contact_loss_bilateral,JuPt28,Ju,1,16,0.048113065,0.9518869366666666,0.0,Ju,1,2,57.0,2.5
Ju,baseline,contact_loss_bilateral,JuPt29,Ju,1,19,0.7349930666666668,0.265006936,0.0,Ju,1,2,69.0,2.5
Ju,baseline,saturation_bilateral,JuCo01,Ju,0,8,0.0158550235,0.9841449666666667,0.0,Ju,0,1,78.0,
Ju,baseline,saturation_bilateral,JuCo02,Ju,0,6,0.8063244333333334,0.19367554499999998,0.0,Ju,0,1,71.0,
Ju,baseline,saturation_bilateral,JuCo03,Ju,0,6,0.9288509533333333,0.07114904366666668,0.0,Ju,0,2,66.0,
Ju,baseline,saturation_bilateral,JuCo04,Ju,0,16,0.8505048133333334,0.14949518233333334,0.0,Ju,0,2,68.0,
Ju,baseline,saturation_bilateral,JuCo05,Ju,0,15,0.7678520333333333,0.23214796666666668,0.0,Ju,0,2,55.0,
Ju,baseline,saturation_bilateral,JuCo06,Ju,0,21,0.8459078033333333,0.15409218166666666,0.0,Ju,0,2,74.0,
Ju,baseline,saturation_bilateral,JuCo07,Ju,0,14,0.1887287516666667,0.8112712466666666,0.0,Ju,0,2,62.0,
Ju,baseline,saturation_bilateral,JuCo08,Ju,0,14,0.7568333633333334,0.24316663333333333,0.0,Ju,0,2,77.0,
Ju,baseline,saturation_bilateral,JuCo09,Ju,0,13,0.5826019100000001,0.41739811,0.0,Ju,0,1,65.0,
Ju,baseline,saturation_bilateral,JuCo11,Ju,0,16,0.5059953533333333,0.4940046466666667,0.0,Ju,0,1,72.0,
Ju,baseline,saturation_bilateral,JuCo12,Ju,0,17,0.009854162999999999,0.9901458399999999,0.0,Ju,0,2,72.0,
Ju,baseline,saturation_bilateral,JuCo13,Ju,0,16,0.99126875,0.008731261666666667,0.0,Ju,0,1,61.0,
Ju,baseline,saturation_bilateral,JuCo14,Ju,0,13,0.7802353166666666,0.21976468333333332,0.0,Ju,0,1,55.0,
Ju,baseline,saturation_bilateral,JuCo15,Ju,0,16,0.8460872300000001,0.15391274333333335,0.0,Ju,0,2,53.0,
Ju,baseline,saturation_bilateral,JuCo16,Ju,0,13,0.9892528433333334,0.010747164433333333,0.0,Ju,0,1,66.0,
Ju,baseline,saturation_bilateral,JuCo17,Ju,0,12,0.96423842,0.03576159933333333,0.0,Ju,0,2,65.0,
Ju,baseline,saturation_bilateral,JuCo18,Ju,0,16,0.8922369333333333,0.10776308033333333,0.0,Ju,0,2,64.0,
Ju,baseline,saturation_bilateral,JuCo19,Ju,0,15,0.9639840633333333,0.036015937666666664,0.0,Ju,0,2,59.0,
Ju,baseline,saturation_bilateral,JuCo20,Ju,0,19,0.049478501333333334,0.9505214866666667,0.0,Ju,0,2,67.0,
Ju,baseline,saturation_bilateral,JuCo21,Ju,0,17,0.38031565333333334,0.6196843466666667,0.0,Ju,0,1,60.0,
Ju,baseline,saturation_bilateral,JuCo22,Ju,0,17,0.9096074833333333,0.09039252000000002,0.0,Ju,0,2,62.0,
Ju,baseline,saturation_bilateral,JuCo23,Ju,0,17,0.4237919700000001,0.5762080466666667,0.0,Ju,0,1,68.0,
Ju,baseline,saturation_bilateral,JuCo24,Ju,0,14,0.9685308333333333,0.03146914433333333,0.0,Ju,0,1,64.0,
Ju,baseline,saturation_bilateral,JuCo25,Ju,0,14,0.6669898866666667,0.3330101066666667,0.0,Ju,0,1,53.0,
Ju,baseline,saturation_bilateral,JuCo26,Ju,0,14,0.8109924,0.18900762999999998,0.0,Ju,0,1,60.0,
Ju,baseline,saturation_bilateral,JuPt01,Ju,1,14,0.8230127833333333,0.17698722,0.0,Ju,1,1,77.0,2.0
Ju,baseline,saturation_bilateral,JuPt02,Ju,1,9,0.08984892133333333,0.9101510866666667,0.0,Ju,1,2,72.0,2.5
Ju,baseline,saturation_bilateral,JuPt03,Ju,1,8,0.4056548466666667,0.5943451666666667,0.0,Ju,1,2,74.0,2.5
Ju,baseline,saturation_bilateral,JuPt04,Ju,1,10,0.16308525333333332,0.8369147866666666,0.0,Ju,1,1,70.0,2.5
Ju,baseline,saturation_bilateral,JuPt05,Ju,1,6,0.053493056000000004,0.94650695,0.0,Ju,1,1,74.0,2.0
Ju,baseline,saturation_bilateral,JuPt06,Ju,1,11,0.021943133333333333,0.97805688,0.0,Ju,1,1,78.0,2.5
Ju,baseline,saturation_bilateral,JuPt07,Ju,1,7,0.24370071000000001,0.7562993033333333,0.0,Ju,1,2,51.0,3.0
Ju,baseline,saturation_bilateral,JuPt08,Ju,1,6,0.10226292533333332,0.89773705,0.0,Ju,1,2,54.0,2.0
Ju,baseline,saturation_bilateral,JuPt09,Ju,1,17,0.08477008933333334,0.91522988,0.0,Ju,1,1,61.0,2.5
Ju,baseline,saturation_bilateral,JuPt10,Ju,1,16,0.6325129966666666,0.3674869966666667,0.0,Ju,1,1,69.0,3.0
Ju,baseline,saturation_bilateral,JuPt11,Ju,1,25,0.4177723766666667,0.5822275966666667,0.0,Ju,1,1,74.0,2.0
Ju,baseline,saturation_bilateral,JuPt12,Ju,1,17,0.2062034543333333,0.7937965333333333,0.0,Ju,1,2,58.0,2.5
Ju,baseline,saturation_bilateral,JuPt13,Ju,1,30,0.10375863833333333,0.8962413166666666,0.0,Ju,1,1,80.0,3.0
Ju,baseline,saturation_bilateral,JuPt14,Ju,1,21,0.011368866666666666,0.9886311533333334,0.0,Ju,1,2,67.0,2.0
Ju,baseline,saturation_bilateral,JuPt15,Ju,1,17,0.36721710333333335,0.63278292,0.0,Ju,1,2,64.0,2.5
Ju,baseline,saturation_bilateral,JuPt16,Ju,1,26,0.05520471533333333,0.9447952666666666,0.0,Ju,1,2,64.0,2.0
Ju,baseline,saturation_bilateral,JuPt17,Ju,1,17,0.5719811333333333,0.4280188866666667,0.0,Ju,1,1,64.0,2.5
Ju,baseline,saturation_bilateral,JuPt18,Ju,1,50,0.02569858833333333,0.9743014066666666,0.0,Ju,1,1,82.0,3.0
Ju,baseline,saturation_bilateral,JuPt19,Ju,1,16,0.035647234,0.9643527966666667,0.0,Ju,1,2,68.0,2.0
Ju,baseline,saturation_bilateral,JuPt20,Ju,1,16,0.07744299966666666,0.922557,0.0,Ju,1,1,64.0,2.0
Ju,baseline,saturation_bilateral,JuPt21,Ju,1,33,0.45257304000000004,0.5474269433333333,0.0,Ju,1,1,84.0,2.5
Ju,baseline,saturation_bilateral,JuPt22,Ju,1,15,0.5380522600000001,0.46194774,0.0,Ju,1,1,69.0,2.5
Ju,baseline,saturation_bilateral,JuPt23,Ju,1,15,0.7190485866666667,0.2809513866666667,0.0,Ju,1,1,68.0,2.0
Ju,baseline,saturation_bilateral,JuPt24,Ju,1,22,0.20469665999999997,0.7953033533333334,0.0,Ju,1,1,68.0,2.5
Ju,baseline,saturation_bilateral,JuPt25,Ju,1,17,0.04826761666666666,0.9517323533333334,0.0,Ju,1,1,45.0,2.0
Ju,baseline,saturation_bilateral,JuPt26,Ju,1,21,0.5121149800000001,0.4878850066666667,0.0,Ju,1,2,66.0,2.0
Ju,baseline,saturation_bilateral,JuPt27,Ju,1,18,0.16309327166666668,0.8369067133333333,0.0,Ju,1,2,58.0,2.0
Ju,baseline,saturation_bilateral,JuPt28,Ju,1,16,0.04074467833333333,0.9592553166666667,0.0,Ju,1,2,57.0,2.5
Ju,baseline,saturation_bilateral,JuPt29,Ju,1,19,0.7135431433333334,0.286456871,0.0,Ju,1,2,69.0,2.5
Ju,baseline,drift_bilateral,JuCo01,Ju,0,8,0.25601061333333336,0.74398937,0.0,Ju,0,1,78.0,
Ju,baseline,drift_bilateral,JuCo02,Ju,0,6,0.7800920033333334,0.219908009,0.0,Ju,0,1,71.0,
Ju,baseline,drift_bilateral,JuCo03,Ju,0,6,0.9744658666666667,0.02553411933333333,0.0,Ju,0,2,66.0,
Ju,baseline,drift_bilateral,JuCo04,Ju,0,16,0.8956755933333334,0.10432439,0.0,Ju,0,2,68.0,
Ju,baseline,drift_bilateral,JuCo05,Ju,0,15,0.84533545,0.15466454,0.0,Ju,0,2,55.0,
Ju,baseline,drift_bilateral,JuCo06,Ju,0,21,0.9292919,0.070708117,0.0,Ju,0,2,74.0,
Ju,baseline,drift_bilateral,JuCo07,Ju,0,14,0.6784109099999999,0.3215890633333333,0.0,Ju,0,2,62.0,
Ju,baseline,drift_bilateral,JuCo08,Ju,0,14,0.9057164666666666,0.09428350633333334,0.0,Ju,0,2,77.0,
Ju,baseline,drift_bilateral,JuCo09,Ju,0,13,0.7420341666666667,0.2579658466666667,0.0,Ju,0,1,65.0,
Ju,baseline,drift_bilateral,JuCo11,Ju,0,16,0.8448832199999999,0.15511677,0.0,Ju,0,1,72.0,
Ju,baseline,drift_bilateral,JuCo12,Ju,0,17,0.2754566566666667,0.7245433666666666,0.0,Ju,0,2,72.0,
Ju,baseline,drift_bilateral,JuCo13,Ju,0,16,0.9602007,0.039799343,0.0,Ju,0,1,61.0,
Ju,baseline,drift_bilateral,JuCo14,Ju,0,13,0.9228044333333333,0.07719557433333334,0.0,Ju,0,1,55.0,
Ju,baseline,drift_bilateral,JuCo15,Ju,0,16,0.6950275333333332,0.30497247,0.0,Ju,0,2,53.0,
Ju,baseline,drift_bilateral,JuCo16,Ju,0,13,0.9908647899999999,0.009135182,0.0,Ju,0,1,66.0,
Ju,baseline,drift_bilateral,JuCo17,Ju,0,12,0.9482823433333333,0.05171764733333333,0.0,Ju,0,2,65.0,
Ju,baseline,drift_bilateral,JuCo18,Ju,0,16,0.9060976799999999,0.09390233866666665,0.0,Ju,0,2,64.0,
Ju,baseline,drift_bilateral,JuCo19,Ju,0,15,0.7562686366666668,0.24373134999999999,0.0,Ju,0,2,59.0,
Ju,baseline,drift_bilateral,JuCo20,Ju,0,19,0.5815252333333333,0.4184747633333334,0.0,Ju,0,2,67.0,
Ju,baseline,drift_bilateral,JuCo21,Ju,0,17,0.59277853,0.40722148999999996,0.0,Ju,0,1,60.0,
Ju,baseline,drift_bilateral,JuCo22,Ju,0,17,0.7077763300000001,0.29222367,0.0,Ju,0,2,62.0,
Ju,baseline,drift_bilateral,JuCo23,Ju,0,17,0.7855051666666667,0.214494822,0.0,Ju,0,1,68.0,
Ju,baseline,drift_bilateral,JuCo24,Ju,0,14,0.98286015,0.0171398498,0.0,Ju,0,1,64.0,
Ju,baseline,drift_bilateral,JuCo25,Ju,0,14,0.93110896,0.06889104,0.0,Ju,0,1,53.0,
Ju,baseline,drift_bilateral,JuCo26,Ju,0,14,0.9263628,0.07363723133333333,0.0,Ju,0,1,60.0,
Ju,baseline,drift_bilateral,JuPt01,Ju,1,14,0.8640792300000001,0.13592075833333334,0.0,Ju,1,1,77.0,2.0
Ju,baseline,drift_bilateral,JuPt02,Ju,1,9,0.3783628866666667,0.6216371333333334,0.0,Ju,1,2,72.0,2.5
Ju,baseline,drift_bilateral,JuPt03,Ju,1,8,0.6015070566666667,0.3984929466666667,0.0,Ju,1,2,74.0,2.5
Ju,baseline,drift_bilateral,JuPt04,Ju,1,10,0.6188155700000001,0.3811844133333333,0.0,Ju,1,1,70.0,2.5
Ju,baseline,drift_bilateral,JuPt05,Ju,1,6,0.7050633233333333,0.29493667333333334,0.0,Ju,1,1,74.0,2.0
Ju,baseline,drift_bilateral,JuPt06,Ju,1,11,0.27137548,0.72862452,0.0,Ju,1,1,78.0,2.5
Ju,baseline,drift_bilateral,JuPt07,Ju,1,7,0.6577342133333334,0.3422657533333333,0.0,Ju,1,2,51.0,3.0
Ju,baseline,drift_bilateral,JuPt08,Ju,1,6,0.5724134533333333,0.42758655,0.0,Ju,1,2,54.0,2.0
Ju,baseline,drift_bilateral,JuPt09,Ju,1,17,0.7108441766666668,0.28915582666666667,0.0,Ju,1,1,61.0,2.5
Ju,baseline,drift_bilateral,JuPt10,Ju,1,16,0.8821331099999999,0.11786689066666667,0.0,Ju,1,1,69.0,3.0
Ju,baseline,drift_bilateral,JuPt11,Ju,1,25,0.5597145966666667,0.44028538,0.0,Ju,1,1,74.0,2.0
Ju,baseline,drift_bilateral,JuPt12,Ju,1,17,0.5508609133333334,0.4491390766666667,0.0,Ju,1,2,58.0,2.5
Ju,baseline,drift_bilateral,JuPt13,Ju,1,30,0.4913379633333333,0.5086620366666667,0.0,Ju,1,1,80.0,3.0
Ju,baseline,drift_bilateral,JuPt14,Ju,1,21,0.43974938999999996,0.56025062,0.0,Ju,1,2,67.0,2.0
Ju,baseline,drift_bilateral,JuPt15,Ju,1,17,0.6479865733333333,0.35201345,0.0,Ju,1,2,64.0,2.5
Ju,baseline,drift_bilateral,JuPt16,Ju,1,26,0.4461850566666667,0.55381494,0.0,Ju,1,2,64.0,2.0
Ju,baseline,drift_bilateral,JuPt17,Ju,1,17,0.8680573466666667,0.13194262466666665,0.0,Ju,1,1,64.0,2.5
Ju,baseline,drift_bilateral,JuPt18,Ju,1,50,0.21660992999999998,0.7833900566666667,0.0,Ju,1,1,82.0,3.0
Ju,baseline,drift_bilateral,JuPt19,Ju,1,16,0.29196895333333334,0.7080310333333334,0.0,Ju,1,2,68.0,2.0
Ju,baseline,drift_bilateral,JuPt20,Ju,1,16,0.36743011,0.63256991,0.0,Ju,1,1,64.0,2.0
Ju,baseline,drift_bilateral,JuPt21,Ju,1,33,0.4306183133333333,0.5693817333333333,0.0,Ju,1,1,84.0,2.5
Ju,baseline,drift_bilateral,JuPt22,Ju,1,15,0.8407000233333334,0.15929997933333334,0.0,Ju,1,1,69.0,2.5
Ju,baseline,drift_bilateral,JuPt23,Ju,1,15,0.8135683666666668,0.18643163999999998,0.0,Ju,1,1,68.0,2.0
Ju,baseline,drift_bilateral,JuPt24,Ju,1,22,0.6195081066666667,0.38049186,0.0,Ju,1,1,68.0,2.5
Ju,baseline,drift_bilateral,JuPt25,Ju,1,17,0.42533241,0.5746675833333333,0.0,Ju,1,1,45.0,2.0
Ju,baseline,drift_bilateral,JuPt26,Ju,1,21,0.7425615333333333,0.2574384566666667,0.0,Ju,1,2,66.0,2.0
Ju,baseline,drift_bilateral,JuPt27,Ju,1,18,0.5243772,0.47562277999999997,0.0,Ju,1,2,58.0,2.0
Ju,baseline,drift_bilateral,JuPt28,Ju,1,16,0.37675969666666664,0.6232403033333332,0.0,Ju,1,2,57.0,2.5
Ju,baseline,drift_bilateral,JuPt29,Ju,1,19,0.86874451,0.13125546633333332,0.0,Ju,1,2,69.0,2.5
Ju,baseline,packet_loss_bilateral,JuCo01,Ju,0,8,0.02736838766666667,0.9726316,0.0,Ju,0,1,78.0,
Ju,baseline,packet_loss_bilateral,JuCo02,Ju,0,6,0.87060415,0.12939586666666666,0.0,Ju,0,1,71.0,
Ju,baseline,packet_loss_bilateral,JuCo03,Ju,0,6,0.9408435900000001,0.05915638,0.0,Ju,0,2,66.0,
Ju,baseline,packet_loss_bilateral,JuCo04,Ju,0,16,0.9046473,0.09535271766666666,0.0,Ju,0,2,68.0,
Ju,baseline,packet_loss_bilateral,JuCo05,Ju,0,15,0.8449473366666668,0.15505265333333332,0.0,Ju,0,2,55.0,
Ju,baseline,packet_loss_bilateral,JuCo06,Ju,0,21,0.9125043966666667,0.08749557333333334,0.0,Ju,0,2,74.0,
Ju,baseline,packet_loss_bilateral,JuCo07,Ju,0,14,0.26403223000000003,0.7359677233333333,0.0,Ju,0,2,62.0,
Ju,baseline,packet_loss_bilateral,JuCo08,Ju,0,14,0.8545607433333333,0.14543924666666666,0.0,Ju,0,2,77.0,
Ju,baseline,packet_loss_bilateral,JuCo09,Ju,0,13,0.8153880833333332,0.18461194133333333,0.0,Ju,0,1,65.0,
Ju,baseline,packet_loss_bilateral,JuCo11,Ju,0,16,0.6494837666666666,0.3505162233333334,0.0,Ju,0,1,72.0,
Ju,baseline,packet_loss_bilateral,JuCo12,Ju,0,17,0.020263764333333333,0.97973621,0.0,Ju,0,2,72.0,
Ju,baseline,packet_loss_bilateral,JuCo13,Ju,0,16,0.9898767833333334,0.0101232198,0.0,Ju,0,1,61.0,
Ju,baseline,packet_loss_bilateral,JuCo14,Ju,0,13,0.8100083333333333,0.1899916646666667,0.0,Ju,0,1,55.0,
Ju,baseline,packet_loss_bilateral,JuCo15,Ju,0,16,0.9003363433333332,0.09966366,0.0,Ju,0,2,53.0,
Ju,baseline,packet_loss_bilateral,JuCo16,Ju,0,13,0.9891094033333333,0.01089063,0.0,Ju,0,1,66.0,
Ju,baseline,packet_loss_bilateral,JuCo17,Ju,0,12,0.97356775,0.026432229333333335,0.0,Ju,0,2,65.0,
Ju,baseline,packet_loss_bilateral,JuCo18,Ju,0,16,0.93764462,0.06235537866666666,0.0,Ju,0,2,64.0,
Ju,baseline,packet_loss_bilateral,JuCo19,Ju,0,15,0.9673142433333334,0.03268574333333333,0.0,Ju,0,2,59.0,
Ju,baseline,packet_loss_bilateral,JuCo20,Ju,0,19,0.07835677,0.9216432466666666,0.0,Ju,0,2,67.0,
Ju,baseline,packet_loss_bilateral,JuCo21,Ju,0,17,0.43429411333333334,0.5657059233333334,0.0,Ju,0,1,60.0,
Ju,baseline,packet_loss_bilateral,JuCo22,Ju,0,17,0.9549217466666667,0.045078244999999996,0.0,Ju,0,2,62.0,
Ju,baseline,packet_loss_bilateral,JuCo23,Ju,0,17,0.5420516733333334,0.4579483466666667,0.0,Ju,0,1,68.0,
Ju,baseline,packet_loss_bilateral,JuCo24,Ju,0,14,0.9750297166666666,0.024970295,0.0,Ju,0,1,64.0,
Ju,baseline,packet_loss_bilateral,JuCo25,Ju,0,14,0.8049478766666667,0.19505212000000002,0.0,Ju,0,1,53.0,
Ju,baseline,packet_loss_bilateral,JuCo26,Ju,0,14,0.8748728866666666,0.12512709666666666,0.0,Ju,0,1,60.0,
Ju,baseline,packet_loss_bilateral,JuPt01,Ju,1,14,0.8782099466666667,0.12179003,0.0,Ju,1,1,77.0,2.0
Ju,baseline,packet_loss_bilateral,JuPt02,Ju,1,9,0.15087119000000002,0.8491288133333333,0.0,Ju,1,2,72.0,2.5
Ju,baseline,packet_loss_bilateral,JuPt03,Ju,1,8,0.4844426333333333,0.5155573666666666,0.0,Ju,1,2,74.0,2.5
Ju,baseline,packet_loss_bilateral,JuPt04,Ju,1,10,0.24882119,0.7511788199999999,0.0,Ju,1,1,70.0,2.5
Ju,baseline,packet_loss_bilateral,JuPt05,Ju,1,6,0.07831774066666666,0.9216822499999999,0.0,Ju,1,1,74.0,2.0
Ju,baseline,packet_loss_bilateral,JuPt06,Ju,1,11,0.029287067666666666,0.9707129333333334,0.0,Ju,1,1,78.0,2.5
Ju,baseline,packet_loss_bilateral,JuPt07,Ju,1,7,0.3914289,0.60857112,0.0,Ju,1,2,51.0,3.0
Ju,baseline,packet_loss_bilateral,JuPt08,Ju,1,6,0.18779853333333332,0.81220148,0.0,Ju,1,2,54.0,2.0
Ju,baseline,packet_loss_bilateral,JuPt09,Ju,1,17,0.18248641666666665,0.81751362,0.0,Ju,1,1,61.0,2.5
Ju,baseline,packet_loss_bilateral,JuPt10,Ju,1,16,0.7335797066666667,0.2664202983333333,0.0,Ju,1,1,69.0,3.0
Ju,baseline,packet_loss_bilateral,JuPt11,Ju,1,25,0.4725379633333333,0.5274620333333333,0.0,Ju,1,1,74.0,2.0
Ju,baseline,packet_loss_bilateral,JuPt12,Ju,1,17,0.27837502333333336,0.72162497,0.0,Ju,1,2,58.0,2.5
Ju,baseline,packet_loss_bilateral,JuPt13,Ju,1,30,0.13336315499999998,0.8666368366666667,0.0,Ju,1,1,80.0,3.0
Ju,baseline,packet_loss_bilateral,JuPt14,Ju,1,21,0.018412581,0.98158742,0.0,Ju,1,2,67.0,2.0
Ju,baseline,packet_loss_bilateral,JuPt15,Ju,1,17,0.5954697733333333,0.40453022666666666,0.0,Ju,1,2,64.0,2.5
Ju,baseline,packet_loss_bilateral,JuPt16,Ju,1,26,0.06840802533333333,0.93159197,0.0,Ju,1,2,64.0,2.0
Ju,baseline,packet_loss_bilateral,JuPt17,Ju,1,17,0.6867000966666668,0.3132998866666667,0.0,Ju,1,1,64.0,2.5
Ju,baseline,packet_loss_bilateral,JuPt18,Ju,1,50,0.038412342333333335,0.9615876666666666,0.0,Ju,1,1,82.0,3.0
Ju,baseline,packet_loss_bilateral,JuPt19,Ju,1,16,0.05709303533333334,0.9429069566666666,0.0,Ju,1,2,68.0,2.0
Ju,baseline,packet_loss_bilateral,JuPt20,Ju,1,16,0.12474089266666666,0.8752590866666666,0.0,Ju,1,1,64.0,2.0
Ju,baseline,packet_loss_bilateral,JuPt21,Ju,1,33,0.44518795,0.55481205,0.0,Ju,1,1,84.0,2.5
Ju,baseline,packet_loss_bilateral,JuPt22,Ju,1,15,0.6249076433333333,0.3750923453333333,0.0,Ju,1,1,69.0,2.5
Ju,baseline,packet_loss_bilateral,JuPt23,Ju,1,15,0.7976624666666666,0.20233754333333331,0.0,Ju,1,1,68.0,2.0
Ju,baseline,packet_loss_bilateral,JuPt24,Ju,1,22,0.35259636999999994,0.6474036566666667,0.0,Ju,1,1,68.0,2.5
Ju,baseline,packet_loss_bilateral,JuPt25,Ju,1,17,0.08228454233333334,0.91771548,0.0,Ju,1,1,45.0,2.0
Ju,baseline,packet_loss_bilateral,JuPt26,Ju,1,21,0.6587699466666667,0.3412300666666666,0.0,Ju,1,2,66.0,2.0
Ju,baseline,packet_loss_bilateral,JuPt27,Ju,1,18,0.2285207366666667,0.7714792633333333,0.0,Ju,1,2,58.0,2.0
Ju,baseline,packet_loss_bilateral,JuPt28,Ju,1,16,0.058263826666666664,0.9417361599999999,0.0,Ju,1,2,57.0,2.5
Ju,baseline,packet_loss_bilateral,JuPt29,Ju,1,19,0.7254524166666667,0.27454759766666664,0.0,Ju,1,2,69.0,2.5
Ju,baseline,gain_miscalibration,JuCo01,Ju,0,8,0.10454830999999999,0.8954517000000001,0.0,Ju,0,1,78.0,
Ju,baseline,gain_miscalibration,JuCo02,Ju,0,6,0.9772542999999999,0.022745685133333332,0.0,Ju,0,1,71.0,
Ju,baseline,gain_miscalibration,JuCo03,Ju,0,6,0.9785752666666667,0.021424762,0.0,Ju,0,2,66.0,
Ju,baseline,gain_miscalibration,JuCo04,Ju,0,16,0.9898195633333332,0.010180449333333333,0.0,Ju,0,2,68.0,
Ju,baseline,gain_miscalibration,JuCo05,Ju,0,15,0.9492027900000001,0.05079722933333333,0.0,Ju,0,2,55.0,
Ju,baseline,gain_miscalibration,JuCo06,Ju,0,21,0.9512699333333333,0.048730090000000004,0.0,Ju,0,2,74.0,
Ju,baseline,gain_miscalibration,JuCo07,Ju,0,14,0.4326684966666667,0.5673315033333334,0.0,Ju,0,2,62.0,
Ju,baseline,gain_miscalibration,JuCo08,Ju,0,14,0.9823943266666667,0.017605677833333333,0.0,Ju,0,2,77.0,
Ju,baseline,gain_miscalibration,JuCo09,Ju,0,13,0.9801639999999999,0.019835987333333333,0.0,Ju,0,1,65.0,
Ju,baseline,gain_miscalibration,JuCo11,Ju,0,16,0.9321468466666666,0.06785315766666668,0.0,Ju,0,1,72.0,
Ju,baseline,gain_miscalibration,JuCo12,Ju,0,17,0.3980071866666666,0.6019928166666667,0.0,Ju,0,2,72.0,
Ju,baseline,gain_miscalibration,JuCo13,Ju,0,16,0.9974102666666668,0.0025897337666666667,0.0,Ju,0,1,61.0,
Ju,baseline,gain_miscalibration,JuCo14,Ju,0,13,0.9794397,0.020560271333333335,0.0,Ju,0,1,55.0,
Ju,baseline,gain_miscalibration,JuCo15,Ju,0,16,0.9519870333333333,0.04801297333333333,0.0,Ju,0,2,53.0,
Ju,baseline,gain_miscalibration,JuCo16,Ju,0,13,0.99805118,0.00194881202,0.0,Ju,0,1,66.0,
Ju,baseline,gain_miscalibration,JuCo17,Ju,0,12,0.9943701599999999,0.005629803033333333,0.0,Ju,0,2,65.0,
Ju,baseline,gain_miscalibration,JuCo18,Ju,0,16,0.9915733900000001,0.008426606333333333,0.0,Ju,0,2,64.0,
Ju,baseline,gain_miscalibration,JuCo19,Ju,0,15,0.9887245466666666,0.011275447833333332,0.0,Ju,0,2,59.0,
Ju,baseline,gain_miscalibration,JuCo20,Ju,0,19,0.6321782533333333,0.3678217766666667,0.0,Ju,0,2,67.0,
Ju,baseline,gain_miscalibration,JuCo21,Ju,0,17,0.7675305133333333,0.23246946999999998,0.0,Ju,0,1,60.0,
Ju,baseline,gain_miscalibration,JuCo22,Ju,0,17,0.9741446466666667,0.025855335166666663,0.0,Ju,0,2,62.0,
Ju,baseline,gain_miscalibration,JuCo23,Ju,0,17,0.8800774133333333,0.11992257866666667,0.0,Ju,0,1,68.0,
Ju,baseline,gain_miscalibration,JuCo24,Ju,0,14,0.9968882966666667,0.003111699166666667,0.0,Ju,0,1,64.0,
Ju,baseline,gain_miscalibration,JuCo25,Ju,0,14,0.97122099,0.028779003666666667,0.0,Ju,0,1,53.0,
Ju,baseline,gain_miscalibration,JuCo26,Ju,0,14,0.9736582233333334,0.02634176033333333,0.0,Ju,0,1,60.0,
Ju,baseline,gain_miscalibration,JuPt01,Ju,1,14,0.9736582233333334,0.02634176033333333,0.0,Ju,1,1,77.0,2.0
Ju,baseline,gain_miscalibration,JuPt02,Ju,1,9,0.8963288233333334,0.10367118266666668,0.0,Ju,1,2,72.0,2.5
Ju,baseline,gain_miscalibration,JuPt03,Ju,1,8,0.9116498866666666,0.08835011633333334,0.0,Ju,1,2,74.0,2.5
Ju,baseline,gain_miscalibration,JuPt04,Ju,1,10,0.6133308999999999,0.38666909,0.0,Ju,1,1,70.0,2.5
Ju,baseline,gain_miscalibration,JuPt05,Ju,1,6,0.5444137166666666,0.4555862766666667,0.0,Ju,1,1,74.0,2.0
Ju,baseline,gain_miscalibration,JuPt06,Ju,1,11,0.3606576686666667,0.63934232,0.0,Ju,1,1,78.0,2.5
Ju,baseline,gain_miscalibration,JuPt07,Ju,1,7,0.7772005766666666,0.22279942066666666,0.0,Ju,1,2,51.0,3.0
Ju,baseline,gain_miscalibration,JuPt08,Ju,1,6,0.6395478866666666,0.3604521133333333,0.0,Ju,1,2,54.0,2.0
Ju,baseline,gain_miscalibration,JuPt09,Ju,1,17,0.7460204199999999,0.2539795716666667,0.0,Ju,1,1,61.0,2.5
Ju,baseline,gain_miscalibration,JuPt10,Ju,1,16,0.5627885833333334,0.43721139666666664,0.0,Ju,1,1,69.0,3.0
Ju,baseline,gain_miscalibration,JuPt11,Ju,1,25,0.7306140733333333,0.26938591333333334,0.0,Ju,1,1,74.0,2.0
Ju,baseline,gain_miscalibration,JuPt12,Ju,1,17,0.7129325366666667,0.2870674366666667,0.0,Ju,1,2,58.0,2.5
Ju,baseline,gain_miscalibration,JuPt13,Ju,1,30,0.5904321499999999,0.40956784333333335,0.0,Ju,1,1,80.0,3.0
Ju,baseline,gain_miscalibration,JuPt14,Ju,1,21,0.15751825233333336,0.8424817666666667,0.0,Ju,1,2,67.0,2.0
Ju,baseline,gain_miscalibration,JuPt15,Ju,1,17,0.9315920266666667,0.06840797333333333,0.0,Ju,1,2,64.0,2.5
Ju,baseline,gain_miscalibration,JuPt16,Ju,1,26,0.6109866833333334,0.389013332,0.0,Ju,1,2,64.0,2.0
Ju,baseline,gain_miscalibration,JuPt17,Ju,1,17,0.9661963633333334,0.0338036434,0.0,Ju,1,1,64.0,2.5
Ju,baseline,gain_miscalibration,JuPt18,Ju,1,50,0.28405493,0.7159450733333333,0.0,Ju,1,1,82.0,3.0
Ju,baseline,gain_miscalibration,JuPt19,Ju,1,16,0.3483036766666667,0.65169634,0.0,Ju,1,2,68.0,2.0
Ju,baseline,gain_miscalibration,JuPt20,Ju,1,16,0.47355195,0.52644804,0.0,Ju,1,1,64.0,2.0
Ju,baseline,gain_miscalibration,JuPt21,Ju,1,33,0.61265794,0.38734203333333334,0.0,Ju,1,1,84.0,2.5
Ju,baseline,gain_miscalibration,JuPt22,Ju,1,15,0.8815391533333333,0.11846084266666668,0.0,Ju,1,1,69.0,2.5
Ju,baseline,gain_miscalibration,JuPt23,Ju,1,15,0.9473185666666666,0.05268144933333333,0.0,Ju,1,1,68.0,2.0
Ju,baseline,gain_miscalibration,JuPt24,Ju,1,22,0.9187563,0.08124371533333333,0.0,Ju,1,1,68.0,2.5
Ju,baseline,gain_miscalibration,JuPt25,Ju,1,17,0.5977787566666667,0.4022212666666667,0.0,Ju,1,1,45.0,2.0
Ju,baseline,gain_miscalibration,JuPt26,Ju,1,21,0.9642997466666667,0.03570024966666666,0.0,Ju,1,2,66.0,2.0
Ju,baseline,gain_miscalibration,JuPt27,Ju,1,18,0.8528763,0.14712372,0.0,Ju,1,2,58.0,2.0
Ju,baseline,gain_miscalibration,JuPt28,Ju,1,16,0.4210658266666667,0.5789341866666666,0.0,Ju,1,2,57.0,2.5
Ju,baseline,gain_miscalibration,JuPt29,Ju,1,19,0.9152976566666666,0.08470236873333332,0.0,Ju,1,2,69.0,2.5
Ju,fasca,clean_both,JuCo01,Ju,0,8,0.21508440666666664,0.7849156,0.0,Ju,0,1,78.0,
Ju,fasca,clean_both,JuCo02,Ju,0,6,0.7976930433333332,0.20230694999999999,0.0,Ju,0,1,71.0,
Ju,fasca,clean_both,JuCo03,Ju,0,6,0.7488312733333333,0.2511686866666667,0.0,Ju,0,2,66.0,
Ju,fasca,clean_both,JuCo04,Ju,0,16,0.84446464,0.15553537166666667,0.0,Ju,0,2,68.0,
Ju,fasca,clean_both,JuCo05,Ju,0,15,0.7837234000000001,0.21627662,0.0,Ju,0,2,55.0,
Ju,fasca,clean_both,JuCo06,Ju,0,21,0.7133777666666666,0.28662226,0.0,Ju,0,2,74.0,
Ju,fasca,clean_both,JuCo07,Ju,0,14,0.80142631,0.19857368333333333,0.0,Ju,0,2,62.0,
Ju,fasca,clean_both,JuCo08,Ju,0,14,0.8604018133333332,0.13959818666666665,0.0,Ju,0,2,77.0,
Ju,fasca,clean_both,JuCo09,Ju,0,13,0.6726688366666668,0.3273311666666667,0.0,Ju,0,1,65.0,
Ju,fasca,clean_both,JuCo11,Ju,0,16,0.32797286866666664,0.6720271266666668,0.0,Ju,0,1,72.0,
Ju,fasca,clean_both,JuCo12,Ju,0,17,0.20537889133333334,0.7946211033333332,0.0,Ju,0,2,72.0,
Ju,fasca,clean_both,JuCo13,Ju,0,16,0.95055078,0.049449211,0.0,Ju,0,1,61.0,
Ju,fasca,clean_both,JuCo14,Ju,0,13,0.35092943000000004,0.6490705800000001,0.0,Ju,0,1,55.0,
Ju,fasca,clean_both,JuCo15,Ju,0,16,0.6928892833333333,0.3071107433333333,0.0,Ju,0,2,53.0,
Ju,fasca,clean_both,JuCo16,Ju,0,13,0.93990785,0.060092179,0.0,Ju,0,1,66.0,
Ju,fasca,clean_both,JuCo17,Ju,0,12,0.9376495866666666,0.062350398,0.0,Ju,0,2,65.0,
Ju,fasca,clean_both,JuCo18,Ju,0,16,0.8777988933333333,0.12220109,0.0,Ju,0,2,64.0,
Ju,fasca,clean_both,JuCo19,Ju,0,15,0.8580129066666666,0.14198708166666665,0.0,Ju,0,2,59.0,
Ju,fasca,clean_both,JuCo20,Ju,0,19,0.3345097033333333,0.6654903166666667,0.0,Ju,0,2,67.0,
Ju,fasca,clean_both,JuCo21,Ju,0,17,0.48247253333333334,0.5175274499999999,0.0,Ju,0,1,60.0,
Ju,fasca,clean_both,JuCo22,Ju,0,17,0.7151653566666667,0.2848346433333333,0.0,Ju,0,2,62.0,
Ju,fasca,clean_both,JuCo23,Ju,0,17,0.5061118233333334,0.4938882133333333,0.0,Ju,0,1,68.0,
Ju,fasca,clean_both,JuCo24,Ju,0,14,0.8527247933333334,0.1472752,0.0,Ju,0,1,64.0,
Ju,fasca,clean_both,JuCo25,Ju,0,14,0.6570512433333333,0.3429487766666666,0.0,Ju,0,1,53.0,
Ju,fasca,clean_both,JuCo26,Ju,0,14,0.68449917,0.31550081999999996,0.0,Ju,0,1,60.0,
Ju,fasca,clean_both,JuPt01,Ju,1,14,0.68449917,0.31550081999999996,0.0,Ju,1,1,77.0,2.0
Ju,fasca,clean_both,JuPt02,Ju,1,9,0.20699620999999999,0.7930038,0.0,Ju,1,2,72.0,2.5
Ju,fasca,clean_both,JuPt03,Ju,1,8,0.29562498,0.7043750000000001,0.0,Ju,1,2,74.0,2.5
Ju,fasca,clean_both,JuPt04,Ju,1,10,0.14105763000000002,0.85894232,0.0,Ju,1,1,70.0,2.5
Ju,fasca,clean_both,JuPt05,Ju,1,6,0.16521575666666666,0.8347842333333334,0.0,Ju,1,1,74.0,2.0
Ju,fasca,clean_both,JuPt06,Ju,1,11,0.12482107999999999,0.8751789666666667,0.0,Ju,1,1,78.0,2.5
Ju,fasca,clean_both,JuPt07,Ju,1,7,0.42980583,0.5701941866666667,0.0,Ju,1,2,51.0,3.0
Ju,fasca,clean_both,JuPt08,Ju,1,6,0.338121882,0.66187811,0.0,Ju,1,2,54.0,2.0
Ju,fasca,clean_both,JuPt09,Ju,1,17,0.17548213333333332,0.8245178833333333,0.0,Ju,1,1,61.0,2.5
Ju,fasca,clean_both,JuPt10,Ju,1,16,0.4807181766666666,0.5192818266666667,0.0,Ju,1,1,69.0,3.0
Ju,fasca,clean_both,JuPt11,Ju,1,25,0.3969926833333333,0.6030073066666667,0.0,Ju,1,1,74.0,2.0
Ju,fasca,clean_both,JuPt12,Ju,1,17,0.2561552833333333,0.7438447,0.0,Ju,1,2,58.0,2.5
Ju,fasca,clean_both,JuPt13,Ju,1,30,0.13339887666666667,0.8666011066666667,0.0,Ju,1,1,80.0,3.0
Ju,fasca,clean_both,JuPt14,Ju,1,21,0.07511665766666667,0.9248833166666667,0.0,Ju,1,2,67.0,2.0
Ju,fasca,clean_both,JuPt15,Ju,1,17,0.5420698333333333,0.45793017,0.0,Ju,1,2,64.0,2.5
Ju,fasca,clean_both,JuPt16,Ju,1,26,0.20963955199999998,0.79036045,0.0,Ju,1,2,64.0,2.0
Ju,fasca,clean_both,JuPt17,Ju,1,17,0.4608330033333334,0.53916697,0.0,Ju,1,1,64.0,2.5
Ju,fasca,clean_both,JuPt18,Ju,1,50,0.10260588,0.8973940966666666,0.0,Ju,1,1,82.0,3.0
Ju,fasca,clean_both,JuPt19,Ju,1,16,0.31682615666666664,0.6831738333333334,0.0,Ju,1,2,68.0,2.0
Ju,fasca,clean_both,JuPt20,Ju,1,16,0.2926974466666667,0.7073025666666667,0.0,Ju,1,1,64.0,2.0
Ju,fasca,clean_both,JuPt21,Ju,1,33,0.3521266633333333,0.6478733533333333,0.0,Ju,1,1,84.0,2.5
Ju,fasca,clean_both,JuPt22,Ju,1,15,0.28378807666666667,0.7162118833333334,0.0,Ju,1,1,69.0,2.5
Ju,fasca,clean_both,JuPt23,Ju,1,15,0.7823028666666666,0.21769711333333333,0.0,Ju,1,1,68.0,2.0
Ju,fasca,clean_both,JuPt24,Ju,1,22,0.45619019666666666,0.5438097766666666,0.0,Ju,1,1,68.0,2.5
Ju,fasca,clean_both,JuPt25,Ju,1,17,0.22365439333333334,0.7763456300000001,0.0,Ju,1,1,45.0,2.0
Ju,fasca,clean_both,JuPt26,Ju,1,21,0.5001129233333333,0.49988710666666664,0.0,Ju,1,2,66.0,2.0
Ju,fasca,clean_both,JuPt27,Ju,1,18,0.41002578333333334,0.5899741833333333,0.0,Ju,1,2,58.0,2.0
Ju,fasca,clean_both,JuPt28,Ju,1,16,0.186215731,0.8137842533333334,0.0,Ju,1,2,57.0,2.5
Ju,fasca,clean_both,JuPt29,Ju,1,19,0.5926813566666667,0.40731863666666673,0.0,Ju,1,2,69.0,2.5
Ju,fasca,left_only,JuCo01,Ju,0,8,0.27154273,0.72845725,0.0,Ju,0,1,78.0,
Ju,fasca,left_only,JuCo02,Ju,0,6,0.8462899433333333,0.15371010333333332,0.0,Ju,0,1,71.0,
Ju,fasca,left_only,JuCo03,Ju,0,6,0.7647643166666667,0.23523567166666667,0.0,Ju,0,2,66.0,
Ju,fasca,left_only,JuCo04,Ju,0,16,0.8853513666666667,0.11464861266666666,0.0,Ju,0,2,68.0,
Ju,fasca,left_only,JuCo05,Ju,0,15,0.7909996866666668,0.20900029333333334,0.0,Ju,0,2,55.0,
Ju,fasca,left_only,JuCo06,Ju,0,21,0.5728126533333333,0.4271873533333334,0.0,Ju,0,2,74.0,
Ju,fasca,left_only,JuCo07,Ju,0,14,0.81963228,0.18036772,0.0,Ju,0,2,62.0,
Ju,fasca,left_only,JuCo08,Ju,0,14,0.78734372,0.21265627666666664,0.0,Ju,0,2,77.0,
Ju,fasca,left_only,JuCo09,Ju,0,13,0.5891653266666667,0.4108346566666667,0.0,Ju,0,1,65.0,
Ju,fasca,left_only,JuCo11,Ju,0,16,0.3506714666666666,0.6493285533333334,0.0,Ju,0,1,72.0,
Ju,fasca,left_only,JuCo12,Ju,0,17,0.33907898233333333,0.6609210166666667,0.0,Ju,0,2,72.0,
Ju,fasca,left_only,JuCo13,Ju,0,16,0.9370989766666667,0.06290100833333333,0.0,Ju,0,1,61.0,
Ju,fasca,left_only,JuCo14,Ju,0,13,0.205272482,0.7947275333333333,0.0,Ju,0,1,55.0,
Ju,fasca,left_only,JuCo15,Ju,0,16,0.6547849800000001,0.34521502,0.0,Ju,0,2,53.0,
Ju,fasca,left_only,JuCo16,Ju,0,13,0.9389625,0.061037468333333324,0.0,Ju,0,1,66.0,
Ju,fasca,left_only,JuCo17,Ju,0,12,0.8995797533333333,0.100420258,0.0,Ju,0,2,65.0,
Ju,fasca,left_only,JuCo18,Ju,0,16,0.8439800033333333,0.156020002,0.0,Ju,0,2,64.0,
Ju,fasca,left_only,JuCo19,Ju,0,15,0.8487834133333333,0.15121660333333334,0.0,Ju,0,2,59.0,
Ju,fasca,left_only,JuCo20,Ju,0,19,0.3119086833333333,0.6880913333333334,0.0,Ju,0,2,67.0,
Ju,fasca,left_only,JuCo21,Ju,0,17,0.38287658666666663,0.6171234133333333,0.0,Ju,0,1,60.0,
Ju,fasca,left_only,JuCo22,Ju,0,17,0.7663975000000001,0.23360251666666665,0.0,Ju,0,2,62.0,
Ju,fasca,left_only,JuCo23,Ju,0,17,0.40541562999999997,0.5945843733333334,0.0,Ju,0,1,68.0,
Ju,fasca,left_only,JuCo24,Ju,0,14,0.8275795666666667,0.17242041666666666,0.0,Ju,0,1,64.0,
Ju,fasca,left_only,JuCo25,Ju,0,14,0.7803500666666666,0.21964991,0.0,Ju,0,1,53.0,
Ju,fasca,left_only,JuCo26,Ju,0,14,0.7932907,0.20670929000000002,0.0,Ju,0,1,60.0,
Ju,fasca,left_only,JuPt01,Ju,1,14,0.7932907,0.20670929000000002,0.0,Ju,1,1,77.0,2.0
Ju,fasca,left_only,JuPt02,Ju,1,9,0.16685836533333334,0.8331416566666667,0.0,Ju,1,2,72.0,2.5
Ju,fasca,left_only,JuPt03,Ju,1,8,0.19090907333333332,0.8090909066666666,0.0,Ju,1,2,74.0,2.5
Ju,fasca,left_only,JuPt04,Ju,1,10,0.15172058833333332,0.84827941,0.0,Ju,1,1,70.0,2.5
Ju,fasca,left_only,JuPt05,Ju,1,6,0.13279453166666666,0.8672054566666666,0.0,Ju,1,1,74.0,2.0
Ju,fasca,left_only,JuPt06,Ju,1,11,0.133235095,0.8667648900000001,0.0,Ju,1,1,78.0,2.5
Ju,fasca,left_only,JuPt07,Ju,1,7,0.44182806,0.5581719666666666,0.0,Ju,1,2,51.0,3.0
Ju,fasca,left_only,JuPt08,Ju,1,6,0.4381425266666667,0.5618575033333334,0.0,Ju,1,2,54.0,2.0
Ju,fasca,left_only,JuPt09,Ju,1,17,0.16473076666666667,0.8352692166666666,0.0,Ju,1,1,61.0,2.5
Ju,fasca,left_only,JuPt10,Ju,1,16,0.6848347666666667,0.3151652466666667,0.0,Ju,1,1,69.0,3.0
Ju,fasca,left_only,JuPt11,Ju,1,25,0.5375412580000001,0.4624587466666667,0.0,Ju,1,1,74.0,2.0
Ju,fasca,left_only,JuPt12,Ju,1,17,0.26866571,0.7313343,0.0,Ju,1,2,58.0,2.5
Ju,fasca,left_only,JuPt13,Ju,1,30,0.24978310666666667,0.7502168966666667,0.0,Ju,1,1,80.0,3.0
Ju,fasca,left_only,JuPt14,Ju,1,21,0.057639326666666664,0.9423607,0.0,Ju,1,2,67.0,2.0
Ju,fasca,left_only,JuPt15,Ju,1,17,0.3692557533333334,0.63074425,0.0,Ju,1,2,64.0,2.5
Ju,fasca,left_only,JuPt16,Ju,1,26,0.181281304,0.8187186766666666,0.0,Ju,1,2,64.0,2.0
Ju,fasca,left_only,JuPt17,Ju,1,17,0.16392748333333335,0.8360725333333333,0.0,Ju,1,1,64.0,2.5
Ju,fasca,left_only,JuPt18,Ju,1,50,0.11675200166666666,0.8832479666666666,0.0,Ju,1,1,82.0,3.0
Ju,fasca,left_only,JuPt19,Ju,1,16,0.23642575000000002,0.7635742333333333,0.0,Ju,1,2,68.0,2.0
Ju,fasca,left_only,JuPt20,Ju,1,16,0.5873161100000001,0.41268389666666666,0.0,Ju,1,1,64.0,2.0
Ju,fasca,left_only,JuPt21,Ju,1,33,0.4157432933333333,0.58425669,0.0,Ju,1,1,84.0,2.5
Ju,fasca,left_only,JuPt22,Ju,1,15,0.23649220133333335,0.7635078200000001,0.0,Ju,1,1,69.0,2.5
Ju,fasca,left_only,JuPt23,Ju,1,15,0.7762896633333334,0.22371035500000003,0.0,Ju,1,1,68.0,2.0
Ju,fasca,left_only,JuPt24,Ju,1,22,0.5377185766666667,0.4622814,0.0,Ju,1,1,68.0,2.5
Ju,fasca,left_only,JuPt25,Ju,1,17,0.29120519866666666,0.7087948000000001,0.0,Ju,1,1,45.0,2.0
Ju,fasca,left_only,JuPt26,Ju,1,21,0.2662862166666667,0.7337137766666667,0.0,Ju,1,2,66.0,2.0
Ju,fasca,left_only,JuPt27,Ju,1,18,0.2767675133333333,0.7232324833333333,0.0,Ju,1,2,58.0,2.0
Ju,fasca,left_only,JuPt28,Ju,1,16,0.22452081666666668,0.7754791733333333,0.0,Ju,1,2,57.0,2.5
Ju,fasca,left_only,JuPt29,Ju,1,19,0.5777875866666666,0.4222124,0.0,Ju,1,2,69.0,2.5
Ju,fasca,right_only,JuCo01,Ju,0,8,0.17109738333333332,0.82890262,0.0,Ju,0,1,78.0,
Ju,fasca,right_only,JuCo02,Ju,0,6,0.7223661233333334,0.277633865,0.0,Ju,0,1,71.0,
Ju,fasca,right_only,JuCo03,Ju,0,6,0.7037556733333333,0.2962443433333333,0.0,Ju,0,2,66.0,
Ju,fasca,right_only,JuCo04,Ju,0,16,0.7598586800000001,0.24014129333333334,0.0,Ju,0,2,68.0,
Ju,fasca,right_only,JuCo05,Ju,0,15,0.7461160766666666,0.25388395,0.0,Ju,0,2,55.0,
Ju,fasca,right_only,JuCo06,Ju,0,21,0.79474528,0.20525475666666668,0.0,Ju,0,2,74.0,
Ju,fasca,right_only,JuCo07,Ju,0,14,0.7473684366666666,0.2526315866666667,0.0,Ju,0,2,62.0,
Ju,fasca,right_only,JuCo08,Ju,0,14,0.8800026466666666,0.11999735066666667,0.0,Ju,0,2,77.0,
Ju,fasca,right_only,JuCo09,Ju,0,13,0.7496148166666666,0.25038517666666665,0.0,Ju,0,1,65.0,
Ju,fasca,right_only,JuCo11,Ju,0,16,0.31593523,0.6840647866666666,0.0,Ju,0,1,72.0,
Ju,fasca,right_only,JuCo12,Ju,0,17,0.11145351766666667,0.8885464833333333,0.0,Ju,0,2,72.0,
Ju,fasca,right_only,JuCo13,Ju,0,16,0.9509332933333333,0.04906670366666666,0.0,Ju,0,1,61.0,
Ju,fasca,right_only,JuCo14,Ju,0,13,0.6526092566666667,0.3473907733333334,0.0,Ju,0,1,55.0,
Ju,fasca,right_only,JuCo15,Ju,0,16,0.6961697766666667,0.30383022200000004,0.0,Ju,0,2,53.0,
Ju,fasca,right_only,JuCo16,Ju,0,13,0.9345583666666667,0.065441623,0.0,Ju,0,1,66.0,
Ju,fasca,right_only,JuCo17,Ju,0,12,0.9551283100000001,0.044871661666666667,0.0,Ju,0,2,65.0,
Ju,fasca,right_only,JuCo18,Ju,0,16,0.8869796799999999,0.11302032000000001,0.0,Ju,0,2,64.0,
Ju,fasca,right_only,JuCo19,Ju,0,15,0.8630566666666667,0.13694332333333334,0.0,Ju,0,2,59.0,
Ju,fasca,right_only,JuCo20,Ju,0,19,0.3714431166666667,0.6285568600000001,0.0,Ju,0,2,67.0,
Ju,fasca,right_only,JuCo21,Ju,0,17,0.5386318533333333,0.46136815333333336,0.0,Ju,0,1,60.0,
Ju,fasca,right_only,JuCo22,Ju,0,17,0.6276818133333334,0.37231818,0.0,Ju,0,2,62.0,
Ju,fasca,right_only,JuCo23,Ju,0,17,0.60439122,0.39560875,0.0,Ju,0,1,68.0,
Ju,fasca,right_only,JuCo24,Ju,0,14,0.8627058833333333,0.13729410833333333,0.0,Ju,0,1,64.0,
Ju,fasca,right_only,JuCo25,Ju,0,14,0.5206525033333333,0.4793474866666667,0.0,Ju,0,1,53.0,
Ju,fasca,right_only,JuCo26,Ju,0,14,0.56485824,0.43514174666666666,0.0,Ju,0,1,60.0,
Ju,fasca,right_only,JuPt01,Ju,1,14,0.56485824,0.43514174666666666,0.0,Ju,1,1,77.0,2.0
Ju,fasca,right_only,JuPt02,Ju,1,9,0.31033651333333334,0.6896634666666667,0.0,Ju,1,2,72.0,2.5
Ju,fasca,right_only,JuPt03,Ju,1,8,0.4754092566666666,0.5245907399999999,0.0,Ju,1,2,74.0,2.5
Ju,fasca,right_only,JuPt04,Ju,1,10,0.175611879,0.8243881000000001,0.0,Ju,1,1,70.0,2.5
Ju,fasca,right_only,JuPt05,Ju,1,6,0.22556754599999998,0.77443242,0.0,Ju,1,1,74.0,2.0
Ju,fasca,right_only,JuPt06,Ju,1,11,0.12936741999999998,0.8706326,0.0,Ju,1,1,78.0,2.5
Ju,fasca,right_only,JuPt07,Ju,1,7,0.42256087000000003,0.5774390933333334,0.0,Ju,1,2,51.0,3.0
Ju,fasca,right_only,JuPt08,Ju,1,6,0.2576949366666667,0.7423050666666667,0.0,Ju,1,2,54.0,2.0
Ju,fasca,right_only,JuPt09,Ju,1,17,0.19228791999999997,0.8077120733333333,0.0,Ju,1,1,61.0,2.5
Ju,fasca,right_only,JuPt10,Ju,1,16,0.19969612666666667,0.80030388,0.0,Ju,1,1,69.0,3.0
Ju,fasca,right_only,JuPt11,Ju,1,25,0.22323172000000002,0.7767683133333333,0.0,Ju,1,1,74.0,2.0
Ju,fasca,right_only,JuPt12,Ju,1,17,0.28873275666666665,0.7112672400000001,0.0,Ju,1,2,58.0,2.5
Ju,fasca,right_only,JuPt13,Ju,1,30,0.086622305,0.9133777,0.0,Ju,1,1,80.0,3.0
Ju,fasca,right_only,JuPt14,Ju,1,21,0.11381514666666666,0.8861848333333334,0.0,Ju,1,2,67.0,2.0
Ju,fasca,right_only,JuPt15,Ju,1,17,0.71186894,0.2881310266666667,0.0,Ju,1,2,64.0,2.5
Ju,fasca,right_only,JuPt16,Ju,1,26,0.29602276666666666,0.7039772333333333,0.0,Ju,1,2,64.0,2.0
Ju,fasca,right_only,JuPt17,Ju,1,17,0.7698498699999999,0.23015013333333334,0.0,Ju,1,1,64.0,2.5
Ju,fasca,right_only,JuPt18,Ju,1,50,0.10178667866666667,0.8982133666666666,0.0,Ju,1,1,82.0,3.0
Ju,fasca,right_only,JuPt19,Ju,1,16,0.41778766666666667,0.5822123433333334,0.0,Ju,1,2,68.0,2.0
Ju,fasca,right_only,JuPt20,Ju,1,16,0.15796192066666667,0.84203808,0.0,Ju,1,1,64.0,2.0
Ju,fasca,right_only,JuPt21,Ju,1,33,0.2042304633333333,0.7957695,0.0,Ju,1,1,84.0,2.5
Ju,fasca,right_only,JuPt22,Ju,1,15,0.36863657000000005,0.6313634333333333,0.0,Ju,1,1,69.0,2.5
Ju,fasca,right_only,JuPt23,Ju,1,15,0.6922949766666667,0.307705035,0.0,Ju,1,1,68.0,2.0
Ju,fasca,right_only,JuPt24,Ju,1,22,0.36819516999999996,0.6318048633333334,0.0,Ju,1,1,68.0,2.5
Ju,fasca,right_only,JuPt25,Ju,1,17,0.18989212333333336,0.8101078666666667,0.0,Ju,1,1,45.0,2.0
Ju,fasca,right_only,JuPt26,Ju,1,21,0.7167417233333334,0.2832582633333333,0.0,Ju,1,2,66.0,2.0
Ju,fasca,right_only,JuPt27,Ju,1,18,0.5932388,0.4067611933333333,0.0,Ju,1,2,58.0,2.0
Ju,fasca,right_only,JuPt28,Ju,1,16,0.16215932433333333,0.8378406666666667,0.0,Ju,1,2,57.0,2.5
Ju,fasca,right_only,JuPt29,Ju,1,19,0.5997039466666667,0.4002960633333334,0.0,Ju,1,2,69.0,2.5
Ju,fasca,sensor_dead_bilateral,JuCo01,Ju,0,8,0.36868902666666664,0.63131095,1.0,Ju,0,1,78.0,
Ju,fasca,sensor_dead_bilateral,JuCo02,Ju,0,6,0.8292406133333333,0.17075938666666668,1.0,Ju,0,1,71.0,
Ju,fasca,sensor_dead_bilateral,JuCo03,Ju,0,6,0.71374981,0.2862501533333333,1.0,Ju,0,2,66.0,
Ju,fasca,sensor_dead_bilateral,JuCo04,Ju,0,16,0.7774649833333332,0.22253503166666666,1.0,Ju,0,2,68.0,
Ju,fasca,sensor_dead_bilateral,JuCo05,Ju,0,15,0.8077981566666667,0.19220185999999997,1.0,Ju,0,2,55.0,
Ju,fasca,sensor_dead_bilateral,JuCo06,Ju,0,21,0.6279414733333333,0.37205856,1.0,Ju,0,2,74.0,
Ju,fasca,sensor_dead_bilateral,JuCo07,Ju,0,14,0.7975622233333333,0.20243776,1.0,Ju,0,2,62.0,
Ju,fasca,sensor_dead_bilateral,JuCo08,Ju,0,14,0.8142327233333333,0.18576727333333332,1.0,Ju,0,2,77.0,
Ju,fasca,sensor_dead_bilateral,JuCo09,Ju,0,13,0.7202104833333333,0.2797895066666667,1.0,Ju,0,1,65.0,
Ju,fasca,sensor_dead_bilateral,JuCo11,Ju,0,16,0.3337165866666667,0.6662834000000001,1.0,Ju,0,1,72.0,
Ju,fasca,sensor_dead_bilateral,JuCo12,Ju,0,17,0.25947885433333334,0.7405211566666666,1.0,Ju,0,2,72.0,
Ju,fasca,sensor_dead_bilateral,JuCo13,Ju,0,16,0.8935780666666666,0.106421945,1.0,Ju,0,1,61.0,
Ju,fasca,sensor_dead_bilateral,JuCo14,Ju,0,13,0.31266137,0.68733865,1.0,Ju,0,1,55.0,
Ju,fasca,sensor_dead_bilateral,JuCo15,Ju,0,16,0.6981946666666666,0.3018053333333333,1.0,Ju,0,2,53.0,
Ju,fasca,sensor_dead_bilateral,JuCo16,Ju,0,13,0.8901384466666666,0.109861565,1.0,Ju,0,1,66.0,
Ju,fasca,sensor_dead_bilateral,JuCo17,Ju,0,12,0.9029415,0.09705851,1.0,Ju,0,2,65.0,
Ju,fasca,sensor_dead_bilateral,JuCo18,Ju,0,16,0.8710281599999999,0.12897182,1.0,Ju,0,2,64.0,
Ju,fasca,sensor_dead_bilateral,JuCo19,Ju,0,15,0.8424558666666666,0.15754414,1.0,Ju,0,2,59.0,
Ju,fasca,sensor_dead_bilateral,JuCo20,Ju,0,19,0.4156899966666667,0.5843100333333333,1.0,Ju,0,2,67.0,
Ju,fasca,sensor_dead_bilateral,JuCo21,Ju,0,17,0.5717872866666667,0.42821271333333333,1.0,Ju,0,1,60.0,
Ju,fasca,sensor_dead_bilateral,JuCo22,Ju,0,17,0.6897037533333333,0.3102962533333333,1.0,Ju,0,2,62.0,
Ju,fasca,sensor_dead_bilateral,JuCo23,Ju,0,17,0.39262657,0.6073734333333333,1.0,Ju,0,1,68.0,
Ju,fasca,sensor_dead_bilateral,JuCo24,Ju,0,14,0.7293859,0.27061411,1.0,Ju,0,1,64.0,
Ju,fasca,sensor_dead_bilateral,JuCo25,Ju,0,14,0.7178885466666666,0.2821114533333333,1.0,Ju,0,1,53.0,
Ju,fasca,sensor_dead_bilateral,JuCo26,Ju,0,14,0.6928393,0.30716070666666667,1.0,Ju,0,1,60.0,
Ju,fasca,sensor_dead_bilateral,JuPt01,Ju,1,14,0.6176138633333333,0.3823861466666667,1.0,Ju,1,1,77.0,2.0
Ju,fasca,sensor_dead_bilateral,JuPt02,Ju,1,9,0.24399074333333334,0.7560092566666666,1.0,Ju,1,2,72.0,2.5
Ju,fasca,sensor_dead_bilateral,JuPt03,Ju,1,8,0.4290946066666666,0.5709054,1.0,Ju,1,2,74.0,2.5
Ju,fasca,sensor_dead_bilateral,JuPt04,Ju,1,10,0.14639219666666667,0.8536078133333334,1.0,Ju,1,1,70.0,2.5
Ju,fasca,sensor_dead_bilateral,JuPt05,Ju,1,6,0.14243814233333332,0.8575618366666666,1.0,Ju,1,1,74.0,2.0
Ju,fasca,sensor_dead_bilateral,JuPt06,Ju,1,11,0.19385737666666666,0.8061426366666667,1.0,Ju,1,1,78.0,2.5
Ju,fasca,sensor_dead_bilateral,JuPt07,Ju,1,7,0.54415705,0.45584294,1.0,Ju,1,2,51.0,3.0
Ju,fasca,sensor_dead_bilateral,JuPt08,Ju,1,6,0.4280027433333333,0.57199724,1.0,Ju,1,2,54.0,2.0
Ju,fasca,sensor_dead_bilateral,JuPt09,Ju,1,17,0.21191793333333334,0.7880820666666667,1.0,Ju,1,1,61.0,2.5
Ju,fasca,sensor_dead_bilateral,JuPt10,Ju,1,16,0.34370014,0.6562998666666666,1.0,Ju,1,1,69.0,3.0
Ju,fasca,sensor_dead_bilateral,JuPt11,Ju,1,25,0.42911715999999994,0.5708828433333334,1.0,Ju,1,1,74.0,2.0
Ju,fasca,sensor_dead_bilateral,JuPt12,Ju,1,17,0.3294651066666667,0.6705348666666667,1.0,Ju,1,2,58.0,2.5
Ju,fasca,sensor_dead_bilateral,JuPt13,Ju,1,30,0.12636746000000001,0.8736325333333333,1.0,Ju,1,1,80.0,3.0
Ju,fasca,sensor_dead_bilateral,JuPt14,Ju,1,21,0.12086263500000001,0.87913736,1.0,Ju,1,2,67.0,2.0
Ju,fasca,sensor_dead_bilateral,JuPt15,Ju,1,17,0.59576934,0.40423067333333335,1.0,Ju,1,2,64.0,2.5
Ju,fasca,sensor_dead_bilateral,JuPt16,Ju,1,26,0.2610720633333333,0.7389279666666667,1.0,Ju,1,2,64.0,2.0
Ju,fasca,sensor_dead_bilateral,JuPt17,Ju,1,17,0.4358231666666667,0.5641768233333333,1.0,Ju,1,1,64.0,2.5
Ju,fasca,sensor_dead_bilateral,JuPt18,Ju,1,50,0.11237627533333333,0.8876237233333333,1.0,Ju,1,1,82.0,3.0
Ju,fasca,sensor_dead_bilateral,JuPt19,Ju,1,16,0.4269362366666667,0.5730638,1.0,Ju,1,2,68.0,2.0
Ju,fasca,sensor_dead_bilateral,JuPt20,Ju,1,16,0.40417723333333333,0.5958227433333333,1.0,Ju,1,1,64.0,2.0
Ju,fasca,sensor_dead_bilateral,JuPt21,Ju,1,33,0.3934840066666667,0.6065159933333333,1.0,Ju,1,1,84.0,2.5
Ju,fasca,sensor_dead_bilateral,JuPt22,Ju,1,15,0.28148436666666665,0.7185156133333334,1.0,Ju,1,1,69.0,2.5
Ju,fasca,sensor_dead_bilateral,JuPt23,Ju,1,15,0.74649212,0.25350786333333336,1.0,Ju,1,1,68.0,2.0
Ju,fasca,sensor_dead_bilateral,JuPt24,Ju,1,22,0.3947200866666667,0.6052799233333334,1.0,Ju,1,1,68.0,2.5
Ju,fasca,sensor_dead_bilateral,JuPt25,Ju,1,17,0.22592443666666664,0.7740755533333333,1.0,Ju,1,1,45.0,2.0
Ju,fasca,sensor_dead_bilateral,JuPt26,Ju,1,21,0.5230660933333333,0.47693389999999997,1.0,Ju,1,2,66.0,2.0
Ju,fasca,sensor_dead_bilateral,JuPt27,Ju,1,18,0.44295799666666663,0.557042,1.0,Ju,1,2,58.0,2.0
Ju,fasca,sensor_dead_bilateral,JuPt28,Ju,1,16,0.15349039666666667,0.8465096133333333,1.0,Ju,1,2,57.0,2.5
Ju,fasca,sensor_dead_bilateral,JuPt29,Ju,1,19,0.5233926666666666,0.4766073333333334,1.0,Ju,1,2,69.0,2.5
Ju,fasca,near_dead_bilateral,JuCo01,Ju,0,8,0.3743426966666667,0.6256573099999999,0.0,Ju,0,1,78.0,
Ju,fasca,near_dead_bilateral,JuCo02,Ju,0,6,0.7929542333333334,0.20704574666666667,0.0,Ju,0,1,71.0,
Ju,fasca,near_dead_bilateral,JuCo03,Ju,0,6,0.6783604533333333,0.3216395633333333,0.0,Ju,0,2,66.0,
Ju,fasca,near_dead_bilateral,JuCo04,Ju,0,16,0.7897297166666667,0.21027026333333332,0.0,Ju,0,2,68.0,
Ju,fasca,near_dead_bilateral,JuCo05,Ju,0,15,0.7249068366666668,0.27509315666666667,0.0,Ju,0,2,55.0,
Ju,fasca,near_dead_bilateral,JuCo06,Ju,0,21,0.6669423666666666,0.3330576066666667,0.0,Ju,0,2,74.0,
Ju,fasca,near_dead_bilateral,JuCo07,Ju,0,14,0.81350785,0.18649216666666665,0.0,Ju,0,2,62.0,
Ju,fasca,near_dead_bilateral,JuCo08,Ju,0,14,0.7731499199999999,0.22685011666666666,0.0,Ju,0,2,77.0,
Ju,fasca,near_dead_bilateral,JuCo09,Ju,0,13,0.7183616333333332,0.28163836999999997,0.0,Ju,0,1,65.0,
Ju,fasca,near_dead_bilateral,JuCo11,Ju,0,16,0.2884854066666666,0.7115145933333333,0.0,Ju,0,1,72.0,
Ju,fasca,near_dead_bilateral,JuCo12,Ju,0,17,0.25386714233333335,0.74613287,0.0,Ju,0,2,72.0,
Ju,fasca,near_dead_bilateral,JuCo13,Ju,0,16,0.9304898233333333,0.069510158,0.0,Ju,0,1,61.0,
Ju,fasca,near_dead_bilateral,JuCo14,Ju,0,13,0.34272573333333334,0.6572742433333333,0.0,Ju,0,1,55.0,
Ju,fasca,near_dead_bilateral,JuCo15,Ju,0,16,0.6541704666666667,0.34582950666666673,0.0,Ju,0,2,53.0,
Ju,fasca,near_dead_bilateral,JuCo16,Ju,0,13,0.9107544866666667,0.08924547666666666,0.0,Ju,0,1,66.0,
Ju,fasca,near_dead_bilateral,JuCo17,Ju,0,12,0.9316770466666666,0.06832294233333333,0.0,Ju,0,2,65.0,
Ju,fasca,near_dead_bilateral,JuCo18,Ju,0,16,0.8491566866666668,0.15084329666666665,0.0,Ju,0,2,64.0,
Ju,fasca,near_dead_bilateral,JuCo19,Ju,0,15,0.8426432899999999,0.15735671833333334,0.0,Ju,0,2,59.0,
Ju,fasca,near_dead_bilateral,JuCo20,Ju,0,19,0.3675617066666667,0.6324383,0.0,Ju,0,2,67.0,
Ju,fasca,near_dead_bilateral,JuCo21,Ju,0,17,0.5490923099999999,0.45090768333333336,0.0,Ju,0,1,60.0,
Ju,fasca,near_dead_bilateral,JuCo22,Ju,0,17,0.7961901899999999,0.20380978533333335,0.0,Ju,0,2,62.0,
Ju,fasca,near_dead_bilateral,JuCo23,Ju,0,17,0.46809788,0.5319021,0.0,Ju,0,1,68.0,
Ju,fasca,near_dead_bilateral,JuCo24,Ju,0,14,0.7793451733333333,0.22065482666666666,0.0,Ju,0,1,64.0,
Ju,fasca,near_dead_bilateral,JuCo25,Ju,0,14,0.6419887966666668,0.35801123,0.0,Ju,0,1,53.0,
Ju,fasca,near_dead_bilateral,JuCo26,Ju,0,14,0.6890106500000001,0.31098934333333333,0.0,Ju,0,1,60.0,
Ju,fasca,near_dead_bilateral,JuPt01,Ju,1,14,0.6384578166666667,0.3615421866666666,0.0,Ju,1,1,77.0,2.0
Ju,fasca,near_dead_bilateral,JuPt02,Ju,1,9,0.22082880666666668,0.7791712133333334,0.0,Ju,1,2,72.0,2.5
Ju,fasca,near_dead_bilateral,JuPt03,Ju,1,8,0.33562496,0.6643750266666667,0.0,Ju,1,2,74.0,2.5
Ju,fasca,near_dead_bilateral,JuPt04,Ju,1,10,0.14723455,0.8527654766666667,0.0,Ju,1,1,70.0,2.5
Ju,fasca,near_dead_bilateral,JuPt05,Ju,1,6,0.19350834166666667,0.8064916499999999,0.0,Ju,1,1,74.0,2.0
Ju,fasca,near_dead_bilateral,JuPt06,Ju,1,11,0.17266795,0.8273320666666667,0.0,Ju,1,1,78.0,2.5
Ju,fasca,near_dead_bilateral,JuPt07,Ju,1,7,0.5259008833333333,0.47409910333333327,0.0,Ju,1,2,51.0,3.0
Ju,fasca,near_dead_bilateral,JuPt08,Ju,1,6,0.3181960133333333,0.6818039833333334,0.0,Ju,1,2,54.0,2.0
Ju,fasca,near_dead_bilateral,JuPt09,Ju,1,17,0.20306274333333332,0.7969372633333333,0.0,Ju,1,1,61.0,2.5
Ju,fasca,near_dead_bilateral,JuPt10,Ju,1,16,0.35387498,0.6461250333333334,0.0,Ju,1,1,69.0,3.0
Ju,fasca,near_dead_bilateral,JuPt11,Ju,1,25,0.40290451,0.5970954866666666,0.0,Ju,1,1,74.0,2.0
Ju,fasca,near_dead_bilateral,JuPt12,Ju,1,17,0.30553410333333336,0.6944659,0.0,Ju,1,2,58.0,2.5
Ju,fasca,near_dead_bilateral,JuPt13,Ju,1,30,0.1245658,0.8754341666666666,0.0,Ju,1,1,80.0,3.0
Ju,fasca,near_dead_bilateral,JuPt14,Ju,1,21,0.1143821,0.8856179200000001,0.0,Ju,1,2,67.0,2.0
Ju,fasca,near_dead_bilateral,JuPt15,Ju,1,17,0.5615438366666666,0.4384561466666667,0.0,Ju,1,2,64.0,2.5
Ju,fasca,near_dead_bilateral,JuPt16,Ju,1,26,0.2568361866666667,0.7431637933333333,0.0,Ju,1,2,64.0,2.0
Ju,fasca,near_dead_bilateral,JuPt17,Ju,1,17,0.42867480666666663,0.5713252,0.0,Ju,1,1,64.0,2.5
Ju,fasca,near_dead_bilateral,JuPt18,Ju,1,50,0.11405736,0.88594268,0.0,Ju,1,1,82.0,3.0
Ju,fasca,near_dead_bilateral,JuPt19,Ju,1,16,0.4523064466666667,0.5476935566666666,0.0,Ju,1,2,68.0,2.0
Ju,fasca,near_dead_bilateral,JuPt20,Ju,1,16,0.31886623,0.6811337633333334,0.0,Ju,1,1,64.0,2.0
Ju,fasca,near_dead_bilateral,JuPt21,Ju,1,33,0.3926108,0.6073892166666667,0.0,Ju,1,1,84.0,2.5
Ju,fasca,near_dead_bilateral,JuPt22,Ju,1,15,0.3433569533333333,0.6566430733333334,0.0,Ju,1,1,69.0,2.5
Ju,fasca,near_dead_bilateral,JuPt23,Ju,1,15,0.7928909666666666,0.20710904,0.0,Ju,1,1,68.0,2.0
Ju,fasca,near_dead_bilateral,JuPt24,Ju,1,22,0.40721333666666665,0.5927866666666667,0.0,Ju,1,1,68.0,2.5
Ju,fasca,near_dead_bilateral,JuPt25,Ju,1,17,0.22639510333333335,0.7736048666666666,0.0,Ju,1,1,45.0,2.0
Ju,fasca,near_dead_bilateral,JuPt26,Ju,1,21,0.5343142933333334,0.46568571,0.0,Ju,1,2,66.0,2.0
Ju,fasca,near_dead_bilateral,JuPt27,Ju,1,18,0.43118306999999995,0.5688169133333334,0.0,Ju,1,2,58.0,2.0
Ju,fasca,near_dead_bilateral,JuPt28,Ju,1,16,0.15830657466666667,0.8416934533333333,0.0,Ju,1,2,57.0,2.5
Ju,fasca,near_dead_bilateral,JuPt29,Ju,1,19,0.5204514666666666,0.47954853999999997,0.0,Ju,1,2,69.0,2.5
Ju,fasca,contact_loss_bilateral,JuCo01,Ju,0,8,0.23792519666666667,0.7620748,0.0,Ju,0,1,78.0,
Ju,fasca,contact_loss_bilateral,JuCo02,Ju,0,6,0.7922146766666667,0.20778535333333334,0.0,Ju,0,1,71.0,
Ju,fasca,contact_loss_bilateral,JuCo03,Ju,0,6,0.73619285,0.263807118,0.0,Ju,0,2,66.0,
Ju,fasca,contact_loss_bilateral,JuCo04,Ju,0,16,0.8465818666666666,0.15341815666666667,0.0,Ju,0,2,68.0,
Ju,fasca,contact_loss_bilateral,JuCo05,Ju,0,15,0.7942803266666667,0.20571967000000002,0.0,Ju,0,2,55.0,
Ju,fasca,contact_loss_bilateral,JuCo06,Ju,0,21,0.7060039133333333,0.29399607,0.0,Ju,0,2,74.0,
Ju,fasca,contact_loss_bilateral,JuCo07,Ju,0,14,0.8176078766666667,0.1823920933333333,0.0,Ju,0,2,62.0,
Ju,fasca,contact_loss_bilateral,JuCo08,Ju,0,14,0.8529654233333334,0.14703459,0.0,Ju,0,2,77.0,
Ju,fasca,contact_loss_bilateral,JuCo09,Ju,0,13,0.7137493699999999,0.28625064,0.0,Ju,0,1,65.0,
Ju,fasca,contact_loss_bilateral,JuCo11,Ju,0,16,0.32867719666666667,0.6713228,0.0,Ju,0,1,72.0,
Ju,fasca,contact_loss_bilateral,JuCo12,Ju,0,17,0.213420167,0.7865798,0.0,Ju,0,2,72.0,
Ju,fasca,contact_loss_bilateral,JuCo13,Ju,0,16,0.9456775000000001,0.054322501333333335,0.0,Ju,0,1,61.0,
Ju,fasca,contact_loss_bilateral,JuCo14,Ju,0,13,0.34610289,0.6538970966666667,0.0,Ju,0,1,55.0,
Ju,fasca,contact_loss_bilateral,JuCo15,Ju,0,16,0.70611174,0.29388827666666667,0.0,Ju,0,2,53.0,
Ju,fasca,contact_loss_bilateral,JuCo16,Ju,0,13,0.9348188666666667,0.065181135,0.0,Ju,0,1,66.0,
Ju,fasca,contact_loss_bilateral,JuCo17,Ju,0,12,0.93540132,0.06459869933333333,0.0,Ju,0,2,65.0,
Ju,fasca,contact_loss_bilateral,JuCo18,Ju,0,16,0.8731874433333333,0.126812558,0.0,Ju,0,2,64.0,
Ju,fasca,contact_loss_bilateral,JuCo19,Ju,0,15,0.8565712766666667,0.14342873666666667,0.0,Ju,0,2,59.0,
Ju,fasca,contact_loss_bilateral,JuCo20,Ju,0,19,0.3528346233333333,0.6471653933333333,0.0,Ju,0,2,67.0,
Ju,fasca,contact_loss_bilateral,JuCo21,Ju,0,17,0.49644948000000005,0.5035504933333333,0.0,Ju,0,1,60.0,
Ju,fasca,contact_loss_bilateral,JuCo22,Ju,0,17,0.7275746466666666,0.27242534333333335,0.0,Ju,0,2,62.0,
Ju,fasca,contact_loss_bilateral,JuCo23,Ju,0,17,0.49310296666666664,0.50689705,0.0,Ju,0,1,68.0,
Ju,fasca,contact_loss_bilateral,JuCo24,Ju,0,14,0.8470608666666667,0.15293912666666667,0.0,Ju,0,1,64.0,
Ju,fasca,contact_loss_bilateral,JuCo25,Ju,0,14,0.6505906466666667,0.3494093366666667,0.0,Ju,0,1,53.0,
Ju,fasca,contact_loss_bilateral,JuCo26,Ju,0,14,0.6793203433333334,0.3206796433333334,0.0,Ju,0,1,60.0,
Ju,fasca,contact_loss_bilateral,JuPt01,Ju,1,14,0.6869714333333333,0.31302854333333335,0.0,Ju,1,1,77.0,2.0
Ju,fasca,contact_loss_bilateral,JuPt02,Ju,1,9,0.22094856066666668,0.77905145,0.0,Ju,1,2,72.0,2.5
Ju,fasca,contact_loss_bilateral,JuPt03,Ju,1,8,0.29495511,0.7050449,0.0,Ju,1,2,74.0,2.5
Ju,fasca,contact_loss_bilateral,JuPt04,Ju,1,10,0.14462124333333334,0.8553787399999999,0.0,Ju,1,1,70.0,2.5
Ju,fasca,contact_loss_bilateral,JuPt05,Ju,1,6,0.16884413466666667,0.8311558466666668,0.0,Ju,1,1,74.0,2.0
Ju,fasca,contact_loss_bilateral,JuPt06,Ju,1,11,0.13071085166666666,0.8692891433333333,0.0,Ju,1,1,78.0,2.5
Ju,fasca,contact_loss_bilateral,JuPt07,Ju,1,7,0.44659917,0.55340082,0.0,Ju,1,2,51.0,3.0
Ju,fasca,contact_loss_bilateral,JuPt08,Ju,1,6,0.3449978966666667,0.6550020933333333,0.0,Ju,1,2,54.0,2.0
Ju,fasca,contact_loss_bilateral,JuPt09,Ju,1,17,0.17467328333333332,0.8253267466666667,0.0,Ju,1,1,61.0,2.5
Ju,fasca,contact_loss_bilateral,JuPt10,Ju,1,16,0.47005448,0.5299455266666667,0.0,Ju,1,1,69.0,3.0
Ju,fasca,contact_loss_bilateral,JuPt11,Ju,1,25,0.419750855,0.5802491266666667,0.0,Ju,1,1,74.0,2.0
Ju,fasca,contact_loss_bilateral,JuPt12,Ju,1,17,0.26043412666666665,0.7395658866666667,0.0,Ju,1,2,58.0,2.5
Ju,fasca,contact_loss_bilateral,JuPt13,Ju,1,30,0.12871725866666667,0.8712827233333332,0.0,Ju,1,1,80.0,3.0
Ju,fasca,contact_loss_bilateral,JuPt14,Ju,1,21,0.079228246,0.9207717166666667,0.0,Ju,1,2,67.0,2.0
Ju,fasca,contact_loss_bilateral,JuPt15,Ju,1,17,0.5635875,0.43641252999999997,0.0,Ju,1,2,64.0,2.5
Ju,fasca,contact_loss_bilateral,JuPt16,Ju,1,26,0.22497934666666666,0.7750206633333333,0.0,Ju,1,2,64.0,2.0
Ju,fasca,contact_loss_bilateral,JuPt17,Ju,1,17,0.4528821333333333,0.5471178733333334,0.0,Ju,1,1,64.0,2.5
Ju,fasca,contact_loss_bilateral,JuPt18,Ju,1,50,0.10319002666666667,0.8968099333333334,0.0,Ju,1,1,82.0,3.0
Ju,fasca,contact_loss_bilateral,JuPt19,Ju,1,16,0.33409579666666667,0.66590418,0.0,Ju,1,2,68.0,2.0
Ju,fasca,contact_loss_bilateral,JuPt20,Ju,1,16,0.30383249,0.6961675,0.0,Ju,1,1,64.0,2.0
Ju,fasca,contact_loss_bilateral,JuPt21,Ju,1,33,0.37061676666666665,0.62938328,0.0,Ju,1,1,84.0,2.5
Ju,fasca,contact_loss_bilateral,JuPt22,Ju,1,15,0.29388217333333333,0.7061178166666666,0.0,Ju,1,1,69.0,2.5
Ju,fasca,contact_loss_bilateral,JuPt23,Ju,1,15,0.8177892,0.18221082666666666,0.0,Ju,1,1,68.0,2.0
Ju,fasca,contact_loss_bilateral,JuPt24,Ju,1,22,0.44711645333333333,0.5528835566666667,0.0,Ju,1,1,68.0,2.5
Ju,fasca,contact_loss_bilateral,JuPt25,Ju,1,17,0.23467029166666667,0.7653297233333333,0.0,Ju,1,1,45.0,2.0
Ju,fasca,contact_loss_bilateral,JuPt26,Ju,1,21,0.49991202,0.50008798,0.0,Ju,1,2,66.0,2.0
Ju,fasca,contact_loss_bilateral,JuPt27,Ju,1,18,0.4212313833333334,0.5787686333333334,0.0,Ju,1,2,58.0,2.0
Ju,fasca,contact_loss_bilateral,JuPt28,Ju,1,16,0.18458653466666666,0.8154134699999999,0.0,Ju,1,2,57.0,2.5
Ju,fasca,contact_loss_bilateral,JuPt29,Ju,1,19,0.5919128566666667,0.40808711000000003,0.0,Ju,1,2,69.0,2.5
Ju,fasca,saturation_bilateral,JuCo01,Ju,0,8,0.197867159,0.8021328333333333,0.0,Ju,0,1,78.0,
Ju,fasca,saturation_bilateral,JuCo02,Ju,0,6,0.7497504833333334,0.25024955,0.0,Ju,0,1,71.0,
Ju,fasca,saturation_bilateral,JuCo03,Ju,0,6,0.7239363000000001,0.2760636533333333,0.0,Ju,0,2,66.0,
Ju,fasca,saturation_bilateral,JuCo04,Ju,0,16,0.8135937166666666,0.18640627666666668,0.0,Ju,0,2,68.0,
Ju,fasca,saturation_bilateral,JuCo05,Ju,0,15,0.7482131666666666,0.25178685666666667,0.0,Ju,0,2,55.0,
Ju,fasca,saturation_bilateral,JuCo06,Ju,0,21,0.6564616466666667,0.34353835,0.0,Ju,0,2,74.0,
Ju,fasca,saturation_bilateral,JuCo07,Ju,0,14,0.7599176566666667,0.2400823533333333,0.0,Ju,0,2,62.0,
Ju,fasca,saturation_bilateral,JuCo08,Ju,0,14,0.8261147133333333,0.17388528666666667,0.0,Ju,0,2,77.0,
Ju,fasca,saturation_bilateral,JuCo09,Ju,0,13,0.5921861833333334,0.4078138,0.0,Ju,0,1,65.0,
Ju,fasca,saturation_bilateral,JuCo11,Ju,0,16,0.30727469999999996,0.6927252999999999,0.0,Ju,0,1,72.0,
Ju,fasca,saturation_bilateral,JuCo12,Ju,0,17,0.18991923833333335,0.81008075,0.0,Ju,0,2,72.0,
Ju,fasca,saturation_bilateral,JuCo13,Ju,0,16,0.9398193366666666,0.06018065166666666,0.0,Ju,0,1,61.0,
Ju,fasca,saturation_bilateral,JuCo14,Ju,0,13,0.33206889,0.6679311,0.0,Ju,0,1,55.0,
Ju,fasca,saturation_bilateral,JuCo15,Ju,0,16,0.6540970033333333,0.3459030066666667,0.0,Ju,0,2,53.0,
Ju,fasca,saturation_bilateral,JuCo16,Ju,0,13,0.9268537233333333,0.073146278,0.0,Ju,0,1,66.0,
Ju,fasca,saturation_bilateral,JuCo17,Ju,0,12,0.91396032,0.08603966533333333,0.0,Ju,0,2,65.0,
Ju,fasca,saturation_bilateral,JuCo18,Ju,0,16,0.83983818,0.16016184,0.0,Ju,0,2,64.0,
Ju,fasca,saturation_bilateral,JuCo19,Ju,0,15,0.8226557966666667,0.17734418666666665,0.0,Ju,0,2,59.0,
Ju,fasca,saturation_bilateral,JuCo20,Ju,0,19,0.2976998766666667,0.7023001433333333,0.0,Ju,0,2,67.0,
Ju,fasca,saturation_bilateral,JuCo21,Ju,0,17,0.46262172,0.5373782966666666,0.0,Ju,0,1,60.0,
Ju,fasca,saturation_bilateral,JuCo22,Ju,0,17,0.6575972,0.34240282000000005,0.0,Ju,0,2,62.0,
Ju,fasca,saturation_bilateral,JuCo23,Ju,0,17,0.4728691866666667,0.5271307766666667,0.0,Ju,0,1,68.0,
Ju,fasca,saturation_bilateral,JuCo24,Ju,0,14,0.80423198,0.19576797999999998,0.0,Ju,0,1,64.0,
Ju,fasca,saturation_bilateral,JuCo25,Ju,0,14,0.6254971766666667,0.3745028133333333,0.0,Ju,0,1,53.0,
Ju,fasca,saturation_bilateral,JuCo26,Ju,0,14,0.6411146033333334,0.35888539999999997,0.0,Ju,0,1,60.0,
Ju,fasca,saturation_bilateral,JuPt01,Ju,1,14,0.6672785333333334,0.3327214633333333,0.0,Ju,1,1,77.0,2.0
Ju,fasca,saturation_bilateral,JuPt02,Ju,1,9,0.197793788,0.80220622,0.0,Ju,1,2,72.0,2.5
Ju,fasca,saturation_bilateral,JuPt03,Ju,1,8,0.29210167000000004,0.7078983333333334,0.0,Ju,1,2,74.0,2.5
Ju,fasca,saturation_bilateral,JuPt04,Ju,1,10,0.13921463333333334,0.8607853666666667,0.0,Ju,1,1,70.0,2.5
Ju,fasca,saturation_bilateral,JuPt05,Ju,1,6,0.15759679066666665,0.8424032,0.0,Ju,1,1,74.0,2.0
Ju,fasca,saturation_bilateral,JuPt06,Ju,1,11,0.11967262266666667,0.8803274066666668,0.0,Ju,1,1,78.0,2.5
Ju,fasca,saturation_bilateral,JuPt07,Ju,1,7,0.40228938999999997,0.59771058,0.0,Ju,1,2,51.0,3.0
Ju,fasca,saturation_bilateral,JuPt08,Ju,1,6,0.30740543866666664,0.6925945866666666,0.0,Ju,1,2,54.0,2.0
Ju,fasca,saturation_bilateral,JuPt09,Ju,1,17,0.15985278533333333,0.84014721,0.0,Ju,1,1,61.0,2.5
Ju,fasca,saturation_bilateral,JuPt10,Ju,1,16,0.4449938066666667,0.5550061933333333,0.0,Ju,1,1,69.0,3.0
Ju,fasca,saturation_bilateral,JuPt11,Ju,1,25,0.37845615000000005,0.6215438433333333,0.0,Ju,1,1,74.0,2.0
Ju,fasca,saturation_bilateral,JuPt12,Ju,1,17,0.23840087866666668,0.7615991166666666,0.0,Ju,1,2,58.0,2.5
Ju,fasca,saturation_bilateral,JuPt13,Ju,1,30,0.13422909833333332,0.8657709233333333,0.0,Ju,1,1,80.0,3.0
Ju,fasca,saturation_bilateral,JuPt14,Ju,1,21,0.07729423366666667,0.9227057799999999,0.0,Ju,1,2,67.0,2.0
Ju,fasca,saturation_bilateral,JuPt15,Ju,1,17,0.4580140666666667,0.5419859333333333,0.0,Ju,1,2,64.0,2.5
Ju,fasca,saturation_bilateral,JuPt16,Ju,1,26,0.19983518999999997,0.8001648,0.0,Ju,1,2,64.0,2.0
Ju,fasca,saturation_bilateral,JuPt17,Ju,1,17,0.4060593166666666,0.5939406266666666,0.0,Ju,1,1,64.0,2.5
Ju,fasca,saturation_bilateral,JuPt18,Ju,1,50,0.10694005000000001,0.8930599366666666,0.0,Ju,1,1,82.0,3.0
Ju,fasca,saturation_bilateral,JuPt19,Ju,1,16,0.30318795466666665,0.6968120400000001,0.0,Ju,1,2,68.0,2.0
Ju,fasca,saturation_bilateral,JuPt20,Ju,1,16,0.2719171516666667,0.7280828333333332,0.0,Ju,1,1,64.0,2.0
Ju,fasca,saturation_bilateral,JuPt21,Ju,1,33,0.35106601,0.6489339900000001,0.0,Ju,1,1,84.0,2.5
Ju,fasca,saturation_bilateral,JuPt22,Ju,1,15,0.2680351,0.7319649,0.0,Ju,1,1,69.0,2.5
Ju,fasca,saturation_bilateral,JuPt23,Ju,1,15,0.7361062866666667,0.2638937333333333,0.0,Ju,1,1,68.0,2.0
Ju,fasca,saturation_bilateral,JuPt24,Ju,1,22,0.4066662966666667,0.5933337033333334,0.0,Ju,1,1,68.0,2.5
Ju,fasca,saturation_bilateral,JuPt25,Ju,1,17,0.21537100133333334,0.7846289833333334,0.0,Ju,1,1,45.0,2.0
Ju,fasca,saturation_bilateral,JuPt26,Ju,1,21,0.4377423266666667,0.5622576466666667,0.0,Ju,1,2,66.0,2.0
Ju,fasca,saturation_bilateral,JuPt27,Ju,1,18,0.38078155999999996,0.61921844,0.0,Ju,1,2,58.0,2.0
Ju,fasca,saturation_bilateral,JuPt28,Ju,1,16,0.18314148233333336,0.8168585366666666,0.0,Ju,1,2,57.0,2.5
Ju,fasca,saturation_bilateral,JuPt29,Ju,1,19,0.5746489333333333,0.42535105666666667,0.0,Ju,1,2,69.0,2.5
Ju,fasca,drift_bilateral,JuCo01,Ju,0,8,0.18193995,0.8180600666666668,0.0,Ju,0,1,78.0,
Ju,fasca,drift_bilateral,JuCo02,Ju,0,6,0.6579238533333333,0.34207616,0.0,Ju,0,1,71.0,
Ju,fasca,drift_bilateral,JuCo03,Ju,0,6,0.7256908566666667,0.27430914,0.0,Ju,0,2,66.0,
Ju,fasca,drift_bilateral,JuCo04,Ju,0,16,0.7830023533333333,0.21699763133333336,0.0,Ju,0,2,68.0,
Ju,fasca,drift_bilateral,JuCo05,Ju,0,15,0.7402495166666666,0.2597504666666667,0.0,Ju,0,2,55.0,
Ju,fasca,drift_bilateral,JuCo06,Ju,0,21,0.6196718666666666,0.38032811,0.0,Ju,0,2,74.0,
Ju,fasca,drift_bilateral,JuCo07,Ju,0,14,0.8084406999999999,0.19155927333333334,0.0,Ju,0,2,62.0,
Ju,fasca,drift_bilateral,JuCo08,Ju,0,14,0.8272780700000001,0.17272189999999998,0.0,Ju,0,2,77.0,
Ju,fasca,drift_bilateral,JuCo09,Ju,0,13,0.65790202,0.3420979833333333,0.0,Ju,0,1,65.0,
Ju,fasca,drift_bilateral,JuCo11,Ju,0,16,0.37256805,0.6274319533333333,0.0,Ju,0,1,72.0,
Ju,fasca,drift_bilateral,JuCo12,Ju,0,17,0.18853588866666668,0.8114640833333334,0.0,Ju,0,2,72.0,
Ju,fasca,drift_bilateral,JuCo13,Ju,0,16,0.9058192666666667,0.09418072333333333,0.0,Ju,0,1,61.0,
Ju,fasca,drift_bilateral,JuCo14,Ju,0,13,0.42044691666666667,0.5795530866666666,0.0,Ju,0,1,55.0,
Ju,fasca,drift_bilateral,JuCo15,Ju,0,16,0.5746641166666667,0.42533589,0.0,Ju,0,2,53.0,
Ju,fasca,drift_bilateral,JuCo16,Ju,0,13,0.90036594,0.09963407,0.0,Ju,0,1,66.0,
Ju,fasca,drift_bilateral,JuCo17,Ju,0,12,0.8921030233333335,0.107897,0.0,Ju,0,2,65.0,
Ju,fasca,drift_bilateral,JuCo18,Ju,0,16,0.8142801533333334,0.18571985333333332,0.0,Ju,0,2,64.0,
Ju,fasca,drift_bilateral,JuCo19,Ju,0,15,0.6990681666666667,0.30093182333333335,0.0,Ju,0,2,59.0,
Ju,fasca,drift_bilateral,JuCo20,Ju,0,19,0.35534712333333335,0.6446528333333333,0.0,Ju,0,2,67.0,
Ju,fasca,drift_bilateral,JuCo21,Ju,0,17,0.4113574466666667,0.5886425566666666,0.0,Ju,0,1,60.0,
Ju,fasca,drift_bilateral,JuCo22,Ju,0,17,0.6097009333333333,0.39029907999999996,0.0,Ju,0,2,62.0,
Ju,fasca,drift_bilateral,JuCo23,Ju,0,17,0.5473707966666667,0.4526292033333334,0.0,Ju,0,1,68.0,
Ju,fasca,drift_bilateral,JuCo24,Ju,0,14,0.8200099166666667,0.17999007999999997,0.0,Ju,0,1,64.0,
Ju,fasca,drift_bilateral,JuCo25,Ju,0,14,0.7055032433333333,0.2944967733333333,0.0,Ju,0,1,53.0,
Ju,fasca,drift_bilateral,JuCo26,Ju,0,14,0.7329973366666667,0.2670026366666667,0.0,Ju,0,1,60.0,
Ju,fasca,drift_bilateral,JuPt01,Ju,1,14,0.6485234966666668,0.35147652,0.0,Ju,1,1,77.0,2.0
Ju,fasca,drift_bilateral,JuPt02,Ju,1,9,0.13960308933333335,0.86039692,0.0,Ju,1,2,72.0,2.5
Ju,fasca,drift_bilateral,JuPt03,Ju,1,8,0.28789815333333335,0.7121018266666667,0.0,Ju,1,2,74.0,2.5
Ju,fasca,drift_bilateral,JuPt04,Ju,1,10,0.13603699,0.86396302,0.0,Ju,1,1,70.0,2.5
Ju,fasca,drift_bilateral,JuPt05,Ju,1,6,0.23413769333333334,0.7658622533333332,0.0,Ju,1,1,74.0,2.0
Ju,fasca,drift_bilateral,JuPt06,Ju,1,11,0.15878581333333333,0.84121418,0.0,Ju,1,1,78.0,2.5
Ju,fasca,drift_bilateral,JuPt07,Ju,1,7,0.47509201,0.5249080066666667,0.0,Ju,1,2,51.0,3.0
Ju,fasca,drift_bilateral,JuPt08,Ju,1,6,0.33807275333333336,0.6619272533333334,0.0,Ju,1,2,54.0,2.0
Ju,fasca,drift_bilateral,JuPt09,Ju,1,17,0.20880363333333332,0.7911963666666666,0.0,Ju,1,1,61.0,2.5
Ju,fasca,drift_bilateral,JuPt10,Ju,1,16,0.46512665000000003,0.5348733633333334,0.0,Ju,1,1,69.0,3.0
Ju,fasca,drift_bilateral,JuPt11,Ju,1,25,0.3246969333333333,0.6753030533333333,0.0,Ju,1,1,74.0,2.0
Ju,fasca,drift_bilateral,JuPt12,Ju,1,17,0.26251405,0.7374859666666667,0.0,Ju,1,2,58.0,2.5
Ju,fasca,drift_bilateral,JuPt13,Ju,1,30,0.17998621999999997,0.8200137766666667,0.0,Ju,1,1,80.0,3.0
Ju,fasca,drift_bilateral,JuPt14,Ju,1,21,0.09550647333333333,0.90449353,0.0,Ju,1,2,67.0,2.0
Ju,fasca,drift_bilateral,JuPt15,Ju,1,17,0.5040574466666666,0.4959425433333333,0.0,Ju,1,2,64.0,2.5
Ju,fasca,drift_bilateral,JuPt16,Ju,1,26,0.22605604,0.7739439733333334,0.0,Ju,1,2,64.0,2.0
Ju,fasca,drift_bilateral,JuPt17,Ju,1,17,0.46123395,0.5387660533333333,0.0,Ju,1,1,64.0,2.5
Ju,fasca,drift_bilateral,JuPt18,Ju,1,50,0.130181765,0.86981824,0.0,Ju,1,1,82.0,3.0
Ju,fasca,drift_bilateral,JuPt19,Ju,1,16,0.31429212333333334,0.6857078766666667,0.0,Ju,1,2,68.0,2.0
Ju,fasca,drift_bilateral,JuPt20,Ju,1,16,0.28764435666666666,0.7123556233333334,0.0,Ju,1,1,64.0,2.0
Ju,fasca,drift_bilateral,JuPt21,Ju,1,33,0.2543733266666666,0.7456266633333334,0.0,Ju,1,1,84.0,2.5
Ju,fasca,drift_bilateral,JuPt22,Ju,1,15,0.24600807000000002,0.7539919466666666,0.0,Ju,1,1,69.0,2.5
Ju,fasca,drift_bilateral,JuPt23,Ju,1,15,0.7011751233333333,0.29882484,0.0,Ju,1,1,68.0,2.0
Ju,fasca,drift_bilateral,JuPt24,Ju,1,22,0.41802942666666665,0.5819705533333334,0.0,Ju,1,1,68.0,2.5
Ju,fasca,drift_bilateral,JuPt25,Ju,1,17,0.25030553,0.7496944600000001,0.0,Ju,1,1,45.0,2.0
Ju,fasca,drift_bilateral,JuPt26,Ju,1,21,0.4336158333333333,0.5663841833333333,0.0,Ju,1,2,66.0,2.0
Ju,fasca,drift_bilateral,JuPt27,Ju,1,18,0.39461196000000004,0.6053880233333333,0.0,Ju,1,2,58.0,2.0
Ju,fasca,drift_bilateral,JuPt28,Ju,1,16,0.21498815333333332,0.7850118500000001,0.0,Ju,1,2,57.0,2.5
Ju,fasca,drift_bilateral,JuPt29,Ju,1,19,0.5277762433333333,0.47222375333333333,0.0,Ju,1,2,69.0,2.5
Ju,fasca,packet_loss_bilateral,JuCo01,Ju,0,8,0.2414135253333333,0.7585864666666667,0.0,Ju,0,1,78.0,
Ju,fasca,packet_loss_bilateral,JuCo02,Ju,0,6,0.7905442433333333,0.20945570833333335,0.0,Ju,0,1,71.0,
Ju,fasca,packet_loss_bilateral,JuCo03,Ju,0,6,0.7550780566666666,0.24492194666666667,0.0,Ju,0,2,66.0,
Ju,fasca,packet_loss_bilateral,JuCo04,Ju,0,16,0.8414035200000001,0.15859648666666668,0.0,Ju,0,2,68.0,
Ju,fasca,packet_loss_bilateral,JuCo05,Ju,0,15,0.7950352833333333,0.20496470666666666,0.0,Ju,0,2,55.0,
Ju,fasca,packet_loss_bilateral,JuCo06,Ju,0,21,0.7113573999999999,0.28864260999999997,0.0,Ju,0,2,74.0,
Ju,fasca,packet_loss_bilateral,JuCo07,Ju,0,14,0.8023887466666667,0.19761126333333334,0.0,Ju,0,2,62.0,
Ju,fasca,packet_loss_bilateral,JuCo08,Ju,0,14,0.8532683066666666,0.14673166666666668,0.0,Ju,0,2,77.0,
Ju,fasca,packet_loss_bilateral,JuCo09,Ju,0,13,0.7072273333333333,0.29277267333333334,0.0,Ju,0,1,65.0,
Ju,fasca,packet_loss_bilateral,JuCo11,Ju,0,16,0.3455933766666666,0.6544066366666667,0.0,Ju,0,1,72.0,
Ju,fasca,packet_loss_bilateral,JuCo12,Ju,0,17,0.234065643,0.7659343433333333,0.0,Ju,0,2,72.0,
Ju,fasca,packet_loss_bilateral,JuCo13,Ju,0,16,0.9403369533333333,0.059663032000000005,0.0,Ju,0,1,61.0,
Ju,fasca,packet_loss_bilateral,JuCo14,Ju,0,13,0.37912563000000005,0.6208743766666666,0.0,Ju,0,1,55.0,
Ju,fasca,packet_loss_bilateral,JuCo15,Ju,0,16,0.70166502,0.29833497999999997,0.0,Ju,0,2,53.0,
Ju,fasca,packet_loss_bilateral,JuCo16,Ju,0,13,0.9313476466666666,0.06865235033333333,0.0,Ju,0,1,66.0,
Ju,fasca,packet_loss_bilateral,JuCo17,Ju,0,12,0.9257584666666666,0.07424153166666667,0.0,Ju,0,2,65.0,
Ju,fasca,packet_loss_bilateral,JuCo18,Ju,0,16,0.8696923833333333,0.13030762333333332,0.0,Ju,0,2,64.0,
Ju,fasca,packet_loss_bilateral,JuCo19,Ju,0,15,0.8543229466666666,0.14567705,0.0,Ju,0,2,59.0,
Ju,fasca,packet_loss_bilateral,JuCo20,Ju,0,19,0.36333880999999996,0.6366612133333334,0.0,Ju,0,2,67.0,
Ju,fasca,packet_loss_bilateral,JuCo21,Ju,0,17,0.50224573,0.4977542666666667,0.0,Ju,0,1,60.0,
Ju,fasca,packet_loss_bilateral,JuCo22,Ju,0,17,0.7252035499999999,0.27479645,0.0,Ju,0,2,62.0,
Ju,fasca,packet_loss_bilateral,JuCo23,Ju,0,17,0.5474124,0.45258758000000004,0.0,Ju,0,1,68.0,
Ju,fasca,packet_loss_bilateral,JuCo24,Ju,0,14,0.8421146899999999,0.15788529333333332,0.0,Ju,0,1,64.0,
Ju,fasca,packet_loss_bilateral,JuCo25,Ju,0,14,0.6814880266666666,0.31851196666666665,0.0,Ju,0,1,53.0,
Ju,fasca,packet_loss_bilateral,JuCo26,Ju,0,14,0.69060537,0.30939463,0.0,Ju,0,1,60.0,
Ju,fasca,packet_loss_bilateral,JuPt01,Ju,1,14,0.6838682666666668,0.31613176666666665,0.0,Ju,1,1,77.0,2.0
Ju,fasca,packet_loss_bilateral,JuPt02,Ju,1,9,0.23199535333333332,0.7680047066666668,0.0,Ju,1,2,72.0,2.5
Ju,fasca,packet_loss_bilateral,JuPt03,Ju,1,8,0.33646423000000003,0.6635357700000001,0.0,Ju,1,2,74.0,2.5
Ju,fasca,packet_loss_bilateral,JuPt04,Ju,1,10,0.16536673333333332,0.8346332833333333,0.0,Ju,1,1,70.0,2.5
Ju,fasca,packet_loss_bilateral,JuPt05,Ju,1,6,0.19465217333333332,0.80534778,0.0,Ju,1,1,74.0,2.0
Ju,fasca,packet_loss_bilateral,JuPt06,Ju,1,11,0.14688615466666666,0.8531138466666667,0.0,Ju,1,1,78.0,2.5
Ju,fasca,packet_loss_bilateral,JuPt07,Ju,1,7,0.46658986666666663,0.5334101433333333,0.0,Ju,1,2,51.0,3.0
Ju,fasca,packet_loss_bilateral,JuPt08,Ju,1,6,0.370570028,0.62942996,0.0,Ju,1,2,54.0,2.0
Ju,fasca,packet_loss_bilateral,JuPt09,Ju,1,17,0.21516534,0.78483465,0.0,Ju,1,1,61.0,2.5
Ju,fasca,packet_loss_bilateral,JuPt10,Ju,1,16,0.5024174166666667,0.4975825633333333,0.0,Ju,1,1,69.0,3.0
Ju,fasca,packet_loss_bilateral,JuPt11,Ju,1,25,0.40891593333333337,0.5910840666666667,0.0,Ju,1,1,74.0,2.0
Ju,fasca,packet_loss_bilateral,JuPt12,Ju,1,17,0.3060459833333333,0.6939540333333333,0.0,Ju,1,2,58.0,2.5
Ju,fasca,packet_loss_bilateral,JuPt13,Ju,1,30,0.15543313666666667,0.8445668766666667,0.0,Ju,1,1,80.0,3.0
Ju,fasca,packet_loss_bilateral,JuPt14,Ju,1,21,0.09250837433333332,0.9074916333333333,0.0,Ju,1,2,67.0,2.0
Ju,fasca,packet_loss_bilateral,JuPt15,Ju,1,17,0.5760164233333334,0.4239836066666667,0.0,Ju,1,2,64.0,2.5
Ju,fasca,packet_loss_bilateral,JuPt16,Ju,1,26,0.24664894999999998,0.75335103,0.0,Ju,1,2,64.0,2.0
Ju,fasca,packet_loss_bilateral,JuPt17,Ju,1,17,0.48353359333333334,0.51646642,0.0,Ju,1,1,64.0,2.5
Ju,fasca,packet_loss_bilateral,JuPt18,Ju,1,50,0.124847392,0.87515264,0.0,Ju,1,1,82.0,3.0
Ju,fasca,packet_loss_bilateral,JuPt19,Ju,1,16,0.35284185333333334,0.6471581466666666,0.0,Ju,1,2,68.0,2.0
Ju,fasca,packet_loss_bilateral,JuPt20,Ju,1,16,0.32156582666666667,0.67843418,0.0,Ju,1,1,64.0,2.0
Ju,fasca,packet_loss_bilateral,JuPt21,Ju,1,33,0.37065075333333336,0.62934926,0.0,Ju,1,1,84.0,2.5
Ju,fasca,packet_loss_bilateral,JuPt22,Ju,1,15,0.32887463333333333,0.6711253533333333,0.0,Ju,1,1,69.0,2.5
Ju,fasca,packet_loss_bilateral,JuPt23,Ju,1,15,0.7885658000000001,0.21143418333333333,0.0,Ju,1,1,68.0,2.0
Ju,fasca,packet_loss_bilateral,JuPt24,Ju,1,22,0.4860446033333334,0.51395538,0.0,Ju,1,1,68.0,2.5
Ju,fasca,packet_loss_bilateral,JuPt25,Ju,1,17,0.24670595333333334,0.7532940866666666,0.0,Ju,1,1,45.0,2.0
Ju,fasca,packet_loss_bilateral,JuPt26,Ju,1,21,0.49922443666666666,0.5007755366666666,0.0,Ju,1,2,66.0,2.0
Ju,fasca,packet_loss_bilateral,JuPt27,Ju,1,18,0.44075120333333334,0.5592488,0.0,Ju,1,2,58.0,2.0
Ju,fasca,packet_loss_bilateral,JuPt28,Ju,1,16,0.20811202666666664,0.7918879666666667,0.0,Ju,1,2,57.0,2.5
Ju,fasca,packet_loss_bilateral,JuPt29,Ju,1,19,0.5965458333333333,0.4034541733333334,0.0,Ju,1,2,69.0,2.5
Ju,fasca,gain_miscalibration,JuCo01,Ju,0,8,0.2776846966666667,0.72231532,0.0,Ju,0,1,78.0,
Ju,fasca,gain_miscalibration,JuCo02,Ju,0,6,0.8161216333333333,0.183878379,0.0,Ju,0,1,71.0,
Ju,fasca,gain_miscalibration,JuCo03,Ju,0,6,0.7730035566666666,0.226996442,0.0,Ju,0,2,66.0,
Ju,fasca,gain_miscalibration,JuCo04,Ju,0,16,0.8681687966666667,0.13183123,0.0,Ju,0,2,68.0,
Ju,fasca,gain_miscalibration,JuCo05,Ju,0,15,0.8239600866666666,0.17603994999999997,0.0,Ju,0,2,55.0,
Ju,fasca,gain_miscalibration,JuCo06,Ju,0,21,0.7857479,0.21425206833333332,0.0,Ju,0,2,74.0,
Ju,fasca,gain_miscalibration,JuCo07,Ju,0,14,0.7842482166666667,0.21575179333333336,0.0,Ju,0,2,62.0,
Ju,fasca,gain_miscalibration,JuCo08,Ju,0,14,0.8945176733333334,0.10548229999999999,0.0,Ju,0,2,77.0,
Ju,fasca,gain_miscalibration,JuCo09,Ju,0,13,0.7596227400000001,0.24037726666666667,0.0,Ju,0,1,65.0,
Ju,fasca,gain_miscalibration,JuCo11,Ju,0,16,0.3674686999999999,0.63253131,0.0,Ju,0,1,72.0,
Ju,fasca,gain_miscalibration,JuCo12,Ju,0,17,0.22475517566666667,0.7752447866666667,0.0,Ju,0,2,72.0,
Ju,fasca,gain_miscalibration,JuCo13,Ju,0,16,0.9642562933333334,0.03574367866666667,0.0,Ju,0,1,61.0,
Ju,fasca,gain_miscalibration,JuCo14,Ju,0,13,0.6032066566666666,0.39679333333333333,0.0,Ju,0,1,55.0,
Ju,fasca,gain_miscalibration,JuCo15,Ju,0,16,0.7119075666666667,0.28809245999999994,0.0,Ju,0,2,53.0,
Ju,fasca,gain_miscalibration,JuCo16,Ju,0,13,0.95136746,0.04863257433333334,0.0,Ju,0,1,66.0,
Ju,fasca,gain_miscalibration,JuCo17,Ju,0,12,0.9553874666666666,0.04461253666666667,0.0,Ju,0,2,65.0,
Ju,fasca,gain_miscalibration,JuCo18,Ju,0,16,0.9149809566666667,0.08501906599999999,0.0,Ju,0,2,64.0,
Ju,fasca,gain_miscalibration,JuCo19,Ju,0,15,0.8827662466666667,0.11723376666666667,0.0,Ju,0,2,59.0,
Ju,fasca,gain_miscalibration,JuCo20,Ju,0,19,0.49038244666666664,0.50961759,0.0,Ju,0,2,67.0,
Ju,fasca,gain_miscalibration,JuCo21,Ju,0,17,0.5675596933333333,0.43244026666666663,0.0,Ju,0,1,60.0,
Ju,fasca,gain_miscalibration,JuCo22,Ju,0,17,0.7396431,0.26035690333333333,0.0,Ju,0,2,62.0,
Ju,fasca,gain_miscalibration,JuCo23,Ju,0,17,0.6183882833333333,0.3816117233333333,0.0,Ju,0,1,68.0,
Ju,fasca,gain_miscalibration,JuCo24,Ju,0,14,0.88671913,0.1132809,0.0,Ju,0,1,64.0,
Ju,fasca,gain_miscalibration,JuCo25,Ju,0,14,0.6176402833333333,0.38235970666666663,0.0,Ju,0,1,53.0,
Ju,fasca,gain_miscalibration,JuCo26,Ju,0,14,0.7224958833333334,0.27750410666666664,0.0,Ju,0,1,60.0,
Ju,fasca,gain_miscalibration,JuPt01,Ju,1,14,0.7224958833333334,0.27750410666666664,0.0,Ju,1,1,77.0,2.0
Ju,fasca,gain_miscalibration,JuPt02,Ju,1,9,0.3166849533333333,0.6833150333333333,0.0,Ju,1,2,72.0,2.5
Ju,fasca,gain_miscalibration,JuPt03,Ju,1,8,0.5504425333333333,0.4495574866666667,0.0,Ju,1,2,74.0,2.5
Ju,fasca,gain_miscalibration,JuPt04,Ju,1,10,0.18039660333333332,0.8196033866666667,0.0,Ju,1,1,70.0,2.5
Ju,fasca,gain_miscalibration,JuPt05,Ju,1,6,0.243659078,0.7563408866666667,0.0,Ju,1,1,74.0,2.0
Ju,fasca,gain_miscalibration,JuPt06,Ju,1,11,0.17048189666666666,0.82951811,0.0,Ju,1,1,78.0,2.5
Ju,fasca,gain_miscalibration,JuPt07,Ju,1,7,0.48405816333333335,0.5159418366666667,0.0,Ju,1,2,51.0,3.0
Ju,fasca,gain_miscalibration,JuPt08,Ju,1,6,0.3347526166666666,0.6652473866666667,0.0,Ju,1,2,54.0,2.0
Ju,fasca,gain_miscalibration,JuPt09,Ju,1,17,0.2813649933333333,0.7186350033333332,0.0,Ju,1,1,61.0,2.5
Ju,fasca,gain_miscalibration,JuPt10,Ju,1,16,0.2958889833333333,0.7041109899999999,0.0,Ju,1,1,69.0,3.0
Ju,fasca,gain_miscalibration,JuPt11,Ju,1,25,0.38074928533333335,0.6192507033333333,0.0,Ju,1,1,74.0,2.0
Ju,fasca,gain_miscalibration,JuPt12,Ju,1,17,0.33720444333333327,0.6627955666666666,0.0,Ju,1,2,58.0,2.5
Ju,fasca,gain_miscalibration,JuPt13,Ju,1,30,0.12443715,0.8755628666666667,0.0,Ju,1,1,80.0,3.0
Ju,fasca,gain_miscalibration,JuPt14,Ju,1,21,0.097533502,0.9024664666666666,0.0,Ju,1,2,67.0,2.0
Ju,fasca,gain_miscalibration,JuPt15,Ju,1,17,0.68814836,0.31185166000000003,0.0,Ju,1,2,64.0,2.5
Ju,fasca,gain_miscalibration,JuPt16,Ju,1,26,0.2734156933333333,0.7265843166666667,0.0,Ju,1,2,64.0,2.0
Ju,fasca,gain_miscalibration,JuPt17,Ju,1,17,0.7010819333333332,0.29891807,0.0,Ju,1,1,64.0,2.5
Ju,fasca,gain_miscalibration,JuPt18,Ju,1,50,0.15665222533333334,0.84334775,0.0,Ju,1,1,82.0,3.0
Ju,fasca,gain_miscalibration,JuPt19,Ju,1,16,0.4802537866666667,0.5197462066666666,0.0,Ju,1,2,68.0,2.0
Ju,fasca,gain_miscalibration,JuPt20,Ju,1,16,0.3163917866666667,0.6836081799999999,0.0,Ju,1,1,64.0,2.0
Ju,fasca,gain_miscalibration,JuPt21,Ju,1,33,0.3814453166666667,0.6185546533333334,0.0,Ju,1,1,84.0,2.5
Ju,fasca,gain_miscalibration,JuPt22,Ju,1,15,0.3882870266666667,0.6117129666666666,0.0,Ju,1,1,69.0,2.5
Ju,fasca,gain_miscalibration,JuPt23,Ju,1,15,0.8478541366666666,0.15214586,0.0,Ju,1,1,68.0,2.0
Ju,fasca,gain_miscalibration,JuPt24,Ju,1,22,0.48722942333333336,0.5127705533333333,0.0,Ju,1,1,68.0,2.5
Ju,fasca,gain_miscalibration,JuPt25,Ju,1,17,0.2648649686666667,0.7351350333333334,0.0,Ju,1,1,45.0,2.0
Ju,fasca,gain_miscalibration,JuPt26,Ju,1,21,0.7071611666666667,0.29283885000000004,0.0,Ju,1,2,66.0,2.0
Ju,fasca,gain_miscalibration,JuPt27,Ju,1,18,0.6086364333333333,0.3913635633333333,0.0,Ju,1,2,58.0,2.0
Ju,fasca,gain_miscalibration,JuPt28,Ju,1,16,0.20284412200000002,0.79715588,0.0,Ju,1,2,57.0,2.5
Ju,fasca,gain_miscalibration,JuPt29,Ju,1,19,0.6322993933333333,0.3677006133333333,0.0,Ju,1,2,69.0,2.5
Si,baseline,clean_both,SiCo01,Si,0,22,0.8469223766666666,0.15307763833333335,0.0,Si,0,2,53.0,
Si,baseline,clean_both,SiCo03,Si,0,22,0.8195888333333334,0.18041116999999998,0.0,Si,0,2,65.0,
Si,baseline,clean_both,SiCo04,Si,0,22,0.9079836333333334,0.09201635533333334,0.0,Si,0,1,71.0,
Si,baseline,clean_both,SiCo05,Si,0,22,0.70931751,0.2906825016666667,0.0,Si,0,2,55.0,
Si,baseline,clean_both,SiCo06,Si,0,22,0.9247198966666667,0.07528008366666666,0.0,Si,0,2,70.0,
Si,baseline,clean_both,SiCo07,Si,0,22,0.37408883,0.6259111599999999,0.0,Si,0,2,57.0,
Si,baseline,clean_both,SiCo08,Si,0,22,0.8142013800000001,0.1857986,0.0,Si,0,2,65.0,
Si,baseline,clean_both,SiCo09,Si,0,22,0.7053437733333334,0.29465624166666665,0.0,Si,0,1,56.0,
Si,baseline,clean_both,SiCo10,Si,0,22,0.9240152133333334,0.07598479600000001,0.0,Si,0,1,50.0,
Si,baseline,clean_both,SiCo11,Si,0,22,0.55675095,0.44324905,0.0,Si,0,2,60.0,
Si,baseline,clean_both,SiCo12,Si,0,22,0.22839979833333332,0.7716001866666667,0.0,Si,0,2,37.0,
Si,baseline,clean_both,SiCo13,Si,0,22,0.9391856133333333,0.060814402,0.0,Si,0,1,61.0,
Si,baseline,clean_both,SiCo14,Si,0,22,0.8631727466666667,0.13682724433333335,0.0,Si,0,1,52.0,
Si,baseline,clean_both,SiCo15,Si,0,22,0.7383329233333334,0.26166706333333334,0.0,Si,0,2,54.0,
Si,baseline,clean_both,SiCo16,Si,0,22,0.27802125666666666,0.7219787333333333,0.0,Si,0,1,60.0,
Si,baseline,clean_both,SiCo17,Si,0,22,0.07486368133333333,0.92513632,0.0,Si,0,2,64.0,
Si,baseline,clean_both,SiCo18,Si,0,22,0.97646509,0.023534941666666667,0.0,Si,0,2,61.0,
Si,baseline,clean_both,SiCo19,Si,0,22,0.9126443033333334,0.087355698,0.0,Si,0,1,51.0,
Si,baseline,clean_both,SiCo20,Si,0,22,0.59531039,0.40468959,0.0,Si,0,1,62.0,
Si,baseline,clean_both,SiCo21,Si,0,22,0.8550492133333334,0.14495076,0.0,Si,0,1,56.0,
Si,baseline,clean_both,SiCo22,Si,0,22,0.9678054766666667,0.03219455933333333,0.0,Si,0,1,52.0,
Si,baseline,clean_both,SiCo23,Si,0,22,0.9222999766666667,0.07770002799999999,0.0,Si,0,1,53.0,
Si,baseline,clean_both,SiCo24,Si,0,22,0.6896063533333333,0.31039363000000003,0.0,Si,0,1,54.0,
Si,baseline,clean_both,SiCo25,Si,0,22,0.93167575,0.068324265,0.0,Si,0,1,57.0,
Si,baseline,clean_both,SiCo26,Si,0,22,0.8481932233333334,0.15180680733333332,0.0,Si,0,1,60.0,
Si,baseline,clean_both,SiCo27,Si,0,22,0.9487125399999999,0.05128746703333333,0.0,Si,0,1,67.0,
Si,baseline,clean_both,SiCo28,Si,0,22,0.6754298,0.3245701966666667,0.0,Si,0,1,61.0,
Si,baseline,clean_both,SiCo29,Si,0,22,0.72573684,0.274263168,0.0,Si,0,1,53.0,
Si,baseline,clean_both,SiCo30,Si,0,22,0.9066376466666667,0.09336238566666666,0.0,Si,0,1,63.0,
Si,baseline,clean_both,SiPt02,Si,1,22,0.11453611000000001,0.8854638966666667,0.0,Si,1,2,77.0,2.5
Si,baseline,clean_both,SiPt04,Si,1,22,0.5220473366666667,0.4779526333333333,0.0,Si,1,1,73.0,2.0
Si,baseline,clean_both,SiPt05,Si,1,22,0.16586050500000002,0.8341395166666666,0.0,Si,1,1,56.0,2.5
Si,baseline,clean_both,SiPt07,Si,1,22,0.19477543333333333,0.8052245333333333,0.0,Si,1,2,54.0,2.0
Si,baseline,clean_both,SiPt08,Si,1,22,0.076027829,0.9239721666666667,0.0,Si,1,1,67.0,2.0
Si,baseline,clean_both,SiPt09,Si,1,22,0.6327474833333334,0.3672525466666667,0.0,Si,1,1,63.0,2.0
Si,baseline,clean_both,SiPt10,Si,1,22,0.4028859,0.5971140833333334,0.0,Si,1,2,77.0,2.0
Si,baseline,clean_both,SiPt12,Si,1,22,0.17170635,0.8282936733333334,0.0,Si,1,2,64.0,2.0
Si,baseline,clean_both,SiPt13,Si,1,22,0.17410388333333335,0.8258961166666667,0.0,Si,1,1,52.0,2.0
Si,baseline,clean_both,SiPt14,Si,1,22,0.08473593166666667,0.9152640433333333,0.0,Si,1,1,60.0,2.5
Si,baseline,clean_both,SiPt15,Si,1,22,0.04094487433333333,0.9590551066666667,0.0,Si,1,1,62.0,2.0
Si,baseline,clean_both,SiPt16,Si,1,22,0.4328427533333333,0.5671572500000001,0.0,Si,1,1,50.0,2.0
Si,baseline,clean_both,SiPt17,Si,1,22,0.7517632066666667,0.24823675666666667,0.0,Si,1,1,64.0,2.0
Si,baseline,clean_both,SiPt18,Si,1,22,0.3099533033333333,0.6900466999999999,0.0,Si,1,1,57.0,2.0
Si,baseline,clean_both,SiPt19,Si,1,22,0.20257265000000002,0.7974273466666667,0.0,Si,1,1,53.0,2.0
Si,baseline,clean_both,SiPt20,Si,1,22,0.5352936466666667,0.46470635666666665,0.0,Si,1,1,59.0,2.0
Si,baseline,clean_both,SiPt21,Si,1,22,0.3869342233333333,0.6130657633333333,0.0,Si,1,1,58.0,2.0
Si,baseline,clean_both,SiPt22,Si,1,22,0.13228056333333335,0.8677194333333333,0.0,Si,1,1,71.0,2.0
Si,baseline,clean_both,SiPt23,Si,1,22,0.167067069,0.8329329333333334,0.0,Si,1,2,50.0,2.0
Si,baseline,clean_both,SiPt24,Si,1,22,0.41295790000000004,0.5870421133333333,0.0,Si,1,2,36.0,2.0
Si,baseline,clean_both,SiPt25,Si,1,22,0.3786605766666667,0.6213394,0.0,Si,1,1,63.0,2.0
Si,baseline,clean_both,SiPt27,Si,1,22,0.15581554,0.8441844833333333,0.0,Si,1,1,50.0,2.0
Si,baseline,clean_both,SiPt28,Si,1,22,0.051293809999999995,0.9487061666666667,0.0,Si,1,2,70.0,2.5
Si,baseline,clean_both,SiPt29,Si,1,22,0.28591803666666665,0.7140819433333334,0.0,Si,1,2,72.0,2.5
Si,baseline,clean_both,SiPt30,Si,1,22,0.5954969066666668,0.4045031133333333,0.0,Si,1,1,60.0,2.0
Si,baseline,clean_both,SiPt31,Si,1,22,0.033886067666666665,0.9661139166666667,0.0,Si,1,2,56.0,2.0
Si,baseline,clean_both,SiPt32,Si,1,22,0.7515801266666667,0.24841989666666667,0.0,Si,1,1,64.0,2.0
Si,baseline,clean_both,SiPt33,Si,1,22,0.7687606533333332,0.23123934333333332,0.0,Si,1,1,67.0,2.0
Si,baseline,clean_both,SiPt34,Si,1,22,0.3074341566666667,0.6925658766666666,0.0,Si,1,1,71.0,2.0
Si,baseline,clean_both,SiPt35,Si,1,22,0.7052443866666667,0.2947556333333333,0.0,Si,1,1,57.0,2.0
Si,baseline,clean_both,SiPt36,Si,1,22,0.3219952166666667,0.6780047833333334,0.0,Si,1,2,53.0,2.0
Si,baseline,clean_both,SiPt37,Si,1,22,0.4684974499999999,0.5315025266666668,0.0,Si,1,2,66.0,2.5
Si,baseline,clean_both,SiPt38,Si,1,22,0.8478218833333333,0.15217813,0.0,Si,1,2,65.0,2.0
Si,baseline,clean_both,SiPt39,Si,1,22,0.18049886333333331,0.81950112,0.0,Si,1,2,69.0,2.0
Si,baseline,clean_both,SiPt40,Si,1,22,0.13299972000000002,0.8670002866666667,0.0,Si,1,1,69.0,2.5
Si,baseline,left_only,SiCo01,Si,0,22,0.8647864666666667,0.13521358233333333,0.0,Si,0,2,53.0,
Si,baseline,left_only,SiCo03,Si,0,22,0.8058737466666667,0.19412629866666667,0.0,Si,0,2,65.0,
Si,baseline,left_only,SiCo04,Si,0,22,0.9297941833333333,0.070205843,0.0,Si,0,1,71.0,
Si,baseline,left_only,SiCo05,Si,0,22,0.7341958333333333,0.26580419,0.0,Si,0,2,55.0,
Si,baseline,left_only,SiCo06,Si,0,22,0.9397066133333333,0.06029340133333333,0.0,Si,0,2,70.0,
Si,baseline,left_only,SiCo07,Si,0,22,0.5175397833333334,0.48246021,0.0,Si,0,2,57.0,
Si,baseline,left_only,SiCo08,Si,0,22,0.82415547,0.17584452333333334,0.0,Si,0,2,65.0,
Si,baseline,left_only,SiCo09,Si,0,22,0.7085292133333333,0.29147077666666665,0.0,Si,0,1,56.0,
Si,baseline,left_only,SiCo10,Si,0,22,0.9487049733333334,0.051295001666666666,0.0,Si,0,1,50.0,
Si,baseline,left_only,SiCo11,Si,0,22,0.6674344266666666,0.33256558333333336,0.0,Si,0,2,60.0,
Si,baseline,left_only,SiCo12,Si,0,22,0.17508749533333334,0.8249125300000001,0.0,Si,0,2,37.0,
Si,baseline,left_only,SiCo13,Si,0,22,0.8939841466666666,0.10601584533333334,0.0,Si,0,1,61.0,
Si,baseline,left_only,SiCo14,Si,0,22,0.83951118,0.16048878666666666,0.0,Si,0,1,52.0,
Si,baseline,left_only,SiCo15,Si,0,22,0.57223993,0.4277600533333334,0.0,Si,0,2,54.0,
Si,baseline,left_only,SiCo16,Si,0,22,0.186738632,0.8132614,0.0,Si,0,1,60.0,
Si,baseline,left_only,SiCo17,Si,0,22,0.2718383466666667,0.7281616333333334,0.0,Si,0,2,64.0,
Si,baseline,left_only,SiCo18,Si,0,22,0.9513721333333334,0.048627898,0.0,Si,0,2,61.0,
Si,baseline,left_only,SiCo19,Si,0,22,0.89982752,0.100172458,0.0,Si,0,1,51.0,
Si,baseline,left_only,SiCo20,Si,0,22,0.5480887466666666,0.45191123333333333,0.0,Si,0,1,62.0,
Si,baseline,left_only,SiCo21,Si,0,22,0.6632736466666667,0.3367263833333333,0.0,Si,0,1,56.0,
Si,baseline,left_only,SiCo22,Si,0,22,0.9151553233333333,0.08484467,0.0,Si,0,1,52.0,
Si,baseline,left_only,SiCo23,Si,0,22,0.9486366666666667,0.05136331166666667,0.0,Si,0,1,53.0,
Si,baseline,left_only,SiCo24,Si,0,22,0.7682144666666666,0.23178552133333333,0.0,Si,0,1,54.0,
Si,baseline,left_only,SiCo25,Si,0,22,0.9383859133333333,0.06161408833333334,0.0,Si,0,1,57.0,
Si,baseline,left_only,SiCo26,Si,0,22,0.8383164333333334,0.16168356433333333,0.0,Si,0,1,60.0,
Si,baseline,left_only,SiCo27,Si,0,22,0.8841616099999999,0.11583835980000001,0.0,Si,0,1,67.0,
Si,baseline,left_only,SiCo28,Si,0,22,0.8040594966666667,0.19594049,0.0,Si,0,1,61.0,
Si,baseline,left_only,SiCo29,Si,0,22,0.6387943066666667,0.3612056883333333,0.0,Si,0,1,53.0,
Si,baseline,left_only,SiCo30,Si,0,22,0.9255073,0.07449270666666667,0.0,Si,0,1,63.0,
Si,baseline,left_only,SiPt02,Si,1,22,0.057433790000000005,0.9425662266666667,0.0,Si,1,2,77.0,2.5
Si,baseline,left_only,SiPt04,Si,1,22,0.49946447,0.5005355266666667,0.0,Si,1,1,73.0,2.0
Si,baseline,left_only,SiPt05,Si,1,22,0.31864825,0.6813517600000001,0.0,Si,1,1,56.0,2.5
Si,baseline,left_only,SiPt07,Si,1,22,0.23835856666666666,0.7616414566666666,0.0,Si,1,2,54.0,2.0
Si,baseline,left_only,SiPt08,Si,1,22,0.034673073,0.9653269666666667,0.0,Si,1,1,67.0,2.0
Si,baseline,left_only,SiPt09,Si,1,22,0.6184543166666666,0.3815457033333334,0.0,Si,1,1,63.0,2.0
Si,baseline,left_only,SiPt10,Si,1,22,0.23253951466666667,0.76746048,0.0,Si,1,2,77.0,2.0
Si,baseline,left_only,SiPt12,Si,1,22,0.082939982,0.9170600266666667,0.0,Si,1,2,64.0,2.0
Si,baseline,left_only,SiPt13,Si,1,22,0.3676332133333333,0.6323667666666667,0.0,Si,1,1,52.0,2.0
Si,baseline,left_only,SiPt14,Si,1,22,0.13816777333333333,0.8618322333333333,0.0,Si,1,1,60.0,2.5
Si,baseline,left_only,SiPt15,Si,1,22,0.012208566333333332,0.9877914666666666,0.0,Si,1,1,62.0,2.0
Si,baseline,left_only,SiPt16,Si,1,22,0.34323624333333336,0.6567637666666667,0.0,Si,1,1,50.0,2.0
Si,baseline,left_only,SiPt17,Si,1,22,0.7966073166666666,0.2033926533333333,0.0,Si,1,1,64.0,2.0
Si,baseline,left_only,SiPt18,Si,1,22,0.21333413,0.7866658666666666,0.0,Si,1,1,57.0,2.0
Si,baseline,left_only,SiPt19,Si,1,22,0.049346795666666665,0.9506532,0.0,Si,1,1,53.0,2.0
Si,baseline,left_only,SiPt20,Si,1,22,0.2966313366666667,0.7033686666666666,0.0,Si,1,1,59.0,2.0
Si,baseline,left_only,SiPt21,Si,1,22,0.6722341900000001,0.32776581666666665,0.0,Si,1,1,58.0,2.0
Si,baseline,left_only,SiPt22,Si,1,22,0.12038790866666667,0.8796120833333334,0.0,Si,1,1,71.0,2.0
Si,baseline,left_only,SiPt23,Si,1,22,0.13107465566666668,0.8689253633333333,0.0,Si,1,2,50.0,2.0
Si,baseline,left_only,SiPt24,Si,1,22,0.04570501333333333,0.954295,0.0,Si,1,2,36.0,2.0
Si,baseline,left_only,SiPt25,Si,1,22,0.4841119866666667,0.515888,0.0,Si,1,1,63.0,2.0
Si,baseline,left_only,SiPt27,Si,1,22,0.09586096966666667,0.9041390333333333,0.0,Si,1,1,50.0,2.0
Si,baseline,left_only,SiPt28,Si,1,22,0.037833921666666666,0.9621660833333333,0.0,Si,1,2,70.0,2.5
Si,baseline,left_only,SiPt29,Si,1,22,0.21446091999999997,0.78553909,0.0,Si,1,2,72.0,2.5
Si,baseline,left_only,SiPt30,Si,1,22,0.6549495666666667,0.3450504433333334,0.0,Si,1,1,60.0,2.0
Si,baseline,left_only,SiPt31,Si,1,22,0.01376027433333333,0.98623972,0.0,Si,1,2,56.0,2.0
Si,baseline,left_only,SiPt32,Si,1,22,0.6635974866666666,0.33640252333333337,0.0,Si,1,1,64.0,2.0
Si,baseline,left_only,SiPt33,Si,1,22,0.7437982166666667,0.25620178666666665,0.0,Si,1,1,67.0,2.0
Si,baseline,left_only,SiPt34,Si,1,22,0.28416213,0.71583786,0.0,Si,1,1,71.0,2.0
Si,baseline,left_only,SiPt35,Si,1,22,0.5179778466666667,0.4820221633333333,0.0,Si,1,1,57.0,2.0
Si,baseline,left_only,SiPt36,Si,1,22,0.087222175,0.9127778000000001,0.0,Si,1,2,53.0,2.0
Si,baseline,left_only,SiPt37,Si,1,22,0.6416482366666667,0.3583517733333333,0.0,Si,1,2,66.0,2.5
Si,baseline,left_only,SiPt38,Si,1,22,0.8544715799999999,0.145528405,0.0,Si,1,2,65.0,2.0
Si,baseline,left_only,SiPt39,Si,1,22,0.45751413999999996,0.54248588,0.0,Si,1,2,69.0,2.0
Si,baseline,left_only,SiPt40,Si,1,22,0.26965335333333335,0.7303466200000001,0.0,Si,1,1,69.0,2.5
Si,baseline,right_only,SiCo01,Si,0,22,0.8098434333333334,0.19015659133333332,0.0,Si,0,2,53.0,
Si,baseline,right_only,SiCo03,Si,0,22,0.82684355,0.17315645333333332,0.0,Si,0,2,65.0,
Si,baseline,right_only,SiCo04,Si,0,22,0.8731943000000001,0.12680572999999998,0.0,Si,0,1,71.0,
Si,baseline,right_only,SiCo05,Si,0,22,0.67023061,0.32976941666666665,0.0,Si,0,2,55.0,
Si,baseline,right_only,SiCo06,Si,0,22,0.8813501499999999,0.11864982666666668,0.0,Si,0,2,70.0,
Si,baseline,right_only,SiCo07,Si,0,22,0.23665177333333332,0.7633482466666667,0.0,Si,0,2,57.0,
Si,baseline,right_only,SiCo08,Si,0,22,0.7734481,0.22655189466666667,0.0,Si,0,2,65.0,
Si,baseline,right_only,SiCo09,Si,0,22,0.6880463666666667,0.311953655,0.0,Si,0,1,56.0,
Si,baseline,right_only,SiCo10,Si,0,22,0.88347952,0.11652047866666666,0.0,Si,0,1,50.0,
Si,baseline,right_only,SiCo11,Si,0,22,0.4248574033333334,0.57514261,0.0,Si,0,2,60.0,
Si,baseline,right_only,SiCo12,Si,0,22,0.3160115266666667,0.6839884533333334,0.0,Si,0,2,37.0,
Si,baseline,right_only,SiCo13,Si,0,22,0.9575224366666667,0.042477562999999996,0.0,Si,0,1,61.0,
Si,baseline,right_only,SiCo14,Si,0,22,0.8756731566666667,0.12432683100000001,0.0,Si,0,1,52.0,
Si,baseline,right_only,SiCo15,Si,0,22,0.83481171,0.16518830733333334,0.0,Si,0,2,54.0,
Si,baseline,right_only,SiCo16,Si,0,22,0.37499447,0.6250055333333333,0.0,Si,0,1,60.0,
Si,baseline,right_only,SiCo17,Si,0,22,0.024734644,0.9752653666666666,0.0,Si,0,2,64.0,
Si,baseline,right_only,SiCo18,Si,0,22,0.9856357033333333,0.014364285999999999,0.0,Si,0,2,61.0,
Si,baseline,right_only,SiCo19,Si,0,22,0.9110384966666666,0.08896149199999999,0.0,Si,0,1,51.0,
Si,baseline,right_only,SiCo20,Si,0,22,0.6231155,0.37688448333333335,0.0,Si,0,1,62.0,
Si,baseline,right_only,SiCo21,Si,0,22,0.9267109233333333,0.07328907266666666,0.0,Si,0,1,56.0,
Si,baseline,right_only,SiCo22,Si,0,22,0.9824169166666668,0.017583117333333332,0.0,Si,0,1,52.0,
Si,baseline,right_only,SiCo23,Si,0,22,0.8558679833333334,0.144131998,0.0,Si,0,1,53.0,
Si,baseline,right_only,SiCo24,Si,0,22,0.5188025466666666,0.4811974433333333,0.0,Si,0,1,54.0,
Si,baseline,right_only,SiCo25,Si,0,22,0.9128777,0.08712231466666666,0.0,Si,0,1,57.0,
Si,baseline,right_only,SiCo26,Si,0,22,0.8481539800000001,0.151846022,0.0,Si,0,1,60.0,
Si,baseline,right_only,SiCo27,Si,0,22,0.9530641833333333,0.04693578722333333,0.0,Si,0,1,67.0,
Si,baseline,right_only,SiCo28,Si,0,22,0.46521658000000005,0.5347834133333333,0.0,Si,0,1,61.0,
Si,baseline,right_only,SiCo29,Si,0,22,0.7817529066666666,0.21824710666666666,0.0,Si,0,1,53.0,
Si,baseline,right_only,SiCo30,Si,0,22,0.8766480233333334,0.12335197666666668,0.0,Si,0,1,63.0,
Si,baseline,right_only,SiPt02,Si,1,22,0.2701327866666667,0.7298671666666667,0.0,Si,1,2,77.0,2.5
Si,baseline,right_only,SiPt04,Si,1,22,0.5418391466666667,0.45816087333333333,0.0,Si,1,1,73.0,2.0
Si,baseline,right_only,SiPt05,Si,1,22,0.08051797466666667,0.9194819833333333,0.0,Si,1,1,56.0,2.5
Si,baseline,right_only,SiPt07,Si,1,22,0.18222943,0.8177705333333334,0.0,Si,1,2,54.0,2.0
Si,baseline,right_only,SiPt08,Si,1,22,0.19764359,0.8023564200000001,0.0,Si,1,1,67.0,2.0
Si,baseline,right_only,SiPt09,Si,1,22,0.6260139333333333,0.37398606,0.0,Si,1,1,63.0,2.0
Si,baseline,right_only,SiPt10,Si,1,22,0.6004730933333334,0.39952688666666664,0.0,Si,1,2,77.0,2.0
Si,baseline,right_only,SiPt12,Si,1,22,0.3477341566666667,0.6522658566666667,0.0,Si,1,2,64.0,2.0
Si,baseline,right_only,SiPt13,Si,1,22,0.09120226199999999,0.9087977533333333,0.0,Si,1,1,52.0,2.0
Si,baseline,right_only,SiPt14,Si,1,22,0.058609758000000005,0.94139025,0.0,Si,1,1,60.0,2.5
Si,baseline,right_only,SiPt15,Si,1,22,0.19551796166666668,0.80448202,0.0,Si,1,1,62.0,2.0
Si,baseline,right_only,SiPt16,Si,1,22,0.5556659033333333,0.4443341066666667,0.0,Si,1,1,50.0,2.0
Si,baseline,right_only,SiPt17,Si,1,22,0.6685635633333332,0.33143644666666666,0.0,Si,1,1,64.0,2.0
Si,baseline,right_only,SiPt18,Si,1,22,0.42001087000000004,0.5799891533333333,0.0,Si,1,1,57.0,2.0
Si,baseline,right_only,SiPt19,Si,1,22,0.5077559533333333,0.4922440833333333,0.0,Si,1,1,53.0,2.0
Si,baseline,right_only,SiPt20,Si,1,22,0.6946351633333334,0.305364825,0.0,Si,1,1,59.0,2.0
Si,baseline,right_only,SiPt21,Si,1,22,0.14897649333333332,0.8510235100000001,0.0,Si,1,1,58.0,2.0
Si,baseline,right_only,SiPt22,Si,1,22,0.15532648000000002,0.8446735,0.0,Si,1,1,71.0,2.0
Si,baseline,right_only,SiPt23,Si,1,22,0.2395753266666667,0.76042465,0.0,Si,1,2,50.0,2.0
Si,baseline,right_only,SiPt24,Si,1,22,0.8030503866666666,0.19694960066666667,0.0,Si,1,2,36.0,2.0
Si,baseline,right_only,SiPt25,Si,1,22,0.2794640413333333,0.7205359833333334,0.0,Si,1,1,63.0,2.0
Si,baseline,right_only,SiPt27,Si,1,22,0.2611518033333333,0.7388481766666667,0.0,Si,1,1,50.0,2.0
Si,baseline,right_only,SiPt28,Si,1,22,0.09122670133333333,0.9087732866666668,0.0,Si,1,2,70.0,2.5
Si,baseline,right_only,SiPt29,Si,1,22,0.40064973666666664,0.5993502566666667,0.0,Si,1,2,72.0,2.5
Si,baseline,right_only,SiPt30,Si,1,22,0.4675473833333334,0.5324526066666667,0.0,Si,1,1,60.0,2.0
Si,baseline,right_only,SiPt31,Si,1,22,0.10886616333333334,0.8911338366666667,0.0,Si,1,2,56.0,2.0
Si,baseline,right_only,SiPt32,Si,1,22,0.80459579,0.19540422000000002,0.0,Si,1,1,64.0,2.0
Si,baseline,right_only,SiPt33,Si,1,22,0.7561912566666668,0.24380875999999999,0.0,Si,1,1,67.0,2.0
Si,baseline,right_only,SiPt34,Si,1,22,0.33919240666666667,0.66080759,0.0,Si,1,1,71.0,2.0
Si,baseline,right_only,SiPt35,Si,1,22,0.8249428833333333,0.17505712666666665,0.0,Si,1,1,57.0,2.0
Si,baseline,right_only,SiPt36,Si,1,22,0.6436962199999999,0.35630375,0.0,Si,1,2,53.0,2.0
Si,baseline,right_only,SiPt37,Si,1,22,0.31198694,0.6880130533333334,0.0,Si,1,2,66.0,2.5
Si,baseline,right_only,SiPt38,Si,1,22,0.81418413,0.18581587666666666,0.0,Si,1,2,65.0,2.0
Si,baseline,right_only,SiPt39,Si,1,22,0.055799126,0.94420088,0.0,Si,1,2,69.0,2.0
Si,baseline,right_only,SiPt40,Si,1,22,0.06376775233333333,0.93623228,0.0,Si,1,1,69.0,2.5
Si,baseline,sensor_dead_bilateral,SiCo01,Si,0,22,0.7303026666666667,0.26969731999999996,1.0,Si,0,2,53.0,
Si,baseline,sensor_dead_bilateral,SiCo03,Si,0,22,0.6751643500000001,0.32483564666666664,1.0,Si,0,2,65.0,
Si,baseline,sensor_dead_bilateral,SiCo04,Si,0,22,0.8026032666666666,0.19739675666666667,1.0,Si,0,1,71.0,
Si,baseline,sensor_dead_bilateral,SiCo05,Si,0,22,0.49585707999999995,0.50414294,1.0,Si,0,2,55.0,
Si,baseline,sensor_dead_bilateral,SiCo06,Si,0,22,0.7690322466666667,0.23096774333333334,1.0,Si,0,2,70.0,
Si,baseline,sensor_dead_bilateral,SiCo07,Si,0,22,0.3949681,0.60503191,1.0,Si,0,2,57.0,
Si,baseline,sensor_dead_bilateral,SiCo08,Si,0,22,0.6746353566666666,0.3253646433333333,1.0,Si,0,2,65.0,
Si,baseline,sensor_dead_bilateral,SiCo09,Si,0,22,0.6664774000000001,0.33352261333333333,1.0,Si,0,1,56.0,
Si,baseline,sensor_dead_bilateral,SiCo10,Si,0,22,0.7557164666666667,0.24428354333333333,1.0,Si,0,1,50.0,
Si,baseline,sensor_dead_bilateral,SiCo11,Si,0,22,0.4374616533333333,0.56253834,1.0,Si,0,2,60.0,
Si,baseline,sensor_dead_bilateral,SiCo12,Si,0,22,0.29991243666666667,0.7000875666666667,1.0,Si,0,2,37.0,
Si,baseline,sensor_dead_bilateral,SiCo13,Si,0,22,0.81557534,0.18442464666666666,1.0,Si,0,1,61.0,
Si,baseline,sensor_dead_bilateral,SiCo14,Si,0,22,0.7843510033333333,0.21564898999999996,1.0,Si,0,1,52.0,
Si,baseline,sensor_dead_bilateral,SiCo15,Si,0,22,0.4943047733333333,0.5056952433333334,1.0,Si,0,2,54.0,
Si,baseline,sensor_dead_bilateral,SiCo16,Si,0,22,0.26576251533333334,0.7342375099999999,1.0,Si,0,1,60.0,
Si,baseline,sensor_dead_bilateral,SiCo17,Si,0,22,0.23367733666666668,0.76632267,1.0,Si,0,2,64.0,
Si,baseline,sensor_dead_bilateral,SiCo18,Si,0,22,0.9439532533333334,0.056046740000000005,1.0,Si,0,2,61.0,
Si,baseline,sensor_dead_bilateral,SiCo19,Si,0,22,0.7853017133333333,0.21469826333333333,1.0,Si,0,1,51.0,
Si,baseline,sensor_dead_bilateral,SiCo20,Si,0,22,0.5284067766666667,0.47159320666666665,1.0,Si,0,1,62.0,
Si,baseline,sensor_dead_bilateral,SiCo21,Si,0,22,0.6523014,0.3476986066666667,1.0,Si,0,1,56.0,
Si,baseline,sensor_dead_bilateral,SiCo22,Si,0,22,0.8151322833333333,0.18486772666666665,1.0,Si,0,1,52.0,
Si,baseline,sensor_dead_bilateral,SiCo23,Si,0,22,0.7905433166666667,0.20945665666666669,1.0,Si,0,1,53.0,
Si,baseline,sensor_dead_bilateral,SiCo24,Si,0,22,0.4614868433333333,0.5385131833333333,1.0,Si,0,1,54.0,
Si,baseline,sensor_dead_bilateral,SiCo25,Si,0,22,0.8219257766666667,0.17807424000000002,1.0,Si,0,1,57.0,
Si,baseline,sensor_dead_bilateral,SiCo26,Si,0,22,0.7744351366666667,0.22556483466666669,1.0,Si,0,1,60.0,
Si,baseline,sensor_dead_bilateral,SiCo27,Si,0,22,0.9129045166666666,0.08709547576666667,1.0,Si,0,1,67.0,
Si,baseline,sensor_dead_bilateral,SiCo28,Si,0,22,0.50679294,0.49320704666666665,1.0,Si,0,1,61.0,
Si,baseline,sensor_dead_bilateral,SiCo29,Si,0,22,0.67098221,0.3290177733333333,1.0,Si,0,1,53.0,
Si,baseline,sensor_dead_bilateral,SiCo30,Si,0,22,0.7977544933333333,0.20224550333333333,1.0,Si,0,1,63.0,
Si,baseline,sensor_dead_bilateral,SiPt02,Si,1,22,0.17863455666666664,0.82136548,1.0,Si,1,2,77.0,2.5
Si,baseline,sensor_dead_bilateral,SiPt04,Si,1,22,0.4309776433333334,0.5690223633333333,1.0,Si,1,1,73.0,2.0
Si,baseline,sensor_dead_bilateral,SiPt05,Si,1,22,0.2539988166666667,0.7460012166666666,1.0,Si,1,1,56.0,2.5
Si,baseline,sensor_dead_bilateral,SiPt07,Si,1,22,0.16040581,0.8395941533333334,1.0,Si,1,2,54.0,2.0
Si,baseline,sensor_dead_bilateral,SiPt08,Si,1,22,0.17718810999999998,0.8228118833333333,1.0,Si,1,1,67.0,2.0
Si,baseline,sensor_dead_bilateral,SiPt09,Si,1,22,0.48877342666666673,0.5112265833333333,1.0,Si,1,1,63.0,2.0
Si,baseline,sensor_dead_bilateral,SiPt10,Si,1,22,0.29538011999999997,0.7046198666666666,1.0,Si,1,2,77.0,2.0
Si,baseline,sensor_dead_bilateral,SiPt12,Si,1,22,0.2523504916666667,0.7476495066666667,1.0,Si,1,2,64.0,2.0
Si,baseline,sensor_dead_bilateral,SiPt13,Si,1,22,0.22426739333333331,0.7757326166666667,1.0,Si,1,1,52.0,2.0
Si,baseline,sensor_dead_bilateral,SiPt14,Si,1,22,0.17219053666666664,0.8278094933333334,1.0,Si,1,1,60.0,2.5
Si,baseline,sensor_dead_bilateral,SiPt15,Si,1,22,0.16663383333333334,0.83336618,1.0,Si,1,1,62.0,2.0
Si,baseline,sensor_dead_bilateral,SiPt16,Si,1,22,0.51606932,0.48393066999999995,1.0,Si,1,1,50.0,2.0
Si,baseline,sensor_dead_bilateral,SiPt17,Si,1,22,0.59936101,0.40063897,1.0,Si,1,1,64.0,2.0
Si,baseline,sensor_dead_bilateral,SiPt18,Si,1,22,0.38165064666666665,0.6183493633333333,1.0,Si,1,1,57.0,2.0
Si,baseline,sensor_dead_bilateral,SiPt19,Si,1,22,0.2308112033333333,0.7691888033333333,1.0,Si,1,1,53.0,2.0
Si,baseline,sensor_dead_bilateral,SiPt20,Si,1,22,0.42228271333333334,0.5777172899999999,1.0,Si,1,1,59.0,2.0
Si,baseline,sensor_dead_bilateral,SiPt21,Si,1,22,0.5120341866666668,0.4879658,1.0,Si,1,1,58.0,2.0
Si,baseline,sensor_dead_bilateral,SiPt22,Si,1,22,0.20711676999999998,0.7928832666666666,1.0,Si,1,1,71.0,2.0
Si,baseline,sensor_dead_bilateral,SiPt23,Si,1,22,0.37022957,0.6297704533333334,1.0,Si,1,2,50.0,2.0
Si,baseline,sensor_dead_bilateral,SiPt24,Si,1,22,0.36034334,0.6396566433333334,1.0,Si,1,2,36.0,2.0
Si,baseline,sensor_dead_bilateral,SiPt25,Si,1,22,0.33997685,0.6600231666666666,1.0,Si,1,1,63.0,2.0
Si,baseline,sensor_dead_bilateral,SiPt27,Si,1,22,0.25681650666666667,0.7431835000000001,1.0,Si,1,1,50.0,2.0
Si,baseline,sensor_dead_bilateral,SiPt28,Si,1,22,0.15961846333333332,0.8403815666666666,1.0,Si,1,2,70.0,2.5
Si,baseline,sensor_dead_bilateral,SiPt29,Si,1,22,0.19701625,0.8029837533333333,1.0,Si,1,2,72.0,2.5
Si,baseline,sensor_dead_bilateral,SiPt30,Si,1,22,0.62829355,0.37170641000000004,1.0,Si,1,1,60.0,2.0
Si,baseline,sensor_dead_bilateral,SiPt31,Si,1,22,0.10495007866666667,0.8950499133333333,1.0,Si,1,2,56.0,2.0
Si,baseline,sensor_dead_bilateral,SiPt32,Si,1,22,0.6440514999999999,0.3559485066666667,1.0,Si,1,1,64.0,2.0
Si,baseline,sensor_dead_bilateral,SiPt33,Si,1,22,0.5172966966666667,0.48270328333333334,1.0,Si,1,1,67.0,2.0
Si,baseline,sensor_dead_bilateral,SiPt34,Si,1,22,0.45994126333333335,0.5400587366666667,1.0,Si,1,1,71.0,2.0
Si,baseline,sensor_dead_bilateral,SiPt35,Si,1,22,0.5399250766666667,0.46007490666666667,1.0,Si,1,1,57.0,2.0
Si,baseline,sensor_dead_bilateral,SiPt36,Si,1,22,0.30966486,0.6903351266666666,1.0,Si,1,2,53.0,2.0
Si,baseline,sensor_dead_bilateral,SiPt37,Si,1,22,0.41424149,0.5857585,1.0,Si,1,2,66.0,2.5
Si,baseline,sensor_dead_bilateral,SiPt38,Si,1,22,0.6819425833333334,0.31805742666666664,1.0,Si,1,2,65.0,2.0
Si,baseline,sensor_dead_bilateral,SiPt39,Si,1,22,0.28292944,0.7170705666666667,1.0,Si,1,2,69.0,2.0
Si,baseline,sensor_dead_bilateral,SiPt40,Si,1,22,0.17751588,0.8224841333333334,1.0,Si,1,1,69.0,2.5
Si,baseline,near_dead_bilateral,SiCo01,Si,0,22,0.7083963999999999,0.2916036,0.0,Si,0,2,53.0,
Si,baseline,near_dead_bilateral,SiCo03,Si,0,22,0.7161234,0.28387657,0.0,Si,0,2,65.0,
Si,baseline,near_dead_bilateral,SiCo04,Si,0,22,0.7270834133333333,0.27291659,0.0,Si,0,1,71.0,
Si,baseline,near_dead_bilateral,SiCo05,Si,0,22,0.5252733766666666,0.47472661666666666,0.0,Si,0,2,55.0,
Si,baseline,near_dead_bilateral,SiCo06,Si,0,22,0.78126818,0.21873182000000002,0.0,Si,0,2,70.0,
Si,baseline,near_dead_bilateral,SiCo07,Si,0,22,0.41941505,0.58058496,0.0,Si,0,2,57.0,
Si,baseline,near_dead_bilateral,SiCo08,Si,0,22,0.65501694,0.3449830466666666,0.0,Si,0,2,65.0,
Si,baseline,near_dead_bilateral,SiCo09,Si,0,22,0.5794681866666668,0.42053182333333333,0.0,Si,0,1,56.0,
Si,baseline,near_dead_bilateral,SiCo10,Si,0,22,0.84916366,0.150836345,0.0,Si,0,1,50.0,
Si,baseline,near_dead_bilateral,SiCo11,Si,0,22,0.46555841666666664,0.5344416033333333,0.0,Si,0,2,60.0,
Si,baseline,near_dead_bilateral,SiCo12,Si,0,22,0.28155706666666663,0.7184429333333333,0.0,Si,0,2,37.0,
Si,baseline,near_dead_bilateral,SiCo13,Si,0,22,0.7076985499999999,0.29230146,0.0,Si,0,1,61.0,
Si,baseline,near_dead_bilateral,SiCo14,Si,0,22,0.7648649500000001,0.23513500666666665,0.0,Si,0,1,52.0,
Si,baseline,near_dead_bilateral,SiCo15,Si,0,22,0.6371149366666666,0.3628850533333334,0.0,Si,0,2,54.0,
Si,baseline,near_dead_bilateral,SiCo16,Si,0,22,0.3378191566666667,0.6621808166666666,0.0,Si,0,1,60.0,
Si,baseline,near_dead_bilateral,SiCo17,Si,0,22,0.17618193666666668,0.8238180666666667,0.0,Si,0,2,64.0,
Si,baseline,near_dead_bilateral,SiCo18,Si,0,22,0.9182584066666667,0.08174159533333333,0.0,Si,0,2,61.0,
Si,baseline,near_dead_bilateral,SiCo19,Si,0,22,0.75124739,0.2487525966666667,0.0,Si,0,1,51.0,
Si,baseline,near_dead_bilateral,SiCo20,Si,0,22,0.3932550733333333,0.6067449266666667,0.0,Si,0,1,62.0,
Si,baseline,near_dead_bilateral,SiCo21,Si,0,22,0.6226255666666667,0.37737445333333336,0.0,Si,0,1,56.0,
Si,baseline,near_dead_bilateral,SiCo22,Si,0,22,0.7959461666666666,0.20405379666666668,0.0,Si,0,1,52.0,
Si,baseline,near_dead_bilateral,SiCo23,Si,0,22,0.7307772866666666,0.26922276666666667,0.0,Si,0,1,53.0,
Si,baseline,near_dead_bilateral,SiCo24,Si,0,22,0.41287244666666667,0.5871275466666667,0.0,Si,0,1,54.0,
Si,baseline,near_dead_bilateral,SiCo25,Si,0,22,0.8730675166666666,0.12693251166666666,0.0,Si,0,1,57.0,
Si,baseline,near_dead_bilateral,SiCo26,Si,0,22,0.7639083333333333,0.23609169,0.0,Si,0,1,60.0,
Si,baseline,near_dead_bilateral,SiCo27,Si,0,22,0.9271557366666666,0.07284422366666667,0.0,Si,0,1,67.0,
Si,baseline,near_dead_bilateral,SiCo28,Si,0,22,0.3745862766666667,0.6254137433333333,0.0,Si,0,1,61.0,
Si,baseline,near_dead_bilateral,SiCo29,Si,0,22,0.618836,0.3811640233333333,0.0,Si,0,1,53.0,
Si,baseline,near_dead_bilateral,SiCo30,Si,0,22,0.8195616333333334,0.18043835666666666,0.0,Si,0,1,63.0,
Si,baseline,near_dead_bilateral,SiPt02,Si,1,22,0.17839856166666665,0.8216014566666666,0.0,Si,1,2,77.0,2.5
Si,baseline,near_dead_bilateral,SiPt04,Si,1,22,0.5058659133333334,0.49413407666666664,0.0,Si,1,1,73.0,2.0
Si,baseline,near_dead_bilateral,SiPt05,Si,1,22,0.31679544,0.68320455,0.0,Si,1,1,56.0,2.5
Si,baseline,near_dead_bilateral,SiPt07,Si,1,22,0.1513919,0.8486080566666666,0.0,Si,1,2,54.0,2.0
Si,baseline,near_dead_bilateral,SiPt08,Si,1,22,0.16028927333333332,0.83971069,0.0,Si,1,1,67.0,2.0
Si,baseline,near_dead_bilateral,SiPt09,Si,1,22,0.41632745666666665,0.5836725233333334,0.0,Si,1,1,63.0,2.0
Si,baseline,near_dead_bilateral,SiPt10,Si,1,22,0.25007913666666665,0.7499208666666667,0.0,Si,1,2,77.0,2.0
Si,baseline,near_dead_bilateral,SiPt12,Si,1,22,0.26974597333333333,0.730254,0.0,Si,1,2,64.0,2.0
Si,baseline,near_dead_bilateral,SiPt13,Si,1,22,0.21097731,0.7890226666666668,0.0,Si,1,1,52.0,2.0
Si,baseline,near_dead_bilateral,SiPt14,Si,1,22,0.24963581333333332,0.7503642066666667,0.0,Si,1,1,60.0,2.5
Si,baseline,near_dead_bilateral,SiPt15,Si,1,22,0.17468616833333336,0.8253138,0.0,Si,1,1,62.0,2.0
Si,baseline,near_dead_bilateral,SiPt16,Si,1,22,0.4076369533333333,0.5923630633333333,0.0,Si,1,1,50.0,2.0
Si,baseline,near_dead_bilateral,SiPt17,Si,1,22,0.6033826133333333,0.39661737999999996,0.0,Si,1,1,64.0,2.0
Si,baseline,near_dead_bilateral,SiPt18,Si,1,22,0.4714994733333333,0.5285005433333333,0.0,Si,1,1,57.0,2.0
Si,baseline,near_dead_bilateral,SiPt19,Si,1,22,0.24129138333333333,0.75870863,0.0,Si,1,1,53.0,2.0
Si,baseline,near_dead_bilateral,SiPt20,Si,1,22,0.4654744766666667,0.5345255133333333,0.0,Si,1,1,59.0,2.0
Si,baseline,near_dead_bilateral,SiPt21,Si,1,22,0.4093089033333333,0.59069109,0.0,Si,1,1,58.0,2.0
Si,baseline,near_dead_bilateral,SiPt22,Si,1,22,0.16240854000000002,0.8375914466666666,0.0,Si,1,1,71.0,2.0
Si,baseline,near_dead_bilateral,SiPt23,Si,1,22,0.34398823000000006,0.6560117666666666,0.0,Si,1,2,50.0,2.0
Si,baseline,near_dead_bilateral,SiPt24,Si,1,22,0.3953415966666667,0.6046583766666667,0.0,Si,1,2,36.0,2.0
Si,baseline,near_dead_bilateral,SiPt25,Si,1,22,0.3557038866666667,0.6442961199999999,0.0,Si,1,1,63.0,2.0
Si,baseline,near_dead_bilateral,SiPt27,Si,1,22,0.20313088,0.7968691333333333,0.0,Si,1,1,50.0,2.0
Si,baseline,near_dead_bilateral,SiPt28,Si,1,22,0.10431828,0.8956817466666666,0.0,Si,1,2,70.0,2.5
Si,baseline,near_dead_bilateral,SiPt29,Si,1,22,0.2232616466666667,0.77673835,0.0,Si,1,2,72.0,2.5
Si,baseline,near_dead_bilateral,SiPt30,Si,1,22,0.40494886,0.5950511433333333,0.0,Si,1,1,60.0,2.0
Si,baseline,near_dead_bilateral,SiPt31,Si,1,22,0.08495240566666667,0.9150475866666667,0.0,Si,1,2,56.0,2.0
Si,baseline,near_dead_bilateral,SiPt32,Si,1,22,0.5959722466666667,0.40402777333333334,0.0,Si,1,1,64.0,2.0
Si,baseline,near_dead_bilateral,SiPt33,Si,1,22,0.62424572,0.3757542733333333,0.0,Si,1,1,67.0,2.0
Si,baseline,near_dead_bilateral,SiPt34,Si,1,22,0.36497304333333336,0.6350269566666666,0.0,Si,1,1,71.0,2.0
Si,baseline,near_dead_bilateral,SiPt35,Si,1,22,0.637228,0.3627719933333333,0.0,Si,1,1,57.0,2.0
Si,baseline,near_dead_bilateral,SiPt36,Si,1,22,0.3114613,0.68853869,0.0,Si,1,2,53.0,2.0
Si,baseline,near_dead_bilateral,SiPt37,Si,1,22,0.41476945000000004,0.58523053,0.0,Si,1,2,66.0,2.5
Si,baseline,near_dead_bilateral,SiPt38,Si,1,22,0.6106938000000001,0.3893062266666667,0.0,Si,1,2,65.0,2.0
Si,baseline,near_dead_bilateral,SiPt39,Si,1,22,0.24723574,0.7527642466666666,0.0,Si,1,2,69.0,2.0
Si,baseline,near_dead_bilateral,SiPt40,Si,1,22,0.12455908666666667,0.87544091,0.0,Si,1,1,69.0,2.5
Si,baseline,contact_loss_bilateral,SiCo01,Si,0,22,0.8397724133333333,0.160227609,0.0,Si,0,2,53.0,
Si,baseline,contact_loss_bilateral,SiCo03,Si,0,22,0.7933621433333333,0.206637878,0.0,Si,0,2,65.0,
Si,baseline,contact_loss_bilateral,SiCo04,Si,0,22,0.9026156333333333,0.097384343,0.0,Si,0,1,71.0,
Si,baseline,contact_loss_bilateral,SiCo05,Si,0,22,0.6796831466666666,0.32031683333333333,0.0,Si,0,2,55.0,
Si,baseline,contact_loss_bilateral,SiCo06,Si,0,22,0.9186251333333333,0.08137486666666667,0.0,Si,0,2,70.0,
Si,baseline,contact_loss_bilateral,SiCo07,Si,0,22,0.3610180966666667,0.6389819133333333,0.0,Si,0,2,57.0,
Si,baseline,contact_loss_bilateral,SiCo08,Si,0,22,0.75717501,0.24282498,0.0,Si,0,2,65.0,
Si,baseline,contact_loss_bilateral,SiCo09,Si,0,22,0.7109647166666667,0.28903528,0.0,Si,0,1,56.0,
Si,baseline,contact_loss_bilateral,SiCo10,Si,0,22,0.9191320900000001,0.08086791233333333,0.0,Si,0,1,50.0,
Si,baseline,contact_loss_bilateral,SiCo11,Si,0,22,0.51987638,0.4801236133333333,0.0,Si,0,2,60.0,
Si,baseline,contact_loss_bilateral,SiCo12,Si,0,22,0.22758251,0.77241752,0.0,Si,0,2,37.0,
Si,baseline,contact_loss_bilateral,SiCo13,Si,0,22,0.9258796,0.07412040333333333,0.0,Si,0,1,61.0,
Si,baseline,contact_loss_bilateral,SiCo14,Si,0,22,0.85670555,0.14329446333333332,0.0,Si,0,1,52.0,
Si,baseline,contact_loss_bilateral,SiCo15,Si,0,22,0.7190754666666667,0.28092453666666667,0.0,Si,0,2,54.0,
Si,baseline,contact_loss_bilateral,SiCo16,Si,0,22,0.29810053,0.7018994766666666,0.0,Si,0,1,60.0,
Si,baseline,contact_loss_bilateral,SiCo17,Si,0,22,0.08674393033333333,0.9132560633333333,0.0,Si,0,2,64.0,
Si,baseline,contact_loss_bilateral,SiCo18,Si,0,22,0.9747992233333332,0.025200772,0.0,Si,0,2,61.0,
Si,baseline,contact_loss_bilateral,SiCo19,Si,0,22,0.9000751399999999,0.09992486,0.0,Si,0,1,51.0,
Si,baseline,contact_loss_bilateral,SiCo20,Si,0,22,0.5421803566666666,0.45781968,0.0,Si,0,1,62.0,
Si,baseline,contact_loss_bilateral,SiCo21,Si,0,22,0.8336406166666667,0.16635938333333333,0.0,Si,0,1,56.0,
Si,baseline,contact_loss_bilateral,SiCo22,Si,0,22,0.9645887033333334,0.03541130633333333,0.0,Si,0,1,52.0,
Si,baseline,contact_loss_bilateral,SiCo23,Si,0,22,0.9136018300000001,0.086398182,0.0,Si,0,1,53.0,
Si,baseline,contact_loss_bilateral,SiCo24,Si,0,22,0.66127757,0.3387224066666667,0.0,Si,0,1,54.0,
Si,baseline,contact_loss_bilateral,SiCo25,Si,0,22,0.9233403333333333,0.07665967466666666,0.0,Si,0,1,57.0,
Si,baseline,contact_loss_bilateral,SiCo26,Si,0,22,0.8378548233333333,0.16214519066666666,0.0,Si,0,1,60.0,
Si,baseline,contact_loss_bilateral,SiCo27,Si,0,22,0.9412941133333333,0.058705862100000006,0.0,Si,0,1,67.0,
Si,baseline,contact_loss_bilateral,SiCo28,Si,0,22,0.6195084766666666,0.3804915133333333,0.0,Si,0,1,61.0,
Si,baseline,contact_loss_bilateral,SiCo29,Si,0,22,0.7001702866666667,0.29982972,0.0,Si,0,1,53.0,
Si,baseline,contact_loss_bilateral,SiCo30,Si,0,22,0.8885114199999999,0.11148857866666667,0.0,Si,0,1,63.0,
Si,baseline,contact_loss_bilateral,SiPt02,Si,1,22,0.11399087000000001,0.8860091200000001,0.0,Si,1,2,77.0,2.5
Si,baseline,contact_loss_bilateral,SiPt04,Si,1,22,0.5179405033333334,0.48205951,0.0,Si,1,1,73.0,2.0
Si,baseline,contact_loss_bilateral,SiPt05,Si,1,22,0.16796012666666668,0.8320398533333333,0.0,Si,1,1,56.0,2.5
Si,baseline,contact_loss_bilateral,SiPt07,Si,1,22,0.17107913,0.8289208866666667,0.0,Si,1,2,54.0,2.0
Si,baseline,contact_loss_bilateral,SiPt08,Si,1,22,0.072477374,0.9275226366666667,0.0,Si,1,1,67.0,2.0
Si,baseline,contact_loss_bilateral,SiPt09,Si,1,22,0.6280469233333333,0.3719530933333333,0.0,Si,1,1,63.0,2.0
Si,baseline,contact_loss_bilateral,SiPt10,Si,1,22,0.37896888666666667,0.6210311333333333,0.0,Si,1,2,77.0,2.0
Si,baseline,contact_loss_bilateral,SiPt12,Si,1,22,0.20106560333333334,0.79893439,0.0,Si,1,2,64.0,2.0
Si,baseline,contact_loss_bilateral,SiPt13,Si,1,22,0.18162332,0.8183766800000001,0.0,Si,1,1,52.0,2.0
Si,baseline,contact_loss_bilateral,SiPt14,Si,1,22,0.09495585833333335,0.9050441333333333,0.0,Si,1,1,60.0,2.5
Si,baseline,contact_loss_bilateral,SiPt15,Si,1,22,0.04176964266666666,0.9582303333333333,0.0,Si,1,1,62.0,2.0
Si,baseline,contact_loss_bilateral,SiPt16,Si,1,22,0.4143044933333333,0.5856955,0.0,Si,1,1,50.0,2.0
Si,baseline,contact_loss_bilateral,SiPt17,Si,1,22,0.7337236033333333,0.2662764033333333,0.0,Si,1,1,64.0,2.0
Si,baseline,contact_loss_bilateral,SiPt18,Si,1,22,0.34527424333333334,0.6547257833333333,0.0,Si,1,1,57.0,2.0
Si,baseline,contact_loss_bilateral,SiPt19,Si,1,22,0.20621995666666668,0.7937800333333334,0.0,Si,1,1,53.0,2.0
Si,baseline,contact_loss_bilateral,SiPt20,Si,1,22,0.49748788,0.5025121266666667,0.0,Si,1,1,59.0,2.0
Si,baseline,contact_loss_bilateral,SiPt21,Si,1,22,0.36985424,0.63014575,0.0,Si,1,1,58.0,2.0
Si,baseline,contact_loss_bilateral,SiPt22,Si,1,22,0.14453735666666667,0.8554626333333334,0.0,Si,1,1,71.0,2.0
Si,baseline,contact_loss_bilateral,SiPt23,Si,1,22,0.20248937999999997,0.7975105733333333,0.0,Si,1,2,50.0,2.0
Si,baseline,contact_loss_bilateral,SiPt24,Si,1,22,0.4136718366666667,0.5863281466666667,0.0,Si,1,2,36.0,2.0
Si,baseline,contact_loss_bilateral,SiPt25,Si,1,22,0.3670644433333334,0.6329355733333334,0.0,Si,1,1,63.0,2.0
Si,baseline,contact_loss_bilateral,SiPt27,Si,1,22,0.15216789,0.8478320833333334,0.0,Si,1,1,50.0,2.0
Si,baseline,contact_loss_bilateral,SiPt28,Si,1,22,0.056074272333333335,0.9439257333333333,0.0,Si,1,2,70.0,2.5
Si,baseline,contact_loss_bilateral,SiPt29,Si,1,22,0.25250329666666665,0.7474967,0.0,Si,1,2,72.0,2.5
Si,baseline,contact_loss_bilateral,SiPt30,Si,1,22,0.6096600866666667,0.39033992,0.0,Si,1,1,60.0,2.0
Si,baseline,contact_loss_bilateral,SiPt31,Si,1,22,0.035193285666666664,0.9648067166666667,0.0,Si,1,2,56.0,2.0
Si,baseline,contact_loss_bilateral,SiPt32,Si,1,22,0.7205907699999999,0.27940922,0.0,Si,1,1,64.0,2.0
Si,baseline,contact_loss_bilateral,SiPt33,Si,1,22,0.7435141366666667,0.25648587,0.0,Si,1,1,67.0,2.0
Si,baseline,contact_loss_bilateral,SiPt34,Si,1,22,0.30215312,0.6978468533333334,0.0,Si,1,1,71.0,2.0
Si,baseline,contact_loss_bilateral,SiPt35,Si,1,22,0.7078798900000001,0.29212013,0.0,Si,1,1,57.0,2.0
Si,baseline,contact_loss_bilateral,SiPt36,Si,1,22,0.29276075,0.7072392366666667,0.0,Si,1,2,53.0,2.0
Si,baseline,contact_loss_bilateral,SiPt37,Si,1,22,0.45640392,0.5435960666666667,0.0,Si,1,2,66.0,2.5
Si,baseline,contact_loss_bilateral,SiPt38,Si,1,22,0.8439970233333334,0.15600296333333333,0.0,Si,1,2,65.0,2.0
Si,baseline,contact_loss_bilateral,SiPt39,Si,1,22,0.20871804333333333,0.7912819433333333,0.0,Si,1,2,69.0,2.0
Si,baseline,contact_loss_bilateral,SiPt40,Si,1,22,0.12853139,0.8714686366666666,0.0,Si,1,1,69.0,2.5
Si,baseline,saturation_bilateral,SiCo01,Si,0,22,0.8103826033333333,0.18961738833333333,0.0,Si,0,2,53.0,
Si,baseline,saturation_bilateral,SiCo03,Si,0,22,0.7567497400000001,0.24325024166666664,0.0,Si,0,2,65.0,
Si,baseline,saturation_bilateral,SiCo04,Si,0,22,0.8892197866666667,0.110780235,0.0,Si,0,1,71.0,
Si,baseline,saturation_bilateral,SiCo05,Si,0,22,0.66118484,0.33881517999999994,0.0,Si,0,2,55.0,
Si,baseline,saturation_bilateral,SiCo06,Si,0,22,0.9041768633333334,0.09582312966666666,0.0,Si,0,2,70.0,
Si,baseline,saturation_bilateral,SiCo07,Si,0,22,0.27950929333333335,0.7204906833333333,0.0,Si,0,2,57.0,
Si,baseline,saturation_bilateral,SiCo08,Si,0,22,0.7545721133333334,0.24542790666666667,0.0,Si,0,2,65.0,
Si,baseline,saturation_bilateral,SiCo09,Si,0,22,0.6618444866666667,0.33815549666666667,0.0,Si,0,1,56.0,
Si,baseline,saturation_bilateral,SiCo10,Si,0,22,0.8999686233333333,0.100031345,0.0,Si,0,1,50.0,
Si,baseline,saturation_bilateral,SiCo11,Si,0,22,0.46433522,0.53566479,0.0,Si,0,2,60.0,
Si,baseline,saturation_bilateral,SiCo12,Si,0,22,0.21210893333333333,0.7878910866666667,0.0,Si,0,2,37.0,
Si,baseline,saturation_bilateral,SiCo13,Si,0,22,0.9230487799999999,0.07695123,0.0,Si,0,1,61.0,
Si,baseline,saturation_bilateral,SiCo14,Si,0,22,0.84252118,0.15747882800000002,0.0,Si,0,1,52.0,
Si,baseline,saturation_bilateral,SiCo15,Si,0,22,0.6653284366666666,0.3346715533333333,0.0,Si,0,2,54.0,
Si,baseline,saturation_bilateral,SiCo16,Si,0,22,0.23570898333333334,0.7642910333333334,0.0,Si,0,1,60.0,
Si,baseline,saturation_bilateral,SiCo17,Si,0,22,0.05821087133333333,0.9417890999999999,0.0,Si,0,2,64.0,
Si,baseline,saturation_bilateral,SiCo18,Si,0,22,0.9724304,0.027569620666666666,0.0,Si,0,2,61.0,
Si,baseline,saturation_bilateral,SiCo19,Si,0,22,0.8876804766666666,0.11231953666666666,0.0,Si,0,1,51.0,
Si,baseline,saturation_bilateral,SiCo20,Si,0,22,0.5252594666666667,0.47474052333333333,0.0,Si,0,1,62.0,
Si,baseline,saturation_bilateral,SiCo21,Si,0,22,0.8036252333333334,0.1963747916666667,0.0,Si,0,1,56.0,
Si,baseline,saturation_bilateral,SiCo22,Si,0,22,0.95973794,0.04026207666666667,0.0,Si,0,1,52.0,
Si,baseline,saturation_bilateral,SiCo23,Si,0,22,0.8958389700000001,0.10416102933333334,0.0,Si,0,1,53.0,
Si,baseline,saturation_bilateral,SiCo24,Si,0,22,0.6073143366666667,0.39268565000000005,0.0,Si,0,1,54.0,
Si,baseline,saturation_bilateral,SiCo25,Si,0,22,0.9135014333333333,0.086498581,0.0,Si,0,1,57.0,
Si,baseline,saturation_bilateral,SiCo26,Si,0,22,0.8006418133333333,0.19935817666666666,0.0,Si,0,1,60.0,
Si,baseline,saturation_bilateral,SiCo27,Si,0,22,0.89121418,0.10878578566666668,0.0,Si,0,1,67.0,
Si,baseline,saturation_bilateral,SiCo28,Si,0,22,0.5877671,0.4122329,0.0,Si,0,1,61.0,
Si,baseline,saturation_bilateral,SiCo29,Si,0,22,0.6843682333333333,0.3156317866666667,0.0,Si,0,1,53.0,
Si,baseline,saturation_bilateral,SiCo30,Si,0,22,0.8846015,0.11539851333333333,0.0,Si,0,1,63.0,
Si,baseline,saturation_bilateral,SiPt02,Si,1,22,0.09749760866666667,0.9025024,0.0,Si,1,2,77.0,2.5
Si,baseline,saturation_bilateral,SiPt04,Si,1,22,0.45654050333333335,0.5434594866666667,0.0,Si,1,1,73.0,2.0
Si,baseline,saturation_bilateral,SiPt05,Si,1,22,0.12550783166666665,0.87449215,0.0,Si,1,1,56.0,2.5
Si,baseline,saturation_bilateral,SiPt07,Si,1,22,0.16268130333333333,0.8373187166666667,0.0,Si,1,2,54.0,2.0
Si,baseline,saturation_bilateral,SiPt08,Si,1,22,0.06969159566666668,0.9303084,0.0,Si,1,1,67.0,2.0
Si,baseline,saturation_bilateral,SiPt09,Si,1,22,0.5751228899999999,0.42487713000000005,0.0,Si,1,1,63.0,2.0
Si,baseline,saturation_bilateral,SiPt10,Si,1,22,0.3544193,0.6455807,0.0,Si,1,2,77.0,2.0
Si,baseline,saturation_bilateral,SiPt12,Si,1,22,0.13899392666666666,0.8610060599999999,0.0,Si,1,2,64.0,2.0
Si,baseline,saturation_bilateral,SiPt13,Si,1,22,0.14656069333333333,0.8534393000000001,0.0,Si,1,1,52.0,2.0
Si,baseline,saturation_bilateral,SiPt14,Si,1,22,0.06766448,0.9323354866666667,0.0,Si,1,1,60.0,2.5
Si,baseline,saturation_bilateral,SiPt15,Si,1,22,0.03991921466666667,0.96008083,0.0,Si,1,1,62.0,2.0
Si,baseline,saturation_bilateral,SiPt16,Si,1,22,0.37671779666666666,0.6232822133333333,0.0,Si,1,1,50.0,2.0
Si,baseline,saturation_bilateral,SiPt17,Si,1,22,0.7224469,0.27755308333333334,0.0,Si,1,1,64.0,2.0
Si,baseline,saturation_bilateral,SiPt18,Si,1,22,0.2699534083333333,0.73004659,0.0,Si,1,1,57.0,2.0
Si,baseline,saturation_bilateral,SiPt19,Si,1,22,0.17264782999999997,0.8273521866666668,0.0,Si,1,1,53.0,2.0
Si,baseline,saturation_bilateral,SiPt20,Si,1,22,0.49305960666666665,0.50694039,0.0,Si,1,1,59.0,2.0
Si,baseline,saturation_bilateral,SiPt21,Si,1,22,0.3226672133333333,0.6773327966666667,0.0,Si,1,1,58.0,2.0
Si,baseline,saturation_bilateral,SiPt22,Si,1,22,0.10923673533333333,0.8907632366666666,0.0,Si,1,1,71.0,2.0
Si,baseline,saturation_bilateral,SiPt23,Si,1,22,0.14379292666666665,0.8562070799999999,0.0,Si,1,2,50.0,2.0
Si,baseline,saturation_bilateral,SiPt24,Si,1,22,0.35534736666666666,0.6446526433333334,0.0,Si,1,2,36.0,2.0
Si,baseline,saturation_bilateral,SiPt25,Si,1,22,0.35442836,0.6455716499999999,0.0,Si,1,1,63.0,2.0
Si,baseline,saturation_bilateral,SiPt27,Si,1,22,0.13772915500000002,0.8622708466666666,0.0,Si,1,1,50.0,2.0
Si,baseline,saturation_bilateral,SiPt28,Si,1,22,0.045378294333333326,0.9546217100000001,0.0,Si,1,2,70.0,2.5
Si,baseline,saturation_bilateral,SiPt29,Si,1,22,0.24662703333333336,0.753373,0.0,Si,1,2,72.0,2.5
Si,baseline,saturation_bilateral,SiPt30,Si,1,22,0.5305042066666666,0.4694958066666666,0.0,Si,1,1,60.0,2.0
Si,baseline,saturation_bilateral,SiPt31,Si,1,22,0.032838039666666666,0.96716195,0.0,Si,1,2,56.0,2.0
Si,baseline,saturation_bilateral,SiPt32,Si,1,22,0.7054833333333334,0.2945166633333333,0.0,Si,1,1,64.0,2.0
Si,baseline,saturation_bilateral,SiPt33,Si,1,22,0.7286969333333334,0.27130303333333333,0.0,Si,1,1,67.0,2.0
Si,baseline,saturation_bilateral,SiPt34,Si,1,22,0.25821622333333333,0.7417837766666667,0.0,Si,1,1,71.0,2.0
Si,baseline,saturation_bilateral,SiPt35,Si,1,22,0.6707783599999999,0.3292216666666667,0.0,Si,1,1,57.0,2.0
Si,baseline,saturation_bilateral,SiPt36,Si,1,22,0.28830845,0.71169155,0.0,Si,1,2,53.0,2.0
Si,baseline,saturation_bilateral,SiPt37,Si,1,22,0.38724858666666667,0.6127514133333333,0.0,Si,1,2,66.0,2.5
Si,baseline,saturation_bilateral,SiPt38,Si,1,22,0.7965802966666667,0.20341972333333333,0.0,Si,1,2,65.0,2.0
Si,baseline,saturation_bilateral,SiPt39,Si,1,22,0.17177156000000002,0.8282284400000001,0.0,Si,1,2,69.0,2.0
Si,baseline,saturation_bilateral,SiPt40,Si,1,22,0.11871226,0.8812877466666666,0.0,Si,1,1,69.0,2.5
Si,baseline,drift_bilateral,SiCo01,Si,0,22,0.6629028666666666,0.3370971266666667,0.0,Si,0,2,53.0,
Si,baseline,drift_bilateral,SiCo03,Si,0,22,0.66307338,0.3369266533333333,0.0,Si,0,2,65.0,
Si,baseline,drift_bilateral,SiCo04,Si,0,22,0.77855528,0.22144474333333333,0.0,Si,0,1,71.0,
Si,baseline,drift_bilateral,SiCo05,Si,0,22,0.50090318,0.49909682666666666,0.0,Si,0,2,55.0,
Si,baseline,drift_bilateral,SiCo06,Si,0,22,0.7637111833333333,0.23628879333333333,0.0,Si,0,2,70.0,
Si,baseline,drift_bilateral,SiCo07,Si,0,22,0.39231925666666667,0.6076807766666666,0.0,Si,0,2,57.0,
Si,baseline,drift_bilateral,SiCo08,Si,0,22,0.7448440333333334,0.2551559566666667,0.0,Si,0,2,65.0,
Si,baseline,drift_bilateral,SiCo09,Si,0,22,0.580905,0.4190950033333333,0.0,Si,0,1,56.0,
Si,baseline,drift_bilateral,SiCo10,Si,0,22,0.8607657766666666,0.139234262,0.0,Si,0,1,50.0,
Si,baseline,drift_bilateral,SiCo11,Si,0,22,0.4635918266666667,0.5364081866666667,0.0,Si,0,2,60.0,
Si,baseline,drift_bilateral,SiCo12,Si,0,22,0.225211728,0.77478828,0.0,Si,0,2,37.0,
Si,baseline,drift_bilateral,SiCo13,Si,0,22,0.8751289333333334,0.1248711,0.0,Si,0,1,61.0,
Si,baseline,drift_bilateral,SiCo14,Si,0,22,0.7132672333333333,0.28673277999999996,0.0,Si,0,1,52.0,
Si,baseline,drift_bilateral,SiCo15,Si,0,22,0.5256622733333334,0.47433774,0.0,Si,0,2,54.0,
Si,baseline,drift_bilateral,SiCo16,Si,0,22,0.20764397999999998,0.7923560466666667,0.0,Si,0,1,60.0,
Si,baseline,drift_bilateral,SiCo17,Si,0,22,0.10908005833333334,0.89091994,0.0,Si,0,2,64.0,
Si,baseline,drift_bilateral,SiCo18,Si,0,22,0.9563320666666666,0.04366791166666667,0.0,Si,0,2,61.0,
Si,baseline,drift_bilateral,SiCo19,Si,0,22,0.7727022466666668,0.22729772333333334,0.0,Si,0,1,51.0,
Si,baseline,drift_bilateral,SiCo20,Si,0,22,0.4522625433333333,0.5477374233333333,0.0,Si,0,1,62.0,
Si,baseline,drift_bilateral,SiCo21,Si,0,22,0.74995762,0.25004236333333335,0.0,Si,0,1,56.0,
Si,baseline,drift_bilateral,SiCo22,Si,0,22,0.9565581666666666,0.04344182433333333,0.0,Si,0,1,52.0,
Si,baseline,drift_bilateral,SiCo23,Si,0,22,0.7898678600000001,0.21013215333333335,0.0,Si,0,1,53.0,
Si,baseline,drift_bilateral,SiCo24,Si,0,22,0.43548143,0.56451858,0.0,Si,0,1,54.0,
Si,baseline,drift_bilateral,SiCo25,Si,0,22,0.7983228800000001,0.20167711333333335,0.0,Si,0,1,57.0,
Si,baseline,drift_bilateral,SiCo26,Si,0,22,0.6763790166666667,0.32362099133333333,0.0,Si,0,1,60.0,
Si,baseline,drift_bilateral,SiCo27,Si,0,22,0.8343098433333332,0.16569016333333333,0.0,Si,0,1,67.0,
Si,baseline,drift_bilateral,SiCo28,Si,0,22,0.5150099,0.48499009,0.0,Si,0,1,61.0,
Si,baseline,drift_bilateral,SiCo29,Si,0,22,0.5402622333333333,0.4597377966666667,0.0,Si,0,1,53.0,
Si,baseline,drift_bilateral,SiCo30,Si,0,22,0.7975576233333334,0.20244236333333332,0.0,Si,0,1,63.0,
Si,baseline,drift_bilateral,SiPt02,Si,1,22,0.15170572533333335,0.84829426,0.0,Si,1,2,77.0,2.5
Si,baseline,drift_bilateral,SiPt04,Si,1,22,0.57013428,0.42986572333333334,0.0,Si,1,1,73.0,2.0
Si,baseline,drift_bilateral,SiPt05,Si,1,22,0.18488179000000002,0.8151182333333334,0.0,Si,1,1,56.0,2.5
Si,baseline,drift_bilateral,SiPt07,Si,1,22,0.15219982666666668,0.8478001666666666,0.0,Si,1,2,54.0,2.0
Si,baseline,drift_bilateral,SiPt08,Si,1,22,0.17033190333333334,0.8296680766666666,0.0,Si,1,1,67.0,2.0
Si,baseline,drift_bilateral,SiPt09,Si,1,22,0.5461162833333333,0.45388369,0.0,Si,1,1,63.0,2.0
Si,baseline,drift_bilateral,SiPt10,Si,1,22,0.40268971,0.59731028,0.0,Si,1,2,77.0,2.0
Si,baseline,drift_bilateral,SiPt12,Si,1,22,0.12466500333333334,0.8753350333333333,0.0,Si,1,2,64.0,2.0
Si,baseline,drift_bilateral,SiPt13,Si,1,22,0.2808381033333333,0.7191619266666667,0.0,Si,1,1,52.0,2.0
Si,baseline,drift_bilateral,SiPt14,Si,1,22,0.17569026000000001,0.8243097166666667,0.0,Si,1,1,60.0,2.5
Si,baseline,drift_bilateral,SiPt15,Si,1,22,0.11337137333333334,0.8866286200000001,0.0,Si,1,1,62.0,2.0
Si,baseline,drift_bilateral,SiPt16,Si,1,22,0.3278151833333333,0.6721847966666666,0.0,Si,1,1,50.0,2.0
Si,baseline,drift_bilateral,SiPt17,Si,1,22,0.6770898566666667,0.32291017,0.0,Si,1,1,64.0,2.0
Si,baseline,drift_bilateral,SiPt18,Si,1,22,0.3007145866666667,0.6992854333333334,0.0,Si,1,1,57.0,2.0
Si,baseline,drift_bilateral,SiPt19,Si,1,22,0.20190069533333332,0.7980993000000001,0.0,Si,1,1,53.0,2.0
Si,baseline,drift_bilateral,SiPt20,Si,1,22,0.34275805666666664,0.6572419533333334,0.0,Si,1,1,59.0,2.0
Si,baseline,drift_bilateral,SiPt21,Si,1,22,0.3057178,0.6942822133333334,0.0,Si,1,1,58.0,2.0
Si,baseline,drift_bilateral,SiPt22,Si,1,22,0.10689490666666668,0.8931051266666667,0.0,Si,1,1,71.0,2.0
Si,baseline,drift_bilateral,SiPt23,Si,1,22,0.26527456666666666,0.7347254333333334,0.0,Si,1,2,50.0,2.0
Si,baseline,drift_bilateral,SiPt24,Si,1,22,0.4261163366666667,0.57388368,0.0,Si,1,2,36.0,2.0
Si,baseline,drift_bilateral,SiPt25,Si,1,22,0.31109075199999997,0.6889092333333333,0.0,Si,1,1,63.0,2.0
Si,baseline,drift_bilateral,SiPt27,Si,1,22,0.11329237333333335,0.8867076166666666,0.0,Si,1,1,50.0,2.0
Si,baseline,drift_bilateral,SiPt28,Si,1,22,0.147389922,0.8526101,0.0,Si,1,2,70.0,2.5
Si,baseline,drift_bilateral,SiPt29,Si,1,22,0.18495482333333335,0.8150451833333333,0.0,Si,1,2,72.0,2.5
Si,baseline,drift_bilateral,SiPt30,Si,1,22,0.43014671666666676,0.5698532666666667,0.0,Si,1,1,60.0,2.0
Si,baseline,drift_bilateral,SiPt31,Si,1,22,0.060989024333333336,0.9390109533333333,0.0,Si,1,2,56.0,2.0
Si,baseline,drift_bilateral,SiPt32,Si,1,22,0.5231019966666667,0.47689799000000005,0.0,Si,1,1,64.0,2.0
Si,baseline,drift_bilateral,SiPt33,Si,1,22,0.6027860166666666,0.3972140066666667,0.0,Si,1,1,67.0,2.0
Si,baseline,drift_bilateral,SiPt34,Si,1,22,0.3567337366666667,0.6432662699999999,0.0,Si,1,1,71.0,2.0
Si,baseline,drift_bilateral,SiPt35,Si,1,22,0.46349598333333336,0.5365040066666666,0.0,Si,1,1,57.0,2.0
Si,baseline,drift_bilateral,SiPt36,Si,1,22,0.3391242233333333,0.6608757533333333,0.0,Si,1,2,53.0,2.0
Si,baseline,drift_bilateral,SiPt37,Si,1,22,0.3814948266666667,0.6185051766666666,0.0,Si,1,2,66.0,2.5
Si,baseline,drift_bilateral,SiPt38,Si,1,22,0.7051586200000001,0.29484139,0.0,Si,1,2,65.0,2.0
Si,baseline,drift_bilateral,SiPt39,Si,1,22,0.13889424,0.8611057733333333,0.0,Si,1,2,69.0,2.0
Si,baseline,drift_bilateral,SiPt40,Si,1,22,0.14876160666666668,0.8512383666666666,0.0,Si,1,1,69.0,2.5
Si,baseline,packet_loss_bilateral,SiCo01,Si,0,22,0.83496251,0.165037525,0.0,Si,0,2,53.0,
Si,baseline,packet_loss_bilateral,SiCo03,Si,0,22,0.8125223500000001,0.18747764666666666,0.0,Si,0,2,65.0,
Si,baseline,packet_loss_bilateral,SiCo04,Si,0,22,0.8965926233333333,0.10340737133333333,0.0,Si,0,1,71.0,
Si,baseline,packet_loss_bilateral,SiCo05,Si,0,22,0.7078680866666667,0.2921318866666667,0.0,Si,0,2,55.0,
Si,baseline,packet_loss_bilateral,SiCo06,Si,0,22,0.9184576233333334,0.08154243500000001,0.0,Si,0,2,70.0,
Si,baseline,packet_loss_bilateral,SiCo07,Si,0,22,0.38297496999999997,0.6170250333333333,0.0,Si,0,2,57.0,
Si,baseline,packet_loss_bilateral,SiCo08,Si,0,22,0.7987070166666667,0.20129300333333333,0.0,Si,0,2,65.0,
Si,baseline,packet_loss_bilateral,SiCo09,Si,0,22,0.7128786733333333,0.28712132,0.0,Si,0,1,56.0,
Si,baseline,packet_loss_bilateral,SiCo10,Si,0,22,0.9145244466666668,0.085475534,0.0,Si,0,1,50.0,
Si,baseline,packet_loss_bilateral,SiCo11,Si,0,22,0.5660340466666667,0.43396596333333326,0.0,Si,0,2,60.0,
Si,baseline,packet_loss_bilateral,SiCo12,Si,0,22,0.25217208666666663,0.7478279333333333,0.0,Si,0,2,37.0,
Si,baseline,packet_loss_bilateral,SiCo13,Si,0,22,0.9257785,0.0742215,0.0,Si,0,1,61.0,
Si,baseline,packet_loss_bilateral,SiCo14,Si,0,22,0.8542025333333333,0.14579748533333334,0.0,Si,0,1,52.0,
Si,baseline,packet_loss_bilateral,SiCo15,Si,0,22,0.7427639333333333,0.2572360333333334,0.0,Si,0,2,54.0,
Si,baseline,packet_loss_bilateral,SiCo16,Si,0,22,0.29177057,0.7082294266666667,0.0,Si,0,1,60.0,
Si,baseline,packet_loss_bilateral,SiCo17,Si,0,22,0.10429441833333335,0.8957055566666666,0.0,Si,0,2,64.0,
Si,baseline,packet_loss_bilateral,SiCo18,Si,0,22,0.9679734,0.032026622,0.0,Si,0,2,61.0,
Si,baseline,packet_loss_bilateral,SiCo19,Si,0,22,0.8987297666666666,0.10127027666666666,0.0,Si,0,1,51.0,
Si,baseline,packet_loss_bilateral,SiCo20,Si,0,22,0.59734281,0.40265717333333334,0.0,Si,0,1,62.0,
Si,baseline,packet_loss_bilateral,SiCo21,Si,0,22,0.8436386133333333,0.1563614,0.0,Si,0,1,56.0,
Si,baseline,packet_loss_bilateral,SiCo22,Si,0,22,0.9593498966666667,0.04065009033333333,0.0,Si,0,1,52.0,
Si,baseline,packet_loss_bilateral,SiCo23,Si,0,22,0.9082341899999999,0.09176580366666666,0.0,Si,0,1,53.0,
Si,baseline,packet_loss_bilateral,SiCo24,Si,0,22,0.6875470933333334,0.31245291000000003,0.0,Si,0,1,54.0,
Si,baseline,packet_loss_bilateral,SiCo25,Si,0,22,0.9194351666666667,0.08056485766666667,0.0,Si,0,1,57.0,
Si,baseline,packet_loss_bilateral,SiCo26,Si,0,22,0.8350691033333334,0.1649309213333333,0.0,Si,0,1,60.0,
Si,baseline,packet_loss_bilateral,SiCo27,Si,0,22,0.94183932,0.0581607028,0.0,Si,0,1,67.0,
Si,baseline,packet_loss_bilateral,SiCo28,Si,0,22,0.66349975,0.33650025666666666,0.0,Si,0,1,61.0,
Si,baseline,packet_loss_bilateral,SiCo29,Si,0,22,0.7340068,0.26599316466666667,0.0,Si,0,1,53.0,
Si,baseline,packet_loss_bilateral,SiCo30,Si,0,22,0.8943308866666667,0.10566913866666668,0.0,Si,0,1,63.0,
Si,baseline,packet_loss_bilateral,SiPt02,Si,1,22,0.14897829533333332,0.8510217,0.0,Si,1,2,77.0,2.5
Si,baseline,packet_loss_bilateral,SiPt04,Si,1,22,0.5268964566666666,0.47310352,0.0,Si,1,1,73.0,2.0
Si,baseline,packet_loss_bilateral,SiPt05,Si,1,22,0.19243111000000002,0.8075688666666666,0.0,Si,1,1,56.0,2.5
Si,baseline,packet_loss_bilateral,SiPt07,Si,1,22,0.22299685333333333,0.77700318,0.0,Si,1,2,54.0,2.0
Si,baseline,packet_loss_bilateral,SiPt08,Si,1,22,0.09512978999999999,0.90487017,0.0,Si,1,1,67.0,2.0
Si,baseline,packet_loss_bilateral,SiPt09,Si,1,22,0.6426088766666667,0.3573911333333333,0.0,Si,1,1,63.0,2.0
Si,baseline,packet_loss_bilateral,SiPt10,Si,1,22,0.40376668666666665,0.59623331,0.0,Si,1,2,77.0,2.0
Si,baseline,packet_loss_bilateral,SiPt12,Si,1,22,0.19768587666666668,0.8023140933333334,0.0,Si,1,2,64.0,2.0
Si,baseline,packet_loss_bilateral,SiPt13,Si,1,22,0.20193307000000002,0.7980669433333333,0.0,Si,1,1,52.0,2.0
Si,baseline,packet_loss_bilateral,SiPt14,Si,1,22,0.11650777000000001,0.8834922333333334,0.0,Si,1,1,60.0,2.5
Si,baseline,packet_loss_bilateral,SiPt15,Si,1,22,0.05781291066666666,0.9421870800000001,0.0,Si,1,1,62.0,2.0
Si,baseline,packet_loss_bilateral,SiPt16,Si,1,22,0.4342185666666667,0.5657814333333334,0.0,Si,1,1,50.0,2.0
Si,baseline,packet_loss_bilateral,SiPt17,Si,1,22,0.7534891366666666,0.24651085333333334,0.0,Si,1,1,64.0,2.0
Si,baseline,packet_loss_bilateral,SiPt18,Si,1,22,0.32643869666666664,0.6735613133333334,0.0,Si,1,1,57.0,2.0
Si,baseline,packet_loss_bilateral,SiPt19,Si,1,22,0.22799973333333332,0.7720002533333332,0.0,Si,1,1,53.0,2.0
Si,baseline,packet_loss_bilateral,SiPt20,Si,1,22,0.5266279333333334,0.47337208000000003,0.0,Si,1,1,59.0,2.0
Si,baseline,packet_loss_bilateral,SiPt21,Si,1,22,0.41283467,0.5871653366666667,0.0,Si,1,1,58.0,2.0
Si,baseline,packet_loss_bilateral,SiPt22,Si,1,22,0.1517934546666667,0.8482065666666667,0.0,Si,1,1,71.0,2.0
Si,baseline,packet_loss_bilateral,SiPt23,Si,1,22,0.19435325333333334,0.8056467399999999,0.0,Si,1,2,50.0,2.0
Si,baseline,packet_loss_bilateral,SiPt24,Si,1,22,0.4431088733333333,0.55689113,0.0,Si,1,2,36.0,2.0
Si,baseline,packet_loss_bilateral,SiPt25,Si,1,22,0.40345517,0.5965448,0.0,Si,1,1,63.0,2.0
Si,baseline,packet_loss_bilateral,SiPt27,Si,1,22,0.1874501266666667,0.8125498966666665,0.0,Si,1,1,50.0,2.0
Si,baseline,packet_loss_bilateral,SiPt28,Si,1,22,0.06663182,0.9333682,0.0,Si,1,2,70.0,2.5
Si,baseline,packet_loss_bilateral,SiPt29,Si,1,22,0.3036689166666667,0.6963311066666668,0.0,Si,1,2,72.0,2.5
Si,baseline,packet_loss_bilateral,SiPt30,Si,1,22,0.5926754666666666,0.40732452999999996,0.0,Si,1,1,60.0,2.0
Si,baseline,packet_loss_bilateral,SiPt31,Si,1,22,0.048644415,0.95135559,0.0,Si,1,2,56.0,2.0
Si,baseline,packet_loss_bilateral,SiPt32,Si,1,22,0.7498065400000001,0.2501934833333333,0.0,Si,1,1,64.0,2.0
Si,baseline,packet_loss_bilateral,SiPt33,Si,1,22,0.7488167033333334,0.25118329333333334,0.0,Si,1,1,67.0,2.0
Si,baseline,packet_loss_bilateral,SiPt34,Si,1,22,0.33663865666666665,0.6633613133333333,0.0,Si,1,1,71.0,2.0
Si,baseline,packet_loss_bilateral,SiPt35,Si,1,22,0.7099337166666667,0.29006627,0.0,Si,1,1,57.0,2.0
Si,baseline,packet_loss_bilateral,SiPt36,Si,1,22,0.34131333999999997,0.6586866833333334,0.0,Si,1,2,53.0,2.0
Si,baseline,packet_loss_bilateral,SiPt37,Si,1,22,0.4891169533333333,0.5108830599999999,0.0,Si,1,2,66.0,2.5
Si,baseline,packet_loss_bilateral,SiPt38,Si,1,22,0.8336546766666667,0.16634529666666667,0.0,Si,1,2,65.0,2.0
Si,baseline,packet_loss_bilateral,SiPt39,Si,1,22,0.1972572,0.8027427666666668,0.0,Si,1,2,69.0,2.0
Si,baseline,packet_loss_bilateral,SiPt40,Si,1,22,0.14526165,0.8547384,0.0,Si,1,1,69.0,2.5
Si,baseline,gain_miscalibration,SiCo01,Si,0,22,0.7928726133333334,0.2071274186666667,0.0,Si,0,2,53.0,
Si,baseline,gain_miscalibration,SiCo03,Si,0,22,0.8172643666666666,0.18273563333333334,0.0,Si,0,2,65.0,
Si,baseline,gain_miscalibration,SiCo04,Si,0,22,0.8550123066666666,0.144987725,0.0,Si,0,1,71.0,
Si,baseline,gain_miscalibration,SiCo05,Si,0,22,0.67545177,0.32454823,0.0,Si,0,2,55.0,
Si,baseline,gain_miscalibration,SiCo06,Si,0,22,0.90628552,0.09371450133333332,0.0,Si,0,2,70.0,
Si,baseline,gain_miscalibration,SiCo07,Si,0,22,0.37685177666666664,0.6231482233333333,0.0,Si,0,2,57.0,
Si,baseline,gain_miscalibration,SiCo08,Si,0,22,0.78385712,0.2161428466666667,0.0,Si,0,2,65.0,
Si,baseline,gain_miscalibration,SiCo09,Si,0,22,0.7329032966666666,0.26709668666666664,0.0,Si,0,1,56.0,
Si,baseline,gain_miscalibration,SiCo10,Si,0,22,0.9296089133333334,0.07039107166666667,0.0,Si,0,1,50.0,
Si,baseline,gain_miscalibration,SiCo11,Si,0,22,0.4353103366666667,0.5646896466666667,0.0,Si,0,2,60.0,
Si,baseline,gain_miscalibration,SiCo12,Si,0,22,0.21397901333333333,0.7860210133333334,0.0,Si,0,2,37.0,
Si,baseline,gain_miscalibration,SiCo13,Si,0,22,0.9419135666666666,0.05808642,0.0,Si,0,1,61.0,
Si,baseline,gain_miscalibration,SiCo14,Si,0,22,0.8375353333333333,0.16246466466666667,0.0,Si,0,1,52.0,
Si,baseline,gain_miscalibration,SiCo15,Si,0,22,0.7167796433333334,0.28322035333333334,0.0,Si,0,2,54.0,
Si,baseline,gain_miscalibration,SiCo16,Si,0,22,0.35607912999999997,0.64392088,0.0,Si,0,1,60.0,
Si,baseline,gain_miscalibration,SiCo17,Si,0,22,0.06188111333333333,0.9381189133333333,0.0,Si,0,2,64.0,
Si,baseline,gain_miscalibration,SiCo18,Si,0,22,0.9764704233333333,0.023529579,0.0,Si,0,2,61.0,
Si,baseline,gain_miscalibration,SiCo19,Si,0,22,0.9202692533333333,0.07973077533333334,0.0,Si,0,1,51.0,
Si,baseline,gain_miscalibration,SiCo20,Si,0,22,0.6474104833333333,0.3525895266666667,0.0,Si,0,1,62.0,
Si,baseline,gain_miscalibration,SiCo21,Si,0,22,0.88811622,0.11188377633333334,0.0,Si,0,1,56.0,
Si,baseline,gain_miscalibration,SiCo22,Si,0,22,0.9772504533333333,0.022749545,0.0,Si,0,1,52.0,
Si,baseline,gain_miscalibration,SiCo23,Si,0,22,0.9188157433333334,0.08118429466666667,0.0,Si,0,1,53.0,
Si,baseline,gain_miscalibration,SiCo24,Si,0,22,0.6433308633333333,0.3566691366666667,0.0,Si,0,1,54.0,
Si,baseline,gain_miscalibration,SiCo25,Si,0,22,0.8981654866666666,0.10183452533333333,0.0,Si,0,1,57.0,
Si,baseline,gain_miscalibration,SiCo26,Si,0,22,0.8233308199999999,0.17666918099999998,0.0,Si,0,1,60.0,
Si,baseline,gain_miscalibration,SiCo27,Si,0,22,0.9659139166666666,0.03408608899999999,0.0,Si,0,1,67.0,
Si,baseline,gain_miscalibration,SiCo28,Si,0,22,0.5091538366666667,0.49084616000000003,0.0,Si,0,1,61.0,
Si,baseline,gain_miscalibration,SiCo29,Si,0,22,0.7543029766666667,0.24569704999999997,0.0,Si,0,1,53.0,
Si,baseline,gain_miscalibration,SiCo30,Si,0,22,0.88356628,0.11643374333333334,0.0,Si,0,1,63.0,
Si,baseline,gain_miscalibration,SiPt02,Si,1,22,0.27387507,0.7261249633333334,0.0,Si,1,2,77.0,2.5
Si,baseline,gain_miscalibration,SiPt04,Si,1,22,0.57447594,0.42552404,0.0,Si,1,1,73.0,2.0
Si,baseline,gain_miscalibration,SiPt05,Si,1,22,0.12234249999999998,0.8776575000000001,0.0,Si,1,1,56.0,2.5
Si,baseline,gain_miscalibration,SiPt07,Si,1,22,0.18032556,0.8196744666666667,0.0,Si,1,2,54.0,2.0
Si,baseline,gain_miscalibration,SiPt08,Si,1,22,0.16997747,0.8300224833333334,0.0,Si,1,1,67.0,2.0
Si,baseline,gain_miscalibration,SiPt09,Si,1,22,0.6336135166666667,0.3663865033333334,0.0,Si,1,1,63.0,2.0
Si,baseline,gain_miscalibration,SiPt10,Si,1,22,0.4696600066666667,0.53033999,0.0,Si,1,2,77.0,2.0
Si,baseline,gain_miscalibration,SiPt12,Si,1,22,0.4044239666666667,0.5955760233333334,0.0,Si,1,2,64.0,2.0
Si,baseline,gain_miscalibration,SiPt13,Si,1,22,0.16757267,0.8324273333333334,0.0,Si,1,1,52.0,2.0
Si,baseline,gain_miscalibration,SiPt14,Si,1,22,0.122451562,0.8775484533333332,0.0,Si,1,1,60.0,2.5
Si,baseline,gain_miscalibration,SiPt15,Si,1,22,0.10564074666666667,0.8943592666666667,0.0,Si,1,1,62.0,2.0
Si,baseline,gain_miscalibration,SiPt16,Si,1,22,0.35027132,0.6497286966666667,0.0,Si,1,1,50.0,2.0
Si,baseline,gain_miscalibration,SiPt17,Si,1,22,0.7253967866666667,0.27460324333333336,0.0,Si,1,1,64.0,2.0
Si,baseline,gain_miscalibration,SiPt18,Si,1,22,0.44566582666666665,0.5543341633333333,0.0,Si,1,1,57.0,2.0
Si,baseline,gain_miscalibration,SiPt19,Si,1,22,0.40840920333333336,0.5915907699999999,0.0,Si,1,1,53.0,2.0
Si,baseline,gain_miscalibration,SiPt20,Si,1,22,0.5762614,0.42373859333333336,0.0,Si,1,1,59.0,2.0
Si,baseline,gain_miscalibration,SiPt21,Si,1,22,0.5100659733333334,0.48993401666666664,0.0,Si,1,1,58.0,2.0
Si,baseline,gain_miscalibration,SiPt22,Si,1,22,0.19171207466666665,0.8082879333333333,0.0,Si,1,1,71.0,2.0
Si,baseline,gain_miscalibration,SiPt23,Si,1,22,0.2770991053333333,0.7229009566666668,0.0,Si,1,2,50.0,2.0
Si,baseline,gain_miscalibration,SiPt24,Si,1,22,0.7221643166666668,0.27783569333333336,0.0,Si,1,2,36.0,2.0
Si,baseline,gain_miscalibration,SiPt25,Si,1,22,0.36288044666666663,0.6371195633333333,0.0,Si,1,1,63.0,2.0
Si,baseline,gain_miscalibration,SiPt27,Si,1,22,0.29086196000000003,0.7091379999999999,0.0,Si,1,1,50.0,2.0
Si,baseline,gain_miscalibration,SiPt28,Si,1,22,0.09294513266666667,0.9070549,0.0,Si,1,2,70.0,2.5
Si,baseline,gain_miscalibration,SiPt29,Si,1,22,0.3937616499999999,0.6062383733333333,0.0,Si,1,2,72.0,2.5
Si,baseline,gain_miscalibration,SiPt30,Si,1,22,0.55686981,0.4431302033333333,0.0,Si,1,1,60.0,2.0
Si,baseline,gain_miscalibration,SiPt31,Si,1,22,0.1540441,0.8459559233333334,0.0,Si,1,2,56.0,2.0
Si,baseline,gain_miscalibration,SiPt32,Si,1,22,0.8212797333333333,0.17872024166666667,0.0,Si,1,1,64.0,2.0
Si,baseline,gain_miscalibration,SiPt33,Si,1,22,0.78386422,0.2161357833333333,0.0,Si,1,1,67.0,2.0
Si,baseline,gain_miscalibration,SiPt34,Si,1,22,0.4339555666666666,0.56604444,0.0,Si,1,1,71.0,2.0
Si,baseline,gain_miscalibration,SiPt35,Si,1,22,0.7141485200000001,0.2858515166666667,0.0,Si,1,1,57.0,2.0
Si,baseline,gain_miscalibration,SiPt36,Si,1,22,0.5992710366666666,0.40072897,0.0,Si,1,2,53.0,2.0
Si,baseline,gain_miscalibration,SiPt37,Si,1,22,0.31211578,0.6878842166666667,0.0,Si,1,2,66.0,2.5
Si,baseline,gain_miscalibration,SiPt38,Si,1,22,0.8551284666666668,0.14487151166666667,0.0,Si,1,2,65.0,2.0
Si,baseline,gain_miscalibration,SiPt39,Si,1,22,0.15536807533333333,0.8446318833333333,0.0,Si,1,2,69.0,2.0
Si,baseline,gain_miscalibration,SiPt40,Si,1,22,0.07552539266666668,0.9244745999999999,0.0,Si,1,1,69.0,2.5
Si,fasca,clean_both,SiCo01,Si,0,22,0.6742651166666667,0.3257349233333333,0.0,Si,0,2,53.0,
Si,fasca,clean_both,SiCo03,Si,0,22,0.6349087533333333,0.36509124,0.0,Si,0,2,65.0,
Si,fasca,clean_both,SiCo04,Si,0,22,0.8392896233333333,0.16071039333333334,0.0,Si,0,1,71.0,
Si,fasca,clean_both,SiCo05,Si,0,22,0.6098895233333333,0.39011046666666666,0.0,Si,0,2,55.0,
Si,fasca,clean_both,SiCo06,Si,0,22,0.82745619,0.17254380333333333,0.0,Si,0,2,70.0,
Si,fasca,clean_both,SiCo07,Si,0,22,0.5710927766666667,0.4289072166666667,0.0,Si,0,2,57.0,
Si,fasca,clean_both,SiCo08,Si,0,22,0.7702078933333333,0.22979211333333335,0.0,Si,0,2,65.0,
Si,fasca,clean_both,SiCo09,Si,0,22,0.7025986999999999,0.29740133333333335,0.0,Si,0,1,56.0,
Si,fasca,clean_both,SiCo10,Si,0,22,0.8608107233333334,0.13918928666666666,0.0,Si,0,1,50.0,
Si,fasca,clean_both,SiCo11,Si,0,22,0.6777349666666668,0.32226503333333334,0.0,Si,0,2,60.0,
Si,fasca,clean_both,SiCo12,Si,0,22,0.5838671866666667,0.41613278666666664,0.0,Si,0,2,37.0,
Si,fasca,clean_both,SiCo13,Si,0,22,0.9401800866666666,0.059819900333333335,0.0,Si,0,1,61.0,
Si,fasca,clean_both,SiCo14,Si,0,22,0.6971072199999999,0.30289275666666665,0.0,Si,0,1,52.0,
Si,fasca,clean_both,SiCo15,Si,0,22,0.56051743,0.4394825666666667,0.0,Si,0,2,54.0,
Si,fasca,clean_both,SiCo16,Si,0,22,0.21424736,0.7857526233333333,0.0,Si,0,1,60.0,
Si,fasca,clean_both,SiCo17,Si,0,22,0.14330992666666667,0.8566900333333333,0.0,Si,0,2,64.0,
Si,fasca,clean_both,SiCo18,Si,0,22,0.9660250533333334,0.03397494066666667,0.0,Si,0,2,61.0,
Si,fasca,clean_both,SiCo19,Si,0,22,0.8709747433333334,0.12902526,0.0,Si,0,1,51.0,
Si,fasca,clean_both,SiCo20,Si,0,22,0.5036021066666666,0.49639789666666667,0.0,Si,0,1,62.0,
Si,fasca,clean_both,SiCo21,Si,0,22,0.8205209833333332,0.17947901133333333,0.0,Si,0,1,56.0,
Si,fasca,clean_both,SiCo22,Si,0,22,0.9483381533333333,0.051661831666666665,0.0,Si,0,1,52.0,
Si,fasca,clean_both,SiCo23,Si,0,22,0.8530846,0.14691539333333334,0.0,Si,0,1,53.0,
Si,fasca,clean_both,SiCo24,Si,0,22,0.6113368,0.3886632333333333,0.0,Si,0,1,54.0,
Si,fasca,clean_both,SiCo25,Si,0,22,0.8779586033333334,0.12204137,0.0,Si,0,1,57.0,
Si,fasca,clean_both,SiCo26,Si,0,22,0.7439051833333333,0.25609480333333334,0.0,Si,0,1,60.0,
Si,fasca,clean_both,SiCo27,Si,0,22,0.8215735033333332,0.17842651500000004,0.0,Si,0,1,67.0,
Si,fasca,clean_both,SiCo28,Si,0,22,0.6042508433333333,0.3957491633333334,0.0,Si,0,1,61.0,
Si,fasca,clean_both,SiCo29,Si,0,22,0.6735125200000001,0.32648749,0.0,Si,0,1,53.0,
Si,fasca,clean_both,SiCo30,Si,0,22,0.85057679,0.14942321666666666,0.0,Si,0,1,63.0,
Si,fasca,clean_both,SiPt02,Si,1,22,0.18892729499999997,0.8110727,0.0,Si,1,2,77.0,2.5
Si,fasca,clean_both,SiPt04,Si,1,22,0.5708774766666667,0.42912255,0.0,Si,1,1,73.0,2.0
Si,fasca,clean_both,SiPt05,Si,1,22,0.3439435433333333,0.6560564666666667,0.0,Si,1,1,56.0,2.5
Si,fasca,clean_both,SiPt07,Si,1,22,0.4160065333333334,0.58399349,0.0,Si,1,2,54.0,2.0
Si,fasca,clean_both,SiPt08,Si,1,22,0.18340178333333335,0.8165982333333334,0.0,Si,1,1,67.0,2.0
Si,fasca,clean_both,SiPt09,Si,1,22,0.6649298433333334,0.33507014999999996,0.0,Si,1,1,63.0,2.0
Si,fasca,clean_both,SiPt10,Si,1,22,0.48668812333333333,0.5133118833333333,0.0,Si,1,2,77.0,2.0
Si,fasca,clean_both,SiPt12,Si,1,22,0.22180936666666665,0.77819065,0.0,Si,1,2,64.0,2.0
Si,fasca,clean_both,SiPt13,Si,1,22,0.2614836833333333,0.7385162966666666,0.0,Si,1,1,52.0,2.0
Si,fasca,clean_both,SiPt14,Si,1,22,0.17321964999999998,0.8267803566666667,0.0,Si,1,1,60.0,2.5
Si,fasca,clean_both,SiPt15,Si,1,22,0.09371637333333332,0.90628361,0.0,Si,1,1,62.0,2.0
Si,fasca,clean_both,SiPt16,Si,1,22,0.5313119866666667,0.46868803333333336,0.0,Si,1,1,50.0,2.0
Si,fasca,clean_both,SiPt17,Si,1,22,0.7557155166666667,0.24428448333333333,0.0,Si,1,1,64.0,2.0
Si,fasca,clean_both,SiPt18,Si,1,22,0.17223904666666667,0.8277609333333333,0.0,Si,1,1,57.0,2.0
Si,fasca,clean_both,SiPt19,Si,1,22,0.3586321633333333,0.6413678566666667,0.0,Si,1,1,53.0,2.0
Si,fasca,clean_both,SiPt20,Si,1,22,0.47115760333333334,0.5288424,0.0,Si,1,1,59.0,2.0
Si,fasca,clean_both,SiPt21,Si,1,22,0.35181108000000005,0.6481889133333333,0.0,Si,1,1,58.0,2.0
Si,fasca,clean_both,SiPt22,Si,1,22,0.21347886800000002,0.7865210899999999,0.0,Si,1,1,71.0,2.0
Si,fasca,clean_both,SiPt23,Si,1,22,0.10891608666666668,0.8910839233333334,0.0,Si,1,2,50.0,2.0
Si,fasca,clean_both,SiPt24,Si,1,22,0.5310214266666667,0.4689785833333333,0.0,Si,1,2,36.0,2.0
Si,fasca,clean_both,SiPt25,Si,1,22,0.42224147333333334,0.5777585566666666,0.0,Si,1,1,63.0,2.0
Si,fasca,clean_both,SiPt27,Si,1,22,0.22535265999999998,0.7746473433333333,0.0,Si,1,1,50.0,2.0
Si,fasca,clean_both,SiPt28,Si,1,22,0.11863307833333332,0.8813669466666667,0.0,Si,1,2,70.0,2.5
Si,fasca,clean_both,SiPt29,Si,1,22,0.3146334333333333,0.6853665833333333,0.0,Si,1,2,72.0,2.5
Si,fasca,clean_both,SiPt30,Si,1,22,0.5308631733333333,0.46913681,0.0,Si,1,1,60.0,2.0
Si,fasca,clean_both,SiPt31,Si,1,22,0.08614754833333334,0.9138524666666666,0.0,Si,1,2,56.0,2.0
Si,fasca,clean_both,SiPt32,Si,1,22,0.74058122,0.25941880866666667,0.0,Si,1,1,64.0,2.0
Si,fasca,clean_both,SiPt33,Si,1,22,0.7818589333333333,0.2181410633333333,0.0,Si,1,1,67.0,2.0
Si,fasca,clean_both,SiPt34,Si,1,22,0.5327048266666666,0.46729519333333336,0.0,Si,1,1,71.0,2.0
Si,fasca,clean_both,SiPt35,Si,1,22,0.62024639,0.3797535966666667,0.0,Si,1,1,57.0,2.0
Si,fasca,clean_both,SiPt36,Si,1,22,0.5006038733333334,0.49939612000000005,0.0,Si,1,2,53.0,2.0
Si,fasca,clean_both,SiPt37,Si,1,22,0.49568838333333337,0.5043116333333333,0.0,Si,1,2,66.0,2.5
Si,fasca,clean_both,SiPt38,Si,1,22,0.8496978833333334,0.15030208333333334,0.0,Si,1,2,65.0,2.0
Si,fasca,clean_both,SiPt39,Si,1,22,0.20759682333333332,0.7924032,0.0,Si,1,2,69.0,2.0
Si,fasca,clean_both,SiPt40,Si,1,22,0.17127423,0.8287257666666666,0.0,Si,1,1,69.0,2.5
Si,fasca,left_only,SiCo01,Si,0,22,0.6963673333333333,0.30363265666666667,0.0,Si,0,2,53.0,
Si,fasca,left_only,SiCo03,Si,0,22,0.6726778933333334,0.3273220966666667,0.0,Si,0,2,65.0,
Si,fasca,left_only,SiCo04,Si,0,22,0.8898698666666666,0.110130138,0.0,Si,0,1,71.0,
Si,fasca,left_only,SiCo05,Si,0,22,0.6182343133333333,0.3817657033333333,0.0,Si,0,2,55.0,
Si,fasca,left_only,SiCo06,Si,0,22,0.8890794333333334,0.11092059333333333,0.0,Si,0,2,70.0,
Si,fasca,left_only,SiCo07,Si,0,22,0.6720036199999999,0.32799636,0.0,Si,0,2,57.0,
Si,fasca,left_only,SiCo08,Si,0,22,0.8035289733333334,0.19647103666666665,0.0,Si,0,2,65.0,
Si,fasca,left_only,SiCo09,Si,0,22,0.7512713633333333,0.24872861133333335,0.0,Si,0,1,56.0,
Si,fasca,left_only,SiCo10,Si,0,22,0.9122764866666667,0.08772351,0.0,Si,0,1,50.0,
Si,fasca,left_only,SiCo11,Si,0,22,0.70055462,0.2994453366666667,0.0,Si,0,2,60.0,
Si,fasca,left_only,SiCo12,Si,0,22,0.5644977433333334,0.43550226666666664,0.0,Si,0,2,37.0,
Si,fasca,left_only,SiCo13,Si,0,22,0.89255505,0.10744496866666668,0.0,Si,0,1,61.0,
Si,fasca,left_only,SiCo14,Si,0,22,0.6293787333333333,0.37062128999999994,0.0,Si,0,1,52.0,
Si,fasca,left_only,SiCo15,Si,0,22,0.44066094333333333,0.5593390433333334,0.0,Si,0,2,54.0,
Si,fasca,left_only,SiCo16,Si,0,22,0.17937035333333332,0.8206296333333333,0.0,Si,0,1,60.0,
Si,fasca,left_only,SiCo17,Si,0,22,0.3177146933333333,0.6822853066666666,0.0,Si,0,2,64.0,
Si,fasca,left_only,SiCo18,Si,0,22,0.9459536166666668,0.054046358999999995,0.0,Si,0,2,61.0,
Si,fasca,left_only,SiCo19,Si,0,22,0.8528923666666666,0.14710766333333333,0.0,Si,0,1,51.0,
Si,fasca,left_only,SiCo20,Si,0,22,0.45782679,0.5421732,0.0,Si,0,1,62.0,
Si,fasca,left_only,SiCo21,Si,0,22,0.6560419333333334,0.34395806,0.0,Si,0,1,56.0,
Si,fasca,left_only,SiCo22,Si,0,22,0.9144299833333333,0.085570005,0.0,Si,0,1,52.0,
Si,fasca,left_only,SiCo23,Si,0,22,0.8905808199999999,0.10941916533333333,0.0,Si,0,1,53.0,
Si,fasca,left_only,SiCo24,Si,0,22,0.6413407566666667,0.35865925666666665,0.0,Si,0,1,54.0,
Si,fasca,left_only,SiCo25,Si,0,22,0.8817683566666666,0.11823166,0.0,Si,0,1,57.0,
Si,fasca,left_only,SiCo26,Si,0,22,0.7256850133333334,0.27431498,0.0,Si,0,1,60.0,
Si,fasca,left_only,SiCo27,Si,0,22,0.7574001166666667,0.24259984399999998,0.0,Si,0,1,67.0,
Si,fasca,left_only,SiCo28,Si,0,22,0.6717492766666666,0.3282507333333333,0.0,Si,0,1,61.0,
Si,fasca,left_only,SiCo29,Si,0,22,0.5671211933333333,0.43287881666666667,0.0,Si,0,1,53.0,
Si,fasca,left_only,SiCo30,Si,0,22,0.8705864333333334,0.12941356666666667,0.0,Si,0,1,63.0,
Si,fasca,left_only,SiPt02,Si,1,22,0.09959945066666666,0.9004005433333333,0.0,Si,1,2,77.0,2.5
Si,fasca,left_only,SiPt04,Si,1,22,0.6369039966666666,0.3630959866666667,0.0,Si,1,1,73.0,2.0
Si,fasca,left_only,SiPt05,Si,1,22,0.555744,0.44425600333333337,0.0,Si,1,1,56.0,2.5
Si,fasca,left_only,SiPt07,Si,1,22,0.49059569666666664,0.50940426,0.0,Si,1,2,54.0,2.0
Si,fasca,left_only,SiPt08,Si,1,22,0.07983760866666667,0.9201624,0.0,Si,1,1,67.0,2.0
Si,fasca,left_only,SiPt09,Si,1,22,0.6766720666666667,0.3233279333333333,0.0,Si,1,1,63.0,2.0
Si,fasca,left_only,SiPt10,Si,1,22,0.4315067133333333,0.5684932666666667,0.0,Si,1,2,77.0,2.0
Si,fasca,left_only,SiPt12,Si,1,22,0.11432410466666666,0.8856758766666667,0.0,Si,1,2,64.0,2.0
Si,fasca,left_only,SiPt13,Si,1,22,0.45676808,0.5432319266666666,0.0,Si,1,1,52.0,2.0
Si,fasca,left_only,SiPt14,Si,1,22,0.25390543,0.7460945666666667,0.0,Si,1,1,60.0,2.5
Si,fasca,left_only,SiPt15,Si,1,22,0.036130428666666665,0.9638696000000001,0.0,Si,1,1,62.0,2.0
Si,fasca,left_only,SiPt16,Si,1,22,0.42060179000000003,0.5793982166666667,0.0,Si,1,1,50.0,2.0
Si,fasca,left_only,SiPt17,Si,1,22,0.8028771499999999,0.19712287166666667,0.0,Si,1,1,64.0,2.0
Si,fasca,left_only,SiPt18,Si,1,22,0.10410110933333333,0.8958988666666666,0.0,Si,1,1,57.0,2.0
Si,fasca,left_only,SiPt19,Si,1,22,0.11943198666666667,0.8805680466666667,0.0,Si,1,1,53.0,2.0
Si,fasca,left_only,SiPt20,Si,1,22,0.38560903333333335,0.6143909766666668,0.0,Si,1,1,59.0,2.0
Si,fasca,left_only,SiPt21,Si,1,22,0.5196726233333333,0.4803273666666667,0.0,Si,1,1,58.0,2.0
Si,fasca,left_only,SiPt22,Si,1,22,0.158003115,0.84199688,0.0,Si,1,1,71.0,2.0
Si,fasca,left_only,SiPt23,Si,1,22,0.095370737,0.9046292666666668,0.0,Si,1,2,50.0,2.0
Si,fasca,left_only,SiPt24,Si,1,22,0.08190185333333333,0.9180981333333333,0.0,Si,1,2,36.0,2.0
Si,fasca,left_only,SiPt25,Si,1,22,0.4793359533333333,0.5206640433333334,0.0,Si,1,1,63.0,2.0
Si,fasca,left_only,SiPt27,Si,1,22,0.12300032500000001,0.87699965,0.0,Si,1,1,50.0,2.0
Si,fasca,left_only,SiPt28,Si,1,22,0.10433822666666666,0.89566179,0.0,Si,1,2,70.0,2.5
Si,fasca,left_only,SiPt29,Si,1,22,0.19076870333333332,0.8092312833333333,0.0,Si,1,2,72.0,2.5
Si,fasca,left_only,SiPt30,Si,1,22,0.61673981,0.38326018,0.0,Si,1,1,60.0,2.0
Si,fasca,left_only,SiPt31,Si,1,22,0.05012666333333333,0.9498733333333332,0.0,Si,1,2,56.0,2.0
Si,fasca,left_only,SiPt32,Si,1,22,0.69392573,0.30607428333333336,0.0,Si,1,1,64.0,2.0
Si,fasca,left_only,SiPt33,Si,1,22,0.79546567,0.20453432333333332,0.0,Si,1,1,67.0,2.0
Si,fasca,left_only,SiPt34,Si,1,22,0.5109054933333333,0.48909449333333327,0.0,Si,1,1,71.0,2.0
Si,fasca,left_only,SiPt35,Si,1,22,0.4950014333333333,0.5049985333333333,0.0,Si,1,1,57.0,2.0
Si,fasca,left_only,SiPt36,Si,1,22,0.1686099613333333,0.8313900333333333,0.0,Si,1,2,53.0,2.0
Si,fasca,left_only,SiPt37,Si,1,22,0.6182045066666667,0.38179546999999997,0.0,Si,1,2,66.0,2.5
Si,fasca,left_only,SiPt38,Si,1,22,0.8610619333333333,0.13893806,0.0,Si,1,2,65.0,2.0
Si,fasca,left_only,SiPt39,Si,1,22,0.3845435933333334,0.6154563933333334,0.0,Si,1,2,69.0,2.0
Si,fasca,left_only,SiPt40,Si,1,22,0.3134617066666667,0.6865382966666668,0.0,Si,1,1,69.0,2.5
Si,fasca,right_only,SiCo01,Si,0,22,0.6354154266666666,0.36458458,0.0,Si,0,2,53.0,
Si,fasca,right_only,SiCo03,Si,0,22,0.593255,0.4067449566666667,0.0,Si,0,2,65.0,
Si,fasca,right_only,SiCo04,Si,0,22,0.7446008466666667,0.2553991133333333,0.0,Si,0,1,71.0,
Si,fasca,right_only,SiCo05,Si,0,22,0.5915593933333333,0.4084406,0.0,Si,0,2,55.0,
Si,fasca,right_only,SiCo06,Si,0,22,0.72478424,0.27521579,0.0,Si,0,2,70.0,
Si,fasca,right_only,SiCo07,Si,0,22,0.45491096666666664,0.54508905,0.0,Si,0,2,57.0,
Si,fasca,right_only,SiCo08,Si,0,22,0.71725861,0.2827414,0.0,Si,0,2,65.0,
Si,fasca,right_only,SiCo09,Si,0,22,0.6403938266666667,0.3596061533333333,0.0,Si,0,1,56.0,
Si,fasca,right_only,SiCo10,Si,0,22,0.7572242666666668,0.24277574666666668,0.0,Si,0,1,50.0,
Si,fasca,right_only,SiCo11,Si,0,22,0.6443500533333334,0.3556499533333333,0.0,Si,0,2,60.0,
Si,fasca,right_only,SiCo12,Si,0,22,0.5992011166666668,0.4007988966666667,0.0,Si,0,2,37.0,
Si,fasca,right_only,SiCo13,Si,0,22,0.9572269133333333,0.04277306533333333,0.0,Si,0,1,61.0,
Si,fasca,right_only,SiCo14,Si,0,22,0.7549441433333333,0.24505584999999996,0.0,Si,0,1,52.0,
Si,fasca,right_only,SiCo15,Si,0,22,0.6703893333333334,0.32961066666666666,0.0,Si,0,2,54.0,
Si,fasca,right_only,SiCo16,Si,0,22,0.24819582166666665,0.7518041566666667,0.0,Si,0,1,60.0,
Si,fasca,right_only,SiCo17,Si,0,22,0.06647571666666667,0.9335242766666667,0.0,Si,0,2,64.0,
Si,fasca,right_only,SiCo18,Si,0,22,0.9735845566666667,0.026415443,0.0,Si,0,2,61.0,
Si,fasca,right_only,SiCo19,Si,0,22,0.8688801333333332,0.13111987466666666,0.0,Si,0,1,51.0,
Si,fasca,right_only,SiCo20,Si,0,22,0.54225618,0.45774381,0.0,Si,0,1,62.0,
Si,fasca,right_only,SiCo21,Si,0,22,0.90667885,0.09332113866666668,0.0,Si,0,1,56.0,
Si,fasca,right_only,SiCo22,Si,0,22,0.9610294066666666,0.038970606,0.0,Si,0,1,52.0,
Si,fasca,right_only,SiCo23,Si,0,22,0.7911374733333334,0.20886252866666666,0.0,Si,0,1,53.0,
Si,fasca,right_only,SiCo24,Si,0,22,0.57400538,0.42599465999999997,0.0,Si,0,1,54.0,
Si,fasca,right_only,SiCo25,Si,0,22,0.8587489233333333,0.14125106666666667,0.0,Si,0,1,57.0,
Si,fasca,right_only,SiCo26,Si,0,22,0.7508302933333333,0.24916969666666666,0.0,Si,0,1,60.0,
Si,fasca,right_only,SiCo27,Si,0,22,0.8691949166666667,0.13080512133333333,0.0,Si,0,1,67.0,
Si,fasca,right_only,SiCo28,Si,0,22,0.5304871999999999,0.46951279333333334,0.0,Si,0,1,61.0,
Si,fasca,right_only,SiCo29,Si,0,22,0.7367146133333332,0.26328536333333336,0.0,Si,0,1,53.0,
Si,fasca,right_only,SiCo30,Si,0,22,0.8109786133333333,0.18902138000000002,0.0,Si,0,1,63.0,
Si,fasca,right_only,SiPt02,Si,1,22,0.3227806733333333,0.6772193233333333,0.0,Si,1,2,77.0,2.5
Si,fasca,right_only,SiPt04,Si,1,22,0.49681910999999995,0.5031808999999999,0.0,Si,1,1,73.0,2.0
Si,fasca,right_only,SiPt05,Si,1,22,0.167408325,0.8325916666666666,0.0,Si,1,1,56.0,2.5
Si,fasca,right_only,SiPt07,Si,1,22,0.33253045666666664,0.6674695733333333,0.0,Si,1,2,54.0,2.0
Si,fasca,right_only,SiPt08,Si,1,22,0.38563456333333335,0.6143654333333334,0.0,Si,1,1,67.0,2.0
Si,fasca,right_only,SiPt09,Si,1,22,0.6391021266666667,0.3608978566666667,0.0,Si,1,1,63.0,2.0
Si,fasca,right_only,SiPt10,Si,1,22,0.5475786333333333,0.45242137666666665,0.0,Si,1,2,77.0,2.0
Si,fasca,right_only,SiPt12,Si,1,22,0.39180620999999993,0.6081937566666666,0.0,Si,1,2,64.0,2.0
Si,fasca,right_only,SiPt13,Si,1,22,0.13607032466666666,0.8639296499999999,0.0,Si,1,1,52.0,2.0
Si,fasca,right_only,SiPt14,Si,1,22,0.12054103666666667,0.8794589333333334,0.0,Si,1,1,60.0,2.5
Si,fasca,right_only,SiPt15,Si,1,22,0.29455849666666667,0.7054414666666666,0.0,Si,1,1,62.0,2.0
Si,fasca,right_only,SiPt16,Si,1,22,0.6391040866666666,0.36089588666666667,0.0,Si,1,1,50.0,2.0
Si,fasca,right_only,SiPt17,Si,1,22,0.6750562933333333,0.3249437583333334,0.0,Si,1,1,64.0,2.0
Si,fasca,right_only,SiPt18,Si,1,22,0.28419441333333334,0.7158055833333333,0.0,Si,1,1,57.0,2.0
Si,fasca,right_only,SiPt19,Si,1,22,0.6480314,0.35196863,0.0,Si,1,1,53.0,2.0
Si,fasca,right_only,SiPt20,Si,1,22,0.5472684266666666,0.45273160333333334,0.0,Si,1,1,59.0,2.0
Si,fasca,right_only,SiPt21,Si,1,22,0.21400557666666664,0.7859944099999999,0.0,Si,1,1,58.0,2.0
Si,fasca,right_only,SiPt22,Si,1,22,0.2816293166666667,0.7183706866666667,0.0,Si,1,1,71.0,2.0
Si,fasca,right_only,SiPt23,Si,1,22,0.13699085666666666,0.8630091533333334,0.0,Si,1,2,50.0,2.0
Si,fasca,right_only,SiPt24,Si,1,22,0.8914543500000001,0.10854563933333333,0.0,Si,1,2,36.0,2.0
Si,fasca,right_only,SiPt25,Si,1,22,0.3656527633333333,0.6343472366666667,0.0,Si,1,1,63.0,2.0
Si,fasca,right_only,SiPt27,Si,1,22,0.36492116333333335,0.6350788233333333,0.0,Si,1,1,50.0,2.0
Si,fasca,right_only,SiPt28,Si,1,22,0.14441171833333333,0.8555882666666667,0.0,Si,1,2,70.0,2.5
Si,fasca,right_only,SiPt29,Si,1,22,0.47766661,0.52233337,0.0,Si,1,2,72.0,2.5
Si,fasca,right_only,SiPt30,Si,1,22,0.43614820000000004,0.5638517833333333,0.0,Si,1,1,60.0,2.0
Si,fasca,right_only,SiPt31,Si,1,22,0.17055161666666666,0.8294483866666665,0.0,Si,1,2,56.0,2.0
Si,fasca,right_only,SiPt32,Si,1,22,0.7695995166666667,0.23040048333333332,0.0,Si,1,1,64.0,2.0
Si,fasca,right_only,SiPt33,Si,1,22,0.7329337566666667,0.26706622666666663,0.0,Si,1,1,67.0,2.0
Si,fasca,right_only,SiPt34,Si,1,22,0.5502089333333333,0.44979108333333334,0.0,Si,1,1,71.0,2.0
Si,fasca,right_only,SiPt35,Si,1,22,0.7201667333333334,0.2798332333333333,0.0,Si,1,1,57.0,2.0
Si,fasca,right_only,SiPt36,Si,1,22,0.7853432466666667,0.21465673333333335,0.0,Si,1,2,53.0,2.0
Si,fasca,right_only,SiPt37,Si,1,22,0.36144895,0.6385510666666666,0.0,Si,1,2,66.0,2.5
Si,fasca,right_only,SiPt38,Si,1,22,0.82486719,0.175132765,0.0,Si,1,2,65.0,2.0
Si,fasca,right_only,SiPt39,Si,1,22,0.10303350133333333,0.8969664666666667,0.0,Si,1,2,69.0,2.0
Si,fasca,right_only,SiPt40,Si,1,22,0.08594776999999999,0.9140522333333333,0.0,Si,1,1,69.0,2.5
Si,fasca,sensor_dead_bilateral,SiCo01,Si,0,22,0.65182901,0.34817097999999996,1.0,Si,0,2,53.0,
Si,fasca,sensor_dead_bilateral,SiCo03,Si,0,22,0.6068322500000001,0.3931677566666667,1.0,Si,0,2,65.0,
Si,fasca,sensor_dead_bilateral,SiCo04,Si,0,22,0.8025595566666667,0.19744045666666668,1.0,Si,0,1,71.0,
Si,fasca,sensor_dead_bilateral,SiCo05,Si,0,22,0.5287781766666667,0.47122182,1.0,Si,0,2,55.0,
Si,fasca,sensor_dead_bilateral,SiCo06,Si,0,22,0.7420237666666667,0.2579762366666667,1.0,Si,0,2,70.0,
Si,fasca,sensor_dead_bilateral,SiCo07,Si,0,22,0.5070225066666666,0.4929775033333333,1.0,Si,0,2,57.0,
Si,fasca,sensor_dead_bilateral,SiCo08,Si,0,22,0.649198,0.3508020233333333,1.0,Si,0,2,65.0,
Si,fasca,sensor_dead_bilateral,SiCo09,Si,0,22,0.6932444700000001,0.30675552,1.0,Si,0,1,56.0,
Si,fasca,sensor_dead_bilateral,SiCo10,Si,0,22,0.75031966,0.24968034000000003,1.0,Si,0,1,50.0,
Si,fasca,sensor_dead_bilateral,SiCo11,Si,0,22,0.5883628566666667,0.41163715,1.0,Si,0,2,60.0,
Si,fasca,sensor_dead_bilateral,SiCo12,Si,0,22,0.5575810266666666,0.4424189566666667,1.0,Si,0,2,37.0,
Si,fasca,sensor_dead_bilateral,SiCo13,Si,0,22,0.88889316,0.11110684533333333,1.0,Si,0,1,61.0,
Si,fasca,sensor_dead_bilateral,SiCo14,Si,0,22,0.7300824933333333,0.2699175133333333,1.0,Si,0,1,52.0,
Si,fasca,sensor_dead_bilateral,SiCo15,Si,0,22,0.47930623,0.5206938066666666,1.0,Si,0,2,54.0,
Si,fasca,sensor_dead_bilateral,SiCo16,Si,0,22,0.28631939533333334,0.7136805866666666,1.0,Si,0,1,60.0,
Si,fasca,sensor_dead_bilateral,SiCo17,Si,0,22,0.18262341666666668,0.8173765933333333,1.0,Si,0,2,64.0,
Si,fasca,sensor_dead_bilateral,SiCo18,Si,0,22,0.9419072533333334,0.05809275566666666,1.0,Si,0,2,61.0,
Si,fasca,sensor_dead_bilateral,SiCo19,Si,0,22,0.7967248666666666,0.20327515,1.0,Si,0,1,51.0,
Si,fasca,sensor_dead_bilateral,SiCo20,Si,0,22,0.43863477666666667,0.5613652233333334,1.0,Si,0,1,62.0,
Si,fasca,sensor_dead_bilateral,SiCo21,Si,0,22,0.6704562166666667,0.3295437833333333,1.0,Si,0,1,56.0,
Si,fasca,sensor_dead_bilateral,SiCo22,Si,0,22,0.86888683,0.13111319,1.0,Si,0,1,52.0,
Si,fasca,sensor_dead_bilateral,SiCo23,Si,0,22,0.77290072,0.22709928333333332,1.0,Si,0,1,53.0,
Si,fasca,sensor_dead_bilateral,SiCo24,Si,0,22,0.52132941,0.47867059666666667,1.0,Si,0,1,54.0,
Si,fasca,sensor_dead_bilateral,SiCo25,Si,0,22,0.8171106,0.18288943333333332,1.0,Si,0,1,57.0,
Si,fasca,sensor_dead_bilateral,SiCo26,Si,0,22,0.7448969499999999,0.25510306,1.0,Si,0,1,60.0,
Si,fasca,sensor_dead_bilateral,SiCo27,Si,0,22,0.8446938533333334,0.155306127,1.0,Si,0,1,67.0,
Si,fasca,sensor_dead_bilateral,SiCo28,Si,0,22,0.5973872166666666,0.40261278000000006,1.0,Si,0,1,61.0,
Si,fasca,sensor_dead_bilateral,SiCo29,Si,0,22,0.6882625166666667,0.31173748333333334,1.0,Si,0,1,53.0,
Si,fasca,sensor_dead_bilateral,SiCo30,Si,0,22,0.7683481966666666,0.23165177,1.0,Si,0,1,63.0,
Si,fasca,sensor_dead_bilateral,SiPt02,Si,1,22,0.20160400466666664,0.7983959666666666,1.0,Si,1,2,77.0,2.5
Si,fasca,sensor_dead_bilateral,SiPt04,Si,1,22,0.5215964000000001,0.4784036233333333,1.0,Si,1,1,73.0,2.0
Si,fasca,sensor_dead_bilateral,SiPt05,Si,1,22,0.32512588000000003,0.6748741300000001,1.0,Si,1,1,56.0,2.5
Si,fasca,sensor_dead_bilateral,SiPt07,Si,1,22,0.31514716666666664,0.6848528333333334,1.0,Si,1,2,54.0,2.0
Si,fasca,sensor_dead_bilateral,SiPt08,Si,1,22,0.20720713999999998,0.79279284,1.0,Si,1,1,67.0,2.0
Si,fasca,sensor_dead_bilateral,SiPt09,Si,1,22,0.48672005999999995,0.5132799466666667,1.0,Si,1,1,63.0,2.0
Si,fasca,sensor_dead_bilateral,SiPt10,Si,1,22,0.43362932000000004,0.5663706666666667,1.0,Si,1,2,77.0,2.0
Si,fasca,sensor_dead_bilateral,SiPt12,Si,1,22,0.24329454333333334,0.7567054533333334,1.0,Si,1,2,64.0,2.0
Si,fasca,sensor_dead_bilateral,SiPt13,Si,1,22,0.24536046,0.7546395333333334,1.0,Si,1,1,52.0,2.0
Si,fasca,sensor_dead_bilateral,SiPt14,Si,1,22,0.23144763333333332,0.7685523333333334,1.0,Si,1,1,60.0,2.5
Si,fasca,sensor_dead_bilateral,SiPt15,Si,1,22,0.16155642333333334,0.8384435866666666,1.0,Si,1,1,62.0,2.0
Si,fasca,sensor_dead_bilateral,SiPt16,Si,1,22,0.5273863566666667,0.47261365,1.0,Si,1,1,50.0,2.0
Si,fasca,sensor_dead_bilateral,SiPt17,Si,1,22,0.6291547166666667,0.37084528,1.0,Si,1,1,64.0,2.0
Si,fasca,sensor_dead_bilateral,SiPt18,Si,1,22,0.22815393333333334,0.7718460566666666,1.0,Si,1,1,57.0,2.0
Si,fasca,sensor_dead_bilateral,SiPt19,Si,1,22,0.33451912,0.66548089,1.0,Si,1,1,53.0,2.0
Si,fasca,sensor_dead_bilateral,SiPt20,Si,1,22,0.41813591333333333,0.5818640766666667,1.0,Si,1,1,59.0,2.0
Si,fasca,sensor_dead_bilateral,SiPt21,Si,1,22,0.4050872366666667,0.5949127766666666,1.0,Si,1,1,58.0,2.0
Si,fasca,sensor_dead_bilateral,SiPt22,Si,1,22,0.24926477333333333,0.75073525,1.0,Si,1,1,71.0,2.0
Si,fasca,sensor_dead_bilateral,SiPt23,Si,1,22,0.22115889,0.7788411266666667,1.0,Si,1,2,50.0,2.0
Si,fasca,sensor_dead_bilateral,SiPt24,Si,1,22,0.4451346666666667,0.5548653266666667,1.0,Si,1,2,36.0,2.0
Si,fasca,sensor_dead_bilateral,SiPt25,Si,1,22,0.40335822000000005,0.5966418133333333,1.0,Si,1,1,63.0,2.0
Si,fasca,sensor_dead_bilateral,SiPt27,Si,1,22,0.26179983333333334,0.7382001766666667,1.0,Si,1,1,50.0,2.0
Si,fasca,sensor_dead_bilateral,SiPt28,Si,1,22,0.19774351999999998,0.8022564666666666,1.0,Si,1,2,70.0,2.5
Si,fasca,sensor_dead_bilateral,SiPt29,Si,1,22,0.28180629333333335,0.7181937166666668,1.0,Si,1,2,72.0,2.5
Si,fasca,sensor_dead_bilateral,SiPt30,Si,1,22,0.6295036399999999,0.37049637333333335,1.0,Si,1,1,60.0,2.0
Si,fasca,sensor_dead_bilateral,SiPt31,Si,1,22,0.18808978666666665,0.81191019,1.0,Si,1,2,56.0,2.0
Si,fasca,sensor_dead_bilateral,SiPt32,Si,1,22,0.6387820999999999,0.36121793333333335,1.0,Si,1,1,64.0,2.0
Si,fasca,sensor_dead_bilateral,SiPt33,Si,1,22,0.6345396266666666,0.3654603566666667,1.0,Si,1,1,67.0,2.0
Si,fasca,sensor_dead_bilateral,SiPt34,Si,1,22,0.50532638,0.4946736333333333,1.0,Si,1,1,71.0,2.0
Si,fasca,sensor_dead_bilateral,SiPt35,Si,1,22,0.5455256066666667,0.45447440666666666,1.0,Si,1,1,57.0,2.0
Si,fasca,sensor_dead_bilateral,SiPt36,Si,1,22,0.4428294066666667,0.55717056,1.0,Si,1,2,53.0,2.0
Si,fasca,sensor_dead_bilateral,SiPt37,Si,1,22,0.47533673,0.5246632633333334,1.0,Si,1,2,66.0,2.5
Si,fasca,sensor_dead_bilateral,SiPt38,Si,1,22,0.7152605,0.2847394966666667,1.0,Si,1,2,65.0,2.0
Si,fasca,sensor_dead_bilateral,SiPt39,Si,1,22,0.3317379733333334,0.6682620266666667,1.0,Si,1,2,69.0,2.0
Si,fasca,sensor_dead_bilateral,SiPt40,Si,1,22,0.1922687,0.80773128,1.0,Si,1,1,69.0,2.5
Si,fasca,near_dead_bilateral,SiCo01,Si,0,22,0.62502057,0.3749794066666667,0.0,Si,0,2,53.0,
Si,fasca,near_dead_bilateral,SiCo03,Si,0,22,0.6694990833333333,0.3305009266666667,0.0,Si,0,2,65.0,
Si,fasca,near_dead_bilateral,SiCo04,Si,0,22,0.7418711266666667,0.2581289133333333,0.0,Si,0,1,71.0,
Si,fasca,near_dead_bilateral,SiCo05,Si,0,22,0.5611146666666667,0.43888532333333335,0.0,Si,0,2,55.0,
Si,fasca,near_dead_bilateral,SiCo06,Si,0,22,0.7532662866666667,0.2467337066666667,0.0,Si,0,2,70.0,
Si,fasca,near_dead_bilateral,SiCo07,Si,0,22,0.5280482866666666,0.4719517133333333,0.0,Si,0,2,57.0,
Si,fasca,near_dead_bilateral,SiCo08,Si,0,22,0.6598618333333334,0.3401381966666667,0.0,Si,0,2,65.0,
Si,fasca,near_dead_bilateral,SiCo09,Si,0,22,0.64068943,0.35931056333333333,0.0,Si,0,1,56.0,
Si,fasca,near_dead_bilateral,SiCo10,Si,0,22,0.8069494366666666,0.19305054,0.0,Si,0,1,50.0,
Si,fasca,near_dead_bilateral,SiCo11,Si,0,22,0.58993129,0.41006872333333333,0.0,Si,0,2,60.0,
Si,fasca,near_dead_bilateral,SiCo12,Si,0,22,0.54219366,0.45780636999999996,0.0,Si,0,2,37.0,
Si,fasca,near_dead_bilateral,SiCo13,Si,0,22,0.8334470366666666,0.16655296666666666,0.0,Si,0,1,61.0,
Si,fasca,near_dead_bilateral,SiCo14,Si,0,22,0.6647919933333334,0.33520802666666666,0.0,Si,0,1,52.0,
Si,fasca,near_dead_bilateral,SiCo15,Si,0,22,0.5280158733333334,0.47198414333333333,0.0,Si,0,2,54.0,
Si,fasca,near_dead_bilateral,SiCo16,Si,0,22,0.2585600066666667,0.7414400266666666,0.0,Si,0,1,60.0,
Si,fasca,near_dead_bilateral,SiCo17,Si,0,22,0.2135405,0.78645948,0.0,Si,0,2,64.0,
Si,fasca,near_dead_bilateral,SiCo18,Si,0,22,0.91262475,0.08737528433333334,0.0,Si,0,2,61.0,
Si,fasca,near_dead_bilateral,SiCo19,Si,0,22,0.7698167100000001,0.23018329333333334,0.0,Si,0,1,51.0,
Si,fasca,near_dead_bilateral,SiCo20,Si,0,22,0.38974448,0.61025551,0.0,Si,0,1,62.0,
Si,fasca,near_dead_bilateral,SiCo21,Si,0,22,0.6585864,0.34141361000000003,0.0,Si,0,1,56.0,
Si,fasca,near_dead_bilateral,SiCo22,Si,0,22,0.8468072266666667,0.15319279666666666,0.0,Si,0,1,52.0,
Si,fasca,near_dead_bilateral,SiCo23,Si,0,22,0.7414758666666666,0.2585240933333333,0.0,Si,0,1,53.0,
Si,fasca,near_dead_bilateral,SiCo24,Si,0,22,0.5550984600000001,0.44490152,0.0,Si,0,1,54.0,
Si,fasca,near_dead_bilateral,SiCo25,Si,0,22,0.8460021333333333,0.15399785666666665,0.0,Si,0,1,57.0,
Si,fasca,near_dead_bilateral,SiCo26,Si,0,22,0.7210061166666666,0.27899387999999997,0.0,Si,0,1,60.0,
Si,fasca,near_dead_bilateral,SiCo27,Si,0,22,0.8550540666666667,0.144945947,0.0,Si,0,1,67.0,
Si,fasca,near_dead_bilateral,SiCo28,Si,0,22,0.5168562233333334,0.4831437666666667,0.0,Si,0,1,61.0,
Si,fasca,near_dead_bilateral,SiCo29,Si,0,22,0.7036477666666666,0.29635224666666665,0.0,Si,0,1,53.0,
Si,fasca,near_dead_bilateral,SiCo30,Si,0,22,0.7987411999999999,0.20125881333333331,0.0,Si,0,1,63.0,
Si,fasca,near_dead_bilateral,SiPt02,Si,1,22,0.23318181333333335,0.7668182266666667,0.0,Si,1,2,77.0,2.5
Si,fasca,near_dead_bilateral,SiPt04,Si,1,22,0.5275785733333334,0.4724214466666667,0.0,Si,1,1,73.0,2.0
Si,fasca,near_dead_bilateral,SiPt05,Si,1,22,0.3803364833333333,0.6196635333333332,0.0,Si,1,1,56.0,2.5
Si,fasca,near_dead_bilateral,SiPt07,Si,1,22,0.35365767333333337,0.6463423466666667,0.0,Si,1,2,54.0,2.0
Si,fasca,near_dead_bilateral,SiPt08,Si,1,22,0.23702684666666665,0.7629731666666667,0.0,Si,1,1,67.0,2.0
Si,fasca,near_dead_bilateral,SiPt09,Si,1,22,0.5176889833333334,0.48231103,0.0,Si,1,1,63.0,2.0
Si,fasca,near_dead_bilateral,SiPt10,Si,1,22,0.39334663333333336,0.6066534,0.0,Si,1,2,77.0,2.0
Si,fasca,near_dead_bilateral,SiPt12,Si,1,22,0.23839478,0.7616052166666667,0.0,Si,1,2,64.0,2.0
Si,fasca,near_dead_bilateral,SiPt13,Si,1,22,0.25119700666666667,0.748803,0.0,Si,1,1,52.0,2.0
Si,fasca,near_dead_bilateral,SiPt14,Si,1,22,0.24752381,0.7524761666666667,0.0,Si,1,1,60.0,2.5
Si,fasca,near_dead_bilateral,SiPt15,Si,1,22,0.15990149333333334,0.8400985166666667,0.0,Si,1,1,62.0,2.0
Si,fasca,near_dead_bilateral,SiPt16,Si,1,22,0.4828408333333334,0.5171591866666667,0.0,Si,1,1,50.0,2.0
Si,fasca,near_dead_bilateral,SiPt17,Si,1,22,0.6363146300000001,0.36368539000000005,0.0,Si,1,1,64.0,2.0
Si,fasca,near_dead_bilateral,SiPt18,Si,1,22,0.27795502666666666,0.722045,0.0,Si,1,1,57.0,2.0
Si,fasca,near_dead_bilateral,SiPt19,Si,1,22,0.36459893666666665,0.6354010666666666,0.0,Si,1,1,53.0,2.0
Si,fasca,near_dead_bilateral,SiPt20,Si,1,22,0.41860309333333334,0.5813969066666667,0.0,Si,1,1,59.0,2.0
Si,fasca,near_dead_bilateral,SiPt21,Si,1,22,0.3775308766666667,0.6224691266666667,0.0,Si,1,1,58.0,2.0
Si,fasca,near_dead_bilateral,SiPt22,Si,1,22,0.22068012666666667,0.7793198633333334,0.0,Si,1,1,71.0,2.0
Si,fasca,near_dead_bilateral,SiPt23,Si,1,22,0.20160695333333334,0.7983930333333333,0.0,Si,1,2,50.0,2.0
Si,fasca,near_dead_bilateral,SiPt24,Si,1,22,0.51574938,0.48425060999999997,0.0,Si,1,2,36.0,2.0
Si,fasca,near_dead_bilateral,SiPt25,Si,1,22,0.38820161666666664,0.6117983666666666,0.0,Si,1,1,63.0,2.0
Si,fasca,near_dead_bilateral,SiPt27,Si,1,22,0.23563031999999998,0.76436968,0.0,Si,1,1,50.0,2.0
Si,fasca,near_dead_bilateral,SiPt28,Si,1,22,0.20820528000000002,0.7917947466666666,0.0,Si,1,2,70.0,2.5
Si,fasca,near_dead_bilateral,SiPt29,Si,1,22,0.22777134666666665,0.7722286533333333,0.0,Si,1,2,72.0,2.5
Si,fasca,near_dead_bilateral,SiPt30,Si,1,22,0.5164006,0.48359942,0.0,Si,1,1,60.0,2.0
Si,fasca,near_dead_bilateral,SiPt31,Si,1,22,0.14622463666666666,0.8537753666666666,0.0,Si,1,2,56.0,2.0
Si,fasca,near_dead_bilateral,SiPt32,Si,1,22,0.62240416,0.37759585,0.0,Si,1,1,64.0,2.0
Si,fasca,near_dead_bilateral,SiPt33,Si,1,22,0.6874551000000001,0.31254491999999995,0.0,Si,1,1,67.0,2.0
Si,fasca,near_dead_bilateral,SiPt34,Si,1,22,0.46733475666666663,0.5326652233333333,0.0,Si,1,1,71.0,2.0
Si,fasca,near_dead_bilateral,SiPt35,Si,1,22,0.56754789,0.43245212,0.0,Si,1,1,57.0,2.0
Si,fasca,near_dead_bilateral,SiPt36,Si,1,22,0.42381068000000005,0.5761893133333333,0.0,Si,1,2,53.0,2.0
Si,fasca,near_dead_bilateral,SiPt37,Si,1,22,0.42749924,0.5725008033333333,0.0,Si,1,2,66.0,2.5
Si,fasca,near_dead_bilateral,SiPt38,Si,1,22,0.7104980233333333,0.28950199666666665,0.0,Si,1,2,65.0,2.0
Si,fasca,near_dead_bilateral,SiPt39,Si,1,22,0.28811282,0.7118871800000001,0.0,Si,1,2,69.0,2.0
Si,fasca,near_dead_bilateral,SiPt40,Si,1,22,0.15906545666666666,0.8409345433333333,0.0,Si,1,1,69.0,2.5
Si,fasca,contact_loss_bilateral,SiCo01,Si,0,22,0.6681458,0.33185420666666665,0.0,Si,0,2,53.0,
Si,fasca,contact_loss_bilateral,SiCo03,Si,0,22,0.6366541466666668,0.36334583666666664,0.0,Si,0,2,65.0,
Si,fasca,contact_loss_bilateral,SiCo04,Si,0,22,0.83341074,0.16658928,0.0,Si,0,1,71.0,
Si,fasca,contact_loss_bilateral,SiCo05,Si,0,22,0.6083826566666667,0.39161735,0.0,Si,0,2,55.0,
Si,fasca,contact_loss_bilateral,SiCo06,Si,0,22,0.8269552533333333,0.17304474333333333,0.0,Si,0,2,70.0,
Si,fasca,contact_loss_bilateral,SiCo07,Si,0,22,0.5560355733333333,0.4439644166666667,0.0,Si,0,2,57.0,
Si,fasca,contact_loss_bilateral,SiCo08,Si,0,22,0.7359343666666667,0.26406561333333334,0.0,Si,0,2,65.0,
Si,fasca,contact_loss_bilateral,SiCo09,Si,0,22,0.7081372366666666,0.29186279,0.0,Si,0,1,56.0,
Si,fasca,contact_loss_bilateral,SiCo10,Si,0,22,0.8530585,0.14694152200000002,0.0,Si,0,1,50.0,
Si,fasca,contact_loss_bilateral,SiCo11,Si,0,22,0.66633894,0.33366108333333333,0.0,Si,0,2,60.0,
Si,fasca,contact_loss_bilateral,SiCo12,Si,0,22,0.5850619666666667,0.41493807666666666,0.0,Si,0,2,37.0,
Si,fasca,contact_loss_bilateral,SiCo13,Si,0,22,0.9317344133333334,0.06826559433333333,0.0,Si,0,1,61.0,
Si,fasca,contact_loss_bilateral,SiCo14,Si,0,22,0.70466886,0.29533115666666665,0.0,Si,0,1,52.0,
Si,fasca,contact_loss_bilateral,SiCo15,Si,0,22,0.55608954,0.44391043,0.0,Si,0,2,54.0,
Si,fasca,contact_loss_bilateral,SiCo16,Si,0,22,0.22946145166666668,0.7705385466666667,0.0,Si,0,1,60.0,
Si,fasca,contact_loss_bilateral,SiCo17,Si,0,22,0.15117944,0.8488205766666667,0.0,Si,0,2,64.0,
Si,fasca,contact_loss_bilateral,SiCo18,Si,0,22,0.9625407466666666,0.03745927166666666,0.0,Si,0,2,61.0,
Si,fasca,contact_loss_bilateral,SiCo19,Si,0,22,0.8618644,0.13813560666666666,0.0,Si,0,1,51.0,
Si,fasca,contact_loss_bilateral,SiCo20,Si,0,22,0.47603302000000003,0.52396697,0.0,Si,0,1,62.0,
Si,fasca,contact_loss_bilateral,SiCo21,Si,0,22,0.7958391333333333,0.20416089,0.0,Si,0,1,56.0,
Si,fasca,contact_loss_bilateral,SiCo22,Si,0,22,0.9464381766666667,0.05356181133333334,0.0,Si,0,1,52.0,
Si,fasca,contact_loss_bilateral,SiCo23,Si,0,22,0.8454686433333333,0.15453132833333333,0.0,Si,0,1,53.0,
Si,fasca,contact_loss_bilateral,SiCo24,Si,0,22,0.60833324,0.39166675,0.0,Si,0,1,54.0,
Si,fasca,contact_loss_bilateral,SiCo25,Si,0,22,0.8677521766666666,0.13224781866666666,0.0,Si,0,1,57.0,
Si,fasca,contact_loss_bilateral,SiCo26,Si,0,22,0.75007112,0.24992885666666664,0.0,Si,0,1,60.0,
Si,fasca,contact_loss_bilateral,SiCo27,Si,0,22,0.8171422066666666,0.18285778333333333,0.0,Si,0,1,67.0,
Si,fasca,contact_loss_bilateral,SiCo28,Si,0,22,0.5875410666666666,0.41245892999999995,0.0,Si,0,1,61.0,
Si,fasca,contact_loss_bilateral,SiCo29,Si,0,22,0.65272234,0.34727763333333334,0.0,Si,0,1,53.0,
Si,fasca,contact_loss_bilateral,SiCo30,Si,0,22,0.8316414333333334,0.16835857466666668,0.0,Si,0,1,63.0,
Si,fasca,contact_loss_bilateral,SiPt02,Si,1,22,0.18960658266666666,0.8103934233333333,0.0,Si,1,2,77.0,2.5
Si,fasca,contact_loss_bilateral,SiPt04,Si,1,22,0.5633172433333334,0.43668273333333335,0.0,Si,1,1,73.0,2.0
Si,fasca,contact_loss_bilateral,SiPt05,Si,1,22,0.33404089666666664,0.66595908,0.0,Si,1,1,56.0,2.5
Si,fasca,contact_loss_bilateral,SiPt07,Si,1,22,0.40280690666666663,0.5971930533333333,0.0,Si,1,2,54.0,2.0
Si,fasca,contact_loss_bilateral,SiPt08,Si,1,22,0.17790942333333334,0.8220905799999999,0.0,Si,1,1,67.0,2.0
Si,fasca,contact_loss_bilateral,SiPt09,Si,1,22,0.6471353333333333,0.35286467,0.0,Si,1,1,63.0,2.0
Si,fasca,contact_loss_bilateral,SiPt10,Si,1,22,0.4769293833333333,0.5230706,0.0,Si,1,2,77.0,2.0
Si,fasca,contact_loss_bilateral,SiPt12,Si,1,22,0.2393381866666667,0.7606617999999999,0.0,Si,1,2,64.0,2.0
Si,fasca,contact_loss_bilateral,SiPt13,Si,1,22,0.26695789,0.7330420733333334,0.0,Si,1,1,52.0,2.0
Si,fasca,contact_loss_bilateral,SiPt14,Si,1,22,0.18257509333333333,0.8174249133333333,0.0,Si,1,1,60.0,2.5
Si,fasca,contact_loss_bilateral,SiPt15,Si,1,22,0.09677974333333333,0.9032202666666667,0.0,Si,1,1,62.0,2.0
Si,fasca,contact_loss_bilateral,SiPt16,Si,1,22,0.50987292,0.49012705333333334,0.0,Si,1,1,50.0,2.0
Si,fasca,contact_loss_bilateral,SiPt17,Si,1,22,0.7454525633333334,0.25454741,0.0,Si,1,1,64.0,2.0
Si,fasca,contact_loss_bilateral,SiPt18,Si,1,22,0.19854446333333334,0.8014555666666666,0.0,Si,1,1,57.0,2.0
Si,fasca,contact_loss_bilateral,SiPt19,Si,1,22,0.3579971066666667,0.64200289,0.0,Si,1,1,53.0,2.0
Si,fasca,contact_loss_bilateral,SiPt20,Si,1,22,0.4516171766666666,0.54838281,0.0,Si,1,1,59.0,2.0
Si,fasca,contact_loss_bilateral,SiPt21,Si,1,22,0.34785013000000004,0.6521498866666667,0.0,Si,1,1,58.0,2.0
Si,fasca,contact_loss_bilateral,SiPt22,Si,1,22,0.2237005046666667,0.7762994966666666,0.0,Si,1,1,71.0,2.0
Si,fasca,contact_loss_bilateral,SiPt23,Si,1,22,0.117772351,0.8822276333333333,0.0,Si,1,2,50.0,2.0
Si,fasca,contact_loss_bilateral,SiPt24,Si,1,22,0.5176766700000001,0.48232336000000003,0.0,Si,1,2,36.0,2.0
Si,fasca,contact_loss_bilateral,SiPt25,Si,1,22,0.4306907466666667,0.56930925,0.0,Si,1,1,63.0,2.0
Si,fasca,contact_loss_bilateral,SiPt27,Si,1,22,0.2172913533333333,0.7827086333333333,0.0,Si,1,1,50.0,2.0
Si,fasca,contact_loss_bilateral,SiPt28,Si,1,22,0.12075387,0.8792461333333333,0.0,Si,1,2,70.0,2.5
Si,fasca,contact_loss_bilateral,SiPt29,Si,1,22,0.30214340666666667,0.6978566,0.0,Si,1,2,72.0,2.5
Si,fasca,contact_loss_bilateral,SiPt30,Si,1,22,0.5492190133333333,0.45078100666666665,0.0,Si,1,1,60.0,2.0
Si,fasca,contact_loss_bilateral,SiPt31,Si,1,22,0.09097388333333334,0.9090260833333333,0.0,Si,1,2,56.0,2.0
Si,fasca,contact_loss_bilateral,SiPt32,Si,1,22,0.7190168699999999,0.2809831566666667,0.0,Si,1,1,64.0,2.0
Si,fasca,contact_loss_bilateral,SiPt33,Si,1,22,0.7605835566666667,0.23941642666666665,0.0,Si,1,1,67.0,2.0
Si,fasca,contact_loss_bilateral,SiPt34,Si,1,22,0.5253950666666666,0.47460490666666666,0.0,Si,1,1,71.0,2.0
Si,fasca,contact_loss_bilateral,SiPt35,Si,1,22,0.62947304,0.37052694333333336,0.0,Si,1,1,57.0,2.0
Si,fasca,contact_loss_bilateral,SiPt36,Si,1,22,0.47151548000000004,0.52848452,0.0,Si,1,2,53.0,2.0
Si,fasca,contact_loss_bilateral,SiPt37,Si,1,22,0.4888258966666667,0.51117408,0.0,Si,1,2,66.0,2.5
Si,fasca,contact_loss_bilateral,SiPt38,Si,1,22,0.8501618333333333,0.14983816666666666,0.0,Si,1,2,65.0,2.0
Si,fasca,contact_loss_bilateral,SiPt39,Si,1,22,0.21670907666666664,0.7832909,0.0,Si,1,2,69.0,2.0
Si,fasca,contact_loss_bilateral,SiPt40,Si,1,22,0.17264449866666667,0.8273554900000001,0.0,Si,1,1,69.0,2.5
Si,fasca,saturation_bilateral,SiCo01,Si,0,22,0.63717114,0.3628288333333334,0.0,Si,0,2,53.0,
Si,fasca,saturation_bilateral,SiCo03,Si,0,22,0.58405326,0.41594673,0.0,Si,0,2,65.0,
Si,fasca,saturation_bilateral,SiCo04,Si,0,22,0.8183452600000001,0.18165477133333333,0.0,Si,0,1,71.0,
Si,fasca,saturation_bilateral,SiCo05,Si,0,22,0.5870769933333334,0.4129230433333333,0.0,Si,0,2,55.0,
Si,fasca,saturation_bilateral,SiCo06,Si,0,22,0.8069124666666667,0.1930875533333333,0.0,Si,0,2,70.0,
Si,fasca,saturation_bilateral,SiCo07,Si,0,22,0.5067860666666667,0.49321397,0.0,Si,0,2,57.0,
Si,fasca,saturation_bilateral,SiCo08,Si,0,22,0.73134098,0.26865905,0.0,Si,0,2,65.0,
Si,fasca,saturation_bilateral,SiCo09,Si,0,22,0.6570912633333333,0.34290873,0.0,Si,0,1,56.0,
Si,fasca,saturation_bilateral,SiCo10,Si,0,22,0.81509879,0.18490118200000003,0.0,Si,0,1,50.0,
Si,fasca,saturation_bilateral,SiCo11,Si,0,22,0.6272367166666667,0.3727633166666667,0.0,Si,0,2,60.0,
Si,fasca,saturation_bilateral,SiCo12,Si,0,22,0.5580724866666666,0.44192750333333336,0.0,Si,0,2,37.0,
Si,fasca,saturation_bilateral,SiCo13,Si,0,22,0.9292160366666667,0.07078396666666667,0.0,Si,0,1,61.0,
Si,fasca,saturation_bilateral,SiCo14,Si,0,22,0.6687450666666667,0.33125493333333333,0.0,Si,0,1,52.0,
Si,fasca,saturation_bilateral,SiCo15,Si,0,22,0.5117161766666667,0.4882838266666667,0.0,Si,0,2,54.0,
Si,fasca,saturation_bilateral,SiCo16,Si,0,22,0.19280887,0.8071911833333333,0.0,Si,0,1,60.0,
Si,fasca,saturation_bilateral,SiCo17,Si,0,22,0.126636432,0.8733635833333334,0.0,Si,0,2,64.0,
Si,fasca,saturation_bilateral,SiCo18,Si,0,22,0.9616558,0.038344175333333334,0.0,Si,0,2,61.0,
Si,fasca,saturation_bilateral,SiCo19,Si,0,22,0.8466918666666666,0.15330814666666667,0.0,Si,0,1,51.0,
Si,fasca,saturation_bilateral,SiCo20,Si,0,22,0.47698441333333336,0.5230156066666667,0.0,Si,0,1,62.0,
Si,fasca,saturation_bilateral,SiCo21,Si,0,22,0.7830487133333334,0.21695128666666666,0.0,Si,0,1,56.0,
Si,fasca,saturation_bilateral,SiCo22,Si,0,22,0.9378669333333334,0.06213307966666667,0.0,Si,0,1,52.0,
Si,fasca,saturation_bilateral,SiCo23,Si,0,22,0.81649586,0.18350415333333334,0.0,Si,0,1,53.0,
Si,fasca,saturation_bilateral,SiCo24,Si,0,22,0.5737748100000001,0.4262252133333333,0.0,Si,0,1,54.0,
Si,fasca,saturation_bilateral,SiCo25,Si,0,22,0.8506416,0.14935836533333333,0.0,Si,0,1,57.0,
Si,fasca,saturation_bilateral,SiCo26,Si,0,22,0.7003659666666667,0.29963403666666666,0.0,Si,0,1,60.0,
Si,fasca,saturation_bilateral,SiCo27,Si,0,22,0.7649255733333332,0.23507441333333334,0.0,Si,0,1,67.0,
Si,fasca,saturation_bilateral,SiCo28,Si,0,22,0.5602364599999999,0.43976353333333335,0.0,Si,0,1,61.0,
Si,fasca,saturation_bilateral,SiCo29,Si,0,22,0.6463898233333333,0.3536101833333333,0.0,Si,0,1,53.0,
Si,fasca,saturation_bilateral,SiCo30,Si,0,22,0.8182716499999999,0.18172833666666666,0.0,Si,0,1,63.0,
Si,fasca,saturation_bilateral,SiPt02,Si,1,22,0.17301157833333333,0.8269884033333333,0.0,Si,1,2,77.0,2.5
Si,fasca,saturation_bilateral,SiPt04,Si,1,22,0.5266254166666666,0.47337458,0.0,Si,1,1,73.0,2.0
Si,fasca,saturation_bilateral,SiPt05,Si,1,22,0.30355921333333336,0.6964407766666666,0.0,Si,1,1,56.0,2.5
Si,fasca,saturation_bilateral,SiPt07,Si,1,22,0.3862056566666667,0.61379438,0.0,Si,1,2,54.0,2.0
Si,fasca,saturation_bilateral,SiPt08,Si,1,22,0.1818435966666667,0.81815638,0.0,Si,1,1,67.0,2.0
Si,fasca,saturation_bilateral,SiPt09,Si,1,22,0.6274677233333333,0.37253226,0.0,Si,1,1,63.0,2.0
Si,fasca,saturation_bilateral,SiPt10,Si,1,22,0.4666367166666667,0.5333632433333334,0.0,Si,1,2,77.0,2.0
Si,fasca,saturation_bilateral,SiPt12,Si,1,22,0.19961511666666665,0.80038486,0.0,Si,1,2,64.0,2.0
Si,fasca,saturation_bilateral,SiPt13,Si,1,22,0.24504724333333336,0.7549527533333333,0.0,Si,1,1,52.0,2.0
Si,fasca,saturation_bilateral,SiPt14,Si,1,22,0.15617347533333334,0.8438265366666666,0.0,Si,1,1,60.0,2.5
Si,fasca,saturation_bilateral,SiPt15,Si,1,22,0.09944400866666665,0.90055599,0.0,Si,1,1,62.0,2.0
Si,fasca,saturation_bilateral,SiPt16,Si,1,22,0.5066983166666666,0.4933016733333333,0.0,Si,1,1,50.0,2.0
Si,fasca,saturation_bilateral,SiPt17,Si,1,22,0.7416888,0.25831117666666664,0.0,Si,1,1,64.0,2.0
Si,fasca,saturation_bilateral,SiPt18,Si,1,22,0.16361847333333335,0.8363815,0.0,Si,1,1,57.0,2.0
Si,fasca,saturation_bilateral,SiPt19,Si,1,22,0.32691848333333334,0.6730815,0.0,Si,1,1,53.0,2.0
Si,fasca,saturation_bilateral,SiPt20,Si,1,22,0.44263728333333335,0.5573627166666667,0.0,Si,1,1,59.0,2.0
Si,fasca,saturation_bilateral,SiPt21,Si,1,22,0.32294569,0.6770542933333333,0.0,Si,1,1,58.0,2.0
Si,fasca,saturation_bilateral,SiPt22,Si,1,22,0.19610740666666668,0.8038926000000001,0.0,Si,1,1,71.0,2.0
Si,fasca,saturation_bilateral,SiPt23,Si,1,22,0.10206012733333332,0.8979398999999999,0.0,Si,1,2,50.0,2.0
Si,fasca,saturation_bilateral,SiPt24,Si,1,22,0.48494545666666666,0.5150545133333333,0.0,Si,1,2,36.0,2.0
Si,fasca,saturation_bilateral,SiPt25,Si,1,22,0.40431080333333336,0.5956891866666667,0.0,Si,1,1,63.0,2.0
Si,fasca,saturation_bilateral,SiPt27,Si,1,22,0.21267324666666665,0.7873266999999999,0.0,Si,1,1,50.0,2.0
Si,fasca,saturation_bilateral,SiPt28,Si,1,22,0.10833582333333334,0.8916641866666666,0.0,Si,1,2,70.0,2.5
Si,fasca,saturation_bilateral,SiPt29,Si,1,22,0.2896113633333333,0.71038864,0.0,Si,1,2,72.0,2.5
Si,fasca,saturation_bilateral,SiPt30,Si,1,22,0.47904019000000003,0.52095979,0.0,Si,1,1,60.0,2.0
Si,fasca,saturation_bilateral,SiPt31,Si,1,22,0.08596469366666666,0.91403532,0.0,Si,1,2,56.0,2.0
Si,fasca,saturation_bilateral,SiPt32,Si,1,22,0.7169147666666666,0.2830852566666667,0.0,Si,1,1,64.0,2.0
Si,fasca,saturation_bilateral,SiPt33,Si,1,22,0.7493192999999999,0.25068068666666665,0.0,Si,1,1,67.0,2.0
Si,fasca,saturation_bilateral,SiPt34,Si,1,22,0.4985647733333334,0.50143526,0.0,Si,1,1,71.0,2.0
Si,fasca,saturation_bilateral,SiPt35,Si,1,22,0.5842452333333333,0.41575476333333333,0.0,Si,1,1,57.0,2.0
Si,fasca,saturation_bilateral,SiPt36,Si,1,22,0.4794415566666667,0.5205584733333334,0.0,Si,1,2,53.0,2.0
Si,fasca,saturation_bilateral,SiPt37,Si,1,22,0.44776936333333334,0.5522306733333333,0.0,Si,1,2,66.0,2.5
Si,fasca,saturation_bilateral,SiPt38,Si,1,22,0.8250023933333334,0.17499761666666666,0.0,Si,1,2,65.0,2.0
Si,fasca,saturation_bilateral,SiPt39,Si,1,22,0.19930661666666669,0.8006934133333333,0.0,Si,1,2,69.0,2.0
Si,fasca,saturation_bilateral,SiPt40,Si,1,22,0.15805326333333333,0.8419467333333334,0.0,Si,1,1,69.0,2.5
Si,fasca,drift_bilateral,SiCo01,Si,0,22,0.53629856,0.4637014566666666,0.0,Si,0,2,53.0,
Si,fasca,drift_bilateral,SiCo03,Si,0,22,0.5064822933333334,0.4935176866666667,0.0,Si,0,2,65.0,
Si,fasca,drift_bilateral,SiCo04,Si,0,22,0.7090134733333334,0.29098651999999997,0.0,Si,0,1,71.0,
Si,fasca,drift_bilateral,SiCo05,Si,0,22,0.48696806,0.5130319333333334,0.0,Si,0,2,55.0,
Si,fasca,drift_bilateral,SiCo06,Si,0,22,0.7102317266666667,0.28976829499999995,0.0,Si,0,2,70.0,
Si,fasca,drift_bilateral,SiCo07,Si,0,22,0.4459299566666666,0.5540700533333333,0.0,Si,0,2,57.0,
Si,fasca,drift_bilateral,SiCo08,Si,0,22,0.6436560666666667,0.3563439366666667,0.0,Si,0,2,65.0,
Si,fasca,drift_bilateral,SiCo09,Si,0,22,0.5995072633333334,0.40049270666666664,0.0,Si,0,1,56.0,
Si,fasca,drift_bilateral,SiCo10,Si,0,22,0.76918908,0.23081092666666667,0.0,Si,0,1,50.0,
Si,fasca,drift_bilateral,SiCo11,Si,0,22,0.5855152566666667,0.41448474333333335,0.0,Si,0,2,60.0,
Si,fasca,drift_bilateral,SiCo12,Si,0,22,0.48151471333333334,0.5184852566666667,0.0,Si,0,2,37.0,
Si,fasca,drift_bilateral,SiCo13,Si,0,22,0.8995145566666666,0.10048544466666666,0.0,Si,0,1,61.0,
Si,fasca,drift_bilateral,SiCo14,Si,0,22,0.5940727133333333,0.4059272766666666,0.0,Si,0,1,52.0,
Si,fasca,drift_bilateral,SiCo15,Si,0,22,0.37747559999999997,0.6225243733333333,0.0,Si,0,2,54.0,
Si,fasca,drift_bilateral,SiCo16,Si,0,22,0.14789036,0.8521096233333333,0.0,Si,0,1,60.0,
Si,fasca,drift_bilateral,SiCo17,Si,0,22,0.11443839,0.8855615866666667,0.0,Si,0,2,64.0,
Si,fasca,drift_bilateral,SiCo18,Si,0,22,0.95000597,0.049994058333333334,0.0,Si,0,2,61.0,
Si,fasca,drift_bilateral,SiCo19,Si,0,22,0.7723092833333333,0.22769069666666666,0.0,Si,0,1,51.0,
Si,fasca,drift_bilateral,SiCo20,Si,0,22,0.36933326333333333,0.63066672,0.0,Si,0,1,62.0,
Si,fasca,drift_bilateral,SiCo21,Si,0,22,0.6907137200000001,0.30928625666666665,0.0,Si,0,1,56.0,
Si,fasca,drift_bilateral,SiCo22,Si,0,22,0.9381311666666666,0.06186886266666666,0.0,Si,0,1,52.0,
Si,fasca,drift_bilateral,SiCo23,Si,0,22,0.69833661,0.30166341333333335,0.0,Si,0,1,53.0,
Si,fasca,drift_bilateral,SiCo24,Si,0,22,0.45133706,0.5486629533333333,0.0,Si,0,1,54.0,
Si,fasca,drift_bilateral,SiCo25,Si,0,22,0.7738625133333334,0.22613747833333334,0.0,Si,0,1,57.0,
Si,fasca,drift_bilateral,SiCo26,Si,0,22,0.5624892433333333,0.43751076666666666,0.0,Si,0,1,60.0,
Si,fasca,drift_bilateral,SiCo27,Si,0,22,0.6556726266666667,0.34432738333333335,0.0,Si,0,1,67.0,
Si,fasca,drift_bilateral,SiCo28,Si,0,22,0.5489620166666667,0.4510379933333333,0.0,Si,0,1,61.0,
Si,fasca,drift_bilateral,SiCo29,Si,0,22,0.5142027,0.4857972933333334,0.0,Si,0,1,53.0,
Si,fasca,drift_bilateral,SiCo30,Si,0,22,0.7152359,0.28476405666666665,0.0,Si,0,1,63.0,
Si,fasca,drift_bilateral,SiPt02,Si,1,22,0.1754789966666667,0.82452099,0.0,Si,1,2,77.0,2.5
Si,fasca,drift_bilateral,SiPt04,Si,1,22,0.49095426000000003,0.5090457533333334,0.0,Si,1,1,73.0,2.0
Si,fasca,drift_bilateral,SiPt05,Si,1,22,0.2712897,0.7287103133333334,0.0,Si,1,1,56.0,2.5
Si,fasca,drift_bilateral,SiPt07,Si,1,22,0.3703625466666667,0.6296374733333333,0.0,Si,1,2,54.0,2.0
Si,fasca,drift_bilateral,SiPt08,Si,1,22,0.20261479333333332,0.7973852366666666,0.0,Si,1,1,67.0,2.0
Si,fasca,drift_bilateral,SiPt09,Si,1,22,0.5266343266666667,0.4733656833333333,0.0,Si,1,1,63.0,2.0
Si,fasca,drift_bilateral,SiPt10,Si,1,22,0.46623327999999997,0.5337667466666666,0.0,Si,1,2,77.0,2.0
Si,fasca,drift_bilateral,SiPt12,Si,1,22,0.15485058666666665,0.8451494266666666,0.0,Si,1,2,64.0,2.0
Si,fasca,drift_bilateral,SiPt13,Si,1,22,0.25854164333333335,0.7414583433333334,0.0,Si,1,1,52.0,2.0
Si,fasca,drift_bilateral,SiPt14,Si,1,22,0.17443595,0.8255640633333333,0.0,Si,1,1,60.0,2.5
Si,fasca,drift_bilateral,SiPt15,Si,1,22,0.11443343666666667,0.8855665333333333,0.0,Si,1,1,62.0,2.0
Si,fasca,drift_bilateral,SiPt16,Si,1,22,0.42026420666666664,0.5797358166666667,0.0,Si,1,1,50.0,2.0
Si,fasca,drift_bilateral,SiPt17,Si,1,22,0.6969737033333333,0.3030262653333333,0.0,Si,1,1,64.0,2.0
Si,fasca,drift_bilateral,SiPt18,Si,1,22,0.162452155,0.8375478766666666,0.0,Si,1,1,57.0,2.0
Si,fasca,drift_bilateral,SiPt19,Si,1,22,0.2592244733333333,0.7407755266666666,0.0,Si,1,1,53.0,2.0
Si,fasca,drift_bilateral,SiPt20,Si,1,22,0.3633776899999999,0.6366222766666666,0.0,Si,1,1,59.0,2.0
Si,fasca,drift_bilateral,SiPt21,Si,1,22,0.26744358166666665,0.7325564133333332,0.0,Si,1,1,58.0,2.0
Si,fasca,drift_bilateral,SiPt22,Si,1,22,0.18129424000000002,0.8187057633333333,0.0,Si,1,1,71.0,2.0
Si,fasca,drift_bilateral,SiPt23,Si,1,22,0.10141304533333333,0.8985869766666666,0.0,Si,1,2,50.0,2.0
Si,fasca,drift_bilateral,SiPt24,Si,1,22,0.45311934333333337,0.54688066,0.0,Si,1,2,36.0,2.0
Si,fasca,drift_bilateral,SiPt25,Si,1,22,0.30611821333333333,0.6938817866666667,0.0,Si,1,1,63.0,2.0
Si,fasca,drift_bilateral,SiPt27,Si,1,22,0.16432486666666668,0.8356751633333334,0.0,Si,1,1,50.0,2.0
Si,fasca,drift_bilateral,SiPt28,Si,1,22,0.12697075466666666,0.8730292333333333,0.0,Si,1,2,70.0,2.5
Si,fasca,drift_bilateral,SiPt29,Si,1,22,0.2519068616666667,0.7480931000000001,0.0,Si,1,2,72.0,2.5
Si,fasca,drift_bilateral,SiPt30,Si,1,22,0.3927277,0.6072723233333334,0.0,Si,1,1,60.0,2.0
Si,fasca,drift_bilateral,SiPt31,Si,1,22,0.09113062466666666,0.9088693800000001,0.0,Si,1,2,56.0,2.0
Si,fasca,drift_bilateral,SiPt32,Si,1,22,0.5629682733333333,0.43703172,0.0,Si,1,1,64.0,2.0
Si,fasca,drift_bilateral,SiPt33,Si,1,22,0.64830792,0.35169209,0.0,Si,1,1,67.0,2.0
Si,fasca,drift_bilateral,SiPt34,Si,1,22,0.4709104466666667,0.5290895533333334,0.0,Si,1,1,71.0,2.0
Si,fasca,drift_bilateral,SiPt35,Si,1,22,0.44947088333333335,0.5505291033333334,0.0,Si,1,1,57.0,2.0
Si,fasca,drift_bilateral,SiPt36,Si,1,22,0.45850697,0.54149302,0.0,Si,1,2,53.0,2.0
Si,fasca,drift_bilateral,SiPt37,Si,1,22,0.37670355,0.6232964433333333,0.0,Si,1,2,66.0,2.5
Si,fasca,drift_bilateral,SiPt38,Si,1,22,0.7690175833333334,0.23098240333333334,0.0,Si,1,2,65.0,2.0
Si,fasca,drift_bilateral,SiPt39,Si,1,22,0.153500939,0.8464990466666666,0.0,Si,1,2,69.0,2.0
Si,fasca,drift_bilateral,SiPt40,Si,1,22,0.16193427666666668,0.8380657533333333,0.0,Si,1,1,69.0,2.5
Si,fasca,packet_loss_bilateral,SiCo01,Si,0,22,0.6701236433333334,0.32987637000000003,0.0,Si,0,2,53.0,
Si,fasca,packet_loss_bilateral,SiCo03,Si,0,22,0.63881614,0.36118384,0.0,Si,0,2,65.0,
Si,fasca,packet_loss_bilateral,SiCo04,Si,0,22,0.8243803133333333,0.17561971666666668,0.0,Si,0,1,71.0,
Si,fasca,packet_loss_bilateral,SiCo05,Si,0,22,0.6190147966666667,0.38098520666666663,0.0,Si,0,2,55.0,
Si,fasca,packet_loss_bilateral,SiCo06,Si,0,22,0.8219790666666666,0.17802094333333332,0.0,Si,0,2,70.0,
Si,fasca,packet_loss_bilateral,SiCo07,Si,0,22,0.57424775,0.42575224999999994,0.0,Si,0,2,57.0,
Si,fasca,packet_loss_bilateral,SiCo08,Si,0,22,0.7512964333333333,0.24870355,0.0,Si,0,2,65.0,
Si,fasca,packet_loss_bilateral,SiCo09,Si,0,22,0.6996125566666667,0.3003874266666667,0.0,Si,0,1,56.0,
Si,fasca,packet_loss_bilateral,SiCo10,Si,0,22,0.8450984,0.15490162,0.0,Si,0,1,50.0,
Si,fasca,packet_loss_bilateral,SiCo11,Si,0,22,0.6758579133333332,0.32414208333333333,0.0,Si,0,2,60.0,
Si,fasca,packet_loss_bilateral,SiCo12,Si,0,22,0.5936746599999999,0.4063253466666667,0.0,Si,0,2,37.0,
Si,fasca,packet_loss_bilateral,SiCo13,Si,0,22,0.9269426866666667,0.073057311,0.0,Si,0,1,61.0,
Si,fasca,packet_loss_bilateral,SiCo14,Si,0,22,0.6963235633333333,0.3036764533333333,0.0,Si,0,1,52.0,
Si,fasca,packet_loss_bilateral,SiCo15,Si,0,22,0.5745269233333333,0.4254730766666666,0.0,Si,0,2,54.0,
Si,fasca,packet_loss_bilateral,SiCo16,Si,0,22,0.23125596,0.768744,0.0,Si,0,1,60.0,
Si,fasca,packet_loss_bilateral,SiCo17,Si,0,22,0.18095726666666667,0.8190427133333333,0.0,Si,0,2,64.0,
Si,fasca,packet_loss_bilateral,SiCo18,Si,0,22,0.9551798133333333,0.044820194,0.0,Si,0,2,61.0,
Si,fasca,packet_loss_bilateral,SiCo19,Si,0,22,0.85508418,0.14491582,0.0,Si,0,1,51.0,
Si,fasca,packet_loss_bilateral,SiCo20,Si,0,22,0.5115221,0.48847792333333334,0.0,Si,0,1,62.0,
Si,fasca,packet_loss_bilateral,SiCo21,Si,0,22,0.8091292,0.1908708166666667,0.0,Si,0,1,56.0,
Si,fasca,packet_loss_bilateral,SiCo22,Si,0,22,0.9363382800000001,0.063661711,0.0,Si,0,1,52.0,
Si,fasca,packet_loss_bilateral,SiCo23,Si,0,22,0.8346285833333332,0.165371405,0.0,Si,0,1,53.0,
Si,fasca,packet_loss_bilateral,SiCo24,Si,0,22,0.6140044566666667,0.38599553999999997,0.0,Si,0,1,54.0,
Si,fasca,packet_loss_bilateral,SiCo25,Si,0,22,0.8616250033333334,0.13837501866666665,0.0,Si,0,1,57.0,
Si,fasca,packet_loss_bilateral,SiCo26,Si,0,22,0.7265037666666666,0.27349625,0.0,Si,0,1,60.0,
Si,fasca,packet_loss_bilateral,SiCo27,Si,0,22,0.8147049966666667,0.18529499566666666,0.0,Si,0,1,67.0,
Si,fasca,packet_loss_bilateral,SiCo28,Si,0,22,0.5995090233333333,0.4004909266666667,0.0,Si,0,1,61.0,
Si,fasca,packet_loss_bilateral,SiCo29,Si,0,22,0.6767372133333334,0.3232627666666667,0.0,Si,0,1,53.0,
Si,fasca,packet_loss_bilateral,SiCo30,Si,0,22,0.8347564333333333,0.16524354,0.0,Si,0,1,63.0,
Si,fasca,packet_loss_bilateral,SiPt02,Si,1,22,0.22469401666666666,0.7753059866666666,0.0,Si,1,2,77.0,2.5
Si,fasca,packet_loss_bilateral,SiPt04,Si,1,22,0.56804403,0.43195597,0.0,Si,1,1,73.0,2.0
Si,fasca,packet_loss_bilateral,SiPt05,Si,1,22,0.3633648166666667,0.6366351866666666,0.0,Si,1,1,56.0,2.5
Si,fasca,packet_loss_bilateral,SiPt07,Si,1,22,0.4316091733333334,0.5683908133333334,0.0,Si,1,2,54.0,2.0
Si,fasca,packet_loss_bilateral,SiPt08,Si,1,22,0.21634160666666669,0.7836584000000001,0.0,Si,1,1,67.0,2.0
Si,fasca,packet_loss_bilateral,SiPt09,Si,1,22,0.6667635866666667,0.33323641333333337,0.0,Si,1,1,63.0,2.0
Si,fasca,packet_loss_bilateral,SiPt10,Si,1,22,0.49339524333333334,0.50660476,0.0,Si,1,2,77.0,2.0
Si,fasca,packet_loss_bilateral,SiPt12,Si,1,22,0.24238134333333336,0.7576186666666667,0.0,Si,1,2,64.0,2.0
Si,fasca,packet_loss_bilateral,SiPt13,Si,1,22,0.28905403333333335,0.71094592,0.0,Si,1,1,52.0,2.0
Si,fasca,packet_loss_bilateral,SiPt14,Si,1,22,0.21055583666666666,0.78944415,0.0,Si,1,1,60.0,2.5
Si,fasca,packet_loss_bilateral,SiPt15,Si,1,22,0.12252709666666665,0.8774729,0.0,Si,1,1,62.0,2.0
Si,fasca,packet_loss_bilateral,SiPt16,Si,1,22,0.53196509,0.4680349,0.0,Si,1,1,50.0,2.0
Si,fasca,packet_loss_bilateral,SiPt17,Si,1,22,0.7540960800000001,0.24590392000000003,0.0,Si,1,1,64.0,2.0
Si,fasca,packet_loss_bilateral,SiPt18,Si,1,22,0.19967074333333334,0.8003292700000001,0.0,Si,1,1,57.0,2.0
Si,fasca,packet_loss_bilateral,SiPt19,Si,1,22,0.3851971566666667,0.6148028333333334,0.0,Si,1,1,53.0,2.0
Si,fasca,packet_loss_bilateral,SiPt20,Si,1,22,0.47845038666666667,0.5215496133333334,0.0,Si,1,1,59.0,2.0
Si,fasca,packet_loss_bilateral,SiPt21,Si,1,22,0.3811734566666667,0.61882651,0.0,Si,1,1,58.0,2.0
Si,fasca,packet_loss_bilateral,SiPt22,Si,1,22,0.24027226,0.7597277166666667,0.0,Si,1,1,71.0,2.0
Si,fasca,packet_loss_bilateral,SiPt23,Si,1,22,0.13398142666666665,0.8660185766666667,0.0,Si,1,2,50.0,2.0
Si,fasca,packet_loss_bilateral,SiPt24,Si,1,22,0.55196335,0.44803669000000007,0.0,Si,1,2,36.0,2.0
Si,fasca,packet_loss_bilateral,SiPt25,Si,1,22,0.4464212433333334,0.5535787733333334,0.0,Si,1,1,63.0,2.0
Si,fasca,packet_loss_bilateral,SiPt27,Si,1,22,0.25468559333333335,0.7453143966666667,0.0,Si,1,1,50.0,2.0
Si,fasca,packet_loss_bilateral,SiPt28,Si,1,22,0.13883587666666666,0.8611641133333333,0.0,Si,1,2,70.0,2.5
Si,fasca,packet_loss_bilateral,SiPt29,Si,1,22,0.33444068,0.66555934,0.0,Si,1,2,72.0,2.5
Si,fasca,packet_loss_bilateral,SiPt30,Si,1,22,0.5325831566666667,0.4674168466666666,0.0,Si,1,1,60.0,2.0
Si,fasca,packet_loss_bilateral,SiPt31,Si,1,22,0.111270785,0.8887291999999999,0.0,Si,1,2,56.0,2.0
Si,fasca,packet_loss_bilateral,SiPt32,Si,1,22,0.7327297,0.26727027,0.0,Si,1,1,64.0,2.0
Si,fasca,packet_loss_bilateral,SiPt33,Si,1,22,0.7576413666666667,0.24235861,0.0,Si,1,1,67.0,2.0
Si,fasca,packet_loss_bilateral,SiPt34,Si,1,22,0.54367711,0.4563228733333333,0.0,Si,1,1,71.0,2.0
Si,fasca,packet_loss_bilateral,SiPt35,Si,1,22,0.6260034666666666,0.37399652999999994,0.0,Si,1,1,57.0,2.0
Si,fasca,packet_loss_bilateral,SiPt36,Si,1,22,0.5036863866666667,0.49631359999999997,0.0,Si,1,2,53.0,2.0
Si,fasca,packet_loss_bilateral,SiPt37,Si,1,22,0.5064846166666667,0.49351541000000004,0.0,Si,1,2,66.0,2.5
Si,fasca,packet_loss_bilateral,SiPt38,Si,1,22,0.8396008300000001,0.16039916133333335,0.0,Si,1,2,65.0,2.0
Si,fasca,packet_loss_bilateral,SiPt39,Si,1,22,0.22956930666666664,0.7704306933333332,0.0,Si,1,2,69.0,2.0
Si,fasca,packet_loss_bilateral,SiPt40,Si,1,22,0.19410771333333332,0.8058923,0.0,Si,1,1,69.0,2.5
Si,fasca,gain_miscalibration,SiCo01,Si,0,22,0.6467320833333333,0.35326792,0.0,Si,0,2,53.0,
Si,fasca,gain_miscalibration,SiCo03,Si,0,22,0.6486466333333333,0.35135339000000004,0.0,Si,0,2,65.0,
Si,fasca,gain_miscalibration,SiCo04,Si,0,22,0.8126574,0.18734263333333334,0.0,Si,0,1,71.0,
Si,fasca,gain_miscalibration,SiCo05,Si,0,22,0.5845172566666667,0.41548275333333334,0.0,Si,0,2,55.0,
Si,fasca,gain_miscalibration,SiCo06,Si,0,22,0.8156693266666667,0.18433069133333335,0.0,Si,0,2,70.0,
Si,fasca,gain_miscalibration,SiCo07,Si,0,22,0.5374650133333333,0.46253496999999993,0.0,Si,0,2,57.0,
Si,fasca,gain_miscalibration,SiCo08,Si,0,22,0.75375842,0.24624158,0.0,Si,0,2,65.0,
Si,fasca,gain_miscalibration,SiCo09,Si,0,22,0.7167184666666667,0.28328152333333334,0.0,Si,0,1,56.0,
Si,fasca,gain_miscalibration,SiCo10,Si,0,22,0.8531002500000001,0.14689973333333334,0.0,Si,0,1,50.0,
Si,fasca,gain_miscalibration,SiCo11,Si,0,22,0.65293839,0.3470616366666666,0.0,Si,0,2,60.0,
Si,fasca,gain_miscalibration,SiCo12,Si,0,22,0.5821425333333333,0.4178574333333333,0.0,Si,0,2,37.0,
Si,fasca,gain_miscalibration,SiCo13,Si,0,22,0.9523148200000001,0.04768521333333333,0.0,Si,0,1,61.0,
Si,fasca,gain_miscalibration,SiCo14,Si,0,22,0.6995162766666666,0.30048372333333334,0.0,Si,0,1,52.0,
Si,fasca,gain_miscalibration,SiCo15,Si,0,22,0.5603759566666667,0.43962405666666665,0.0,Si,0,2,54.0,
Si,fasca,gain_miscalibration,SiCo16,Si,0,22,0.2761632666666667,0.7238367266666667,0.0,Si,0,1,60.0,
Si,fasca,gain_miscalibration,SiCo17,Si,0,22,0.11050912466666667,0.8894908633333333,0.0,Si,0,2,64.0,
Si,fasca,gain_miscalibration,SiCo18,Si,0,22,0.9663867233333333,0.033613286,0.0,Si,0,2,61.0,
Si,fasca,gain_miscalibration,SiCo19,Si,0,22,0.8767100633333333,0.12328998133333334,0.0,Si,0,1,51.0,
Si,fasca,gain_miscalibration,SiCo20,Si,0,22,0.5561412,0.4438587733333334,0.0,Si,0,1,62.0,
Si,fasca,gain_miscalibration,SiCo21,Si,0,22,0.86594237,0.13405761,0.0,Si,0,1,56.0,
Si,fasca,gain_miscalibration,SiCo22,Si,0,22,0.9585942666666667,0.041405735,0.0,Si,0,1,52.0,
Si,fasca,gain_miscalibration,SiCo23,Si,0,22,0.8587828366666667,0.14121715333333332,0.0,Si,0,1,53.0,
Si,fasca,gain_miscalibration,SiCo24,Si,0,22,0.6435275133333334,0.3564725166666667,0.0,Si,0,1,54.0,
Si,fasca,gain_miscalibration,SiCo25,Si,0,22,0.8585169166666667,0.141483078,0.0,Si,0,1,57.0,
Si,fasca,gain_miscalibration,SiCo26,Si,0,22,0.74868185,0.25131814999999996,0.0,Si,0,1,60.0,
Si,fasca,gain_miscalibration,SiCo27,Si,0,22,0.8535153699999999,0.146484634,0.0,Si,0,1,67.0,
Si,fasca,gain_miscalibration,SiCo28,Si,0,22,0.5572798733333334,0.44272013666666665,0.0,Si,0,1,61.0,
Si,fasca,gain_miscalibration,SiCo29,Si,0,22,0.7181521333333333,0.28184787666666666,0.0,Si,0,1,53.0,
Si,fasca,gain_miscalibration,SiCo30,Si,0,22,0.8352144166666666,0.16478561,0.0,Si,0,1,63.0,
Si,fasca,gain_miscalibration,SiPt02,Si,1,22,0.32085117333333335,0.6791487966666666,0.0,Si,1,2,77.0,2.5
Si,fasca,gain_miscalibration,SiPt04,Si,1,22,0.5757092033333333,0.42429076666666665,0.0,Si,1,1,73.0,2.0
Si,fasca,gain_miscalibration,SiPt05,Si,1,22,0.2575931866666667,0.7424068166666666,0.0,Si,1,1,56.0,2.5
Si,fasca,gain_miscalibration,SiPt07,Si,1,22,0.3662646133333333,0.6337353833333333,0.0,Si,1,2,54.0,2.0
Si,fasca,gain_miscalibration,SiPt08,Si,1,22,0.28282714,0.7171728666666667,0.0,Si,1,1,67.0,2.0
Si,fasca,gain_miscalibration,SiPt09,Si,1,22,0.6628827866666667,0.33711722666666666,0.0,Si,1,1,63.0,2.0
Si,fasca,gain_miscalibration,SiPt10,Si,1,22,0.5049747133333333,0.4950253333333334,0.0,Si,1,2,77.0,2.0
Si,fasca,gain_miscalibration,SiPt12,Si,1,22,0.3273560933333333,0.6726438933333333,0.0,Si,1,2,64.0,2.0
Si,fasca,gain_miscalibration,SiPt13,Si,1,22,0.18765743999999998,0.8123425833333333,0.0,Si,1,1,52.0,2.0
Si,fasca,gain_miscalibration,SiPt14,Si,1,22,0.19682070333333335,0.8031793,0.0,Si,1,1,60.0,2.5
Si,fasca,gain_miscalibration,SiPt15,Si,1,22,0.17657011999999997,0.8234298766666667,0.0,Si,1,1,62.0,2.0
Si,fasca,gain_miscalibration,SiPt16,Si,1,22,0.5749524166666666,0.42504757,0.0,Si,1,1,50.0,2.0
Si,fasca,gain_miscalibration,SiPt17,Si,1,22,0.7201277666666667,0.27987225666666665,0.0,Si,1,1,64.0,2.0
Si,fasca,gain_miscalibration,SiPt18,Si,1,22,0.26154483333333334,0.7384551766666667,0.0,Si,1,1,57.0,2.0
Si,fasca,gain_miscalibration,SiPt19,Si,1,22,0.53157132,0.46842865333333333,0.0,Si,1,1,53.0,2.0
Si,fasca,gain_miscalibration,SiPt20,Si,1,22,0.5389244866666667,0.4610755233333334,0.0,Si,1,1,59.0,2.0
Si,fasca,gain_miscalibration,SiPt21,Si,1,22,0.4001975933333333,0.5998024133333334,0.0,Si,1,1,58.0,2.0
Si,fasca,gain_miscalibration,SiPt22,Si,1,22,0.29014971,0.7098503100000001,0.0,Si,1,1,71.0,2.0
Si,fasca,gain_miscalibration,SiPt23,Si,1,22,0.13399738333333333,0.8660026099999999,0.0,Si,1,2,50.0,2.0
Si,fasca,gain_miscalibration,SiPt24,Si,1,22,0.7544321666666667,0.245567805,0.0,Si,1,2,36.0,2.0
Si,fasca,gain_miscalibration,SiPt25,Si,1,22,0.42020977333333337,0.5797902366666666,0.0,Si,1,1,63.0,2.0
Si,fasca,gain_miscalibration,SiPt27,Si,1,22,0.33400398666666664,0.6659960033333333,0.0,Si,1,1,50.0,2.0
Si,fasca,gain_miscalibration,SiPt28,Si,1,22,0.131484345,0.8685156533333332,0.0,Si,1,2,70.0,2.5
Si,fasca,gain_miscalibration,SiPt29,Si,1,22,0.41754985333333333,0.5824501166666667,0.0,Si,1,2,72.0,2.5
Si,fasca,gain_miscalibration,SiPt30,Si,1,22,0.5131107766666667,0.4868892233333333,0.0,Si,1,1,60.0,2.0
Si,fasca,gain_miscalibration,SiPt31,Si,1,22,0.19616096000000002,0.8038390466666666,0.0,Si,1,2,56.0,2.0
Si,fasca,gain_miscalibration,SiPt32,Si,1,22,0.7771967000000001,0.22280331666666667,0.0,Si,1,1,64.0,2.0
Si,fasca,gain_miscalibration,SiPt33,Si,1,22,0.7799380533333333,0.22006194999999998,0.0,Si,1,1,67.0,2.0
Si,fasca,gain_miscalibration,SiPt34,Si,1,22,0.5607743833333334,0.43922562,0.0,Si,1,1,71.0,2.0
Si,fasca,gain_miscalibration,SiPt35,Si,1,22,0.67659148,0.3234085233333333,0.0,Si,1,1,57.0,2.0
Si,fasca,gain_miscalibration,SiPt36,Si,1,22,0.6983009666666667,0.30169905999999996,0.0,Si,1,2,53.0,2.0
Si,fasca,gain_miscalibration,SiPt37,Si,1,22,0.4046581466666666,0.59534186,0.0,Si,1,2,66.0,2.5
Si,fasca,gain_miscalibration,SiPt38,Si,1,22,0.8518034566666667,0.14819653,0.0,Si,1,2,65.0,2.0
Si,fasca,gain_miscalibration,SiPt39,Si,1,22,0.17483828999999998,0.8251617333333333,0.0,Si,1,2,69.0,2.0
Si,fasca,gain_miscalibration,SiPt40,Si,1,22,0.12295386166666666,0.8770461666666667,0.0,Si,1,1,69.0,2.5
