method,seed,subject,endpoint,macro_f1
embracenet_fasca_kd,51,1,single_modality_mean,0.9777777777777779
embracenet_fasca_kd,51,3,single_modality_mean,0.3333333333333333
embracenet_fasca_kd,51,4,single_modality_mean,0.9777777777777779
embracenet_fasca_kd,51,5,single_modality_mean,0.961111111111111
embracenet_fasca_kd,51,6,single_modality_mean,0.9388888888888889
embracenet_fasca_kd,51,7,single_modality_mean,0.9777777777777779
embracenet_fasca_kd,51,8,single_modality_mean,0.31666666666666665
embracenet_fasca_kd,51,9,single_modality_mean,0.9777777777777779
embracenet_fasca_kd,51,10,single_modality_mean,0.8527777777777776
embracenet_fasca_kd,51,11,single_modality_mean,0.6666666666666666
embracenet_fasca_kd,51,12,single_modality_mean,0.961111111111111
embracenet_fasca_kd,51,13,single_modality_mean,1.0
embracenet_fasca_kd,51,14,single_modality_mean,0.9555555555555555
embracenet_fasca_kd,51,15,single_modality_mean,0.9777777777777779
embracenet_fasca_kd,51,16,single_modality_mean,0.9777777777777779
embracenet_fasca_kd,51,17,single_modality_mean,0.9388888888888889
embracenet_fasca_kd,51,18,single_modality_mean,0.9388888888888889
embracenet_fasca_kd,51,19,single_modality_mean,0.9777777777777779
embracenet_fasca_kd,51,20,single_modality_mean,0.9777777777777779
embracenet_fasca_kd,51,21,single_modality_mean,0.8944444444444445
embracenet_fasca_kd,51,22,single_modality_mean,0.9777777777777779
embracenet_fasca_kd,51,23,single_modality_mean,0.9777777777777779
embracenet_fasca_kd,51,25,single_modality_mean,0.8944444444444445
embracenet_fasca_kd,51,26,single_modality_mean,0.2611111111111111
embracenet_fasca_kd,51,27,single_modality_mean,0.9555555555555555
embracenet_fasca_kd,51,28,single_modality_mean,0.9777777777777779
embracenet_fasca_kd,51,29,single_modality_mean,0.31111111111111106
embracenet_fasca_kd,51,30,single_modality_mean,0.9333333333333333
embracenet_fasca_kd,51,31,single_modality_mean,0.9777777777777779
embracenet_fasca_kd,51,32,single_modality_mean,0.65
embracenet_fasca_kd,51,33,single_modality_mean,0.961111111111111
embracenet_fasca_kd,51,34,single_modality_mean,1.0
embracenet_fasca_kd,51,35,single_modality_mean,0.9777777777777779
embracenet_fasca_kd,51,36,single_modality_mean,0.8555555555555555
embracenet_fasca_kd,51,37,single_modality_mean,1.0
embracenet_fasca_kd,51,38,single_modality_mean,0.9777777777777779
embracenet_fasca_kd,51,39,single_modality_mean,0.9333333333333333
embracenet_fasca_kd,51,40,single_modality_mean,0.9777777777777779
embracenet_fasca_kd,51,41,single_modality_mean,1.0
embracenet_fasca_kd,51,42,single_modality_mean,0.9111111111111111
embracenet_fasca_kd,51,43,single_modality_mean,0.6666666666666666
embracenet_fasca_kd,51,44,single_modality_mean,0.9555555555555555
embracenet_fasca_kd,51,45,single_modality_mean,0.65
embracenet_fasca_kd,51,46,single_modality_mean,0.9777777777777779
embracenet_fasca_kd,51,48,single_modality_mean,0.961111111111111
embracenet_fasca_kd,51,49,single_modality_mean,0.9777777777777779
embracenet_fasca_kd,51,51,single_modality_mean,0.9777777777777779
embracenet_fasca_kd,51,52,single_modality_mean,0.9777777777777779
embracenet_fasca_kd,51,53,single_modality_mean,0.961111111111111
embracenet_fasca_kd,51,54,single_modality_mean,0.9777777777777779
embracenet_fasca_kd,51,55,single_modality_mean,0.8055555555555556
embracenet_fasca_kd,51,56,single_modality_mean,0.9388888888888889
embracenet_fasca_kd,51,57,single_modality_mean,0.9777777777777779
embracenet_fasca_kd,51,58,single_modality_mean,1.0
embracenet_fasca_kd,51,59,single_modality_mean,1.0
embracenet_fasca_kd,52,1,single_modality_mean,0.9777777777777779
embracenet_fasca_kd,52,3,single_modality_mean,0.3333333333333333
embracenet_fasca_kd,52,4,single_modality_mean,0.9777777777777779
embracenet_fasca_kd,52,5,single_modality_mean,0.961111111111111
embracenet_fasca_kd,52,6,single_modality_mean,0.961111111111111
embracenet_fasca_kd,52,7,single_modality_mean,0.9555555555555555
embracenet_fasca_kd,52,8,single_modality_mean,0.31666666666666665
embracenet_fasca_kd,52,9,single_modality_mean,0.9777777777777779
embracenet_fasca_kd,52,10,single_modality_mean,0.9583333333333334
embracenet_fasca_kd,52,11,single_modality_mean,0.6222222222222221
embracenet_fasca_kd,52,12,single_modality_mean,0.961111111111111
embracenet_fasca_kd,52,13,single_modality_mean,0.9777777777777779
embracenet_fasca_kd,52,14,single_modality_mean,1.0
embracenet_fasca_kd,52,15,single_modality_mean,0.9777777777777779
embracenet_fasca_kd,52,16,single_modality_mean,0.9777777777777779
embracenet_fasca_kd,52,17,single_modality_mean,0.961111111111111
embracenet_fasca_kd,52,18,single_modality_mean,0.9777777777777779
embracenet_fasca_kd,52,19,single_modality_mean,0.9777777777777779
embracenet_fasca_kd,52,20,single_modality_mean,0.9777777777777779
embracenet_fasca_kd,52,21,single_modality_mean,0.8944444444444445
embracenet_fasca_kd,52,22,single_modality_mean,0.9777777777777779
embracenet_fasca_kd,52,23,single_modality_mean,0.9777777777777779
embracenet_fasca_kd,52,25,single_modality_mean,0.8944444444444445
embracenet_fasca_kd,52,26,single_modality_mean,0.5583333333333332
embracenet_fasca_kd,52,27,single_modality_mean,1.0
embracenet_fasca_kd,52,28,single_modality_mean,0.9777777777777779
embracenet_fasca_kd,52,29,single_modality_mean,0.5111111111111111
embracenet_fasca_kd,52,30,single_modality_mean,0.9777777777777779
embracenet_fasca_kd,52,31,single_modality_mean,0.9777777777777779
embracenet_fasca_kd,52,32,single_modality_mean,0.6666666666666666
embracenet_fasca_kd,52,33,single_modality_mean,0.961111111111111
embracenet_fasca_kd,52,34,single_modality_mean,1.0
embracenet_fasca_kd,52,35,single_modality_mean,0.9777777777777779
embracenet_fasca_kd,52,36,single_modality_mean,0.888888888888889
embracenet_fasca_kd,52,37,single_modality_mean,1.0
embracenet_fasca_kd,52,38,single_modality_mean,1.0
embracenet_fasca_kd,52,39,single_modality_mean,0.9555555555555555
embracenet_fasca_kd,52,40,single_modality_mean,0.9777777777777779
embracenet_fasca_kd,52,41,single_modality_mean,0.9777777777777779
embracenet_fasca_kd,52,42,single_modality_mean,0.9388888888888889
embracenet_fasca_kd,52,43,single_modality_mean,0.65
embracenet_fasca_kd,52,44,single_modality_mean,0.9777777777777779
embracenet_fasca_kd,52,45,single_modality_mean,0.65
embracenet_fasca_kd,52,46,single_modality_mean,1.0
embracenet_fasca_kd,52,48,single_modality_mean,0.961111111111111
embracenet_fasca_kd,52,49,single_modality_mean,0.9777777777777779
embracenet_fasca_kd,52,51,single_modality_mean,0.9777777777777779
embracenet_fasca_kd,52,52,single_modality_mean,0.9777777777777779
embracenet_fasca_kd,52,53,single_modality_mean,0.961111111111111
embracenet_fasca_kd,52,54,single_modality_mean,0.9555555555555555
embracenet_fasca_kd,52,55,single_modality_mean,0.6055555555555555
embracenet_fasca_kd,52,56,single_modality_mean,0.9555555555555555
embracenet_fasca_kd,52,57,single_modality_mean,1.0
embracenet_fasca_kd,52,58,single_modality_mean,0.9777777777777779
embracenet_fasca_kd,52,59,single_modality_mean,1.0
embracenet_fasca_kd,53,1,single_modality_mean,0.9777777777777779
embracenet_fasca_kd,53,3,single_modality_mean,0.31666666666666665
embracenet_fasca_kd,53,4,single_modality_mean,0.9777777777777779
embracenet_fasca_kd,53,5,single_modality_mean,0.961111111111111
embracenet_fasca_kd,53,6,single_modality_mean,0.9166666666666666
embracenet_fasca_kd,53,7,single_modality_mean,0.9388888888888889
embracenet_fasca_kd,53,8,single_modality_mean,0.31666666666666665
embracenet_fasca_kd,53,9,single_modality_mean,0.9777777777777779
embracenet_fasca_kd,53,10,single_modality_mean,0.9333333333333333
embracenet_fasca_kd,53,11,single_modality_mean,0.6222222222222221
embracenet_fasca_kd,53,12,single_modality_mean,0.961111111111111
embracenet_fasca_kd,53,13,single_modality_mean,1.0
embracenet_fasca_kd,53,14,single_modality_mean,0.9388888888888889
embracenet_fasca_kd,53,15,single_modality_mean,0.9777777777777779
embracenet_fasca_kd,53,16,single_modality_mean,0.9388888888888889
embracenet_fasca_kd,53,17,single_modality_mean,0.9555555555555555
embracenet_fasca_kd,53,18,single_modality_mean,0.9777777777777779
embracenet_fasca_kd,53,19,single_modality_mean,0.9555555555555555
embracenet_fasca_kd,53,20,single_modality_mean,0.9777777777777779
embracenet_fasca_kd,53,21,single_modality_mean,0.5222222222222221
embracenet_fasca_kd,53,22,single_modality_mean,0.9777777777777779
embracenet_fasca_kd,53,23,single_modality_mean,0.9555555555555555
embracenet_fasca_kd,53,25,single_modality_mean,0.6055555555555554
embracenet_fasca_kd,53,26,single_modality_mean,0.3416666666666667
embracenet_fasca_kd,53,27,single_modality_mean,0.9555555555555555
embracenet_fasca_kd,53,28,single_modality_mean,0.961111111111111
embracenet_fasca_kd,53,29,single_modality_mean,0.9388888888888889
embracenet_fasca_kd,53,30,single_modality_mean,1.0
embracenet_fasca_kd,53,31,single_modality_mean,0.961111111111111
embracenet_fasca_kd,53,32,single_modality_mean,0.6666666666666666
embracenet_fasca_kd,53,33,single_modality_mean,0.9777777777777779
embracenet_fasca_kd,53,34,single_modality_mean,0.9555555555555555
embracenet_fasca_kd,53,35,single_modality_mean,0.9777777777777779
embracenet_fasca_kd,53,36,single_modality_mean,0.9361111111111111
embracenet_fasca_kd,53,37,single_modality_mean,0.9777777777777779
embracenet_fasca_kd,53,38,single_modality_mean,0.961111111111111
embracenet_fasca_kd,53,39,single_modality_mean,0.9555555555555555
embracenet_fasca_kd,53,40,single_modality_mean,1.0
embracenet_fasca_kd,53,41,single_modality_mean,1.0
embracenet_fasca_kd,53,42,single_modality_mean,0.9361111111111111
embracenet_fasca_kd,53,43,single_modality_mean,0.6444444444444444
embracenet_fasca_kd,53,44,single_modality_mean,0.9777777777777779
embracenet_fasca_kd,53,45,single_modality_mean,0.6666666666666666
embracenet_fasca_kd,53,46,single_modality_mean,0.9777777777777779
embracenet_fasca_kd,53,48,single_modality_mean,0.961111111111111
embracenet_fasca_kd,53,49,single_modality_mean,0.961111111111111
embracenet_fasca_kd,53,51,single_modality_mean,0.9777777777777779
embracenet_fasca_kd,53,52,single_modality_mean,0.9777777777777779
embracenet_fasca_kd,53,53,single_modality_mean,0.961111111111111
embracenet_fasca_kd,53,54,single_modality_mean,0.9555555555555555
embracenet_fasca_kd,53,55,single_modality_mean,0.9111111111111111
embracenet_fasca_kd,53,56,single_modality_mean,0.9777777777777779
embracenet_fasca_kd,53,57,single_modality_mean,0.961111111111111
embracenet_fasca_kd,53,58,single_modality_mean,1.0
embracenet_fasca_kd,53,59,single_modality_mean,0.9777777777777779
moddrop_fasca_kd,51,1,single_modality_mean,0.9777777777777779
moddrop_fasca_kd,51,3,single_modality_mean,0.31666666666666665
moddrop_fasca_kd,51,4,single_modality_mean,0.961111111111111
moddrop_fasca_kd,51,5,single_modality_mean,0.8972222222222221
moddrop_fasca_kd,51,6,single_modality_mean,0.961111111111111
moddrop_fasca_kd,51,7,single_modality_mean,0.9777777777777779
moddrop_fasca_kd,51,8,single_modality_mean,0.31666666666666665
moddrop_fasca_kd,51,9,single_modality_mean,0.961111111111111
moddrop_fasca_kd,51,10,single_modality_mean,0.5611111111111111
moddrop_fasca_kd,51,11,single_modality_mean,0.6444444444444444
moddrop_fasca_kd,51,12,single_modality_mean,0.961111111111111
moddrop_fasca_kd,51,13,single_modality_mean,1.0
moddrop_fasca_kd,51,14,single_modality_mean,0.9777777777777779
moddrop_fasca_kd,51,15,single_modality_mean,1.0
moddrop_fasca_kd,51,16,single_modality_mean,1.0
moddrop_fasca_kd,51,17,single_modality_mean,0.9166666666666666
moddrop_fasca_kd,51,18,single_modality_mean,0.9388888888888889
moddrop_fasca_kd,51,19,single_modality_mean,0.9777777777777779
moddrop_fasca_kd,51,20,single_modality_mean,0.961111111111111
moddrop_fasca_kd,51,21,single_modality_mean,0.9777777777777779
moddrop_fasca_kd,51,22,single_modality_mean,0.9555555555555555
moddrop_fasca_kd,51,23,single_modality_mean,0.9777777777777779
moddrop_fasca_kd,51,25,single_modality_mean,0.9388888888888889
moddrop_fasca_kd,51,26,single_modality_mean,0.37222222222222223
moddrop_fasca_kd,51,27,single_modality_mean,0.9777777777777779
moddrop_fasca_kd,51,28,single_modality_mean,0.961111111111111
moddrop_fasca_kd,51,29,single_modality_mean,0.2944444444444444
moddrop_fasca_kd,51,30,single_modality_mean,0.9777777777777779
moddrop_fasca_kd,51,31,single_modality_mean,0.9777777777777779
moddrop_fasca_kd,51,32,single_modality_mean,0.6666666666666666
moddrop_fasca_kd,51,33,single_modality_mean,0.9555555555555555
moddrop_fasca_kd,51,34,single_modality_mean,0.9777777777777779
moddrop_fasca_kd,51,35,single_modality_mean,0.9777777777777779
moddrop_fasca_kd,51,36,single_modality_mean,0.961111111111111
moddrop_fasca_kd,51,37,single_modality_mean,1.0
moddrop_fasca_kd,51,38,single_modality_mean,0.9777777777777779
moddrop_fasca_kd,51,39,single_modality_mean,0.9555555555555555
moddrop_fasca_kd,51,40,single_modality_mean,1.0
moddrop_fasca_kd,51,41,single_modality_mean,0.9388888888888889
moddrop_fasca_kd,51,42,single_modality_mean,0.8333333333333334
moddrop_fasca_kd,51,43,single_modality_mean,0.6666666666666666
moddrop_fasca_kd,51,44,single_modality_mean,0.9777777777777779
moddrop_fasca_kd,51,45,single_modality_mean,0.6444444444444444
moddrop_fasca_kd,51,46,single_modality_mean,1.0
moddrop_fasca_kd,51,48,single_modality_mean,0.961111111111111
moddrop_fasca_kd,51,49,single_modality_mean,0.9777777777777779
moddrop_fasca_kd,51,51,single_modality_mean,1.0
moddrop_fasca_kd,51,52,single_modality_mean,0.9777777777777779
moddrop_fasca_kd,51,53,single_modality_mean,0.961111111111111
moddrop_fasca_kd,51,54,single_modality_mean,0.9777777777777779
moddrop_fasca_kd,51,55,single_modality_mean,0.5999999999999999
moddrop_fasca_kd,51,56,single_modality_mean,0.8944444444444445
moddrop_fasca_kd,51,57,single_modality_mean,0.9777777777777779
moddrop_fasca_kd,51,58,single_modality_mean,1.0
moddrop_fasca_kd,51,59,single_modality_mean,1.0
moddrop_fasca_kd,52,1,single_modality_mean,0.9777777777777779
moddrop_fasca_kd,52,3,single_modality_mean,0.31666666666666665
moddrop_fasca_kd,52,4,single_modality_mean,1.0
moddrop_fasca_kd,52,5,single_modality_mean,0.9388888888888889
moddrop_fasca_kd,52,6,single_modality_mean,0.961111111111111
moddrop_fasca_kd,52,7,single_modality_mean,0.9777777777777779
moddrop_fasca_kd,52,8,single_modality_mean,0.31666666666666665
moddrop_fasca_kd,52,9,single_modality_mean,0.9777777777777779
moddrop_fasca_kd,52,10,single_modality_mean,0.8555555555555555
moddrop_fasca_kd,52,11,single_modality_mean,0.6444444444444444
moddrop_fasca_kd,52,12,single_modality_mean,0.9777777777777779
moddrop_fasca_kd,52,13,single_modality_mean,1.0
moddrop_fasca_kd,52,14,single_modality_mean,1.0
moddrop_fasca_kd,52,15,single_modality_mean,1.0
moddrop_fasca_kd,52,16,single_modality_mean,1.0
moddrop_fasca_kd,52,17,single_modality_mean,0.961111111111111
moddrop_fasca_kd,52,18,single_modality_mean,0.9777777777777779
moddrop_fasca_kd,52,19,single_modality_mean,0.9777777777777779
moddrop_fasca_kd,52,20,single_modality_mean,0.9777777777777779
moddrop_fasca_kd,52,21,single_modality_mean,0.5611111111111111
moddrop_fasca_kd,52,22,single_modality_mean,0.9777777777777779
moddrop_fasca_kd,52,23,single_modality_mean,1.0
moddrop_fasca_kd,52,25,single_modality_mean,0.5444444444444444
moddrop_fasca_kd,52,26,single_modality_mean,0.6222222222222221
moddrop_fasca_kd,52,27,single_modality_mean,1.0
moddrop_fasca_kd,52,28,single_modality_mean,0.9777777777777779
moddrop_fasca_kd,52,29,single_modality_mean,0.5666666666666667
moddrop_fasca_kd,52,30,single_modality_mean,0.9777777777777779
moddrop_fasca_kd,52,31,single_modality_mean,0.9777777777777779
moddrop_fasca_kd,52,32,single_modality_mean,0.6666666666666666
moddrop_fasca_kd,52,33,single_modality_mean,0.961111111111111
moddrop_fasca_kd,52,34,single_modality_mean,0.9777777777777779
moddrop_fasca_kd,52,35,single_modality_mean,0.9777777777777779
moddrop_fasca_kd,52,36,single_modality_mean,0.961111111111111
moddrop_fasca_kd,52,37,single_modality_mean,0.9777777777777779
moddrop_fasca_kd,52,38,single_modality_mean,1.0
moddrop_fasca_kd,52,39,single_modality_mean,0.9555555555555555
moddrop_fasca_kd,52,40,single_modality_mean,1.0
moddrop_fasca_kd,52,41,single_modality_mean,1.0
moddrop_fasca_kd,52,42,single_modality_mean,0.9777777777777779
moddrop_fasca_kd,52,43,single_modality_mean,0.6666666666666666
moddrop_fasca_kd,52,44,single_modality_mean,1.0
moddrop_fasca_kd,52,45,single_modality_mean,0.6666666666666666
moddrop_fasca_kd,52,46,single_modality_mean,1.0
moddrop_fasca_kd,52,48,single_modality_mean,0.9777777777777779
moddrop_fasca_kd,52,49,single_modality_mean,1.0
moddrop_fasca_kd,52,51,single_modality_mean,1.0
moddrop_fasca_kd,52,52,single_modality_mean,0.9777777777777779
moddrop_fasca_kd,52,53,single_modality_mean,0.9777777777777779
moddrop_fasca_kd,52,54,single_modality_mean,1.0
moddrop_fasca_kd,52,55,single_modality_mean,0.8944444444444445
moddrop_fasca_kd,52,56,single_modality_mean,0.9777777777777779
moddrop_fasca_kd,52,57,single_modality_mean,1.0
moddrop_fasca_kd,52,58,single_modality_mean,1.0
moddrop_fasca_kd,52,59,single_modality_mean,1.0
moddrop_fasca_kd,53,1,single_modality_mean,0.9777777777777779
moddrop_fasca_kd,53,3,single_modality_mean,0.31666666666666665
moddrop_fasca_kd,53,4,single_modality_mean,1.0
moddrop_fasca_kd,53,5,single_modality_mean,0.961111111111111
moddrop_fasca_kd,53,6,single_modality_mean,0.7388888888888888
moddrop_fasca_kd,53,7,single_modality_mean,0.9555555555555555
moddrop_fasca_kd,53,8,single_modality_mean,0.31666666666666665
moddrop_fasca_kd,53,9,single_modality_mean,0.9777777777777779
moddrop_fasca_kd,53,10,single_modality_mean,0.9
moddrop_fasca_kd,53,11,single_modality_mean,0.6222222222222221
moddrop_fasca_kd,53,12,single_modality_mean,0.961111111111111
moddrop_fasca_kd,53,13,single_modality_mean,1.0
moddrop_fasca_kd,53,14,single_modality_mean,1.0
moddrop_fasca_kd,53,15,single_modality_mean,1.0
moddrop_fasca_kd,53,16,single_modality_mean,1.0
moddrop_fasca_kd,53,17,single_modality_mean,0.6444444444444444
moddrop_fasca_kd,53,18,single_modality_mean,0.9777777777777779
moddrop_fasca_kd,53,19,single_modality_mean,0.9777777777777779
moddrop_fasca_kd,53,20,single_modality_mean,0.9777777777777779
moddrop_fasca_kd,53,21,single_modality_mean,0.8277777777777777
moddrop_fasca_kd,53,22,single_modality_mean,0.9777777777777779
moddrop_fasca_kd,53,23,single_modality_mean,0.9777777777777779
moddrop_fasca_kd,53,25,single_modality_mean,0.5833333333333333
moddrop_fasca_kd,53,26,single_modality_mean,0.5888888888888888
moddrop_fasca_kd,53,27,single_modality_mean,0.9555555555555555
moddrop_fasca_kd,53,28,single_modality_mean,0.9777777777777779
moddrop_fasca_kd,53,29,single_modality_mean,0.8222222222222222
moddrop_fasca_kd,53,30,single_modality_mean,0.9777777777777779
moddrop_fasca_kd,53,31,single_modality_mean,0.9777777777777779
moddrop_fasca_kd,53,32,single_modality_mean,0.6666666666666666
moddrop_fasca_kd,53,33,single_modality_mean,0.9777777777777779
moddrop_fasca_kd,53,34,single_modality_mean,0.9777777777777779
moddrop_fasca_kd,53,35,single_modality_mean,0.9777777777777779
moddrop_fasca_kd,53,36,single_modality_mean,0.961111111111111
moddrop_fasca_kd,53,37,single_modality_mean,0.9555555555555555
moddrop_fasca_kd,53,38,single_modality_mean,1.0
moddrop_fasca_kd,53,39,single_modality_mean,0.961111111111111
moddrop_fasca_kd,53,40,single_modality_mean,0.9777777777777779
moddrop_fasca_kd,53,41,single_modality_mean,0.9777777777777779
moddrop_fasca_kd,53,42,single_modality_mean,0.9
moddrop_fasca_kd,53,43,single_modality_mean,0.6444444444444444
moddrop_fasca_kd,53,44,single_modality_mean,0.9777777777777779
moddrop_fasca_kd,53,45,single_modality_mean,0.6666666666666666
moddrop_fasca_kd,53,46,single_modality_mean,0.9777777777777779
moddrop_fasca_kd,53,48,single_modality_mean,0.961111111111111
moddrop_fasca_kd,53,49,single_modality_mean,0.961111111111111
moddrop_fasca_kd,53,51,single_modality_mean,0.961111111111111
moddrop_fasca_kd,53,52,single_modality_mean,0.9777777777777779
moddrop_fasca_kd,53,53,single_modality_mean,0.5833333333333333
moddrop_fasca_kd,53,54,single_modality_mean,0.961111111111111
moddrop_fasca_kd,53,55,single_modality_mean,0.9166666666666666
moddrop_fasca_kd,53,56,single_modality_mean,0.9388888888888889
moddrop_fasca_kd,53,57,single_modality_mean,0.9777777777777779
moddrop_fasca_kd,53,58,single_modality_mean,1.0
moddrop_fasca_kd,53,59,single_modality_mean,0.9777777777777779
sensor_aug_kd,51,1,single_modality_mean,0.9777777777777779
sensor_aug_kd,51,3,single_modality_mean,0.31666666666666665
sensor_aug_kd,51,4,single_modality_mean,0.9777777777777779
sensor_aug_kd,51,5,single_modality_mean,0.9388888888888889
sensor_aug_kd,51,6,single_modality_mean,0.961111111111111
sensor_aug_kd,51,7,single_modality_mean,0.9555555555555555
sensor_aug_kd,51,8,single_modality_mean,0.05
sensor_aug_kd,51,9,single_modality_mean,0.9777777777777779
sensor_aug_kd,51,10,single_modality_mean,0.961111111111111
sensor_aug_kd,51,11,single_modality_mean,0.6666666666666666
sensor_aug_kd,51,12,single_modality_mean,1.0
sensor_aug_kd,51,13,single_modality_mean,1.0
sensor_aug_kd,51,14,single_modality_mean,1.0
sensor_aug_kd,51,15,single_modality_mean,0.7555555555555555
sensor_aug_kd,51,16,single_modality_mean,0.9777777777777779
sensor_aug_kd,51,17,single_modality_mean,0.8055555555555556
sensor_aug_kd,51,18,single_modality_mean,0.9777777777777779
sensor_aug_kd,51,19,single_modality_mean,0.9555555555555555
sensor_aug_kd,51,20,single_modality_mean,0.9777777777777779
sensor_aug_kd,51,21,single_modality_mean,0.961111111111111
sensor_aug_kd,51,22,single_modality_mean,0.9777777777777779
sensor_aug_kd,51,23,single_modality_mean,1.0
sensor_aug_kd,51,25,single_modality_mean,0.5611111111111111
sensor_aug_kd,51,26,single_modality_mean,0.5277777777777777
sensor_aug_kd,51,27,single_modality_mean,0.9777777777777779
sensor_aug_kd,51,28,single_modality_mean,0.9777777777777779
sensor_aug_kd,51,29,single_modality_mean,0.5444444444444444
sensor_aug_kd,51,30,single_modality_mean,0.6444444444444444
sensor_aug_kd,51,31,single_modality_mean,1.0
sensor_aug_kd,51,32,single_modality_mean,0.6666666666666666
sensor_aug_kd,51,33,single_modality_mean,0.9777777777777779
sensor_aug_kd,51,34,single_modality_mean,0.9777777777777779
sensor_aug_kd,51,35,single_modality_mean,1.0
sensor_aug_kd,51,36,single_modality_mean,0.5611111111111111
sensor_aug_kd,51,37,single_modality_mean,0.9333333333333333
sensor_aug_kd,51,38,single_modality_mean,0.9777777777777779
sensor_aug_kd,51,39,single_modality_mean,0.9333333333333333
sensor_aug_kd,51,40,single_modality_mean,0.9777777777777779
sensor_aug_kd,51,41,single_modality_mean,1.0
sensor_aug_kd,51,42,single_modality_mean,0.9555555555555555
sensor_aug_kd,51,43,single_modality_mean,0.6666666666666666
sensor_aug_kd,51,44,single_modality_mean,0.9777777777777779
sensor_aug_kd,51,45,single_modality_mean,0.6666666666666666
sensor_aug_kd,51,46,single_modality_mean,0.9777777777777779
sensor_aug_kd,51,48,single_modality_mean,0.9555555555555555
sensor_aug_kd,51,49,single_modality_mean,0.9111111111111111
sensor_aug_kd,51,51,single_modality_mean,0.9777777777777779
sensor_aug_kd,51,52,single_modality_mean,1.0
sensor_aug_kd,51,53,single_modality_mean,0.961111111111111
sensor_aug_kd,51,54,single_modality_mean,0.9555555555555555
sensor_aug_kd,51,55,single_modality_mean,0.9555555555555555
sensor_aug_kd,51,56,single_modality_mean,0.9555555555555555
sensor_aug_kd,51,57,single_modality_mean,0.9777777777777779
sensor_aug_kd,51,58,single_modality_mean,0.9777777777777779
sensor_aug_kd,51,59,single_modality_mean,0.9777777777777779
sensor_aug_kd,52,1,single_modality_mean,1.0
sensor_aug_kd,52,3,single_modality_mean,0.31666666666666665
sensor_aug_kd,52,4,single_modality_mean,0.961111111111111
sensor_aug_kd,52,5,single_modality_mean,0.9388888888888889
sensor_aug_kd,52,6,single_modality_mean,0.5833333333333333
sensor_aug_kd,52,7,single_modality_mean,0.9333333333333333
sensor_aug_kd,52,8,single_modality_mean,0.08333333333333333
sensor_aug_kd,52,9,single_modality_mean,0.9777777777777779
sensor_aug_kd,52,10,single_modality_mean,0.861111111111111
sensor_aug_kd,52,11,single_modality_mean,0.6444444444444444
sensor_aug_kd,52,12,single_modality_mean,0.9777777777777779
sensor_aug_kd,52,13,single_modality_mean,1.0
sensor_aug_kd,52,14,single_modality_mean,0.9555555555555555
sensor_aug_kd,52,15,single_modality_mean,0.9777777777777779
sensor_aug_kd,52,16,single_modality_mean,1.0
sensor_aug_kd,52,17,single_modality_mean,0.8222222222222222
sensor_aug_kd,52,18,single_modality_mean,0.9555555555555555
sensor_aug_kd,52,19,single_modality_mean,0.9777777777777779
sensor_aug_kd,52,20,single_modality_mean,0.9777777777777779
sensor_aug_kd,52,21,single_modality_mean,0.6277777777777777
sensor_aug_kd,52,22,single_modality_mean,1.0
sensor_aug_kd,52,23,single_modality_mean,0.9777777777777779
sensor_aug_kd,52,25,single_modality_mean,0.5388888888888889
sensor_aug_kd,52,26,single_modality_mean,0.5833333333333333
sensor_aug_kd,52,27,single_modality_mean,0.9777777777777779
sensor_aug_kd,52,28,single_modality_mean,0.9777777777777779
sensor_aug_kd,52,29,single_modality_mean,0.5611111111111111
sensor_aug_kd,52,30,single_modality_mean,0.9555555555555555
sensor_aug_kd,52,31,single_modality_mean,0.961111111111111
sensor_aug_kd,52,32,single_modality_mean,0.6666666666666666
sensor_aug_kd,52,33,single_modality_mean,0.9777777777777779
sensor_aug_kd,52,34,single_modality_mean,0.9777777777777779
sensor_aug_kd,52,35,single_modality_mean,0.9777777777777779
sensor_aug_kd,52,36,single_modality_mean,0.611111111111111
sensor_aug_kd,52,37,single_modality_mean,0.9777777777777779
sensor_aug_kd,52,38,single_modality_mean,0.9777777777777779
sensor_aug_kd,52,39,single_modality_mean,0.9333333333333333
sensor_aug_kd,52,40,single_modality_mean,1.0
sensor_aug_kd,52,41,single_modality_mean,1.0
sensor_aug_kd,52,42,single_modality_mean,0.6277777777777777
sensor_aug_kd,52,43,single_modality_mean,0.6666666666666666
sensor_aug_kd,52,44,single_modality_mean,0.9777777777777779
sensor_aug_kd,52,45,single_modality_mean,0.6666666666666666
sensor_aug_kd,52,46,single_modality_mean,0.9555555555555555
sensor_aug_kd,52,48,single_modality_mean,0.9777777777777779
sensor_aug_kd,52,49,single_modality_mean,0.7444444444444444
sensor_aug_kd,52,51,single_modality_mean,0.9777777777777779
sensor_aug_kd,52,52,single_modality_mean,0.9777777777777779
sensor_aug_kd,52,53,single_modality_mean,0.6444444444444444
sensor_aug_kd,52,54,single_modality_mean,0.9777777777777779
sensor_aug_kd,52,55,single_modality_mean,0.9166666666666666
sensor_aug_kd,52,56,single_modality_mean,0.9777777777777779
sensor_aug_kd,52,57,single_modality_mean,0.9777777777777779
sensor_aug_kd,52,58,single_modality_mean,1.0
sensor_aug_kd,52,59,single_modality_mean,0.9777777777777779
sensor_aug_kd,53,1,single_modality_mean,0.961111111111111
sensor_aug_kd,53,3,single_modality_mean,0.31666666666666665
sensor_aug_kd,53,4,single_modality_mean,0.9777777777777779
sensor_aug_kd,53,5,single_modality_mean,0.8972222222222221
sensor_aug_kd,53,6,single_modality_mean,0.961111111111111
sensor_aug_kd,53,7,single_modality_mean,0.9777777777777779
sensor_aug_kd,53,8,single_modality_mean,0.31666666666666665
sensor_aug_kd,53,9,single_modality_mean,0.961111111111111
sensor_aug_kd,53,10,single_modality_mean,0.9388888888888889
sensor_aug_kd,53,11,single_modality_mean,0.6444444444444444
sensor_aug_kd,53,12,single_modality_mean,0.9166666666666666
sensor_aug_kd,53,13,single_modality_mean,0.9777777777777779
sensor_aug_kd,53,14,single_modality_mean,1.0
sensor_aug_kd,53,15,single_modality_mean,0.961111111111111
sensor_aug_kd,53,16,single_modality_mean,0.9777777777777779
sensor_aug_kd,53,17,single_modality_mean,0.9222222222222222
sensor_aug_kd,53,18,single_modality_mean,0.9388888888888889
sensor_aug_kd,53,19,single_modality_mean,0.9388888888888889
sensor_aug_kd,53,20,single_modality_mean,0.9777777777777779
sensor_aug_kd,53,21,single_modality_mean,0.5833333333333333
sensor_aug_kd,53,22,single_modality_mean,1.0
sensor_aug_kd,53,23,single_modality_mean,0.9777777777777779
sensor_aug_kd,53,25,single_modality_mean,0.9166666666666666
sensor_aug_kd,53,26,single_modality_mean,0.5555555555555556
sensor_aug_kd,53,27,single_modality_mean,1.0
sensor_aug_kd,53,28,single_modality_mean,0.9777777777777779
sensor_aug_kd,53,29,single_modality_mean,0.5666666666666667
sensor_aug_kd,53,30,single_modality_mean,0.9388888888888889
sensor_aug_kd,53,31,single_modality_mean,0.961111111111111
sensor_aug_kd,53,32,single_modality_mean,0.6666666666666666
sensor_aug_kd,53,33,single_modality_mean,0.961111111111111
sensor_aug_kd,53,34,single_modality_mean,0.9777777777777779
sensor_aug_kd,53,35,single_modality_mean,0.9777777777777779
sensor_aug_kd,53,36,single_modality_mean,0.5111111111111111
sensor_aug_kd,53,37,single_modality_mean,0.888888888888889
sensor_aug_kd,53,38,single_modality_mean,0.9777777777777779
sensor_aug_kd,53,39,single_modality_mean,0.6666666666666666
sensor_aug_kd,53,40,single_modality_mean,0.9555555555555555
sensor_aug_kd,53,41,single_modality_mean,0.9777777777777779
sensor_aug_kd,53,42,single_modality_mean,0.9555555555555555
sensor_aug_kd,53,43,single_modality_mean,0.6222222222222221
sensor_aug_kd,53,44,single_modality_mean,0.9777777777777779
sensor_aug_kd,53,45,single_modality_mean,0.6666666666666666
sensor_aug_kd,53,46,single_modality_mean,1.0
sensor_aug_kd,53,48,single_modality_mean,0.9777777777777779
sensor_aug_kd,53,49,single_modality_mean,0.6944444444444444
sensor_aug_kd,53,51,single_modality_mean,0.9777777777777779
sensor_aug_kd,53,52,single_modality_mean,0.9555555555555555
sensor_aug_kd,53,53,single_modality_mean,0.961111111111111
sensor_aug_kd,53,54,single_modality_mean,0.9555555555555555
sensor_aug_kd,53,55,single_modality_mean,0.8944444444444445
sensor_aug_kd,53,56,single_modality_mean,0.9333333333333333
sensor_aug_kd,53,57,single_modality_mean,0.9388888888888889
sensor_aug_kd,53,58,single_modality_mean,0.9777777777777779
sensor_aug_kd,53,59,single_modality_mean,0.9388888888888889
uniform_rapid_fasca_kd,51,1,single_modality_mean,0.9555555555555555
uniform_rapid_fasca_kd,51,3,single_modality_mean,0.31666666666666665
uniform_rapid_fasca_kd,51,4,single_modality_mean,0.9777777777777779
uniform_rapid_fasca_kd,51,5,single_modality_mean,0.9388888888888889
uniform_rapid_fasca_kd,51,6,single_modality_mean,0.9555555555555555
uniform_rapid_fasca_kd,51,7,single_modality_mean,0.9555555555555555
uniform_rapid_fasca_kd,51,8,single_modality_mean,0.3
uniform_rapid_fasca_kd,51,9,single_modality_mean,0.961111111111111
uniform_rapid_fasca_kd,51,10,single_modality_mean,0.961111111111111
uniform_rapid_fasca_kd,51,11,single_modality_mean,0.6666666666666666
uniform_rapid_fasca_kd,51,12,single_modality_mean,0.961111111111111
uniform_rapid_fasca_kd,51,13,single_modality_mean,1.0
uniform_rapid_fasca_kd,51,14,single_modality_mean,1.0
uniform_rapid_fasca_kd,51,15,single_modality_mean,1.0
uniform_rapid_fasca_kd,51,16,single_modality_mean,0.9777777777777779
uniform_rapid_fasca_kd,51,17,single_modality_mean,0.9333333333333333
uniform_rapid_fasca_kd,51,18,single_modality_mean,0.9777777777777779
uniform_rapid_fasca_kd,51,19,single_modality_mean,0.9777777777777779
uniform_rapid_fasca_kd,51,20,single_modality_mean,0.9777777777777779
uniform_rapid_fasca_kd,51,21,single_modality_mean,0.961111111111111
uniform_rapid_fasca_kd,51,22,single_modality_mean,0.9777777777777779
uniform_rapid_fasca_kd,51,23,single_modality_mean,1.0
uniform_rapid_fasca_kd,51,25,single_modality_mean,0.9166666666666666
uniform_rapid_fasca_kd,51,26,single_modality_mean,0.5277777777777777
uniform_rapid_fasca_kd,51,27,single_modality_mean,0.9555555555555555
uniform_rapid_fasca_kd,51,28,single_modality_mean,0.9777777777777779
uniform_rapid_fasca_kd,51,29,single_modality_mean,0.5722222222222222
uniform_rapid_fasca_kd,51,30,single_modality_mean,0.9777777777777779
uniform_rapid_fasca_kd,51,31,single_modality_mean,0.9777777777777779
uniform_rapid_fasca_kd,51,32,single_modality_mean,0.6666666666666666
uniform_rapid_fasca_kd,51,33,single_modality_mean,0.9777777777777779
uniform_rapid_fasca_kd,51,34,single_modality_mean,0.9777777777777779
uniform_rapid_fasca_kd,51,35,single_modality_mean,0.9777777777777779
uniform_rapid_fasca_kd,51,36,single_modality_mean,0.5833333333333333
uniform_rapid_fasca_kd,51,37,single_modality_mean,0.9777777777777779
uniform_rapid_fasca_kd,51,38,single_modality_mean,1.0
uniform_rapid_fasca_kd,51,39,single_modality_mean,0.9333333333333333
uniform_rapid_fasca_kd,51,40,single_modality_mean,0.9777777777777779
uniform_rapid_fasca_kd,51,41,single_modality_mean,1.0
uniform_rapid_fasca_kd,51,42,single_modality_mean,0.9555555555555555
uniform_rapid_fasca_kd,51,43,single_modality_mean,0.6444444444444444
uniform_rapid_fasca_kd,51,44,single_modality_mean,0.9777777777777779
uniform_rapid_fasca_kd,51,45,single_modality_mean,0.6666666666666666
uniform_rapid_fasca_kd,51,46,single_modality_mean,0.9777777777777779
uniform_rapid_fasca_kd,51,48,single_modality_mean,0.9555555555555555
uniform_rapid_fasca_kd,51,49,single_modality_mean,0.9555555555555555
uniform_rapid_fasca_kd,51,51,single_modality_mean,0.9777777777777779
uniform_rapid_fasca_kd,51,52,single_modality_mean,0.9777777777777779
uniform_rapid_fasca_kd,51,53,single_modality_mean,0.961111111111111
uniform_rapid_fasca_kd,51,54,single_modality_mean,0.9777777777777779
uniform_rapid_fasca_kd,51,55,single_modality_mean,0.9555555555555555
uniform_rapid_fasca_kd,51,56,single_modality_mean,0.9777777777777779
uniform_rapid_fasca_kd,51,57,single_modality_mean,0.9777777777777779
uniform_rapid_fasca_kd,51,58,single_modality_mean,1.0
uniform_rapid_fasca_kd,51,59,single_modality_mean,0.9777777777777779
uniform_rapid_fasca_kd,52,1,single_modality_mean,0.9777777777777779
uniform_rapid_fasca_kd,52,3,single_modality_mean,0.31666666666666665
uniform_rapid_fasca_kd,52,4,single_modality_mean,0.9777777777777779
uniform_rapid_fasca_kd,52,5,single_modality_mean,0.961111111111111
uniform_rapid_fasca_kd,52,6,single_modality_mean,0.6055555555555555
uniform_rapid_fasca_kd,52,7,single_modality_mean,0.9333333333333333
uniform_rapid_fasca_kd,52,8,single_modality_mean,0.31666666666666665
uniform_rapid_fasca_kd,52,9,single_modality_mean,0.9555555555555555
uniform_rapid_fasca_kd,52,10,single_modality_mean,0.861111111111111
uniform_rapid_fasca_kd,52,11,single_modality_mean,0.6444444444444444
uniform_rapid_fasca_kd,52,12,single_modality_mean,0.9777777777777779
uniform_rapid_fasca_kd,52,13,single_modality_mean,1.0
uniform_rapid_fasca_kd,52,14,single_modality_mean,0.9777777777777779
uniform_rapid_fasca_kd,52,15,single_modality_mean,1.0
uniform_rapid_fasca_kd,52,16,single_modality_mean,1.0
uniform_rapid_fasca_kd,52,17,single_modality_mean,0.9555555555555555
uniform_rapid_fasca_kd,52,18,single_modality_mean,0.9777777777777779
uniform_rapid_fasca_kd,52,19,single_modality_mean,0.9777777777777779
uniform_rapid_fasca_kd,52,20,single_modality_mean,0.9777777777777779
uniform_rapid_fasca_kd,52,21,single_modality_mean,0.5611111111111111
uniform_rapid_fasca_kd,52,22,single_modality_mean,1.0
uniform_rapid_fasca_kd,52,23,single_modality_mean,0.9777777777777779
uniform_rapid_fasca_kd,52,25,single_modality_mean,0.5388888888888889
uniform_rapid_fasca_kd,52,26,single_modality_mean,0.8055555555555556
uniform_rapid_fasca_kd,52,27,single_modality_mean,0.9555555555555555
uniform_rapid_fasca_kd,52,28,single_modality_mean,0.9777777777777779
uniform_rapid_fasca_kd,52,29,single_modality_mean,0.5888888888888888
uniform_rapid_fasca_kd,52,30,single_modality_mean,1.0
uniform_rapid_fasca_kd,52,31,single_modality_mean,0.961111111111111
uniform_rapid_fasca_kd,52,32,single_modality_mean,0.6666666666666666
uniform_rapid_fasca_kd,52,33,single_modality_mean,0.9777777777777779
uniform_rapid_fasca_kd,52,34,single_modality_mean,0.9777777777777779
uniform_rapid_fasca_kd,52,35,single_modality_mean,0.9777777777777779
uniform_rapid_fasca_kd,52,36,single_modality_mean,0.85
uniform_rapid_fasca_kd,52,37,single_modality_mean,0.9777777777777779
uniform_rapid_fasca_kd,52,38,single_modality_mean,0.9777777777777779
uniform_rapid_fasca_kd,52,39,single_modality_mean,0.9555555555555555
uniform_rapid_fasca_kd,52,40,single_modality_mean,1.0
uniform_rapid_fasca_kd,52,41,single_modality_mean,0.9777777777777779
uniform_rapid_fasca_kd,52,42,single_modality_mean,0.7166666666666666
uniform_rapid_fasca_kd,52,43,single_modality_mean,0.6444444444444444
uniform_rapid_fasca_kd,52,44,single_modality_mean,0.9777777777777779
uniform_rapid_fasca_kd,52,45,single_modality_mean,0.6666666666666666
uniform_rapid_fasca_kd,52,46,single_modality_mean,0.9555555555555555
uniform_rapid_fasca_kd,52,48,single_modality_mean,0.9777777777777779
uniform_rapid_fasca_kd,52,49,single_modality_mean,1.0
uniform_rapid_fasca_kd,52,51,single_modality_mean,0.9777777777777779
uniform_rapid_fasca_kd,52,52,single_modality_mean,0.9555555555555555
uniform_rapid_fasca_kd,52,53,single_modality_mean,0.5611111111111111
uniform_rapid_fasca_kd,52,54,single_modality_mean,0.9777777777777779
uniform_rapid_fasca_kd,52,55,single_modality_mean,0.9166666666666666
uniform_rapid_fasca_kd,52,56,single_modality_mean,0.9777777777777779
uniform_rapid_fasca_kd,52,57,single_modality_mean,1.0
uniform_rapid_fasca_kd,52,58,single_modality_mean,1.0
uniform_rapid_fasca_kd,52,59,single_modality_mean,1.0
uniform_rapid_fasca_kd,53,1,single_modality_mean,0.9777777777777779
uniform_rapid_fasca_kd,53,3,single_modality_mean,0.31666666666666665
uniform_rapid_fasca_kd,53,4,single_modality_mean,0.9777777777777779
uniform_rapid_fasca_kd,53,5,single_modality_mean,0.8972222222222221
uniform_rapid_fasca_kd,53,6,single_modality_mean,0.961111111111111
uniform_rapid_fasca_kd,53,7,single_modality_mean,0.9777777777777779
uniform_rapid_fasca_kd,53,8,single_modality_mean,0.31666666666666665
uniform_rapid_fasca_kd,53,9,single_modality_mean,0.961111111111111
uniform_rapid_fasca_kd,53,10,single_modality_mean,0.9166666666666666
uniform_rapid_fasca_kd,53,11,single_modality_mean,0.6444444444444444
uniform_rapid_fasca_kd,53,12,single_modality_mean,0.8944444444444445
uniform_rapid_fasca_kd,53,13,single_modality_mean,0.9777777777777779
uniform_rapid_fasca_kd,53,14,single_modality_mean,1.0
uniform_rapid_fasca_kd,53,15,single_modality_mean,0.9333333333333333
uniform_rapid_fasca_kd,53,16,single_modality_mean,0.9777777777777779
uniform_rapid_fasca_kd,53,17,single_modality_mean,0.9222222222222222
uniform_rapid_fasca_kd,53,18,single_modality_mean,0.961111111111111
uniform_rapid_fasca_kd,53,19,single_modality_mean,0.9777777777777779
uniform_rapid_fasca_kd,53,20,single_modality_mean,0.9777777777777779
uniform_rapid_fasca_kd,53,21,single_modality_mean,0.7833333333333333
uniform_rapid_fasca_kd,53,22,single_modality_mean,1.0
uniform_rapid_fasca_kd,53,23,single_modality_mean,1.0
uniform_rapid_fasca_kd,53,25,single_modality_mean,0.9166666666666666
uniform_rapid_fasca_kd,53,26,single_modality_mean,0.5333333333333333
uniform_rapid_fasca_kd,53,27,single_modality_mean,0.9777777777777779
uniform_rapid_fasca_kd,53,28,single_modality_mean,0.9777777777777779
uniform_rapid_fasca_kd,53,29,single_modality_mean,0.5666666666666667
uniform_rapid_fasca_kd,53,30,single_modality_mean,0.9388888888888889
uniform_rapid_fasca_kd,53,31,single_modality_mean,0.961111111111111
uniform_rapid_fasca_kd,53,32,single_modality_mean,0.6666666666666666
uniform_rapid_fasca_kd,53,33,single_modality_mean,0.961111111111111
uniform_rapid_fasca_kd,53,34,single_modality_mean,0.9777777777777779
uniform_rapid_fasca_kd,53,35,single_modality_mean,0.9777777777777779
uniform_rapid_fasca_kd,53,36,single_modality_mean,0.5833333333333333
uniform_rapid_fasca_kd,53,37,single_modality_mean,0.9111111111111111
uniform_rapid_fasca_kd,53,38,single_modality_mean,0.9777777777777779
uniform_rapid_fasca_kd,53,39,single_modality_mean,0.9333333333333333
uniform_rapid_fasca_kd,53,40,single_modality_mean,0.9555555555555555
uniform_rapid_fasca_kd,53,41,single_modality_mean,0.9777777777777779
uniform_rapid_fasca_kd,53,42,single_modality_mean,0.9555555555555555
uniform_rapid_fasca_kd,53,43,single_modality_mean,0.6444444444444444
uniform_rapid_fasca_kd,53,44,single_modality_mean,0.9777777777777779
uniform_rapid_fasca_kd,53,45,single_modality_mean,0.6666666666666666
uniform_rapid_fasca_kd,53,46,single_modality_mean,1.0
uniform_rapid_fasca_kd,53,48,single_modality_mean,0.9388888888888889
uniform_rapid_fasca_kd,53,49,single_modality_mean,0.961111111111111
uniform_rapid_fasca_kd,53,51,single_modality_mean,0.9555555555555555
uniform_rapid_fasca_kd,53,52,single_modality_mean,0.9388888888888889
uniform_rapid_fasca_kd,53,53,single_modality_mean,0.961111111111111
uniform_rapid_fasca_kd,53,54,single_modality_mean,0.9777777777777779
uniform_rapid_fasca_kd,53,55,single_modality_mean,0.8944444444444445
uniform_rapid_fasca_kd,53,56,single_modality_mean,0.961111111111111
uniform_rapid_fasca_kd,53,57,single_modality_mean,0.9388888888888889
uniform_rapid_fasca_kd,53,58,single_modality_mean,0.9777777777777779
uniform_rapid_fasca_kd,53,59,single_modality_mean,0.9555555555555555
embracenet_fasca_kd,51,1,joint_fault_mean,0.8444444444444444
embracenet_fasca_kd,51,3,joint_fault_mean,0.26666666666666666
embracenet_fasca_kd,51,4,joint_fault_mean,0.7555555555555555
embracenet_fasca_kd,51,5,joint_fault_mean,0.6666666666666666
embracenet_fasca_kd,51,6,joint_fault_mean,0.8444444444444444
embracenet_fasca_kd,51,7,joint_fault_mean,0.6888888888888889
embracenet_fasca_kd,51,8,joint_fault_mean,0.3333333333333333
embracenet_fasca_kd,51,9,joint_fault_mean,0.6888888888888889
embracenet_fasca_kd,51,10,joint_fault_mean,0.6777777777777778
embracenet_fasca_kd,51,11,joint_fault_mean,0.5777777777777777
embracenet_fasca_kd,51,12,joint_fault_mean,0.8444444444444444
embracenet_fasca_kd,51,13,joint_fault_mean,0.9111111111111111
embracenet_fasca_kd,51,14,joint_fault_mean,0.7555555555555555
embracenet_fasca_kd,51,15,joint_fault_mean,0.8222222222222222
embracenet_fasca_kd,51,16,joint_fault_mean,0.7333333333333333
embracenet_fasca_kd,51,17,joint_fault_mean,0.7555555555555555
embracenet_fasca_kd,51,18,joint_fault_mean,0.7555555555555555
embracenet_fasca_kd,51,19,joint_fault_mean,0.9111111111111111
embracenet_fasca_kd,51,20,joint_fault_mean,0.9111111111111111
embracenet_fasca_kd,51,21,joint_fault_mean,0.7555555555555555
embracenet_fasca_kd,51,22,joint_fault_mean,0.8444444444444444
embracenet_fasca_kd,51,23,joint_fault_mean,0.9111111111111111
embracenet_fasca_kd,51,25,joint_fault_mean,0.7555555555555555
embracenet_fasca_kd,51,26,joint_fault_mean,0.4444444444444445
embracenet_fasca_kd,51,27,joint_fault_mean,0.7555555555555555
embracenet_fasca_kd,51,28,joint_fault_mean,0.9111111111111111
embracenet_fasca_kd,51,29,joint_fault_mean,0.5333333333333333
embracenet_fasca_kd,51,30,joint_fault_mean,0.7333333333333333
embracenet_fasca_kd,51,31,joint_fault_mean,0.8222222222222222
embracenet_fasca_kd,51,32,joint_fault_mean,0.5333333333333333
embracenet_fasca_kd,51,33,joint_fault_mean,0.7555555555555555
embracenet_fasca_kd,51,34,joint_fault_mean,1.0
embracenet_fasca_kd,51,35,joint_fault_mean,0.6666666666666666
embracenet_fasca_kd,51,36,joint_fault_mean,0.6
embracenet_fasca_kd,51,37,joint_fault_mean,0.8222222222222222
embracenet_fasca_kd,51,38,joint_fault_mean,0.7555555555555555
embracenet_fasca_kd,51,39,joint_fault_mean,0.6888888888888889
embracenet_fasca_kd,51,40,joint_fault_mean,0.7555555555555555
embracenet_fasca_kd,51,41,joint_fault_mean,0.9111111111111111
embracenet_fasca_kd,51,42,joint_fault_mean,0.8222222222222222
embracenet_fasca_kd,51,43,joint_fault_mean,0.4444444444444445
embracenet_fasca_kd,51,44,joint_fault_mean,0.6666666666666666
embracenet_fasca_kd,51,45,joint_fault_mean,0.5111111111111111
embracenet_fasca_kd,51,46,joint_fault_mean,0.7555555555555555
embracenet_fasca_kd,51,48,joint_fault_mean,0.8444444444444444
embracenet_fasca_kd,51,49,joint_fault_mean,0.6888888888888889
embracenet_fasca_kd,51,51,joint_fault_mean,0.8222222222222222
embracenet_fasca_kd,51,52,joint_fault_mean,0.8222222222222222
embracenet_fasca_kd,51,53,joint_fault_mean,0.7555555555555555
embracenet_fasca_kd,51,54,joint_fault_mean,0.9111111111111111
embracenet_fasca_kd,51,55,joint_fault_mean,0.6666666666666666
embracenet_fasca_kd,51,56,joint_fault_mean,0.9111111111111111
embracenet_fasca_kd,51,57,joint_fault_mean,0.8444444444444444
embracenet_fasca_kd,51,58,joint_fault_mean,0.8444444444444444
embracenet_fasca_kd,51,59,joint_fault_mean,0.8444444444444444
embracenet_fasca_kd,52,1,joint_fault_mean,0.8444444444444444
embracenet_fasca_kd,52,3,joint_fault_mean,0.26666666666666666
embracenet_fasca_kd,52,4,joint_fault_mean,0.8444444444444444
embracenet_fasca_kd,52,5,joint_fault_mean,0.6666666666666666
embracenet_fasca_kd,52,6,joint_fault_mean,0.9111111111111111
embracenet_fasca_kd,52,7,joint_fault_mean,0.6888888888888889
embracenet_fasca_kd,52,8,joint_fault_mean,0.3333333333333333
embracenet_fasca_kd,52,9,joint_fault_mean,0.8444444444444444
embracenet_fasca_kd,52,10,joint_fault_mean,0.8333333333333334
embracenet_fasca_kd,52,11,joint_fault_mean,0.4888888888888888
embracenet_fasca_kd,52,12,joint_fault_mean,0.8444444444444444
embracenet_fasca_kd,52,13,joint_fault_mean,0.9111111111111111
embracenet_fasca_kd,52,14,joint_fault_mean,0.8444444444444444
embracenet_fasca_kd,52,15,joint_fault_mean,0.8444444444444444
embracenet_fasca_kd,52,16,joint_fault_mean,0.8222222222222222
embracenet_fasca_kd,52,17,joint_fault_mean,0.7555555555555555
embracenet_fasca_kd,52,18,joint_fault_mean,0.8444444444444444
embracenet_fasca_kd,52,19,joint_fault_mean,0.9111111111111111
embracenet_fasca_kd,52,20,joint_fault_mean,0.7555555555555555
embracenet_fasca_kd,52,21,joint_fault_mean,0.8444444444444444
embracenet_fasca_kd,52,22,joint_fault_mean,0.8444444444444444
embracenet_fasca_kd,52,23,joint_fault_mean,0.9111111111111111
embracenet_fasca_kd,52,25,joint_fault_mean,0.6666666666666666
embracenet_fasca_kd,52,26,joint_fault_mean,0.6444444444444444
embracenet_fasca_kd,52,27,joint_fault_mean,0.8444444444444444
embracenet_fasca_kd,52,28,joint_fault_mean,0.7555555555555555
embracenet_fasca_kd,52,29,joint_fault_mean,0.4444444444444445
embracenet_fasca_kd,52,30,joint_fault_mean,0.8222222222222222
embracenet_fasca_kd,52,31,joint_fault_mean,0.7444444444444444
embracenet_fasca_kd,52,32,joint_fault_mean,0.6666666666666666
embracenet_fasca_kd,52,33,joint_fault_mean,0.8444444444444444
embracenet_fasca_kd,52,34,joint_fault_mean,0.8222222222222222
embracenet_fasca_kd,52,35,joint_fault_mean,0.6888888888888889
embracenet_fasca_kd,52,36,joint_fault_mean,0.7555555555555555
embracenet_fasca_kd,52,37,joint_fault_mean,0.7555555555555555
embracenet_fasca_kd,52,38,joint_fault_mean,0.7555555555555555
embracenet_fasca_kd,52,39,joint_fault_mean,0.7555555555555555
embracenet_fasca_kd,52,40,joint_fault_mean,0.7555555555555555
embracenet_fasca_kd,52,41,joint_fault_mean,0.9111111111111111
embracenet_fasca_kd,52,42,joint_fault_mean,0.9111111111111111
embracenet_fasca_kd,52,43,joint_fault_mean,0.5777777777777777
embracenet_fasca_kd,52,44,joint_fault_mean,0.9111111111111111
embracenet_fasca_kd,52,45,joint_fault_mean,0.5111111111111111
embracenet_fasca_kd,52,46,joint_fault_mean,0.8222222222222222
embracenet_fasca_kd,52,48,joint_fault_mean,0.8444444444444444
embracenet_fasca_kd,52,49,joint_fault_mean,0.7555555555555555
embracenet_fasca_kd,52,51,joint_fault_mean,0.7555555555555555
embracenet_fasca_kd,52,52,joint_fault_mean,0.7555555555555555
embracenet_fasca_kd,52,53,joint_fault_mean,0.8444444444444444
embracenet_fasca_kd,52,54,joint_fault_mean,0.9111111111111111
embracenet_fasca_kd,52,55,joint_fault_mean,0.6666666666666666
embracenet_fasca_kd,52,56,joint_fault_mean,0.9111111111111111
embracenet_fasca_kd,52,57,joint_fault_mean,0.8222222222222222
embracenet_fasca_kd,52,58,joint_fault_mean,0.8444444444444444
embracenet_fasca_kd,52,59,joint_fault_mean,0.9111111111111111
embracenet_fasca_kd,53,1,joint_fault_mean,0.7555555555555555
embracenet_fasca_kd,53,3,joint_fault_mean,0.26666666666666666
embracenet_fasca_kd,53,4,joint_fault_mean,0.9111111111111111
embracenet_fasca_kd,53,5,joint_fault_mean,0.7555555555555555
embracenet_fasca_kd,53,6,joint_fault_mean,0.6666666666666666
embracenet_fasca_kd,53,7,joint_fault_mean,0.6888888888888889
embracenet_fasca_kd,53,8,joint_fault_mean,0.26666666666666666
embracenet_fasca_kd,53,9,joint_fault_mean,0.7555555555555555
embracenet_fasca_kd,53,10,joint_fault_mean,0.6555555555555556
embracenet_fasca_kd,53,11,joint_fault_mean,0.4888888888888888
embracenet_fasca_kd,53,12,joint_fault_mean,0.8444444444444444
embracenet_fasca_kd,53,13,joint_fault_mean,0.9111111111111111
embracenet_fasca_kd,53,14,joint_fault_mean,0.8444444444444444
embracenet_fasca_kd,53,15,joint_fault_mean,0.9111111111111111
embracenet_fasca_kd,53,16,joint_fault_mean,0.6
embracenet_fasca_kd,53,17,joint_fault_mean,0.6888888888888889
embracenet_fasca_kd,53,18,joint_fault_mean,0.7555555555555555
embracenet_fasca_kd,53,19,joint_fault_mean,0.9111111111111111
embracenet_fasca_kd,53,20,joint_fault_mean,0.8222222222222222
embracenet_fasca_kd,53,21,joint_fault_mean,0.39999999999999997
embracenet_fasca_kd,53,22,joint_fault_mean,0.8444444444444444
embracenet_fasca_kd,53,23,joint_fault_mean,0.9111111111111111
embracenet_fasca_kd,53,25,joint_fault_mean,0.6666666666666666
embracenet_fasca_kd,53,26,joint_fault_mean,0.4333333333333333
embracenet_fasca_kd,53,27,joint_fault_mean,0.8444444444444444
embracenet_fasca_kd,53,28,joint_fault_mean,0.8444444444444444
embracenet_fasca_kd,53,29,joint_fault_mean,0.6888888888888889
embracenet_fasca_kd,53,30,joint_fault_mean,0.7555555555555555
embracenet_fasca_kd,53,31,joint_fault_mean,0.6888888888888889
embracenet_fasca_kd,53,32,joint_fault_mean,0.5333333333333333
embracenet_fasca_kd,53,33,joint_fault_mean,0.7555555555555555
embracenet_fasca_kd,53,34,joint_fault_mean,0.8222222222222222
embracenet_fasca_kd,53,35,joint_fault_mean,0.6888888888888889
embracenet_fasca_kd,53,36,joint_fault_mean,0.7555555555555555
embracenet_fasca_kd,53,37,joint_fault_mean,0.7555555555555555
embracenet_fasca_kd,53,38,joint_fault_mean,0.7555555555555555
embracenet_fasca_kd,53,39,joint_fault_mean,0.6888888888888889
embracenet_fasca_kd,53,40,joint_fault_mean,0.7555555555555555
embracenet_fasca_kd,53,41,joint_fault_mean,0.9111111111111111
embracenet_fasca_kd,53,42,joint_fault_mean,0.9111111111111111
embracenet_fasca_kd,53,43,joint_fault_mean,0.4888888888888888
embracenet_fasca_kd,53,44,joint_fault_mean,0.8444444444444444
embracenet_fasca_kd,53,45,joint_fault_mean,0.5777777777777777
embracenet_fasca_kd,53,46,joint_fault_mean,0.6888888888888889
embracenet_fasca_kd,53,48,joint_fault_mean,0.7555555555555555
embracenet_fasca_kd,53,49,joint_fault_mean,0.7555555555555555
embracenet_fasca_kd,53,51,joint_fault_mean,0.8222222222222222
embracenet_fasca_kd,53,52,joint_fault_mean,0.7555555555555555
embracenet_fasca_kd,53,53,joint_fault_mean,0.7555555555555555
embracenet_fasca_kd,53,54,joint_fault_mean,0.9111111111111111
embracenet_fasca_kd,53,55,joint_fault_mean,0.5777777777777777
embracenet_fasca_kd,53,56,joint_fault_mean,0.9111111111111111
embracenet_fasca_kd,53,57,joint_fault_mean,0.6888888888888889
embracenet_fasca_kd,53,58,joint_fault_mean,0.7555555555555555
embracenet_fasca_kd,53,59,joint_fault_mean,0.7555555555555555
moddrop_fasca_kd,51,1,joint_fault_mean,0.6888888888888889
moddrop_fasca_kd,51,3,joint_fault_mean,0.26666666666666666
moddrop_fasca_kd,51,4,joint_fault_mean,0.6
moddrop_fasca_kd,51,5,joint_fault_mean,0.5888888888888888
moddrop_fasca_kd,51,6,joint_fault_mean,0.7555555555555555
moddrop_fasca_kd,51,7,joint_fault_mean,0.6888888888888889
moddrop_fasca_kd,51,8,joint_fault_mean,0.3333333333333333
moddrop_fasca_kd,51,9,joint_fault_mean,0.7555555555555555
moddrop_fasca_kd,51,10,joint_fault_mean,0.4777777777777777
moddrop_fasca_kd,51,11,joint_fault_mean,0.4888888888888888
moddrop_fasca_kd,51,12,joint_fault_mean,0.8444444444444444
moddrop_fasca_kd,51,13,joint_fault_mean,0.9111111111111111
moddrop_fasca_kd,51,14,joint_fault_mean,0.9111111111111111
moddrop_fasca_kd,51,15,joint_fault_mean,0.8222222222222222
moddrop_fasca_kd,51,16,joint_fault_mean,0.9111111111111111
moddrop_fasca_kd,51,17,joint_fault_mean,0.6888888888888889
moddrop_fasca_kd,51,18,joint_fault_mean,0.7555555555555555
moddrop_fasca_kd,51,19,joint_fault_mean,0.8222222222222222
moddrop_fasca_kd,51,20,joint_fault_mean,0.6666666666666666
moddrop_fasca_kd,51,21,joint_fault_mean,0.9111111111111111
moddrop_fasca_kd,51,22,joint_fault_mean,0.8222222222222222
moddrop_fasca_kd,51,23,joint_fault_mean,0.7333333333333333
moddrop_fasca_kd,51,25,joint_fault_mean,0.7555555555555555
moddrop_fasca_kd,51,26,joint_fault_mean,0.5333333333333333
moddrop_fasca_kd,51,27,joint_fault_mean,0.8444444444444444
moddrop_fasca_kd,51,28,joint_fault_mean,0.8444444444444444
moddrop_fasca_kd,51,29,joint_fault_mean,0.5333333333333333
moddrop_fasca_kd,51,30,joint_fault_mean,0.8222222222222222
moddrop_fasca_kd,51,31,joint_fault_mean,0.7555555555555555
moddrop_fasca_kd,51,32,joint_fault_mean,0.5111111111111111
moddrop_fasca_kd,51,33,joint_fault_mean,0.6888888888888889
moddrop_fasca_kd,51,34,joint_fault_mean,0.6666666666666666
moddrop_fasca_kd,51,35,joint_fault_mean,0.6
moddrop_fasca_kd,51,36,joint_fault_mean,0.7555555555555555
moddrop_fasca_kd,51,37,joint_fault_mean,0.6888888888888889
moddrop_fasca_kd,51,38,joint_fault_mean,0.8222222222222222
moddrop_fasca_kd,51,39,joint_fault_mean,0.6888888888888889
moddrop_fasca_kd,51,40,joint_fault_mean,0.8222222222222222
moddrop_fasca_kd,51,41,joint_fault_mean,0.7555555555555555
moddrop_fasca_kd,51,42,joint_fault_mean,0.6
moddrop_fasca_kd,51,43,joint_fault_mean,0.4444444444444445
moddrop_fasca_kd,51,44,joint_fault_mean,0.7555555555555555
moddrop_fasca_kd,51,45,joint_fault_mean,0.4222222222222222
moddrop_fasca_kd,51,46,joint_fault_mean,0.9111111111111111
moddrop_fasca_kd,51,48,joint_fault_mean,0.7555555555555555
moddrop_fasca_kd,51,49,joint_fault_mean,0.7555555555555555
moddrop_fasca_kd,51,51,joint_fault_mean,0.6666666666666666
moddrop_fasca_kd,51,52,joint_fault_mean,0.8222222222222222
moddrop_fasca_kd,51,53,joint_fault_mean,0.7555555555555555
moddrop_fasca_kd,51,54,joint_fault_mean,0.6888888888888889
moddrop_fasca_kd,51,55,joint_fault_mean,0.5777777777777777
moddrop_fasca_kd,51,56,joint_fault_mean,0.6666666666666666
moddrop_fasca_kd,51,57,joint_fault_mean,0.7555555555555555
moddrop_fasca_kd,51,58,joint_fault_mean,0.7555555555555555
moddrop_fasca_kd,51,59,joint_fault_mean,0.8444444444444444
moddrop_fasca_kd,52,1,joint_fault_mean,0.7555555555555555
moddrop_fasca_kd,52,3,joint_fault_mean,0.26666666666666666
moddrop_fasca_kd,52,4,joint_fault_mean,0.8444444444444444
moddrop_fasca_kd,52,5,joint_fault_mean,0.6
moddrop_fasca_kd,52,6,joint_fault_mean,0.8444444444444444
moddrop_fasca_kd,52,7,joint_fault_mean,0.6888888888888889
moddrop_fasca_kd,52,8,joint_fault_mean,0.3333333333333333
moddrop_fasca_kd,52,9,joint_fault_mean,0.8444444444444444
moddrop_fasca_kd,52,10,joint_fault_mean,0.6777777777777778
moddrop_fasca_kd,52,11,joint_fault_mean,0.5777777777777777
moddrop_fasca_kd,52,12,joint_fault_mean,0.8444444444444444
moddrop_fasca_kd,52,13,joint_fault_mean,1.0
moddrop_fasca_kd,52,14,joint_fault_mean,0.8444444444444444
moddrop_fasca_kd,52,15,joint_fault_mean,0.9111111111111111
moddrop_fasca_kd,52,16,joint_fault_mean,0.9111111111111111
moddrop_fasca_kd,52,17,joint_fault_mean,0.7555555555555555
moddrop_fasca_kd,52,18,joint_fault_mean,0.8444444444444444
moddrop_fasca_kd,52,19,joint_fault_mean,0.9111111111111111
moddrop_fasca_kd,52,20,joint_fault_mean,0.7555555555555555
moddrop_fasca_kd,52,21,joint_fault_mean,0.6
moddrop_fasca_kd,52,22,joint_fault_mean,0.8444444444444444
moddrop_fasca_kd,52,23,joint_fault_mean,1.0
moddrop_fasca_kd,52,25,joint_fault_mean,0.5777777777777777
moddrop_fasca_kd,52,26,joint_fault_mean,0.5333333333333333
moddrop_fasca_kd,52,27,joint_fault_mean,0.9111111111111111
moddrop_fasca_kd,52,28,joint_fault_mean,0.7555555555555555
moddrop_fasca_kd,52,29,joint_fault_mean,0.6666666666666666
moddrop_fasca_kd,52,30,joint_fault_mean,0.8222222222222222
moddrop_fasca_kd,52,31,joint_fault_mean,0.6888888888888889
moddrop_fasca_kd,52,32,joint_fault_mean,0.5777777777777777
moddrop_fasca_kd,52,33,joint_fault_mean,0.7555555555555555
moddrop_fasca_kd,52,34,joint_fault_mean,0.9111111111111111
moddrop_fasca_kd,52,35,joint_fault_mean,0.7555555555555555
moddrop_fasca_kd,52,36,joint_fault_mean,0.8444444444444444
moddrop_fasca_kd,52,37,joint_fault_mean,0.6888888888888889
moddrop_fasca_kd,52,38,joint_fault_mean,0.7555555555555555
moddrop_fasca_kd,52,39,joint_fault_mean,0.7555555555555555
moddrop_fasca_kd,52,40,joint_fault_mean,0.8222222222222222
moddrop_fasca_kd,52,41,joint_fault_mean,1.0
moddrop_fasca_kd,52,42,joint_fault_mean,1.0
moddrop_fasca_kd,52,43,joint_fault_mean,0.5777777777777777
moddrop_fasca_kd,52,44,joint_fault_mean,0.9111111111111111
moddrop_fasca_kd,52,45,joint_fault_mean,0.5777777777777777
moddrop_fasca_kd,52,46,joint_fault_mean,0.6888888888888889
moddrop_fasca_kd,52,48,joint_fault_mean,0.8444444444444444
moddrop_fasca_kd,52,49,joint_fault_mean,0.9111111111111111
moddrop_fasca_kd,52,51,joint_fault_mean,0.8444444444444444
moddrop_fasca_kd,52,52,joint_fault_mean,0.8222222222222222
moddrop_fasca_kd,52,53,joint_fault_mean,0.7555555555555555
moddrop_fasca_kd,52,54,joint_fault_mean,1.0
moddrop_fasca_kd,52,55,joint_fault_mean,0.5777777777777777
moddrop_fasca_kd,52,56,joint_fault_mean,0.8222222222222222
moddrop_fasca_kd,52,57,joint_fault_mean,0.6888888888888889
moddrop_fasca_kd,52,58,joint_fault_mean,0.7555555555555555
moddrop_fasca_kd,52,59,joint_fault_mean,0.9111111111111111
moddrop_fasca_kd,53,1,joint_fault_mean,0.9111111111111111
moddrop_fasca_kd,53,3,joint_fault_mean,0.26666666666666666
moddrop_fasca_kd,53,4,joint_fault_mean,0.8444444444444444
moddrop_fasca_kd,53,5,joint_fault_mean,0.7555555555555555
moddrop_fasca_kd,53,6,joint_fault_mean,0.7333333333333333
moddrop_fasca_kd,53,7,joint_fault_mean,0.6888888888888889
moddrop_fasca_kd,53,8,joint_fault_mean,0.26666666666666666
moddrop_fasca_kd,53,9,joint_fault_mean,0.8444444444444444
moddrop_fasca_kd,53,10,joint_fault_mean,0.6888888888888889
moddrop_fasca_kd,53,11,joint_fault_mean,0.4888888888888888
moddrop_fasca_kd,53,12,joint_fault_mean,0.7555555555555555
moddrop_fasca_kd,53,13,joint_fault_mean,1.0
moddrop_fasca_kd,53,14,joint_fault_mean,0.9111111111111111
moddrop_fasca_kd,53,15,joint_fault_mean,0.7555555555555555
moddrop_fasca_kd,53,16,joint_fault_mean,0.7555555555555555
moddrop_fasca_kd,53,17,joint_fault_mean,0.6
moddrop_fasca_kd,53,18,joint_fault_mean,0.8444444444444444
moddrop_fasca_kd,53,19,joint_fault_mean,1.0
moddrop_fasca_kd,53,20,joint_fault_mean,0.6888888888888889
moddrop_fasca_kd,53,21,joint_fault_mean,0.7555555555555555
moddrop_fasca_kd,53,22,joint_fault_mean,0.8444444444444444
moddrop_fasca_kd,53,23,joint_fault_mean,0.8222222222222222
moddrop_fasca_kd,53,25,joint_fault_mean,0.5777777777777777
moddrop_fasca_kd,53,26,joint_fault_mean,0.5777777777777777
moddrop_fasca_kd,53,27,joint_fault_mean,0.8444444444444444
moddrop_fasca_kd,53,28,joint_fault_mean,0.8444444444444444
moddrop_fasca_kd,53,29,joint_fault_mean,0.6666666666666666
moddrop_fasca_kd,53,30,joint_fault_mean,0.7333333333333333
moddrop_fasca_kd,53,31,joint_fault_mean,0.7555555555555555
moddrop_fasca_kd,53,32,joint_fault_mean,0.6666666666666666
moddrop_fasca_kd,53,33,joint_fault_mean,0.8444444444444444
moddrop_fasca_kd,53,34,joint_fault_mean,0.9111111111111111
moddrop_fasca_kd,53,35,joint_fault_mean,0.7555555555555555
moddrop_fasca_kd,53,36,joint_fault_mean,0.7555555555555555
moddrop_fasca_kd,53,37,joint_fault_mean,0.7555555555555555
moddrop_fasca_kd,53,38,joint_fault_mean,0.8444444444444444
moddrop_fasca_kd,53,39,joint_fault_mean,0.6888888888888889
moddrop_fasca_kd,53,40,joint_fault_mean,0.7555555555555555
moddrop_fasca_kd,53,41,joint_fault_mean,0.8444444444444444
moddrop_fasca_kd,53,42,joint_fault_mean,0.7555555555555555
moddrop_fasca_kd,53,43,joint_fault_mean,0.4888888888888888
moddrop_fasca_kd,53,44,joint_fault_mean,0.8444444444444444
moddrop_fasca_kd,53,45,joint_fault_mean,0.5111111111111111
moddrop_fasca_kd,53,46,joint_fault_mean,0.8222222222222222
moddrop_fasca_kd,53,48,joint_fault_mean,0.7555555555555555
moddrop_fasca_kd,53,49,joint_fault_mean,0.8444444444444444
moddrop_fasca_kd,53,51,joint_fault_mean,0.7555555555555555
moddrop_fasca_kd,53,52,joint_fault_mean,0.8444444444444444
moddrop_fasca_kd,53,53,joint_fault_mean,0.6
moddrop_fasca_kd,53,54,joint_fault_mean,0.8444444444444444
moddrop_fasca_kd,53,55,joint_fault_mean,0.6666666666666666
moddrop_fasca_kd,53,56,joint_fault_mean,0.7555555555555555
moddrop_fasca_kd,53,57,joint_fault_mean,0.8444444444444444
moddrop_fasca_kd,53,58,joint_fault_mean,0.9111111111111111
moddrop_fasca_kd,53,59,joint_fault_mean,0.8444444444444444
sensor_aug_kd,51,1,joint_fault_mean,0.7555555555555555
sensor_aug_kd,51,3,joint_fault_mean,0.26666666666666666
sensor_aug_kd,51,4,joint_fault_mean,0.6888888888888889
sensor_aug_kd,51,5,joint_fault_mean,0.7555555555555555
sensor_aug_kd,51,6,joint_fault_mean,0.8222222222222222
sensor_aug_kd,51,7,joint_fault_mean,0.7555555555555555
sensor_aug_kd,51,8,joint_fault_mean,0.2
sensor_aug_kd,51,9,joint_fault_mean,0.8444444444444444
sensor_aug_kd,51,10,joint_fault_mean,0.7555555555555555
sensor_aug_kd,51,11,joint_fault_mean,0.4888888888888888
sensor_aug_kd,51,12,joint_fault_mean,0.8444444444444444
sensor_aug_kd,51,13,joint_fault_mean,1.0
sensor_aug_kd,51,14,joint_fault_mean,1.0
sensor_aug_kd,51,15,joint_fault_mean,0.7333333333333333
sensor_aug_kd,51,16,joint_fault_mean,0.9111111111111111
sensor_aug_kd,51,17,joint_fault_mean,0.6666666666666666
sensor_aug_kd,51,18,joint_fault_mean,0.7555555555555555
sensor_aug_kd,51,19,joint_fault_mean,0.9111111111111111
sensor_aug_kd,51,20,joint_fault_mean,0.9111111111111111
sensor_aug_kd,51,21,joint_fault_mean,0.7555555555555555
sensor_aug_kd,51,22,joint_fault_mean,0.8222222222222222
sensor_aug_kd,51,23,joint_fault_mean,1.0
sensor_aug_kd,51,25,joint_fault_mean,0.6666666666666666
sensor_aug_kd,51,26,joint_fault_mean,0.5111111111111111
sensor_aug_kd,51,27,joint_fault_mean,0.8444444444444444
sensor_aug_kd,51,28,joint_fault_mean,0.9111111111111111
sensor_aug_kd,51,29,joint_fault_mean,0.5777777777777777
sensor_aug_kd,51,30,joint_fault_mean,0.8222222222222222
sensor_aug_kd,51,31,joint_fault_mean,0.7555555555555555
sensor_aug_kd,51,32,joint_fault_mean,0.6
sensor_aug_kd,51,33,joint_fault_mean,0.7555555555555555
sensor_aug_kd,51,34,joint_fault_mean,0.8444444444444444
sensor_aug_kd,51,35,joint_fault_mean,0.6888888888888889
sensor_aug_kd,51,36,joint_fault_mean,0.5777777777777777
sensor_aug_kd,51,37,joint_fault_mean,0.7333333333333333
sensor_aug_kd,51,38,joint_fault_mean,0.9111111111111111
sensor_aug_kd,51,39,joint_fault_mean,0.7555555555555555
sensor_aug_kd,51,40,joint_fault_mean,0.8444444444444444
sensor_aug_kd,51,41,joint_fault_mean,1.0
sensor_aug_kd,51,42,joint_fault_mean,0.9111111111111111
sensor_aug_kd,51,43,joint_fault_mean,0.4888888888888888
sensor_aug_kd,51,44,joint_fault_mean,0.7555555555555555
sensor_aug_kd,51,45,joint_fault_mean,0.5777777777777777
sensor_aug_kd,51,46,joint_fault_mean,0.9111111111111111
sensor_aug_kd,51,48,joint_fault_mean,0.8222222222222222
sensor_aug_kd,51,49,joint_fault_mean,0.8222222222222222
sensor_aug_kd,51,51,joint_fault_mean,0.8444444444444444
sensor_aug_kd,51,52,joint_fault_mean,0.9111111111111111
sensor_aug_kd,51,53,joint_fault_mean,0.6888888888888889
sensor_aug_kd,51,54,joint_fault_mean,0.8222222222222222
sensor_aug_kd,51,55,joint_fault_mean,0.7555555555555555
sensor_aug_kd,51,56,joint_fault_mean,0.9111111111111111
sensor_aug_kd,51,57,joint_fault_mean,0.7555555555555555
sensor_aug_kd,51,58,joint_fault_mean,0.8444444444444444
sensor_aug_kd,51,59,joint_fault_mean,0.8222222222222222
sensor_aug_kd,52,1,joint_fault_mean,0.6888888888888889
sensor_aug_kd,52,3,joint_fault_mean,0.26666666666666666
sensor_aug_kd,52,4,joint_fault_mean,0.8444444444444444
sensor_aug_kd,52,5,joint_fault_mean,0.6888888888888889
sensor_aug_kd,52,6,joint_fault_mean,0.7333333333333333
sensor_aug_kd,52,7,joint_fault_mean,0.8222222222222222
sensor_aug_kd,52,8,joint_fault_mean,0.13333333333333333
sensor_aug_kd,52,9,joint_fault_mean,0.7555555555555555
sensor_aug_kd,52,10,joint_fault_mean,0.6
sensor_aug_kd,52,11,joint_fault_mean,0.5777777777777777
sensor_aug_kd,52,12,joint_fault_mean,0.8444444444444444
sensor_aug_kd,52,13,joint_fault_mean,1.0
sensor_aug_kd,52,14,joint_fault_mean,0.9111111111111111
sensor_aug_kd,52,15,joint_fault_mean,0.9111111111111111
sensor_aug_kd,52,16,joint_fault_mean,0.9111111111111111
sensor_aug_kd,52,17,joint_fault_mean,0.7555555555555555
sensor_aug_kd,52,18,joint_fault_mean,0.7555555555555555
sensor_aug_kd,52,19,joint_fault_mean,0.9111111111111111
sensor_aug_kd,52,20,joint_fault_mean,0.8222222222222222
sensor_aug_kd,52,21,joint_fault_mean,0.4888888888888888
sensor_aug_kd,52,22,joint_fault_mean,0.8444444444444444
sensor_aug_kd,52,23,joint_fault_mean,0.8444444444444444
sensor_aug_kd,52,25,joint_fault_mean,0.4888888888888888
sensor_aug_kd,52,26,joint_fault_mean,0.7333333333333333
sensor_aug_kd,52,27,joint_fault_mean,0.8222222222222222
sensor_aug_kd,52,28,joint_fault_mean,0.7555555555555555
sensor_aug_kd,52,29,joint_fault_mean,0.6444444444444444
sensor_aug_kd,52,30,joint_fault_mean,0.7555555555555555
sensor_aug_kd,52,31,joint_fault_mean,0.6888888888888889
sensor_aug_kd,52,32,joint_fault_mean,0.6666666666666666
sensor_aug_kd,52,33,joint_fault_mean,0.8222222222222222
sensor_aug_kd,52,34,joint_fault_mean,0.9111111111111111
sensor_aug_kd,52,35,joint_fault_mean,0.7555555555555555
sensor_aug_kd,52,36,joint_fault_mean,0.6
sensor_aug_kd,52,37,joint_fault_mean,0.6888888888888889
sensor_aug_kd,52,38,joint_fault_mean,0.7555555555555555
sensor_aug_kd,52,39,joint_fault_mean,0.7555555555555555
sensor_aug_kd,52,40,joint_fault_mean,0.7555555555555555
sensor_aug_kd,52,41,joint_fault_mean,1.0
sensor_aug_kd,52,42,joint_fault_mean,0.7333333333333333
sensor_aug_kd,52,43,joint_fault_mean,0.6666666666666666
sensor_aug_kd,52,44,joint_fault_mean,0.9111111111111111
sensor_aug_kd,52,45,joint_fault_mean,0.5777777777777777
sensor_aug_kd,52,46,joint_fault_mean,0.8222222222222222
sensor_aug_kd,52,48,joint_fault_mean,0.8444444444444444
sensor_aug_kd,52,49,joint_fault_mean,0.6666666666666666
sensor_aug_kd,52,51,joint_fault_mean,0.7555555555555555
sensor_aug_kd,52,52,joint_fault_mean,0.8222222222222222
sensor_aug_kd,52,53,joint_fault_mean,0.5777777777777777
sensor_aug_kd,52,54,joint_fault_mean,0.8444444444444444
sensor_aug_kd,52,55,joint_fault_mean,0.6888888888888889
sensor_aug_kd,52,56,joint_fault_mean,0.9111111111111111
sensor_aug_kd,52,57,joint_fault_mean,0.6888888888888889
sensor_aug_kd,52,58,joint_fault_mean,0.6888888888888889
sensor_aug_kd,52,59,joint_fault_mean,0.9111111111111111
sensor_aug_kd,53,1,joint_fault_mean,0.6888888888888889
sensor_aug_kd,53,3,joint_fault_mean,0.26666666666666666
sensor_aug_kd,53,4,joint_fault_mean,0.8444444444444444
sensor_aug_kd,53,5,joint_fault_mean,0.6
sensor_aug_kd,53,6,joint_fault_mean,0.9111111111111111
sensor_aug_kd,53,7,joint_fault_mean,0.6888888888888889
sensor_aug_kd,53,8,joint_fault_mean,0.26666666666666666
sensor_aug_kd,53,9,joint_fault_mean,0.8444444444444444
sensor_aug_kd,53,10,joint_fault_mean,0.6888888888888889
sensor_aug_kd,53,11,joint_fault_mean,0.4888888888888888
sensor_aug_kd,53,12,joint_fault_mean,0.7555555555555555
sensor_aug_kd,53,13,joint_fault_mean,0.7555555555555555
sensor_aug_kd,53,14,joint_fault_mean,0.8444444444444444
sensor_aug_kd,53,15,joint_fault_mean,0.7555555555555555
sensor_aug_kd,53,16,joint_fault_mean,0.8222222222222222
sensor_aug_kd,53,17,joint_fault_mean,0.6888888888888889
sensor_aug_kd,53,18,joint_fault_mean,0.7555555555555555
sensor_aug_kd,53,19,joint_fault_mean,0.9111111111111111
sensor_aug_kd,53,20,joint_fault_mean,0.8222222222222222
sensor_aug_kd,53,21,joint_fault_mean,0.5777777777777777
sensor_aug_kd,53,22,joint_fault_mean,1.0
sensor_aug_kd,53,23,joint_fault_mean,0.9111111111111111
sensor_aug_kd,53,25,joint_fault_mean,0.6666666666666666
sensor_aug_kd,53,26,joint_fault_mean,0.5333333333333333
sensor_aug_kd,53,27,joint_fault_mean,0.8444444444444444
sensor_aug_kd,53,28,joint_fault_mean,0.7555555555555555
sensor_aug_kd,53,29,joint_fault_mean,0.6666666666666666
sensor_aug_kd,53,30,joint_fault_mean,0.7555555555555555
sensor_aug_kd,53,31,joint_fault_mean,0.6888888888888889
sensor_aug_kd,53,32,joint_fault_mean,0.6
sensor_aug_kd,53,33,joint_fault_mean,0.7555555555555555
sensor_aug_kd,53,34,joint_fault_mean,0.8444444444444444
sensor_aug_kd,53,35,joint_fault_mean,0.6888888888888889
sensor_aug_kd,53,36,joint_fault_mean,0.4444444444444445
sensor_aug_kd,53,37,joint_fault_mean,0.6666666666666666
sensor_aug_kd,53,38,joint_fault_mean,0.7555555555555555
sensor_aug_kd,53,39,joint_fault_mean,0.5777777777777777
sensor_aug_kd,53,40,joint_fault_mean,0.8444444444444444
sensor_aug_kd,53,41,joint_fault_mean,1.0
sensor_aug_kd,53,42,joint_fault_mean,0.8444444444444444
sensor_aug_kd,53,43,joint_fault_mean,0.4888888888888888
sensor_aug_kd,53,44,joint_fault_mean,0.7555555555555555
sensor_aug_kd,53,45,joint_fault_mean,0.5777777777777777
sensor_aug_kd,53,46,joint_fault_mean,0.9111111111111111
sensor_aug_kd,53,48,joint_fault_mean,0.7555555555555555
sensor_aug_kd,53,49,joint_fault_mean,0.6
sensor_aug_kd,53,51,joint_fault_mean,0.7555555555555555
sensor_aug_kd,53,52,joint_fault_mean,0.7555555555555555
sensor_aug_kd,53,53,joint_fault_mean,0.6666666666666666
sensor_aug_kd,53,54,joint_fault_mean,0.8222222222222222
sensor_aug_kd,53,55,joint_fault_mean,0.5666666666666667
sensor_aug_kd,53,56,joint_fault_mean,0.8444444444444444
sensor_aug_kd,53,57,joint_fault_mean,0.6888888888888889
sensor_aug_kd,53,58,joint_fault_mean,0.6888888888888889
sensor_aug_kd,53,59,joint_fault_mean,0.8222222222222222
uniform_rapid_fasca_kd,51,1,joint_fault_mean,0.7555555555555555
uniform_rapid_fasca_kd,51,3,joint_fault_mean,0.26666666666666666
uniform_rapid_fasca_kd,51,4,joint_fault_mean,0.7555555555555555
uniform_rapid_fasca_kd,51,5,joint_fault_mean,0.6666666666666666
uniform_rapid_fasca_kd,51,6,joint_fault_mean,0.8444444444444444
uniform_rapid_fasca_kd,51,7,joint_fault_mean,0.6888888888888889
uniform_rapid_fasca_kd,51,8,joint_fault_mean,0.3333333333333333
uniform_rapid_fasca_kd,51,9,joint_fault_mean,0.8444444444444444
uniform_rapid_fasca_kd,51,10,joint_fault_mean,0.7555555555555555
uniform_rapid_fasca_kd,51,11,joint_fault_mean,0.6666666666666666
uniform_rapid_fasca_kd,51,12,joint_fault_mean,0.8444444444444444
uniform_rapid_fasca_kd,51,13,joint_fault_mean,1.0
uniform_rapid_fasca_kd,51,14,joint_fault_mean,0.9111111111111111
uniform_rapid_fasca_kd,51,15,joint_fault_mean,0.9111111111111111
uniform_rapid_fasca_kd,51,16,joint_fault_mean,0.9111111111111111
uniform_rapid_fasca_kd,51,17,joint_fault_mean,0.8222222222222222
uniform_rapid_fasca_kd,51,18,joint_fault_mean,0.8444444444444444
uniform_rapid_fasca_kd,51,19,joint_fault_mean,1.0
uniform_rapid_fasca_kd,51,20,joint_fault_mean,0.8444444444444444
uniform_rapid_fasca_kd,51,21,joint_fault_mean,0.7555555555555555
uniform_rapid_fasca_kd,51,22,joint_fault_mean,0.8444444444444444
uniform_rapid_fasca_kd,51,23,joint_fault_mean,1.0
uniform_rapid_fasca_kd,51,25,joint_fault_mean,0.7555555555555555
uniform_rapid_fasca_kd,51,26,joint_fault_mean,0.5111111111111111
uniform_rapid_fasca_kd,51,27,joint_fault_mean,0.8444444444444444
uniform_rapid_fasca_kd,51,28,joint_fault_mean,0.8444444444444444
uniform_rapid_fasca_kd,51,29,joint_fault_mean,0.5333333333333333
uniform_rapid_fasca_kd,51,30,joint_fault_mean,0.7555555555555555
uniform_rapid_fasca_kd,51,31,joint_fault_mean,0.7555555555555555
uniform_rapid_fasca_kd,51,32,joint_fault_mean,0.6
uniform_rapid_fasca_kd,51,33,joint_fault_mean,0.7555555555555555
uniform_rapid_fasca_kd,51,34,joint_fault_mean,1.0
uniform_rapid_fasca_kd,51,35,joint_fault_mean,0.7555555555555555
uniform_rapid_fasca_kd,51,36,joint_fault_mean,0.5777777777777777
uniform_rapid_fasca_kd,51,37,joint_fault_mean,0.7555555555555555
uniform_rapid_fasca_kd,51,38,joint_fault_mean,0.7555555555555555
uniform_rapid_fasca_kd,51,39,joint_fault_mean,0.7555555555555555
uniform_rapid_fasca_kd,51,40,joint_fault_mean,0.7555555555555555
uniform_rapid_fasca_kd,51,41,joint_fault_mean,1.0
uniform_rapid_fasca_kd,51,42,joint_fault_mean,1.0
uniform_rapid_fasca_kd,51,43,joint_fault_mean,0.4888888888888888
uniform_rapid_fasca_kd,51,44,joint_fault_mean,0.7555555555555555
uniform_rapid_fasca_kd,51,45,joint_fault_mean,0.5777777777777777
uniform_rapid_fasca_kd,51,46,joint_fault_mean,0.9111111111111111
uniform_rapid_fasca_kd,51,48,joint_fault_mean,0.8444444444444444
uniform_rapid_fasca_kd,51,49,joint_fault_mean,0.7333333333333333
uniform_rapid_fasca_kd,51,51,joint_fault_mean,0.8444444444444444
uniform_rapid_fasca_kd,51,52,joint_fault_mean,0.8444444444444444
uniform_rapid_fasca_kd,51,53,joint_fault_mean,0.7555555555555555
uniform_rapid_fasca_kd,51,54,joint_fault_mean,0.7555555555555555
uniform_rapid_fasca_kd,51,55,joint_fault_mean,0.7555555555555555
uniform_rapid_fasca_kd,51,56,joint_fault_mean,0.9111111111111111
uniform_rapid_fasca_kd,51,57,joint_fault_mean,0.7555555555555555
uniform_rapid_fasca_kd,51,58,joint_fault_mean,0.7555555555555555
uniform_rapid_fasca_kd,51,59,joint_fault_mean,0.8222222222222222
uniform_rapid_fasca_kd,52,1,joint_fault_mean,0.8444444444444444
uniform_rapid_fasca_kd,52,3,joint_fault_mean,0.26666666666666666
uniform_rapid_fasca_kd,52,4,joint_fault_mean,0.9111111111111111
uniform_rapid_fasca_kd,52,5,joint_fault_mean,0.6
uniform_rapid_fasca_kd,52,6,joint_fault_mean,0.7333333333333333
uniform_rapid_fasca_kd,52,7,joint_fault_mean,0.6666666666666666
uniform_rapid_fasca_kd,52,8,joint_fault_mean,0.26666666666666666
uniform_rapid_fasca_kd,52,9,joint_fault_mean,0.7555555555555555
uniform_rapid_fasca_kd,52,10,joint_fault_mean,0.6888888888888889
uniform_rapid_fasca_kd,52,11,joint_fault_mean,0.5777777777777777
uniform_rapid_fasca_kd,52,12,joint_fault_mean,0.8444444444444444
uniform_rapid_fasca_kd,52,13,joint_fault_mean,1.0
uniform_rapid_fasca_kd,52,14,joint_fault_mean,0.9111111111111111
uniform_rapid_fasca_kd,52,15,joint_fault_mean,0.9111111111111111
uniform_rapid_fasca_kd,52,16,joint_fault_mean,0.9111111111111111
uniform_rapid_fasca_kd,52,17,joint_fault_mean,0.7555555555555555
uniform_rapid_fasca_kd,52,18,joint_fault_mean,0.8444444444444444
uniform_rapid_fasca_kd,52,19,joint_fault_mean,1.0
uniform_rapid_fasca_kd,52,20,joint_fault_mean,0.8222222222222222
uniform_rapid_fasca_kd,52,21,joint_fault_mean,0.4888888888888888
uniform_rapid_fasca_kd,52,22,joint_fault_mean,0.9111111111111111
uniform_rapid_fasca_kd,52,23,joint_fault_mean,0.8444444444444444
uniform_rapid_fasca_kd,52,25,joint_fault_mean,0.4888888888888888
uniform_rapid_fasca_kd,52,26,joint_fault_mean,0.7333333333333333
uniform_rapid_fasca_kd,52,27,joint_fault_mean,0.7555555555555555
uniform_rapid_fasca_kd,52,28,joint_fault_mean,0.7555555555555555
uniform_rapid_fasca_kd,52,29,joint_fault_mean,0.7333333333333333
uniform_rapid_fasca_kd,52,30,joint_fault_mean,0.7555555555555555
uniform_rapid_fasca_kd,52,31,joint_fault_mean,0.6888888888888889
uniform_rapid_fasca_kd,52,32,joint_fault_mean,0.6666666666666666
uniform_rapid_fasca_kd,52,33,joint_fault_mean,0.8222222222222222
uniform_rapid_fasca_kd,52,34,joint_fault_mean,0.9111111111111111
uniform_rapid_fasca_kd,52,35,joint_fault_mean,0.7555555555555555
uniform_rapid_fasca_kd,52,36,joint_fault_mean,0.6666666666666666
uniform_rapid_fasca_kd,52,37,joint_fault_mean,0.7555555555555555
uniform_rapid_fasca_kd,52,38,joint_fault_mean,0.7555555555555555
uniform_rapid_fasca_kd,52,39,joint_fault_mean,0.7555555555555555
uniform_rapid_fasca_kd,52,40,joint_fault_mean,0.8444444444444444
uniform_rapid_fasca_kd,52,41,joint_fault_mean,0.9111111111111111
uniform_rapid_fasca_kd,52,42,joint_fault_mean,0.7333333333333333
uniform_rapid_fasca_kd,52,43,joint_fault_mean,0.5777777777777777
uniform_rapid_fasca_kd,52,44,joint_fault_mean,0.8444444444444444
uniform_rapid_fasca_kd,52,45,joint_fault_mean,0.5777777777777777
uniform_rapid_fasca_kd,52,46,joint_fault_mean,0.8222222222222222
uniform_rapid_fasca_kd,52,48,joint_fault_mean,0.8444444444444444
uniform_rapid_fasca_kd,52,49,joint_fault_mean,0.8222222222222222
uniform_rapid_fasca_kd,52,51,joint_fault_mean,0.8444444444444444
uniform_rapid_fasca_kd,52,52,joint_fault_mean,0.7555555555555555
uniform_rapid_fasca_kd,52,53,joint_fault_mean,0.5777777777777777
uniform_rapid_fasca_kd,52,54,joint_fault_mean,0.9111111111111111
uniform_rapid_fasca_kd,52,55,joint_fault_mean,0.7555555555555555
uniform_rapid_fasca_kd,52,56,joint_fault_mean,0.9111111111111111
uniform_rapid_fasca_kd,52,57,joint_fault_mean,0.6888888888888889
uniform_rapid_fasca_kd,52,58,joint_fault_mean,0.6888888888888889
uniform_rapid_fasca_kd,52,59,joint_fault_mean,0.9111111111111111
uniform_rapid_fasca_kd,53,1,joint_fault_mean,0.7555555555555555
uniform_rapid_fasca_kd,53,3,joint_fault_mean,0.26666666666666666
uniform_rapid_fasca_kd,53,4,joint_fault_mean,0.8444444444444444
uniform_rapid_fasca_kd,53,5,joint_fault_mean,0.6
uniform_rapid_fasca_kd,53,6,joint_fault_mean,0.9111111111111111
uniform_rapid_fasca_kd,53,7,joint_fault_mean,0.6888888888888889
uniform_rapid_fasca_kd,53,8,joint_fault_mean,0.26666666666666666
uniform_rapid_fasca_kd,53,9,joint_fault_mean,0.8444444444444444
uniform_rapid_fasca_kd,53,10,joint_fault_mean,0.6
uniform_rapid_fasca_kd,53,11,joint_fault_mean,0.4888888888888888
uniform_rapid_fasca_kd,53,12,joint_fault_mean,0.6666666666666666
uniform_rapid_fasca_kd,53,13,joint_fault_mean,0.7555555555555555
uniform_rapid_fasca_kd,53,14,joint_fault_mean,0.9111111111111111
uniform_rapid_fasca_kd,53,15,joint_fault_mean,0.7333333333333333
uniform_rapid_fasca_kd,53,16,joint_fault_mean,0.8222222222222222
uniform_rapid_fasca_kd,53,17,joint_fault_mean,0.6888888888888889
uniform_rapid_fasca_kd,53,18,joint_fault_mean,0.7555555555555555
uniform_rapid_fasca_kd,53,19,joint_fault_mean,0.9111111111111111
uniform_rapid_fasca_kd,53,20,joint_fault_mean,0.6888888888888889
uniform_rapid_fasca_kd,53,21,joint_fault_mean,0.6666666666666666
uniform_rapid_fasca_kd,53,22,joint_fault_mean,0.7555555555555555
uniform_rapid_fasca_kd,53,23,joint_fault_mean,0.8444444444444444
uniform_rapid_fasca_kd,53,25,joint_fault_mean,0.6666666666666666
uniform_rapid_fasca_kd,53,26,joint_fault_mean,0.4444444444444445
uniform_rapid_fasca_kd,53,27,joint_fault_mean,0.8444444444444444
uniform_rapid_fasca_kd,53,28,joint_fault_mean,0.8444444444444444
uniform_rapid_fasca_kd,53,29,joint_fault_mean,0.6
uniform_rapid_fasca_kd,53,30,joint_fault_mean,0.7555555555555555
uniform_rapid_fasca_kd,53,31,joint_fault_mean,0.7555555555555555
uniform_rapid_fasca_kd,53,32,joint_fault_mean,0.6
uniform_rapid_fasca_kd,53,33,joint_fault_mean,0.7555555555555555
uniform_rapid_fasca_kd,53,34,joint_fault_mean,0.7555555555555555
uniform_rapid_fasca_kd,53,35,joint_fault_mean,0.6888888888888889
uniform_rapid_fasca_kd,53,36,joint_fault_mean,0.5777777777777777
uniform_rapid_fasca_kd,53,37,joint_fault_mean,0.6666666666666666
uniform_rapid_fasca_kd,53,38,joint_fault_mean,0.7555555555555555
uniform_rapid_fasca_kd,53,39,joint_fault_mean,0.7555555555555555
uniform_rapid_fasca_kd,53,40,joint_fault_mean,0.9111111111111111
uniform_rapid_fasca_kd,53,41,joint_fault_mean,0.9111111111111111
uniform_rapid_fasca_kd,53,42,joint_fault_mean,0.8444444444444444
uniform_rapid_fasca_kd,53,43,joint_fault_mean,0.4888888888888888
uniform_rapid_fasca_kd,53,44,joint_fault_mean,0.7555555555555555
uniform_rapid_fasca_kd,53,45,joint_fault_mean,0.4444444444444445
uniform_rapid_fasca_kd,53,46,joint_fault_mean,0.9111111111111111
uniform_rapid_fasca_kd,53,48,joint_fault_mean,0.7555555555555555
uniform_rapid_fasca_kd,53,49,joint_fault_mean,0.9111111111111111
uniform_rapid_fasca_kd,53,51,joint_fault_mean,0.7555555555555555
uniform_rapid_fasca_kd,53,52,joint_fault_mean,0.7555555555555555
uniform_rapid_fasca_kd,53,53,joint_fault_mean,0.6666666666666666
uniform_rapid_fasca_kd,53,54,joint_fault_mean,0.7555555555555555
uniform_rapid_fasca_kd,53,55,joint_fault_mean,0.5666666666666667
uniform_rapid_fasca_kd,53,56,joint_fault_mean,0.8444444444444444
uniform_rapid_fasca_kd,53,57,joint_fault_mean,0.6888888888888889
uniform_rapid_fasca_kd,53,58,joint_fault_mean,0.6888888888888889
uniform_rapid_fasca_kd,53,59,joint_fault_mean,0.8222222222222222
embracenet_fasca_kd,51,1,all_corruptions_mean,0.9511111111111111
embracenet_fasca_kd,51,3,all_corruptions_mean,0.32
embracenet_fasca_kd,51,4,all_corruptions_mean,0.9333333333333332
embracenet_fasca_kd,51,5,all_corruptions_mean,0.9022222222222221
embracenet_fasca_kd,51,6,all_corruptions_mean,0.92
embracenet_fasca_kd,51,7,all_corruptions_mean,0.92
embracenet_fasca_kd,51,8,all_corruptions_mean,0.32
embracenet_fasca_kd,51,9,all_corruptions_mean,0.92
embracenet_fasca_kd,51,10,all_corruptions_mean,0.8177777777777777
embracenet_fasca_kd,51,11,all_corruptions_mean,0.6488888888888888
embracenet_fasca_kd,51,12,all_corruptions_mean,0.9377777777777777
embracenet_fasca_kd,51,13,all_corruptions_mean,0.9822222222222223
embracenet_fasca_kd,51,14,all_corruptions_mean,0.9155555555555556
embracenet_fasca_kd,51,15,all_corruptions_mean,0.9466666666666668
embracenet_fasca_kd,51,16,all_corruptions_mean,0.9288888888888889
embracenet_fasca_kd,51,17,all_corruptions_mean,0.9022222222222223
embracenet_fasca_kd,51,18,all_corruptions_mean,0.9022222222222223
embracenet_fasca_kd,51,19,all_corruptions_mean,0.9644444444444444
embracenet_fasca_kd,51,20,all_corruptions_mean,0.9644444444444444
embracenet_fasca_kd,51,21,all_corruptions_mean,0.8666666666666666
embracenet_fasca_kd,51,22,all_corruptions_mean,0.9511111111111111
embracenet_fasca_kd,51,23,all_corruptions_mean,0.9644444444444444
embracenet_fasca_kd,51,25,all_corruptions_mean,0.8666666666666667
embracenet_fasca_kd,51,26,all_corruptions_mean,0.2977777777777778
embracenet_fasca_kd,51,27,all_corruptions_mean,0.9155555555555556
embracenet_fasca_kd,51,28,all_corruptions_mean,0.9644444444444444
embracenet_fasca_kd,51,29,all_corruptions_mean,0.35555555555555557
embracenet_fasca_kd,51,30,all_corruptions_mean,0.8933333333333333
embracenet_fasca_kd,51,31,all_corruptions_mean,0.9466666666666668
embracenet_fasca_kd,51,32,all_corruptions_mean,0.6266666666666666
embracenet_fasca_kd,51,33,all_corruptions_mean,0.92
embracenet_fasca_kd,51,34,all_corruptions_mean,1.0
embracenet_fasca_kd,51,35,all_corruptions_mean,0.9155555555555556
embracenet_fasca_kd,51,36,all_corruptions_mean,0.8044444444444444
embracenet_fasca_kd,51,37,all_corruptions_mean,0.9644444444444444
embracenet_fasca_kd,51,38,all_corruptions_mean,0.9333333333333332
embracenet_fasca_kd,51,39,all_corruptions_mean,0.8844444444444445
embracenet_fasca_kd,51,40,all_corruptions_mean,0.9333333333333332
embracenet_fasca_kd,51,41,all_corruptions_mean,0.9822222222222223
embracenet_fasca_kd,51,42,all_corruptions_mean,0.8933333333333333
embracenet_fasca_kd,51,43,all_corruptions_mean,0.6222222222222222
embracenet_fasca_kd,51,44,all_corruptions_mean,0.8977777777777777
embracenet_fasca_kd,51,45,all_corruptions_mean,0.6222222222222222
embracenet_fasca_kd,51,46,all_corruptions_mean,0.9333333333333332
embracenet_fasca_kd,51,48,all_corruptions_mean,0.9377777777777777
embracenet_fasca_kd,51,49,all_corruptions_mean,0.92
embracenet_fasca_kd,51,51,all_corruptions_mean,0.9466666666666668
embracenet_fasca_kd,51,52,all_corruptions_mean,0.9466666666666668
embracenet_fasca_kd,51,53,all_corruptions_mean,0.92
embracenet_fasca_kd,51,54,all_corruptions_mean,0.9644444444444444
embracenet_fasca_kd,51,55,all_corruptions_mean,0.7777777777777777
embracenet_fasca_kd,51,56,all_corruptions_mean,0.9333333333333332
embracenet_fasca_kd,51,57,all_corruptions_mean,0.9511111111111111
embracenet_fasca_kd,51,58,all_corruptions_mean,0.9688888888888889
embracenet_fasca_kd,51,59,all_corruptions_mean,0.9688888888888889
embracenet_fasca_kd,52,1,all_corruptions_mean,0.9511111111111111
embracenet_fasca_kd,52,3,all_corruptions_mean,0.32
embracenet_fasca_kd,52,4,all_corruptions_mean,0.9511111111111111
embracenet_fasca_kd,52,5,all_corruptions_mean,0.9022222222222221
embracenet_fasca_kd,52,6,all_corruptions_mean,0.9511111111111111
embracenet_fasca_kd,52,7,all_corruptions_mean,0.9022222222222221
embracenet_fasca_kd,52,8,all_corruptions_mean,0.32
embracenet_fasca_kd,52,9,all_corruptions_mean,0.9511111111111111
embracenet_fasca_kd,52,10,all_corruptions_mean,0.9333333333333332
embracenet_fasca_kd,52,11,all_corruptions_mean,0.5955555555555555
embracenet_fasca_kd,52,12,all_corruptions_mean,0.9377777777777777
embracenet_fasca_kd,52,13,all_corruptions_mean,0.9644444444444444
embracenet_fasca_kd,52,14,all_corruptions_mean,0.9688888888888889
embracenet_fasca_kd,52,15,all_corruptions_mean,0.9511111111111111
embracenet_fasca_kd,52,16,all_corruptions_mean,0.9466666666666665
embracenet_fasca_kd,52,17,all_corruptions_mean,0.92
embracenet_fasca_kd,52,18,all_corruptions_mean,0.9511111111111111
embracenet_fasca_kd,52,19,all_corruptions_mean,0.9644444444444444
embracenet_fasca_kd,52,20,all_corruptions_mean,0.9333333333333332
embracenet_fasca_kd,52,21,all_corruptions_mean,0.8844444444444445
embracenet_fasca_kd,52,22,all_corruptions_mean,0.9511111111111111
embracenet_fasca_kd,52,23,all_corruptions_mean,0.9644444444444444
embracenet_fasca_kd,52,25,all_corruptions_mean,0.8488888888888888
embracenet_fasca_kd,52,26,all_corruptions_mean,0.5755555555555555
embracenet_fasca_kd,52,27,all_corruptions_mean,0.9688888888888889
embracenet_fasca_kd,52,28,all_corruptions_mean,0.9333333333333332
embracenet_fasca_kd,52,29,all_corruptions_mean,0.4977777777777777
embracenet_fasca_kd,52,30,all_corruptions_mean,0.9466666666666668
embracenet_fasca_kd,52,31,all_corruptions_mean,0.9311111111111111
embracenet_fasca_kd,52,32,all_corruptions_mean,0.6666666666666665
embracenet_fasca_kd,52,33,all_corruptions_mean,0.9377777777777777
embracenet_fasca_kd,52,34,all_corruptions_mean,0.9644444444444444
embracenet_fasca_kd,52,35,all_corruptions_mean,0.92
embracenet_fasca_kd,52,36,all_corruptions_mean,0.8622222222222221
embracenet_fasca_kd,52,37,all_corruptions_mean,0.9511111111111111
embracenet_fasca_kd,52,38,all_corruptions_mean,0.9511111111111111
embracenet_fasca_kd,52,39,all_corruptions_mean,0.9155555555555556
embracenet_fasca_kd,52,40,all_corruptions_mean,0.9333333333333332
embracenet_fasca_kd,52,41,all_corruptions_mean,0.9644444444444444
embracenet_fasca_kd,52,42,all_corruptions_mean,0.9333333333333332
embracenet_fasca_kd,52,43,all_corruptions_mean,0.6355555555555555
embracenet_fasca_kd,52,44,all_corruptions_mean,0.9644444444444444
embracenet_fasca_kd,52,45,all_corruptions_mean,0.6222222222222222
embracenet_fasca_kd,52,46,all_corruptions_mean,0.9644444444444444
embracenet_fasca_kd,52,48,all_corruptions_mean,0.9377777777777777
embracenet_fasca_kd,52,49,all_corruptions_mean,0.9333333333333332
embracenet_fasca_kd,52,51,all_corruptions_mean,0.9333333333333332
embracenet_fasca_kd,52,52,all_corruptions_mean,0.9333333333333332
embracenet_fasca_kd,52,53,all_corruptions_mean,0.9377777777777777
embracenet_fasca_kd,52,54,all_corruptions_mean,0.9466666666666668
embracenet_fasca_kd,52,55,all_corruptions_mean,0.6177777777777778
embracenet_fasca_kd,52,56,all_corruptions_mean,0.9466666666666668
embracenet_fasca_kd,52,57,all_corruptions_mean,0.9644444444444444
embracenet_fasca_kd,52,58,all_corruptions_mean,0.9511111111111111
embracenet_fasca_kd,52,59,all_corruptions_mean,0.9822222222222223
embracenet_fasca_kd,53,1,all_corruptions_mean,0.9333333333333332
embracenet_fasca_kd,53,3,all_corruptions_mean,0.30666666666666664
embracenet_fasca_kd,53,4,all_corruptions_mean,0.9644444444444444
embracenet_fasca_kd,53,5,all_corruptions_mean,0.92
embracenet_fasca_kd,53,6,all_corruptions_mean,0.8666666666666667
embracenet_fasca_kd,53,7,all_corruptions_mean,0.8888888888888888
embracenet_fasca_kd,53,8,all_corruptions_mean,0.30666666666666664
embracenet_fasca_kd,53,9,all_corruptions_mean,0.9333333333333332
embracenet_fasca_kd,53,10,all_corruptions_mean,0.8777777777777778
embracenet_fasca_kd,53,11,all_corruptions_mean,0.5955555555555555
embracenet_fasca_kd,53,12,all_corruptions_mean,0.9377777777777777
embracenet_fasca_kd,53,13,all_corruptions_mean,0.9822222222222223
embracenet_fasca_kd,53,14,all_corruptions_mean,0.92
embracenet_fasca_kd,53,15,all_corruptions_mean,0.9644444444444444
embracenet_fasca_kd,53,16,all_corruptions_mean,0.8711111111111112
embracenet_fasca_kd,53,17,all_corruptions_mean,0.9022222222222223
embracenet_fasca_kd,53,18,all_corruptions_mean,0.9333333333333332
embracenet_fasca_kd,53,19,all_corruptions_mean,0.9466666666666668
embracenet_fasca_kd,53,20,all_corruptions_mean,0.9466666666666668
embracenet_fasca_kd,53,21,all_corruptions_mean,0.4977777777777777
embracenet_fasca_kd,53,22,all_corruptions_mean,0.9511111111111111
embracenet_fasca_kd,53,23,all_corruptions_mean,0.9466666666666668
embracenet_fasca_kd,53,25,all_corruptions_mean,0.6177777777777778
embracenet_fasca_kd,53,26,all_corruptions_mean,0.36
embracenet_fasca_kd,53,27,all_corruptions_mean,0.9333333333333332
embracenet_fasca_kd,53,28,all_corruptions_mean,0.9377777777777777
embracenet_fasca_kd,53,29,all_corruptions_mean,0.8888888888888888
embracenet_fasca_kd,53,30,all_corruptions_mean,0.9511111111111111
embracenet_fasca_kd,53,31,all_corruptions_mean,0.9066666666666667
embracenet_fasca_kd,53,32,all_corruptions_mean,0.64
embracenet_fasca_kd,53,33,all_corruptions_mean,0.9333333333333332
embracenet_fasca_kd,53,34,all_corruptions_mean,0.9288888888888889
embracenet_fasca_kd,53,35,all_corruptions_mean,0.92
embracenet_fasca_kd,53,36,all_corruptions_mean,0.9
embracenet_fasca_kd,53,37,all_corruptions_mean,0.9333333333333332
embracenet_fasca_kd,53,38,all_corruptions_mean,0.92
embracenet_fasca_kd,53,39,all_corruptions_mean,0.9022222222222221
embracenet_fasca_kd,53,40,all_corruptions_mean,0.9511111111111111
embracenet_fasca_kd,53,41,all_corruptions_mean,0.9822222222222223
embracenet_fasca_kd,53,42,all_corruptions_mean,0.9311111111111111
embracenet_fasca_kd,53,43,all_corruptions_mean,0.6133333333333333
embracenet_fasca_kd,53,44,all_corruptions_mean,0.9511111111111111
embracenet_fasca_kd,53,45,all_corruptions_mean,0.6488888888888888
embracenet_fasca_kd,53,46,all_corruptions_mean,0.92
embracenet_fasca_kd,53,48,all_corruptions_mean,0.92
embracenet_fasca_kd,53,49,all_corruptions_mean,0.92
embracenet_fasca_kd,53,51,all_corruptions_mean,0.9466666666666668
embracenet_fasca_kd,53,52,all_corruptions_mean,0.9333333333333332
embracenet_fasca_kd,53,53,all_corruptions_mean,0.92
embracenet_fasca_kd,53,54,all_corruptions_mean,0.9466666666666668
embracenet_fasca_kd,53,55,all_corruptions_mean,0.8444444444444444
embracenet_fasca_kd,53,56,all_corruptions_mean,0.9644444444444444
embracenet_fasca_kd,53,57,all_corruptions_mean,0.9066666666666667
embracenet_fasca_kd,53,58,all_corruptions_mean,0.9511111111111111
embracenet_fasca_kd,53,59,all_corruptions_mean,0.9333333333333332
moddrop_fasca_kd,51,1,all_corruptions_mean,0.92
moddrop_fasca_kd,51,3,all_corruptions_mean,0.30666666666666664
moddrop_fasca_kd,51,4,all_corruptions_mean,0.8888888888888888
moddrop_fasca_kd,51,5,all_corruptions_mean,0.8355555555555556
moddrop_fasca_kd,51,6,all_corruptions_mean,0.92
moddrop_fasca_kd,51,7,all_corruptions_mean,0.92
moddrop_fasca_kd,51,8,all_corruptions_mean,0.32
moddrop_fasca_kd,51,9,all_corruptions_mean,0.92
moddrop_fasca_kd,51,10,all_corruptions_mean,0.5444444444444444
moddrop_fasca_kd,51,11,all_corruptions_mean,0.6133333333333333
moddrop_fasca_kd,51,12,all_corruptions_mean,0.9377777777777777
moddrop_fasca_kd,51,13,all_corruptions_mean,0.9822222222222223
moddrop_fasca_kd,51,14,all_corruptions_mean,0.9644444444444444
moddrop_fasca_kd,51,15,all_corruptions_mean,0.9644444444444444
moddrop_fasca_kd,51,16,all_corruptions_mean,0.9822222222222223
moddrop_fasca_kd,51,17,all_corruptions_mean,0.8711111111111112
moddrop_fasca_kd,51,18,all_corruptions_mean,0.9022222222222223
moddrop_fasca_kd,51,19,all_corruptions_mean,0.9466666666666668
moddrop_fasca_kd,51,20,all_corruptions_mean,0.9022222222222223
moddrop_fasca_kd,51,21,all_corruptions_mean,0.9644444444444444
moddrop_fasca_kd,51,22,all_corruptions_mean,0.9288888888888889
moddrop_fasca_kd,51,23,all_corruptions_mean,0.9288888888888889
moddrop_fasca_kd,51,25,all_corruptions_mean,0.9022222222222221
moddrop_fasca_kd,51,26,all_corruptions_mean,0.40444444444444444
moddrop_fasca_kd,51,27,all_corruptions_mean,0.9511111111111111
moddrop_fasca_kd,51,28,all_corruptions_mean,0.9377777777777777
moddrop_fasca_kd,51,29,all_corruptions_mean,0.3422222222222222
moddrop_fasca_kd,51,30,all_corruptions_mean,0.9466666666666668
moddrop_fasca_kd,51,31,all_corruptions_mean,0.9333333333333332
moddrop_fasca_kd,51,32,all_corruptions_mean,0.6355555555555555
moddrop_fasca_kd,51,33,all_corruptions_mean,0.9022222222222221
moddrop_fasca_kd,51,34,all_corruptions_mean,0.9155555555555556
moddrop_fasca_kd,51,35,all_corruptions_mean,0.9022222222222223
moddrop_fasca_kd,51,36,all_corruptions_mean,0.92
moddrop_fasca_kd,51,37,all_corruptions_mean,0.9377777777777777
moddrop_fasca_kd,51,38,all_corruptions_mean,0.9466666666666668
moddrop_fasca_kd,51,39,all_corruptions_mean,0.9022222222222221
moddrop_fasca_kd,51,40,all_corruptions_mean,0.9644444444444444
moddrop_fasca_kd,51,41,all_corruptions_mean,0.9022222222222223
moddrop_fasca_kd,51,42,all_corruptions_mean,0.7866666666666666
moddrop_fasca_kd,51,43,all_corruptions_mean,0.6222222222222222
moddrop_fasca_kd,51,44,all_corruptions_mean,0.9333333333333332
moddrop_fasca_kd,51,45,all_corruptions_mean,0.6
moddrop_fasca_kd,51,46,all_corruptions_mean,0.9822222222222223
moddrop_fasca_kd,51,48,all_corruptions_mean,0.92
moddrop_fasca_kd,51,49,all_corruptions_mean,0.9333333333333332
moddrop_fasca_kd,51,51,all_corruptions_mean,0.9333333333333332
moddrop_fasca_kd,51,52,all_corruptions_mean,0.9466666666666668
moddrop_fasca_kd,51,53,all_corruptions_mean,0.92
moddrop_fasca_kd,51,54,all_corruptions_mean,0.92
moddrop_fasca_kd,51,55,all_corruptions_mean,0.5955555555555555
moddrop_fasca_kd,51,56,all_corruptions_mean,0.8488888888888888
moddrop_fasca_kd,51,57,all_corruptions_mean,0.9333333333333332
moddrop_fasca_kd,51,58,all_corruptions_mean,0.9511111111111111
moddrop_fasca_kd,51,59,all_corruptions_mean,0.9688888888888889
moddrop_fasca_kd,52,1,all_corruptions_mean,0.9333333333333332
moddrop_fasca_kd,52,3,all_corruptions_mean,0.30666666666666664
moddrop_fasca_kd,52,4,all_corruptions_mean,0.9688888888888889
moddrop_fasca_kd,52,5,all_corruptions_mean,0.8711111111111112
moddrop_fasca_kd,52,6,all_corruptions_mean,0.9377777777777777
moddrop_fasca_kd,52,7,all_corruptions_mean,0.92
moddrop_fasca_kd,52,8,all_corruptions_mean,0.32
moddrop_fasca_kd,52,9,all_corruptions_mean,0.9511111111111111
moddrop_fasca_kd,52,10,all_corruptions_mean,0.82
moddrop_fasca_kd,52,11,all_corruptions_mean,0.6311111111111111
moddrop_fasca_kd,52,12,all_corruptions_mean,0.9511111111111111
moddrop_fasca_kd,52,13,all_corruptions_mean,1.0
moddrop_fasca_kd,52,14,all_corruptions_mean,0.9688888888888889
moddrop_fasca_kd,52,15,all_corruptions_mean,0.9822222222222223
moddrop_fasca_kd,52,16,all_corruptions_mean,0.9822222222222223
moddrop_fasca_kd,52,17,all_corruptions_mean,0.92
moddrop_fasca_kd,52,18,all_corruptions_mean,0.9511111111111111
moddrop_fasca_kd,52,19,all_corruptions_mean,0.9644444444444444
moddrop_fasca_kd,52,20,all_corruptions_mean,0.9333333333333332
moddrop_fasca_kd,52,21,all_corruptions_mean,0.5688888888888889
moddrop_fasca_kd,52,22,all_corruptions_mean,0.9511111111111111
moddrop_fasca_kd,52,23,all_corruptions_mean,1.0
moddrop_fasca_kd,52,25,all_corruptions_mean,0.5511111111111111
moddrop_fasca_kd,52,26,all_corruptions_mean,0.6044444444444445
moddrop_fasca_kd,52,27,all_corruptions_mean,0.9822222222222223
moddrop_fasca_kd,52,28,all_corruptions_mean,0.9333333333333332
moddrop_fasca_kd,52,29,all_corruptions_mean,0.5866666666666666
moddrop_fasca_kd,52,30,all_corruptions_mean,0.9466666666666668
moddrop_fasca_kd,52,31,all_corruptions_mean,0.92
moddrop_fasca_kd,52,32,all_corruptions_mean,0.6488888888888888
moddrop_fasca_kd,52,33,all_corruptions_mean,0.92
moddrop_fasca_kd,52,34,all_corruptions_mean,0.9644444444444444
moddrop_fasca_kd,52,35,all_corruptions_mean,0.9333333333333332
moddrop_fasca_kd,52,36,all_corruptions_mean,0.9377777777777777
moddrop_fasca_kd,52,37,all_corruptions_mean,0.92
moddrop_fasca_kd,52,38,all_corruptions_mean,0.9511111111111111
moddrop_fasca_kd,52,39,all_corruptions_mean,0.9155555555555556
moddrop_fasca_kd,52,40,all_corruptions_mean,0.9644444444444444
moddrop_fasca_kd,52,41,all_corruptions_mean,1.0
moddrop_fasca_kd,52,42,all_corruptions_mean,0.9822222222222223
moddrop_fasca_kd,52,43,all_corruptions_mean,0.6488888888888888
moddrop_fasca_kd,52,44,all_corruptions_mean,0.9822222222222223
moddrop_fasca_kd,52,45,all_corruptions_mean,0.6488888888888888
moddrop_fasca_kd,52,46,all_corruptions_mean,0.9377777777777777
moddrop_fasca_kd,52,48,all_corruptions_mean,0.9511111111111111
moddrop_fasca_kd,52,49,all_corruptions_mean,0.9822222222222223
moddrop_fasca_kd,52,51,all_corruptions_mean,0.9688888888888889
moddrop_fasca_kd,52,52,all_corruptions_mean,0.9466666666666668
moddrop_fasca_kd,52,53,all_corruptions_mean,0.9333333333333332
moddrop_fasca_kd,52,54,all_corruptions_mean,1.0
moddrop_fasca_kd,52,55,all_corruptions_mean,0.8311111111111111
moddrop_fasca_kd,52,56,all_corruptions_mean,0.9466666666666665
moddrop_fasca_kd,52,57,all_corruptions_mean,0.9377777777777777
moddrop_fasca_kd,52,58,all_corruptions_mean,0.9511111111111111
moddrop_fasca_kd,52,59,all_corruptions_mean,0.9822222222222223
moddrop_fasca_kd,53,1,all_corruptions_mean,0.9644444444444444
moddrop_fasca_kd,53,3,all_corruptions_mean,0.30666666666666664
moddrop_fasca_kd,53,4,all_corruptions_mean,0.9688888888888889
moddrop_fasca_kd,53,5,all_corruptions_mean,0.92
moddrop_fasca_kd,53,6,all_corruptions_mean,0.7377777777777778
moddrop_fasca_kd,53,7,all_corruptions_mean,0.9022222222222221
moddrop_fasca_kd,53,8,all_corruptions_mean,0.30666666666666664
moddrop_fasca_kd,53,9,all_corruptions_mean,0.9511111111111111
moddrop_fasca_kd,53,10,all_corruptions_mean,0.8577777777777778
moddrop_fasca_kd,53,11,all_corruptions_mean,0.5955555555555555
moddrop_fasca_kd,53,12,all_corruptions_mean,0.92
moddrop_fasca_kd,53,13,all_corruptions_mean,1.0
moddrop_fasca_kd,53,14,all_corruptions_mean,0.9822222222222223
moddrop_fasca_kd,53,15,all_corruptions_mean,0.9511111111111111
moddrop_fasca_kd,53,16,all_corruptions_mean,0.9511111111111111
moddrop_fasca_kd,53,17,all_corruptions_mean,0.6355555555555555
moddrop_fasca_kd,53,18,all_corruptions_mean,0.9511111111111111
moddrop_fasca_kd,53,19,all_corruptions_mean,0.9822222222222223
moddrop_fasca_kd,53,20,all_corruptions_mean,0.92
moddrop_fasca_kd,53,21,all_corruptions_mean,0.8133333333333332
moddrop_fasca_kd,53,22,all_corruptions_mean,0.9511111111111111
moddrop_fasca_kd,53,23,all_corruptions_mean,0.9466666666666668
moddrop_fasca_kd,53,25,all_corruptions_mean,0.5822222222222222
moddrop_fasca_kd,53,26,all_corruptions_mean,0.5866666666666666
moddrop_fasca_kd,53,27,all_corruptions_mean,0.9333333333333332
moddrop_fasca_kd,53,28,all_corruptions_mean,0.9511111111111111
moddrop_fasca_kd,53,29,all_corruptions_mean,0.7911111111111111
moddrop_fasca_kd,53,30,all_corruptions_mean,0.9288888888888889
moddrop_fasca_kd,53,31,all_corruptions_mean,0.9333333333333332
moddrop_fasca_kd,53,32,all_corruptions_mean,0.6666666666666665
moddrop_fasca_kd,53,33,all_corruptions_mean,0.9511111111111111
moddrop_fasca_kd,53,34,all_corruptions_mean,0.9644444444444444
moddrop_fasca_kd,53,35,all_corruptions_mean,0.9333333333333332
moddrop_fasca_kd,53,36,all_corruptions_mean,0.92
moddrop_fasca_kd,53,37,all_corruptions_mean,0.9155555555555556
moddrop_fasca_kd,53,38,all_corruptions_mean,0.9688888888888889
moddrop_fasca_kd,53,39,all_corruptions_mean,0.9066666666666667
moddrop_fasca_kd,53,40,all_corruptions_mean,0.9333333333333332
moddrop_fasca_kd,53,41,all_corruptions_mean,0.9511111111111111
moddrop_fasca_kd,53,42,all_corruptions_mean,0.8711111111111112
moddrop_fasca_kd,53,43,all_corruptions_mean,0.6133333333333333
moddrop_fasca_kd,53,44,all_corruptions_mean,0.9511111111111111
moddrop_fasca_kd,53,45,all_corruptions_mean,0.6355555555555555
moddrop_fasca_kd,53,46,all_corruptions_mean,0.9466666666666668
moddrop_fasca_kd,53,48,all_corruptions_mean,0.92
moddrop_fasca_kd,53,49,all_corruptions_mean,0.9377777777777777
moddrop_fasca_kd,53,51,all_corruptions_mean,0.92
moddrop_fasca_kd,53,52,all_corruptions_mean,0.9511111111111111
moddrop_fasca_kd,53,53,all_corruptions_mean,0.5866666666666666
moddrop_fasca_kd,53,54,all_corruptions_mean,0.9377777777777777
moddrop_fasca_kd,53,55,all_corruptions_mean,0.8666666666666667
moddrop_fasca_kd,53,56,all_corruptions_mean,0.9022222222222223
moddrop_fasca_kd,53,57,all_corruptions_mean,0.9511111111111111
moddrop_fasca_kd,53,58,all_corruptions_mean,0.9822222222222223
moddrop_fasca_kd,53,59,all_corruptions_mean,0.9511111111111111
sensor_aug_kd,51,1,all_corruptions_mean,0.9333333333333332
sensor_aug_kd,51,3,all_corruptions_mean,0.30666666666666664
sensor_aug_kd,51,4,all_corruptions_mean,0.92
sensor_aug_kd,51,5,all_corruptions_mean,0.9022222222222221
sensor_aug_kd,51,6,all_corruptions_mean,0.9333333333333332
sensor_aug_kd,51,7,all_corruptions_mean,0.9155555555555556
sensor_aug_kd,51,8,all_corruptions_mean,0.08
sensor_aug_kd,51,9,all_corruptions_mean,0.9511111111111111
sensor_aug_kd,51,10,all_corruptions_mean,0.92
sensor_aug_kd,51,11,all_corruptions_mean,0.6311111111111111
sensor_aug_kd,51,12,all_corruptions_mean,0.9688888888888889
sensor_aug_kd,51,13,all_corruptions_mean,1.0
sensor_aug_kd,51,14,all_corruptions_mean,1.0
sensor_aug_kd,51,15,all_corruptions_mean,0.751111111111111
sensor_aug_kd,51,16,all_corruptions_mean,0.9644444444444444
sensor_aug_kd,51,17,all_corruptions_mean,0.7777777777777777
sensor_aug_kd,51,18,all_corruptions_mean,0.9333333333333332
sensor_aug_kd,51,19,all_corruptions_mean,0.9466666666666668
sensor_aug_kd,51,20,all_corruptions_mean,0.9644444444444444
sensor_aug_kd,51,21,all_corruptions_mean,0.92
sensor_aug_kd,51,22,all_corruptions_mean,0.9466666666666668
sensor_aug_kd,51,23,all_corruptions_mean,1.0
sensor_aug_kd,51,25,all_corruptions_mean,0.5822222222222222
sensor_aug_kd,51,26,all_corruptions_mean,0.5244444444444444
sensor_aug_kd,51,27,all_corruptions_mean,0.9511111111111111
sensor_aug_kd,51,28,all_corruptions_mean,0.9644444444444444
sensor_aug_kd,51,29,all_corruptions_mean,0.5511111111111111
sensor_aug_kd,51,30,all_corruptions_mean,0.68
sensor_aug_kd,51,31,all_corruptions_mean,0.9511111111111111
sensor_aug_kd,51,32,all_corruptions_mean,0.6533333333333333
sensor_aug_kd,51,33,all_corruptions_mean,0.9333333333333332
sensor_aug_kd,51,34,all_corruptions_mean,0.9511111111111111
sensor_aug_kd,51,35,all_corruptions_mean,0.9377777777777777
sensor_aug_kd,51,36,all_corruptions_mean,0.5644444444444443
sensor_aug_kd,51,37,all_corruptions_mean,0.8933333333333333
sensor_aug_kd,51,38,all_corruptions_mean,0.9644444444444444
sensor_aug_kd,51,39,all_corruptions_mean,0.8977777777777777
sensor_aug_kd,51,40,all_corruptions_mean,0.9511111111111111
sensor_aug_kd,51,41,all_corruptions_mean,1.0
sensor_aug_kd,51,42,all_corruptions_mean,0.9466666666666668
sensor_aug_kd,51,43,all_corruptions_mean,0.6311111111111111
sensor_aug_kd,51,44,all_corruptions_mean,0.9333333333333332
sensor_aug_kd,51,45,all_corruptions_mean,0.6488888888888888
sensor_aug_kd,51,46,all_corruptions_mean,0.9644444444444444
sensor_aug_kd,51,48,all_corruptions_mean,0.9288888888888889
sensor_aug_kd,51,49,all_corruptions_mean,0.8933333333333333
sensor_aug_kd,51,51,all_corruptions_mean,0.9511111111111111
sensor_aug_kd,51,52,all_corruptions_mean,0.9822222222222223
sensor_aug_kd,51,53,all_corruptions_mean,0.9066666666666667
sensor_aug_kd,51,54,all_corruptions_mean,0.9288888888888889
sensor_aug_kd,51,55,all_corruptions_mean,0.9155555555555556
sensor_aug_kd,51,56,all_corruptions_mean,0.9466666666666668
sensor_aug_kd,51,57,all_corruptions_mean,0.9333333333333332
sensor_aug_kd,51,58,all_corruptions_mean,0.9511111111111111
sensor_aug_kd,51,59,all_corruptions_mean,0.9466666666666668
sensor_aug_kd,52,1,all_corruptions_mean,0.9377777777777777
sensor_aug_kd,52,3,all_corruptions_mean,0.30666666666666664
sensor_aug_kd,52,4,all_corruptions_mean,0.9377777777777777
sensor_aug_kd,52,5,all_corruptions_mean,0.8888888888888888
sensor_aug_kd,52,6,all_corruptions_mean,0.6133333333333333
sensor_aug_kd,52,7,all_corruptions_mean,0.9111111111111111
sensor_aug_kd,52,8,all_corruptions_mean,0.09333333333333332
sensor_aug_kd,52,9,all_corruptions_mean,0.9333333333333332
sensor_aug_kd,52,10,all_corruptions_mean,0.8088888888888889
sensor_aug_kd,52,11,all_corruptions_mean,0.6311111111111111
sensor_aug_kd,52,12,all_corruptions_mean,0.9511111111111111
sensor_aug_kd,52,13,all_corruptions_mean,1.0
sensor_aug_kd,52,14,all_corruptions_mean,0.9466666666666668
sensor_aug_kd,52,15,all_corruptions_mean,0.9644444444444444
sensor_aug_kd,52,16,all_corruptions_mean,0.9822222222222223
sensor_aug_kd,52,17,all_corruptions_mean,0.8088888888888889
sensor_aug_kd,52,18,all_corruptions_mean,0.9155555555555556
sensor_aug_kd,52,19,all_corruptions_mean,0.9644444444444444
sensor_aug_kd,52,20,all_corruptions_mean,0.9466666666666668
sensor_aug_kd,52,21,all_corruptions_mean,0.6
sensor_aug_kd,52,22,all_corruptions_mean,0.9688888888888889
sensor_aug_kd,52,23,all_corruptions_mean,0.9511111111111111
sensor_aug_kd,52,25,all_corruptions_mean,0.5288888888888887
sensor_aug_kd,52,26,all_corruptions_mean,0.6133333333333333
sensor_aug_kd,52,27,all_corruptions_mean,0.9466666666666668
sensor_aug_kd,52,28,all_corruptions_mean,0.9333333333333332
sensor_aug_kd,52,29,all_corruptions_mean,0.5777777777777777
sensor_aug_kd,52,30,all_corruptions_mean,0.9155555555555556
sensor_aug_kd,52,31,all_corruptions_mean,0.9066666666666667
sensor_aug_kd,52,32,all_corruptions_mean,0.6666666666666665
sensor_aug_kd,52,33,all_corruptions_mean,0.9466666666666668
sensor_aug_kd,52,34,all_corruptions_mean,0.9644444444444444
sensor_aug_kd,52,35,all_corruptions_mean,0.9333333333333332
sensor_aug_kd,52,36,all_corruptions_mean,0.6088888888888888
sensor_aug_kd,52,37,all_corruptions_mean,0.92
sensor_aug_kd,52,38,all_corruptions_mean,0.9333333333333332
sensor_aug_kd,52,39,all_corruptions_mean,0.8977777777777777
sensor_aug_kd,52,40,all_corruptions_mean,0.9511111111111111
sensor_aug_kd,52,41,all_corruptions_mean,1.0
sensor_aug_kd,52,42,all_corruptions_mean,0.6488888888888888
sensor_aug_kd,52,43,all_corruptions_mean,0.6666666666666665
sensor_aug_kd,52,44,all_corruptions_mean,0.9644444444444444
sensor_aug_kd,52,45,all_corruptions_mean,0.6488888888888888
sensor_aug_kd,52,46,all_corruptions_mean,0.9288888888888889
sensor_aug_kd,52,48,all_corruptions_mean,0.9511111111111111
sensor_aug_kd,52,49,all_corruptions_mean,0.7288888888888888
sensor_aug_kd,52,51,all_corruptions_mean,0.9333333333333332
sensor_aug_kd,52,52,all_corruptions_mean,0.9466666666666668
sensor_aug_kd,52,53,all_corruptions_mean,0.6311111111111111
sensor_aug_kd,52,54,all_corruptions_mean,0.9511111111111111
sensor_aug_kd,52,55,all_corruptions_mean,0.8711111111111112
sensor_aug_kd,52,56,all_corruptions_mean,0.9644444444444444
sensor_aug_kd,52,57,all_corruptions_mean,0.92
sensor_aug_kd,52,58,all_corruptions_mean,0.9377777777777777
sensor_aug_kd,52,59,all_corruptions_mean,0.9644444444444444
sensor_aug_kd,53,1,all_corruptions_mean,0.9066666666666667
sensor_aug_kd,53,3,all_corruptions_mean,0.30666666666666664
sensor_aug_kd,53,4,all_corruptions_mean,0.9511111111111111
sensor_aug_kd,53,5,all_corruptions_mean,0.8377777777777777
sensor_aug_kd,53,6,all_corruptions_mean,0.9511111111111111
sensor_aug_kd,53,7,all_corruptions_mean,0.92
sensor_aug_kd,53,8,all_corruptions_mean,0.30666666666666664
sensor_aug_kd,53,9,all_corruptions_mean,0.9377777777777777
sensor_aug_kd,53,10,all_corruptions_mean,0.8888888888888888
sensor_aug_kd,53,11,all_corruptions_mean,0.6133333333333333
sensor_aug_kd,53,12,all_corruptions_mean,0.8844444444444445
sensor_aug_kd,53,13,all_corruptions_mean,0.9333333333333332
sensor_aug_kd,53,14,all_corruptions_mean,0.9688888888888889
sensor_aug_kd,53,15,all_corruptions_mean,0.92
sensor_aug_kd,53,16,all_corruptions_mean,0.9466666666666668
sensor_aug_kd,53,17,all_corruptions_mean,0.8755555555555555
sensor_aug_kd,53,18,all_corruptions_mean,0.9022222222222223
sensor_aug_kd,53,19,all_corruptions_mean,0.9333333333333332
sensor_aug_kd,53,20,all_corruptions_mean,0.9466666666666668
sensor_aug_kd,53,21,all_corruptions_mean,0.5822222222222222
sensor_aug_kd,53,22,all_corruptions_mean,1.0
sensor_aug_kd,53,23,all_corruptions_mean,0.9644444444444444
sensor_aug_kd,53,25,all_corruptions_mean,0.8666666666666667
sensor_aug_kd,53,26,all_corruptions_mean,0.5511111111111111
sensor_aug_kd,53,27,all_corruptions_mean,0.9688888888888889
sensor_aug_kd,53,28,all_corruptions_mean,0.9333333333333332
sensor_aug_kd,53,29,all_corruptions_mean,0.5866666666666666
sensor_aug_kd,53,30,all_corruptions_mean,0.9022222222222221
sensor_aug_kd,53,31,all_corruptions_mean,0.9066666666666667
sensor_aug_kd,53,32,all_corruptions_mean,0.6533333333333333
sensor_aug_kd,53,33,all_corruptions_mean,0.92
sensor_aug_kd,53,34,all_corruptions_mean,0.9511111111111111
sensor_aug_kd,53,35,all_corruptions_mean,0.92
sensor_aug_kd,53,36,all_corruptions_mean,0.4977777777777777
sensor_aug_kd,53,37,all_corruptions_mean,0.8444444444444444
sensor_aug_kd,53,38,all_corruptions_mean,0.9333333333333332
sensor_aug_kd,53,39,all_corruptions_mean,0.6488888888888888
sensor_aug_kd,53,40,all_corruptions_mean,0.9333333333333332
sensor_aug_kd,53,41,all_corruptions_mean,0.9822222222222223
sensor_aug_kd,53,42,all_corruptions_mean,0.9333333333333332
sensor_aug_kd,53,43,all_corruptions_mean,0.5955555555555555
sensor_aug_kd,53,44,all_corruptions_mean,0.9333333333333332
sensor_aug_kd,53,45,all_corruptions_mean,0.6488888888888888
sensor_aug_kd,53,46,all_corruptions_mean,0.9822222222222223
sensor_aug_kd,53,48,all_corruptions_mean,0.9333333333333332
sensor_aug_kd,53,49,all_corruptions_mean,0.6755555555555555
sensor_aug_kd,53,51,all_corruptions_mean,0.9333333333333332
sensor_aug_kd,53,52,all_corruptions_mean,0.9155555555555556
sensor_aug_kd,53,53,all_corruptions_mean,0.9022222222222221
sensor_aug_kd,53,54,all_corruptions_mean,0.9288888888888889
sensor_aug_kd,53,55,all_corruptions_mean,0.8288888888888889
sensor_aug_kd,53,56,all_corruptions_mean,0.9155555555555556
sensor_aug_kd,53,57,all_corruptions_mean,0.8888888888888888
sensor_aug_kd,53,58,all_corruptions_mean,0.92
sensor_aug_kd,53,59,all_corruptions_mean,0.9155555555555556
uniform_rapid_fasca_kd,51,1,all_corruptions_mean,0.9155555555555556
uniform_rapid_fasca_kd,51,3,all_corruptions_mean,0.30666666666666664
uniform_rapid_fasca_kd,51,4,all_corruptions_mean,0.9333333333333332
uniform_rapid_fasca_kd,51,5,all_corruptions_mean,0.8844444444444445
uniform_rapid_fasca_kd,51,6,all_corruptions_mean,0.9333333333333332
uniform_rapid_fasca_kd,51,7,all_corruptions_mean,0.9022222222222221
uniform_rapid_fasca_kd,51,8,all_corruptions_mean,0.30666666666666664
uniform_rapid_fasca_kd,51,9,all_corruptions_mean,0.9377777777777777
uniform_rapid_fasca_kd,51,10,all_corruptions_mean,0.92
uniform_rapid_fasca_kd,51,11,all_corruptions_mean,0.6666666666666665
uniform_rapid_fasca_kd,51,12,all_corruptions_mean,0.9377777777777777
uniform_rapid_fasca_kd,51,13,all_corruptions_mean,1.0
uniform_rapid_fasca_kd,51,14,all_corruptions_mean,0.9822222222222223
uniform_rapid_fasca_kd,51,15,all_corruptions_mean,0.9822222222222223
uniform_rapid_fasca_kd,51,16,all_corruptions_mean,0.9644444444444444
uniform_rapid_fasca_kd,51,17,all_corruptions_mean,0.9111111111111111
uniform_rapid_fasca_kd,51,18,all_corruptions_mean,0.9511111111111111
uniform_rapid_fasca_kd,51,19,all_corruptions_mean,0.9822222222222223
uniform_rapid_fasca_kd,51,20,all_corruptions_mean,0.9511111111111111
uniform_rapid_fasca_kd,51,21,all_corruptions_mean,0.92
uniform_rapid_fasca_kd,51,22,all_corruptions_mean,0.9511111111111111
uniform_rapid_fasca_kd,51,23,all_corruptions_mean,1.0
uniform_rapid_fasca_kd,51,25,all_corruptions_mean,0.8844444444444445
uniform_rapid_fasca_kd,51,26,all_corruptions_mean,0.5244444444444444
uniform_rapid_fasca_kd,51,27,all_corruptions_mean,0.9333333333333332
uniform_rapid_fasca_kd,51,28,all_corruptions_mean,0.9511111111111111
uniform_rapid_fasca_kd,51,29,all_corruptions_mean,0.5644444444444444
uniform_rapid_fasca_kd,51,30,all_corruptions_mean,0.9333333333333332
uniform_rapid_fasca_kd,51,31,all_corruptions_mean,0.9333333333333332
uniform_rapid_fasca_kd,51,32,all_corruptions_mean,0.6533333333333333
uniform_rapid_fasca_kd,51,33,all_corruptions_mean,0.9333333333333332
uniform_rapid_fasca_kd,51,34,all_corruptions_mean,0.9822222222222223
uniform_rapid_fasca_kd,51,35,all_corruptions_mean,0.9333333333333332
uniform_rapid_fasca_kd,51,36,all_corruptions_mean,0.5822222222222222
uniform_rapid_fasca_kd,51,37,all_corruptions_mean,0.9333333333333332
uniform_rapid_fasca_kd,51,38,all_corruptions_mean,0.9511111111111111
uniform_rapid_fasca_kd,51,39,all_corruptions_mean,0.8977777777777777
uniform_rapid_fasca_kd,51,40,all_corruptions_mean,0.9333333333333332
uniform_rapid_fasca_kd,51,41,all_corruptions_mean,1.0
uniform_rapid_fasca_kd,51,42,all_corruptions_mean,0.9644444444444444
uniform_rapid_fasca_kd,51,43,all_corruptions_mean,0.6133333333333333
uniform_rapid_fasca_kd,51,44,all_corruptions_mean,0.9333333333333332
uniform_rapid_fasca_kd,51,45,all_corruptions_mean,0.6488888888888888
uniform_rapid_fasca_kd,51,46,all_corruptions_mean,0.9644444444444444
uniform_rapid_fasca_kd,51,48,all_corruptions_mean,0.9333333333333332
uniform_rapid_fasca_kd,51,49,all_corruptions_mean,0.9111111111111111
uniform_rapid_fasca_kd,51,51,all_corruptions_mean,0.9511111111111111
uniform_rapid_fasca_kd,51,52,all_corruptions_mean,0.9511111111111111
uniform_rapid_fasca_kd,51,53,all_corruptions_mean,0.92
uniform_rapid_fasca_kd,51,54,all_corruptions_mean,0.9333333333333332
uniform_rapid_fasca_kd,51,55,all_corruptions_mean,0.9155555555555556
uniform_rapid_fasca_kd,51,56,all_corruptions_mean,0.9644444444444444
uniform_rapid_fasca_kd,51,57,all_corruptions_mean,0.9333333333333332
uniform_rapid_fasca_kd,51,58,all_corruptions_mean,0.9511111111111111
uniform_rapid_fasca_kd,51,59,all_corruptions_mean,0.9466666666666668
uniform_rapid_fasca_kd,52,1,all_corruptions_mean,0.9511111111111111
uniform_rapid_fasca_kd,52,3,all_corruptions_mean,0.30666666666666664
uniform_rapid_fasca_kd,52,4,all_corruptions_mean,0.9644444444444444
uniform_rapid_fasca_kd,52,5,all_corruptions_mean,0.8888888888888888
uniform_rapid_fasca_kd,52,6,all_corruptions_mean,0.6311111111111111
uniform_rapid_fasca_kd,52,7,all_corruptions_mean,0.88
uniform_rapid_fasca_kd,52,8,all_corruptions_mean,0.30666666666666664
uniform_rapid_fasca_kd,52,9,all_corruptions_mean,0.9155555555555556
uniform_rapid_fasca_kd,52,10,all_corruptions_mean,0.8266666666666667
uniform_rapid_fasca_kd,52,11,all_corruptions_mean,0.6311111111111111
uniform_rapid_fasca_kd,52,12,all_corruptions_mean,0.9511111111111111
uniform_rapid_fasca_kd,52,13,all_corruptions_mean,1.0
uniform_rapid_fasca_kd,52,14,all_corruptions_mean,0.9644444444444444
uniform_rapid_fasca_kd,52,15,all_corruptions_mean,0.9822222222222223
uniform_rapid_fasca_kd,52,16,all_corruptions_mean,0.9822222222222223
uniform_rapid_fasca_kd,52,17,all_corruptions_mean,0.9155555555555556
uniform_rapid_fasca_kd,52,18,all_corruptions_mean,0.9511111111111111
uniform_rapid_fasca_kd,52,19,all_corruptions_mean,0.9822222222222223
uniform_rapid_fasca_kd,52,20,all_corruptions_mean,0.9466666666666668
uniform_rapid_fasca_kd,52,21,all_corruptions_mean,0.5466666666666665
uniform_rapid_fasca_kd,52,22,all_corruptions_mean,0.9822222222222223
uniform_rapid_fasca_kd,52,23,all_corruptions_mean,0.9511111111111111
uniform_rapid_fasca_kd,52,25,all_corruptions_mean,0.5288888888888887
uniform_rapid_fasca_kd,52,26,all_corruptions_mean,0.7911111111111111
uniform_rapid_fasca_kd,52,27,all_corruptions_mean,0.9155555555555556
uniform_rapid_fasca_kd,52,28,all_corruptions_mean,0.9333333333333332
uniform_rapid_fasca_kd,52,29,all_corruptions_mean,0.6177777777777778
uniform_rapid_fasca_kd,52,30,all_corruptions_mean,0.9511111111111111
uniform_rapid_fasca_kd,52,31,all_corruptions_mean,0.9066666666666667
uniform_rapid_fasca_kd,52,32,all_corruptions_mean,0.6666666666666665
uniform_rapid_fasca_kd,52,33,all_corruptions_mean,0.9466666666666668
uniform_rapid_fasca_kd,52,34,all_corruptions_mean,0.9644444444444444
uniform_rapid_fasca_kd,52,35,all_corruptions_mean,0.9333333333333332
uniform_rapid_fasca_kd,52,36,all_corruptions_mean,0.8133333333333332
uniform_rapid_fasca_kd,52,37,all_corruptions_mean,0.9333333333333332
uniform_rapid_fasca_kd,52,38,all_corruptions_mean,0.9333333333333332
uniform_rapid_fasca_kd,52,39,all_corruptions_mean,0.9155555555555556
uniform_rapid_fasca_kd,52,40,all_corruptions_mean,0.9688888888888889
uniform_rapid_fasca_kd,52,41,all_corruptions_mean,0.9644444444444444
uniform_rapid_fasca_kd,52,42,all_corruptions_mean,0.72
uniform_rapid_fasca_kd,52,43,all_corruptions_mean,0.6311111111111111
uniform_rapid_fasca_kd,52,44,all_corruptions_mean,0.9511111111111111
uniform_rapid_fasca_kd,52,45,all_corruptions_mean,0.6488888888888888
uniform_rapid_fasca_kd,52,46,all_corruptions_mean,0.9288888888888889
uniform_rapid_fasca_kd,52,48,all_corruptions_mean,0.9511111111111111
uniform_rapid_fasca_kd,52,49,all_corruptions_mean,0.9644444444444444
uniform_rapid_fasca_kd,52,51,all_corruptions_mean,0.9511111111111111
uniform_rapid_fasca_kd,52,52,all_corruptions_mean,0.9155555555555556
uniform_rapid_fasca_kd,52,53,all_corruptions_mean,0.5644444444444443
uniform_rapid_fasca_kd,52,54,all_corruptions_mean,0.9644444444444444
uniform_rapid_fasca_kd,52,55,all_corruptions_mean,0.8844444444444445
uniform_rapid_fasca_kd,52,56,all_corruptions_mean,0.9644444444444444
uniform_rapid_fasca_kd,52,57,all_corruptions_mean,0.9377777777777777
uniform_rapid_fasca_kd,52,58,all_corruptions_mean,0.9377777777777777
uniform_rapid_fasca_kd,52,59,all_corruptions_mean,0.9822222222222223
uniform_rapid_fasca_kd,53,1,all_corruptions_mean,0.9333333333333332
uniform_rapid_fasca_kd,53,3,all_corruptions_mean,0.30666666666666664
uniform_rapid_fasca_kd,53,4,all_corruptions_mean,0.9511111111111111
uniform_rapid_fasca_kd,53,5,all_corruptions_mean,0.8377777777777777
uniform_rapid_fasca_kd,53,6,all_corruptions_mean,0.9511111111111111
uniform_rapid_fasca_kd,53,7,all_corruptions_mean,0.92
uniform_rapid_fasca_kd,53,8,all_corruptions_mean,0.30666666666666664
uniform_rapid_fasca_kd,53,9,all_corruptions_mean,0.9377777777777777
uniform_rapid_fasca_kd,53,10,all_corruptions_mean,0.8533333333333333
uniform_rapid_fasca_kd,53,11,all_corruptions_mean,0.6133333333333333
uniform_rapid_fasca_kd,53,12,all_corruptions_mean,0.8488888888888888
uniform_rapid_fasca_kd,53,13,all_corruptions_mean,0.9333333333333332
uniform_rapid_fasca_kd,53,14,all_corruptions_mean,0.9822222222222223
uniform_rapid_fasca_kd,53,15,all_corruptions_mean,0.8933333333333333
uniform_rapid_fasca_kd,53,16,all_corruptions_mean,0.9466666666666668
uniform_rapid_fasca_kd,53,17,all_corruptions_mean,0.8755555555555555
uniform_rapid_fasca_kd,53,18,all_corruptions_mean,0.92
uniform_rapid_fasca_kd,53,19,all_corruptions_mean,0.9644444444444444
uniform_rapid_fasca_kd,53,20,all_corruptions_mean,0.92
uniform_rapid_fasca_kd,53,21,all_corruptions_mean,0.76
uniform_rapid_fasca_kd,53,22,all_corruptions_mean,0.9511111111111111
uniform_rapid_fasca_kd,53,23,all_corruptions_mean,0.9688888888888889
uniform_rapid_fasca_kd,53,25,all_corruptions_mean,0.8666666666666667
uniform_rapid_fasca_kd,53,26,all_corruptions_mean,0.5155555555555555
uniform_rapid_fasca_kd,53,27,all_corruptions_mean,0.9511111111111111
uniform_rapid_fasca_kd,53,28,all_corruptions_mean,0.9511111111111111
uniform_rapid_fasca_kd,53,29,all_corruptions_mean,0.5733333333333333
uniform_rapid_fasca_kd,53,30,all_corruptions_mean,0.9022222222222221
uniform_rapid_fasca_kd,53,31,all_corruptions_mean,0.92
uniform_rapid_fasca_kd,53,32,all_corruptions_mean,0.6533333333333333
uniform_rapid_fasca_kd,53,33,all_corruptions_mean,0.92
uniform_rapid_fasca_kd,53,34,all_corruptions_mean,0.9333333333333332
uniform_rapid_fasca_kd,53,35,all_corruptions_mean,0.92
uniform_rapid_fasca_kd,53,36,all_corruptions_mean,0.5822222222222222
uniform_rapid_fasca_kd,53,37,all_corruptions_mean,0.8622222222222221
uniform_rapid_fasca_kd,53,38,all_corruptions_mean,0.9333333333333332
uniform_rapid_fasca_kd,53,39,all_corruptions_mean,0.8977777777777777
uniform_rapid_fasca_kd,53,40,all_corruptions_mean,0.9466666666666668
uniform_rapid_fasca_kd,53,41,all_corruptions_mean,0.9644444444444444
uniform_rapid_fasca_kd,53,42,all_corruptions_mean,0.9333333333333332
uniform_rapid_fasca_kd,53,43,all_corruptions_mean,0.6133333333333333
uniform_rapid_fasca_kd,53,44,all_corruptions_mean,0.9333333333333332
uniform_rapid_fasca_kd,53,45,all_corruptions_mean,0.6222222222222222
uniform_rapid_fasca_kd,53,46,all_corruptions_mean,0.9822222222222223
uniform_rapid_fasca_kd,53,48,all_corruptions_mean,0.9022222222222221
uniform_rapid_fasca_kd,53,49,all_corruptions_mean,0.9511111111111111
uniform_rapid_fasca_kd,53,51,all_corruptions_mean,0.9155555555555556
uniform_rapid_fasca_kd,53,52,all_corruptions_mean,0.9022222222222221
uniform_rapid_fasca_kd,53,53,all_corruptions_mean,0.9022222222222221
uniform_rapid_fasca_kd,53,54,all_corruptions_mean,0.9333333333333332
uniform_rapid_fasca_kd,53,55,all_corruptions_mean,0.8288888888888889
uniform_rapid_fasca_kd,53,56,all_corruptions_mean,0.9377777777777777
uniform_rapid_fasca_kd,53,57,all_corruptions_mean,0.8888888888888888
uniform_rapid_fasca_kd,53,58,all_corruptions_mean,0.92
uniform_rapid_fasca_kd,53,59,all_corruptions_mean,0.9288888888888889
sensor_aug_kd,51,1,joint_noise_10db,1.0
sensor_aug_kd,51,10,joint_noise_10db,1.0
sensor_aug_kd,51,15,joint_noise_10db,1.0
sensor_aug_kd,51,19,joint_noise_10db,1.0
sensor_aug_kd,51,36,joint_noise_10db,0.5555555555555555
sensor_aug_kd,51,39,joint_noise_10db,1.0
sensor_aug_kd,51,40,joint_noise_10db,1.0
sensor_aug_kd,51,43,joint_noise_10db,0.6666666666666666
sensor_aug_kd,51,48,joint_noise_10db,1.0
sensor_aug_kd,51,49,joint_noise_10db,1.0
sensor_aug_kd,51,59,joint_noise_10db,1.0
sensor_aug_kd,51,1,joint_channel_dropout_30,0.5555555555555555
sensor_aug_kd,51,10,joint_channel_dropout_30,0.5555555555555555
sensor_aug_kd,51,15,joint_channel_dropout_30,0.5555555555555555
sensor_aug_kd,51,19,joint_channel_dropout_30,0.5555555555555555
sensor_aug_kd,51,36,joint_channel_dropout_30,0.2222222222222222
sensor_aug_kd,51,39,joint_channel_dropout_30,0.2222222222222222
sensor_aug_kd,51,40,joint_channel_dropout_30,0.2222222222222222
sensor_aug_kd,51,43,joint_channel_dropout_30,0.2222222222222222
sensor_aug_kd,51,48,joint_channel_dropout_30,0.5555555555555555
sensor_aug_kd,51,49,joint_channel_dropout_30,0.5555555555555555
sensor_aug_kd,51,59,joint_channel_dropout_30,0.5555555555555555
sensor_aug_kd,51,1,joint_structured_dropout_30,0.2222222222222222
sensor_aug_kd,51,10,joint_structured_dropout_30,0.5555555555555555
sensor_aug_kd,51,15,joint_structured_dropout_30,0.2222222222222222
sensor_aug_kd,51,19,joint_structured_dropout_30,0.5555555555555555
sensor_aug_kd,51,36,joint_structured_dropout_30,0.2222222222222222
sensor_aug_kd,51,39,joint_structured_dropout_30,0.5555555555555555
sensor_aug_kd,51,40,joint_structured_dropout_30,1.0
sensor_aug_kd,51,43,joint_structured_dropout_30,0.2222222222222222
sensor_aug_kd,51,48,joint_structured_dropout_30,1.0
sensor_aug_kd,51,49,joint_structured_dropout_30,0.2222222222222222
sensor_aug_kd,51,59,joint_structured_dropout_30,0.5555555555555555
sensor_aug_kd,51,1,joint_packet_loss_30,1.0
sensor_aug_kd,51,10,joint_packet_loss_30,1.0
sensor_aug_kd,51,15,joint_packet_loss_30,0.5555555555555555
sensor_aug_kd,51,19,joint_packet_loss_30,1.0
sensor_aug_kd,51,36,joint_packet_loss_30,0.5555555555555555
sensor_aug_kd,51,39,joint_packet_loss_30,1.0
sensor_aug_kd,51,40,joint_packet_loss_30,1.0
sensor_aug_kd,51,43,joint_packet_loss_30,0.6666666666666666
sensor_aug_kd,51,48,joint_packet_loss_30,1.0
sensor_aug_kd,51,49,joint_packet_loss_30,0.5555555555555555
sensor_aug_kd,51,59,joint_packet_loss_30,1.0
sensor_aug_kd,51,1,joint_shift_250ms,1.0
sensor_aug_kd,51,10,joint_shift_250ms,1.0
sensor_aug_kd,51,15,joint_shift_250ms,0.5555555555555555
sensor_aug_kd,51,19,joint_shift_250ms,1.0
sensor_aug_kd,51,36,joint_shift_250ms,0.5555555555555555
sensor_aug_kd,51,39,joint_shift_250ms,1.0
sensor_aug_kd,51,40,joint_shift_250ms,1.0
sensor_aug_kd,51,43,joint_shift_250ms,0.6666666666666666
sensor_aug_kd,51,48,joint_shift_250ms,1.0
sensor_aug_kd,51,49,joint_shift_250ms,1.0
sensor_aug_kd,51,59,joint_shift_250ms,1.0
sensor_aug_kd,51,1,joint_gain_1.5,0.2222222222222222
sensor_aug_kd,51,10,joint_gain_1.5,0.2222222222222222
sensor_aug_kd,51,15,joint_gain_1.5,1.0
sensor_aug_kd,51,19,joint_gain_1.5,1.0
sensor_aug_kd,51,36,joint_gain_1.5,1.0
sensor_aug_kd,51,39,joint_gain_1.5,0.5555555555555555
sensor_aug_kd,51,40,joint_gain_1.5,1.0
sensor_aug_kd,51,43,joint_gain_1.5,0.2222222222222222
sensor_aug_kd,51,48,joint_gain_1.5,0.5555555555555555
sensor_aug_kd,51,49,joint_gain_1.5,1.0
sensor_aug_kd,51,59,joint_gain_1.5,0.5555555555555555
sensor_aug_kd,52,1,joint_noise_10db,1.0
sensor_aug_kd,52,10,joint_noise_10db,0.2222222222222222
sensor_aug_kd,52,15,joint_noise_10db,1.0
sensor_aug_kd,52,19,joint_noise_10db,1.0
sensor_aug_kd,52,36,joint_noise_10db,1.0
sensor_aug_kd,52,39,joint_noise_10db,1.0
sensor_aug_kd,52,40,joint_noise_10db,1.0
sensor_aug_kd,52,43,joint_noise_10db,0.6666666666666666
sensor_aug_kd,52,48,joint_noise_10db,1.0
sensor_aug_kd,52,49,joint_noise_10db,1.0
sensor_aug_kd,52,59,joint_noise_10db,1.0
sensor_aug_kd,52,1,joint_channel_dropout_30,0.2222222222222222
sensor_aug_kd,52,10,joint_channel_dropout_30,0.5555555555555555
sensor_aug_kd,52,15,joint_channel_dropout_30,0.5555555555555555
sensor_aug_kd,52,19,joint_channel_dropout_30,0.5555555555555555
sensor_aug_kd,52,36,joint_channel_dropout_30,0.2222222222222222
sensor_aug_kd,52,39,joint_channel_dropout_30,0.2222222222222222
sensor_aug_kd,52,40,joint_channel_dropout_30,0.2222222222222222
sensor_aug_kd,52,43,joint_channel_dropout_30,0.6666666666666666
sensor_aug_kd,52,48,joint_channel_dropout_30,1.0
sensor_aug_kd,52,49,joint_channel_dropout_30,0.2222222222222222
sensor_aug_kd,52,59,joint_channel_dropout_30,1.0
sensor_aug_kd,52,1,joint_structured_dropout_30,0.2222222222222222
sensor_aug_kd,52,10,joint_structured_dropout_30,1.0
sensor_aug_kd,52,15,joint_structured_dropout_30,0.2222222222222222
sensor_aug_kd,52,19,joint_structured_dropout_30,0.5555555555555555
sensor_aug_kd,52,36,joint_structured_dropout_30,0.2222222222222222
sensor_aug_kd,52,39,joint_structured_dropout_30,0.5555555555555555
sensor_aug_kd,52,40,joint_structured_dropout_30,1.0
sensor_aug_kd,52,43,joint_structured_dropout_30,0.2222222222222222
sensor_aug_kd,52,48,joint_structured_dropout_30,1.0
sensor_aug_kd,52,49,joint_structured_dropout_30,0.2222222222222222
sensor_aug_kd,52,59,joint_structured_dropout_30,0.5555555555555555
sensor_aug_kd,52,1,joint_packet_loss_30,1.0
sensor_aug_kd,52,10,joint_packet_loss_30,1.0
sensor_aug_kd,52,15,joint_packet_loss_30,1.0
sensor_aug_kd,52,19,joint_packet_loss_30,1.0
sensor_aug_kd,52,36,joint_packet_loss_30,0.2222222222222222
sensor_aug_kd,52,39,joint_packet_loss_30,1.0
sensor_aug_kd,52,40,joint_packet_loss_30,1.0
sensor_aug_kd,52,43,joint_packet_loss_30,0.6666666666666666
sensor_aug_kd,52,48,joint_packet_loss_30,1.0
sensor_aug_kd,52,49,joint_packet_loss_30,0.5555555555555555
sensor_aug_kd,52,59,joint_packet_loss_30,1.0
sensor_aug_kd,52,1,joint_shift_250ms,1.0
sensor_aug_kd,52,10,joint_shift_250ms,1.0
sensor_aug_kd,52,15,joint_shift_250ms,1.0
sensor_aug_kd,52,19,joint_shift_250ms,1.0
sensor_aug_kd,52,36,joint_shift_250ms,0.5555555555555555
sensor_aug_kd,52,39,joint_shift_250ms,1.0
sensor_aug_kd,52,40,joint_shift_250ms,1.0
sensor_aug_kd,52,43,joint_shift_250ms,0.6666666666666666
sensor_aug_kd,52,48,joint_shift_250ms,1.0
sensor_aug_kd,52,49,joint_shift_250ms,0.5555555555555555
sensor_aug_kd,52,59,joint_shift_250ms,1.0
sensor_aug_kd,52,1,joint_gain_1.5,0.2222222222222222
sensor_aug_kd,52,10,joint_gain_1.5,0.2222222222222222
sensor_aug_kd,52,15,joint_gain_1.5,1.0
sensor_aug_kd,52,19,joint_gain_1.5,1.0
sensor_aug_kd,52,36,joint_gain_1.5,1.0
sensor_aug_kd,52,39,joint_gain_1.5,0.5555555555555555
sensor_aug_kd,52,40,joint_gain_1.5,0.5555555555555555
sensor_aug_kd,52,43,joint_gain_1.5,0.6666666666666666
sensor_aug_kd,52,48,joint_gain_1.5,0.2222222222222222
sensor_aug_kd,52,49,joint_gain_1.5,1.0
sensor_aug_kd,52,59,joint_gain_1.5,0.5555555555555555
sensor_aug_kd,53,1,joint_noise_10db,1.0
sensor_aug_kd,53,10,joint_noise_10db,1.0
sensor_aug_kd,53,15,joint_noise_10db,1.0
sensor_aug_kd,53,19,joint_noise_10db,1.0
sensor_aug_kd,53,36,joint_noise_10db,0.5555555555555555
sensor_aug_kd,53,39,joint_noise_10db,1.0
sensor_aug_kd,53,40,joint_noise_10db,1.0
sensor_aug_kd,53,43,joint_noise_10db,0.6666666666666666
sensor_aug_kd,53,48,joint_noise_10db,1.0
sensor_aug_kd,53,49,joint_noise_10db,1.0
sensor_aug_kd,53,59,joint_noise_10db,1.0
sensor_aug_kd,53,1,joint_channel_dropout_30,0.2222222222222222
sensor_aug_kd,53,10,joint_channel_dropout_30,0.2222222222222222
sensor_aug_kd,53,15,joint_channel_dropout_30,0.5555555555555555
sensor_aug_kd,53,19,joint_channel_dropout_30,0.5555555555555555
sensor_aug_kd,53,36,joint_channel_dropout_30,0.2222222222222222
sensor_aug_kd,53,39,joint_channel_dropout_30,0.2222222222222222
sensor_aug_kd,53,40,joint_channel_dropout_30,0.2222222222222222
sensor_aug_kd,53,43,joint_channel_dropout_30,0.2222222222222222
sensor_aug_kd,53,48,joint_channel_dropout_30,0.5555555555555555
sensor_aug_kd,53,49,joint_channel_dropout_30,0.2222222222222222
sensor_aug_kd,53,59,joint_channel_dropout_30,0.5555555555555555
sensor_aug_kd,53,1,joint_structured_dropout_30,0.2222222222222222
sensor_aug_kd,53,10,joint_structured_dropout_30,0.2222222222222222
sensor_aug_kd,53,15,joint_structured_dropout_30,0.2222222222222222
sensor_aug_kd,53,19,joint_structured_dropout_30,0.5555555555555555
sensor_aug_kd,53,36,joint_structured_dropout_30,0.2222222222222222
sensor_aug_kd,53,39,joint_structured_dropout_30,0.5555555555555555
sensor_aug_kd,53,40,joint_structured_dropout_30,0.5555555555555555
sensor_aug_kd,53,43,joint_structured_dropout_30,0.2222222222222222
sensor_aug_kd,53,48,joint_structured_dropout_30,1.0
sensor_aug_kd,53,49,joint_structured_dropout_30,0.2222222222222222
sensor_aug_kd,53,59,joint_structured_dropout_30,0.5555555555555555
sensor_aug_kd,53,1,joint_packet_loss_30,1.0
sensor_aug_kd,53,10,joint_packet_loss_30,1.0
sensor_aug_kd,53,15,joint_packet_loss_30,1.0
sensor_aug_kd,53,19,joint_packet_loss_30,1.0
sensor_aug_kd,53,36,joint_packet_loss_30,0.2222222222222222
sensor_aug_kd,53,39,joint_packet_loss_30,0.5555555555555555
sensor_aug_kd,53,40,joint_packet_loss_30,1.0
sensor_aug_kd,53,43,joint_packet_loss_30,0.6666666666666666
sensor_aug_kd,53,48,joint_packet_loss_30,1.0
sensor_aug_kd,53,49,joint_packet_loss_30,0.2222222222222222
sensor_aug_kd,53,59,joint_packet_loss_30,1.0
sensor_aug_kd,53,1,joint_shift_250ms,1.0
sensor_aug_kd,53,10,joint_shift_250ms,1.0
sensor_aug_kd,53,15,joint_shift_250ms,1.0
sensor_aug_kd,53,19,joint_shift_250ms,1.0
sensor_aug_kd,53,36,joint_shift_250ms,0.2222222222222222
sensor_aug_kd,53,39,joint_shift_250ms,0.5555555555555555
sensor_aug_kd,53,40,joint_shift_250ms,1.0
sensor_aug_kd,53,43,joint_shift_250ms,0.6666666666666666
sensor_aug_kd,53,48,joint_shift_250ms,1.0
sensor_aug_kd,53,49,joint_shift_250ms,0.5555555555555555
sensor_aug_kd,53,59,joint_shift_250ms,1.0
sensor_aug_kd,53,1,joint_gain_1.5,0.2222222222222222
sensor_aug_kd,53,10,joint_gain_1.5,0.2222222222222222
sensor_aug_kd,53,15,joint_gain_1.5,0.2222222222222222
sensor_aug_kd,53,19,joint_gain_1.5,1.0
sensor_aug_kd,53,36,joint_gain_1.5,1.0
sensor_aug_kd,53,39,joint_gain_1.5,0.5555555555555555
sensor_aug_kd,53,40,joint_gain_1.5,1.0
sensor_aug_kd,53,43,joint_gain_1.5,0.2222222222222222
sensor_aug_kd,53,48,joint_gain_1.5,0.2222222222222222
sensor_aug_kd,53,49,joint_gain_1.5,1.0
sensor_aug_kd,53,59,joint_gain_1.5,0.5555555555555555
sensor_aug_kd,51,3,joint_noise_10db,0.3333333333333333
sensor_aug_kd,51,7,joint_noise_10db,1.0
sensor_aug_kd,51,14,joint_noise_10db,1.0
sensor_aug_kd,51,16,joint_noise_10db,1.0
sensor_aug_kd,51,21,joint_noise_10db,1.0
sensor_aug_kd,51,25,joint_noise_10db,0.5555555555555555
sensor_aug_kd,51,26,joint_noise_10db,0.5555555555555555
sensor_aug_kd,51,27,joint_noise_10db,1.0
sensor_aug_kd,51,29,joint_noise_10db,0.5555555555555555
sensor_aug_kd,51,38,joint_noise_10db,1.0
sensor_aug_kd,51,46,joint_noise_10db,1.0
sensor_aug_kd,51,3,joint_channel_dropout_30,0.3333333333333333
sensor_aug_kd,51,7,joint_channel_dropout_30,0.5555555555555555
sensor_aug_kd,51,14,joint_channel_dropout_30,1.0
sensor_aug_kd,51,16,joint_channel_dropout_30,0.5555555555555555
sensor_aug_kd,51,21,joint_channel_dropout_30,0.5555555555555555
sensor_aug_kd,51,25,joint_channel_dropout_30,1.0
sensor_aug_kd,51,26,joint_channel_dropout_30,0.2222222222222222
sensor_aug_kd,51,27,joint_channel_dropout_30,1.0
sensor_aug_kd,51,29,joint_channel_dropout_30,0.2222222222222222
sensor_aug_kd,51,38,joint_channel_dropout_30,1.0
sensor_aug_kd,51,46,joint_channel_dropout_30,0.5555555555555555
sensor_aug_kd,51,3,joint_structured_dropout_30,0.3333333333333333
sensor_aug_kd,51,7,joint_structured_dropout_30,1.0
sensor_aug_kd,51,14,joint_structured_dropout_30,1.0
sensor_aug_kd,51,16,joint_structured_dropout_30,0.5555555555555555
sensor_aug_kd,51,21,joint_structured_dropout_30,1.0
sensor_aug_kd,51,25,joint_structured_dropout_30,1.0
sensor_aug_kd,51,26,joint_structured_dropout_30,0.2222222222222222
sensor_aug_kd,51,27,joint_structured_dropout_30,1.0
sensor_aug_kd,51,29,joint_structured_dropout_30,0.2222222222222222
sensor_aug_kd,51,38,joint_structured_dropout_30,1.0
sensor_aug_kd,51,46,joint_structured_dropout_30,0.5555555555555555
sensor_aug_kd,51,3,joint_packet_loss_30,0.3333333333333333
sensor_aug_kd,51,7,joint_packet_loss_30,1.0
sensor_aug_kd,51,14,joint_packet_loss_30,1.0
sensor_aug_kd,51,16,joint_packet_loss_30,1.0
sensor_aug_kd,51,21,joint_packet_loss_30,1.0
sensor_aug_kd,51,25,joint_packet_loss_30,1.0
sensor_aug_kd,51,26,joint_packet_loss_30,0.2222222222222222
sensor_aug_kd,51,27,joint_packet_loss_30,1.0
sensor_aug_kd,51,29,joint_packet_loss_30,0.5555555555555555
sensor_aug_kd,51,38,joint_packet_loss_30,1.0
sensor_aug_kd,51,46,joint_packet_loss_30,1.0
sensor_aug_kd,51,3,joint_shift_250ms,0.3333333333333333
sensor_aug_kd,51,7,joint_shift_250ms,1.0
sensor_aug_kd,51,14,joint_shift_250ms,1.0
sensor_aug_kd,51,16,joint_shift_250ms,1.0
sensor_aug_kd,51,21,joint_shift_250ms,1.0
sensor_aug_kd,51,25,joint_shift_250ms,0.5555555555555555
sensor_aug_kd,51,26,joint_shift_250ms,0.5555555555555555
sensor_aug_kd,51,27,joint_shift_250ms,1.0
sensor_aug_kd,51,29,joint_shift_250ms,0.5555555555555555
sensor_aug_kd,51,38,joint_shift_250ms,1.0
sensor_aug_kd,51,46,joint_shift_250ms,1.0
sensor_aug_kd,51,3,joint_gain_1.5,0.0
sensor_aug_kd,51,7,joint_gain_1.5,0.2222222222222222
sensor_aug_kd,51,14,joint_gain_1.5,1.0
sensor_aug_kd,51,16,joint_gain_1.5,1.0
sensor_aug_kd,51,21,joint_gain_1.5,0.2222222222222222
sensor_aug_kd,51,25,joint_gain_1.5,0.2222222222222222
sensor_aug_kd,51,26,joint_gain_1.5,1.0
sensor_aug_kd,51,27,joint_gain_1.5,0.2222222222222222
sensor_aug_kd,51,29,joint_gain_1.5,1.0
sensor_aug_kd,51,38,joint_gain_1.5,0.5555555555555555
sensor_aug_kd,51,46,joint_gain_1.5,1.0
sensor_aug_kd,52,3,joint_noise_10db,0.3333333333333333
sensor_aug_kd,52,7,joint_noise_10db,1.0
sensor_aug_kd,52,14,joint_noise_10db,1.0
sensor_aug_kd,52,16,joint_noise_10db,1.0
sensor_aug_kd,52,21,joint_noise_10db,0.5555555555555555
sensor_aug_kd,52,25,joint_noise_10db,0.5555555555555555
sensor_aug_kd,52,26,joint_noise_10db,1.0
sensor_aug_kd,52,27,joint_noise_10db,1.0
sensor_aug_kd,52,29,joint_noise_10db,0.5555555555555555
sensor_aug_kd,52,38,joint_noise_10db,1.0
sensor_aug_kd,52,46,joint_noise_10db,1.0
sensor_aug_kd,52,3,joint_channel_dropout_30,0.3333333333333333
sensor_aug_kd,52,7,joint_channel_dropout_30,0.5555555555555555
sensor_aug_kd,52,14,joint_channel_dropout_30,1.0
sensor_aug_kd,52,16,joint_channel_dropout_30,0.5555555555555555
sensor_aug_kd,52,21,joint_channel_dropout_30,0.5555555555555555
sensor_aug_kd,52,25,joint_channel_dropout_30,0.5555555555555555
sensor_aug_kd,52,26,joint_channel_dropout_30,0.5555555555555555
sensor_aug_kd,52,27,joint_channel_dropout_30,0.5555555555555555
sensor_aug_kd,52,29,joint_channel_dropout_30,0.5555555555555555
sensor_aug_kd,52,38,joint_channel_dropout_30,0.5555555555555555
sensor_aug_kd,52,46,joint_channel_dropout_30,0.5555555555555555
sensor_aug_kd,52,3,joint_structured_dropout_30,0.3333333333333333
sensor_aug_kd,52,7,joint_structured_dropout_30,0.5555555555555555
sensor_aug_kd,52,14,joint_structured_dropout_30,0.5555555555555555
sensor_aug_kd,52,16,joint_structured_dropout_30,0.5555555555555555
sensor_aug_kd,52,21,joint_structured_dropout_30,1.0
sensor_aug_kd,52,25,joint_structured_dropout_30,0.5555555555555555
sensor_aug_kd,52,26,joint_structured_dropout_30,0.2222222222222222
sensor_aug_kd,52,27,joint_structured_dropout_30,0.5555555555555555
sensor_aug_kd,52,29,joint_structured_dropout_30,0.2222222222222222
sensor_aug_kd,52,38,joint_structured_dropout_30,0.5555555555555555
sensor_aug_kd,52,46,joint_structured_dropout_30,0.5555555555555555
sensor_aug_kd,52,3,joint_packet_loss_30,0.3333333333333333
sensor_aug_kd,52,7,joint_packet_loss_30,1.0
sensor_aug_kd,52,14,joint_packet_loss_30,1.0
sensor_aug_kd,52,16,joint_packet_loss_30,1.0
sensor_aug_kd,52,21,joint_packet_loss_30,0.5555555555555555
sensor_aug_kd,52,25,joint_packet_loss_30,0.5555555555555555
sensor_aug_kd,52,26,joint_packet_loss_30,0.5555555555555555
sensor_aug_kd,52,27,joint_packet_loss_30,1.0
sensor_aug_kd,52,29,joint_packet_loss_30,0.5555555555555555
sensor_aug_kd,52,38,joint_packet_loss_30,1.0
sensor_aug_kd,52,46,joint_packet_loss_30,1.0
sensor_aug_kd,52,3,joint_shift_250ms,0.3333333333333333
sensor_aug_kd,52,7,joint_shift_250ms,1.0
sensor_aug_kd,52,14,joint_shift_250ms,1.0
sensor_aug_kd,52,16,joint_shift_250ms,1.0
sensor_aug_kd,52,21,joint_shift_250ms,0.5555555555555555
sensor_aug_kd,52,25,joint_shift_250ms,0.5555555555555555
sensor_aug_kd,52,26,joint_shift_250ms,0.5555555555555555
sensor_aug_kd,52,27,joint_shift_250ms,1.0
sensor_aug_kd,52,29,joint_shift_250ms,0.5555555555555555
sensor_aug_kd,52,38,joint_shift_250ms,1.0
sensor_aug_kd,52,46,joint_shift_250ms,1.0
sensor_aug_kd,52,3,joint_gain_1.5,0.0
sensor_aug_kd,52,7,joint_gain_1.5,0.5555555555555555
sensor_aug_kd,52,14,joint_gain_1.5,0.5555555555555555
sensor_aug_kd,52,16,joint_gain_1.5,1.0
sensor_aug_kd,52,21,joint_gain_1.5,0.2222222222222222
sensor_aug_kd,52,25,joint_gain_1.5,0.2222222222222222
sensor_aug_kd,52,26,joint_gain_1.5,1.0
sensor_aug_kd,52,27,joint_gain_1.5,0.5555555555555555
sensor_aug_kd,52,29,joint_gain_1.5,1.0
sensor_aug_kd,52,38,joint_gain_1.5,0.2222222222222222
sensor_aug_kd,52,46,joint_gain_1.5,0.5555555555555555
sensor_aug_kd,53,3,joint_noise_10db,0.3333333333333333
sensor_aug_kd,53,7,joint_noise_10db,1.0
sensor_aug_kd,53,14,joint_noise_10db,1.0
sensor_aug_kd,53,16,joint_noise_10db,1.0
sensor_aug_kd,53,21,joint_noise_10db,0.5555555555555555
sensor_aug_kd,53,25,joint_noise_10db,0.5555555555555555
sensor_aug_kd,53,26,joint_noise_10db,1.0
sensor_aug_kd,53,27,joint_noise_10db,1.0
sensor_aug_kd,53,29,joint_noise_10db,1.0
sensor_aug_kd,53,38,joint_noise_10db,1.0
sensor_aug_kd,53,46,joint_noise_10db,1.0
sensor_aug_kd,53,3,joint_channel_dropout_30,0.3333333333333333
sensor_aug_kd,53,7,joint_channel_dropout_30,0.2222222222222222
sensor_aug_kd,53,14,joint_channel_dropout_30,1.0
sensor_aug_kd,53,16,joint_channel_dropout_30,0.5555555555555555
sensor_aug_kd,53,21,joint_channel_dropout_30,0.5555555555555555
sensor_aug_kd,53,25,joint_channel_dropout_30,0.5555555555555555
sensor_aug_kd,53,26,joint_channel_dropout_30,0.2222222222222222
sensor_aug_kd,53,27,joint_channel_dropout_30,1.0
sensor_aug_kd,53,29,joint_channel_dropout_30,0.5555555555555555
sensor_aug_kd,53,38,joint_channel_dropout_30,0.5555555555555555
sensor_aug_kd,53,46,joint_channel_dropout_30,1.0
sensor_aug_kd,53,3,joint_structured_dropout_30,0.3333333333333333
sensor_aug_kd,53,7,joint_structured_dropout_30,0.5555555555555555
sensor_aug_kd,53,14,joint_structured_dropout_30,0.2222222222222222
sensor_aug_kd,53,16,joint_structured_dropout_30,0.2222222222222222
sensor_aug_kd,53,21,joint_structured_dropout_30,1.0
sensor_aug_kd,53,25,joint_structured_dropout_30,1.0
sensor_aug_kd,53,26,joint_structured_dropout_30,0.2222222222222222
sensor_aug_kd,53,27,joint_structured_dropout_30,1.0
sensor_aug_kd,53,29,joint_structured_dropout_30,0.2222222222222222
sensor_aug_kd,53,38,joint_structured_dropout_30,0.2222222222222222
sensor_aug_kd,53,46,joint_structured_dropout_30,1.0
sensor_aug_kd,53,3,joint_packet_loss_30,0.3333333333333333
sensor_aug_kd,53,7,joint_packet_loss_30,1.0
sensor_aug_kd,53,14,joint_packet_loss_30,1.0
sensor_aug_kd,53,16,joint_packet_loss_30,1.0
sensor_aug_kd,53,21,joint_packet_loss_30,1.0
sensor_aug_kd,53,25,joint_packet_loss_30,1.0
sensor_aug_kd,53,26,joint_packet_loss_30,0.2222222222222222
sensor_aug_kd,53,27,joint_packet_loss_30,1.0
sensor_aug_kd,53,29,joint_packet_loss_30,0.2222222222222222
sensor_aug_kd,53,38,joint_packet_loss_30,1.0
sensor_aug_kd,53,46,joint_packet_loss_30,1.0
sensor_aug_kd,53,3,joint_shift_250ms,0.3333333333333333
sensor_aug_kd,53,7,joint_shift_250ms,1.0
sensor_aug_kd,53,14,joint_shift_250ms,1.0
sensor_aug_kd,53,16,joint_shift_250ms,1.0
sensor_aug_kd,53,21,joint_shift_250ms,0.5555555555555555
sensor_aug_kd,53,25,joint_shift_250ms,1.0
sensor_aug_kd,53,26,joint_shift_250ms,0.2222222222222222
sensor_aug_kd,53,27,joint_shift_250ms,1.0
sensor_aug_kd,53,29,joint_shift_250ms,0.5555555555555555
sensor_aug_kd,53,38,joint_shift_250ms,1.0
sensor_aug_kd,53,46,joint_shift_250ms,1.0
sensor_aug_kd,53,3,joint_gain_1.5,0.0
sensor_aug_kd,53,7,joint_gain_1.5,0.2222222222222222
sensor_aug_kd,53,14,joint_gain_1.5,0.2222222222222222
sensor_aug_kd,53,16,joint_gain_1.5,0.5555555555555555
sensor_aug_kd,53,21,joint_gain_1.5,0.2222222222222222
sensor_aug_kd,53,25,joint_gain_1.5,0.2222222222222222
sensor_aug_kd,53,26,joint_gain_1.5,1.0
sensor_aug_kd,53,27,joint_gain_1.5,0.2222222222222222
sensor_aug_kd,53,29,joint_gain_1.5,1.0
sensor_aug_kd,53,38,joint_gain_1.5,0.2222222222222222
sensor_aug_kd,53,46,joint_gain_1.5,0.5555555555555555
sensor_aug_kd,51,4,joint_noise_10db,1.0
sensor_aug_kd,51,5,joint_noise_10db,1.0
sensor_aug_kd,51,6,joint_noise_10db,1.0
sensor_aug_kd,51,9,joint_noise_10db,1.0
sensor_aug_kd,51,17,joint_noise_10db,1.0
sensor_aug_kd,51,18,joint_noise_10db,1.0
sensor_aug_kd,51,32,joint_noise_10db,0.6666666666666666
sensor_aug_kd,51,33,joint_noise_10db,1.0
sensor_aug_kd,51,35,joint_noise_10db,1.0
sensor_aug_kd,51,44,joint_noise_10db,1.0
sensor_aug_kd,51,53,joint_noise_10db,1.0
sensor_aug_kd,51,4,joint_channel_dropout_30,0.2222222222222222
sensor_aug_kd,51,5,joint_channel_dropout_30,0.5555555555555555
sensor_aug_kd,51,6,joint_channel_dropout_30,0.5555555555555555
sensor_aug_kd,51,9,joint_channel_dropout_30,1.0
sensor_aug_kd,51,17,joint_channel_dropout_30,0.2222222222222222
sensor_aug_kd,51,18,joint_channel_dropout_30,0.2222222222222222
sensor_aug_kd,51,32,joint_channel_dropout_30,0.6666666666666666
sensor_aug_kd,51,33,joint_channel_dropout_30,0.5555555555555555
sensor_aug_kd,51,35,joint_channel_dropout_30,0.2222222222222222
sensor_aug_kd,51,44,joint_channel_dropout_30,0.5555555555555555
sensor_aug_kd,51,53,joint_channel_dropout_30,0.2222222222222222
sensor_aug_kd,51,4,joint_structured_dropout_30,0.5555555555555555
sensor_aug_kd,51,5,joint_structured_dropout_30,1.0
sensor_aug_kd,51,6,joint_structured_dropout_30,0.5555555555555555
sensor_aug_kd,51,9,joint_structured_dropout_30,1.0
sensor_aug_kd,51,17,joint_structured_dropout_30,0.2222222222222222
sensor_aug_kd,51,18,joint_structured_dropout_30,0.2222222222222222
sensor_aug_kd,51,32,joint_structured_dropout_30,0.6666666666666666
sensor_aug_kd,51,33,joint_structured_dropout_30,0.5555555555555555
sensor_aug_kd,51,35,joint_structured_dropout_30,1.0
sensor_aug_kd,51,44,joint_structured_dropout_30,0.5555555555555555
sensor_aug_kd,51,53,joint_structured_dropout_30,0.5555555555555555
sensor_aug_kd,51,4,joint_packet_loss_30,1.0
sensor_aug_kd,51,5,joint_packet_loss_30,1.0
sensor_aug_kd,51,6,joint_packet_loss_30,1.0
sensor_aug_kd,51,9,joint_packet_loss_30,1.0
sensor_aug_kd,51,17,joint_packet_loss_30,0.5555555555555555
sensor_aug_kd,51,18,joint_packet_loss_30,0.5555555555555555
sensor_aug_kd,51,32,joint_packet_loss_30,0.6666666666666666
sensor_aug_kd,51,33,joint_packet_loss_30,1.0
sensor_aug_kd,51,35,joint_packet_loss_30,1.0
sensor_aug_kd,51,44,joint_packet_loss_30,1.0
sensor_aug_kd,51,53,joint_packet_loss_30,1.0
sensor_aug_kd,51,4,joint_shift_250ms,1.0
sensor_aug_kd,51,5,joint_shift_250ms,1.0
sensor_aug_kd,51,6,joint_shift_250ms,1.0
sensor_aug_kd,51,9,joint_shift_250ms,1.0
sensor_aug_kd,51,17,joint_shift_250ms,0.5555555555555555
sensor_aug_kd,51,18,joint_shift_250ms,1.0
sensor_aug_kd,51,32,joint_shift_250ms,0.6666666666666666
sensor_aug_kd,51,33,joint_shift_250ms,1.0
sensor_aug_kd,51,35,joint_shift_250ms,1.0
sensor_aug_kd,51,44,joint_shift_250ms,1.0
sensor_aug_kd,51,53,joint_shift_250ms,1.0
sensor_aug_kd,51,4,joint_gain_1.5,0.2222222222222222
sensor_aug_kd,51,5,joint_gain_1.5,0.2222222222222222
sensor_aug_kd,51,6,joint_gain_1.5,0.5555555555555555
sensor_aug_kd,51,9,joint_gain_1.5,0.2222222222222222
sensor_aug_kd,51,17,joint_gain_1.5,1.0
sensor_aug_kd,51,18,joint_gain_1.5,1.0
sensor_aug_kd,51,32,joint_gain_1.5,0.3333333333333333
sensor_aug_kd,51,33,joint_gain_1.5,0.2222222222222222
sensor_aug_kd,51,35,joint_gain_1.5,0.2222222222222222
sensor_aug_kd,51,44,joint_gain_1.5,0.2222222222222222
sensor_aug_kd,51,53,joint_gain_1.5,0.2222222222222222
sensor_aug_kd,52,4,joint_noise_10db,1.0
sensor_aug_kd,52,5,joint_noise_10db,1.0
sensor_aug_kd,52,6,joint_noise_10db,1.0
sensor_aug_kd,52,9,joint_noise_10db,1.0
sensor_aug_kd,52,17,joint_noise_10db,1.0
sensor_aug_kd,52,18,joint_noise_10db,1.0
sensor_aug_kd,52,32,joint_noise_10db,0.6666666666666666
sensor_aug_kd,52,33,joint_noise_10db,1.0
sensor_aug_kd,52,35,joint_noise_10db,1.0
sensor_aug_kd,52,44,joint_noise_10db,1.0
sensor_aug_kd,52,53,joint_noise_10db,0.5555555555555555
sensor_aug_kd,52,4,joint_channel_dropout_30,0.2222222222222222
sensor_aug_kd,52,5,joint_channel_dropout_30,0.2222222222222222
sensor_aug_kd,52,6,joint_channel_dropout_30,0.5555555555555555
sensor_aug_kd,52,9,joint_channel_dropout_30,0.5555555555555555
sensor_aug_kd,52,17,joint_channel_dropout_30,0.2222222222222222
sensor_aug_kd,52,18,joint_channel_dropout_30,0.2222222222222222
sensor_aug_kd,52,32,joint_channel_dropout_30,0.6666666666666666
sensor_aug_kd,52,33,joint_channel_dropout_30,0.5555555555555555
sensor_aug_kd,52,35,joint_channel_dropout_30,0.2222222222222222
sensor_aug_kd,52,44,joint_channel_dropout_30,1.0
sensor_aug_kd,52,53,joint_channel_dropout_30,0.5555555555555555
sensor_aug_kd,52,4,joint_structured_dropout_30,0.5555555555555555
sensor_aug_kd,52,5,joint_structured_dropout_30,0.5555555555555555
sensor_aug_kd,52,6,joint_structured_dropout_30,0.2222222222222222
sensor_aug_kd,52,9,joint_structured_dropout_30,1.0
sensor_aug_kd,52,17,joint_structured_dropout_30,0.2222222222222222
sensor_aug_kd,52,18,joint_structured_dropout_30,0.2222222222222222
sensor_aug_kd,52,32,joint_structured_dropout_30,0.2222222222222222
sensor_aug_kd,52,33,joint_structured_dropout_30,0.5555555555555555
sensor_aug_kd,52,35,joint_structured_dropout_30,1.0
sensor_aug_kd,52,44,joint_structured_dropout_30,1.0
sensor_aug_kd,52,53,joint_structured_dropout_30,1.0
sensor_aug_kd,52,4,joint_packet_loss_30,1.0
sensor_aug_kd,52,5,joint_packet_loss_30,1.0
sensor_aug_kd,52,6,joint_packet_loss_30,0.5555555555555555
sensor_aug_kd,52,9,joint_packet_loss_30,1.0
sensor_aug_kd,52,17,joint_packet_loss_30,0.5555555555555555
sensor_aug_kd,52,18,joint_packet_loss_30,0.5555555555555555
sensor_aug_kd,52,32,joint_packet_loss_30,0.6666666666666666
sensor_aug_kd,52,33,joint_packet_loss_30,1.0
sensor_aug_kd,52,35,joint_packet_loss_30,1.0
sensor_aug_kd,52,44,joint_packet_loss_30,1.0
sensor_aug_kd,52,53,joint_packet_loss_30,1.0
sensor_aug_kd,52,4,joint_shift_250ms,1.0
sensor_aug_kd,52,5,joint_shift_250ms,1.0
sensor_aug_kd,52,6,joint_shift_250ms,0.5555555555555555
sensor_aug_kd,52,9,joint_shift_250ms,1.0
sensor_aug_kd,52,17,joint_shift_250ms,1.0
sensor_aug_kd,52,18,joint_shift_250ms,1.0
sensor_aug_kd,52,32,joint_shift_250ms,0.6666666666666666
sensor_aug_kd,52,33,joint_shift_250ms,1.0
sensor_aug_kd,52,35,joint_shift_250ms,1.0
sensor_aug_kd,52,44,joint_shift_250ms,1.0
sensor_aug_kd,52,53,joint_shift_250ms,0.5555555555555555
sensor_aug_kd,52,4,joint_gain_1.5,1.0
sensor_aug_kd,52,5,joint_gain_1.5,0.2222222222222222
sensor_aug_kd,52,6,joint_gain_1.5,1.0
sensor_aug_kd,52,9,joint_gain_1.5,0.2222222222222222
sensor_aug_kd,52,17,joint_gain_1.5,1.0
sensor_aug_kd,52,18,joint_gain_1.5,1.0
sensor_aug_kd,52,32,joint_gain_1.5,0.6666666666666666
sensor_aug_kd,52,33,joint_gain_1.5,0.5555555555555555
sensor_aug_kd,52,35,joint_gain_1.5,0.5555555555555555
sensor_aug_kd,52,44,joint_gain_1.5,0.5555555555555555
sensor_aug_kd,52,53,joint_gain_1.5,0.2222222222222222
sensor_aug_kd,53,4,joint_noise_10db,1.0
sensor_aug_kd,53,5,joint_noise_10db,0.5555555555555555
sensor_aug_kd,53,6,joint_noise_10db,1.0
sensor_aug_kd,53,9,joint_noise_10db,1.0
sensor_aug_kd,53,17,joint_noise_10db,1.0
sensor_aug_kd,53,18,joint_noise_10db,1.0
sensor_aug_kd,53,32,joint_noise_10db,0.6666666666666666
sensor_aug_kd,53,33,joint_noise_10db,1.0
sensor_aug_kd,53,35,joint_noise_10db,1.0
sensor_aug_kd,53,44,joint_noise_10db,1.0
sensor_aug_kd,53,53,joint_noise_10db,0.5555555555555555
sensor_aug_kd,53,4,joint_channel_dropout_30,1.0
sensor_aug_kd,53,5,joint_channel_dropout_30,0.2222222222222222
sensor_aug_kd,53,6,joint_channel_dropout_30,0.5555555555555555
sensor_aug_kd,53,9,joint_channel_dropout_30,1.0
sensor_aug_kd,53,17,joint_channel_dropout_30,0.2222222222222222
sensor_aug_kd,53,18,joint_channel_dropout_30,0.2222222222222222
sensor_aug_kd,53,32,joint_channel_dropout_30,0.6666666666666666
sensor_aug_kd,53,33,joint_channel_dropout_30,0.5555555555555555
sensor_aug_kd,53,35,joint_channel_dropout_30,0.2222222222222222
sensor_aug_kd,53,44,joint_channel_dropout_30,0.5555555555555555
sensor_aug_kd,53,53,joint_channel_dropout_30,0.5555555555555555
sensor_aug_kd,53,4,joint_structured_dropout_30,1.0
sensor_aug_kd,53,5,joint_structured_dropout_30,1.0
sensor_aug_kd,53,6,joint_structured_dropout_30,1.0
sensor_aug_kd,53,9,joint_structured_dropout_30,1.0
sensor_aug_kd,53,17,joint_structured_dropout_30,0.2222222222222222
sensor_aug_kd,53,18,joint_structured_dropout_30,0.2222222222222222
sensor_aug_kd,53,32,joint_structured_dropout_30,0.2222222222222222
sensor_aug_kd,53,33,joint_structured_dropout_30,0.5555555555555555
sensor_aug_kd,53,35,joint_structured_dropout_30,0.5555555555555555
sensor_aug_kd,53,44,joint_structured_dropout_30,0.5555555555555555
sensor_aug_kd,53,53,joint_structured_dropout_30,1.0
sensor_aug_kd,53,4,joint_packet_loss_30,1.0
sensor_aug_kd,53,5,joint_packet_loss_30,1.0
sensor_aug_kd,53,6,joint_packet_loss_30,1.0
sensor_aug_kd,53,9,joint_packet_loss_30,1.0
sensor_aug_kd,53,17,joint_packet_loss_30,0.2222222222222222
sensor_aug_kd,53,18,joint_packet_loss_30,0.5555555555555555
sensor_aug_kd,53,32,joint_packet_loss_30,0.6666666666666666
sensor_aug_kd,53,33,joint_packet_loss_30,1.0
sensor_aug_kd,53,35,joint_packet_loss_30,1.0
sensor_aug_kd,53,44,joint_packet_loss_30,1.0
sensor_aug_kd,53,53,joint_packet_loss_30,1.0
sensor_aug_kd,53,4,joint_shift_250ms,1.0
sensor_aug_kd,53,5,joint_shift_250ms,1.0
sensor_aug_kd,53,6,joint_shift_250ms,1.0
sensor_aug_kd,53,9,joint_shift_250ms,1.0
sensor_aug_kd,53,17,joint_shift_250ms,1.0
sensor_aug_kd,53,18,joint_shift_250ms,1.0
sensor_aug_kd,53,32,joint_shift_250ms,0.6666666666666666
sensor_aug_kd,53,33,joint_shift_250ms,1.0
sensor_aug_kd,53,35,joint_shift_250ms,1.0
sensor_aug_kd,53,44,joint_shift_250ms,1.0
sensor_aug_kd,53,53,joint_shift_250ms,1.0
sensor_aug_kd,53,4,joint_gain_1.5,0.2222222222222222
sensor_aug_kd,53,5,joint_gain_1.5,0.2222222222222222
sensor_aug_kd,53,6,joint_gain_1.5,1.0
sensor_aug_kd,53,9,joint_gain_1.5,0.2222222222222222
sensor_aug_kd,53,17,joint_gain_1.5,1.0
sensor_aug_kd,53,18,joint_gain_1.5,1.0
sensor_aug_kd,53,32,joint_gain_1.5,0.3333333333333333
sensor_aug_kd,53,33,joint_gain_1.5,0.2222222222222222
sensor_aug_kd,53,35,joint_gain_1.5,0.2222222222222222
sensor_aug_kd,53,44,joint_gain_1.5,0.2222222222222222
sensor_aug_kd,53,53,joint_gain_1.5,0.2222222222222222
sensor_aug_kd,51,20,joint_noise_10db,1.0
sensor_aug_kd,51,22,joint_noise_10db,1.0
sensor_aug_kd,51,23,joint_noise_10db,1.0
sensor_aug_kd,51,28,joint_noise_10db,1.0
sensor_aug_kd,51,34,joint_noise_10db,1.0
sensor_aug_kd,51,41,joint_noise_10db,1.0
sensor_aug_kd,51,42,joint_noise_10db,1.0
sensor_aug_kd,51,45,joint_noise_10db,0.6666666666666666
sensor_aug_kd,51,51,joint_noise_10db,1.0
sensor_aug_kd,51,54,joint_noise_10db,1.0
sensor_aug_kd,51,56,joint_noise_10db,1.0
sensor_aug_kd,51,20,joint_channel_dropout_30,1.0
sensor_aug_kd,51,22,joint_channel_dropout_30,0.5555555555555555
sensor_aug_kd,51,23,joint_channel_dropout_30,1.0
sensor_aug_kd,51,28,joint_channel_dropout_30,1.0
sensor_aug_kd,51,34,joint_channel_dropout_30,0.2222222222222222
sensor_aug_kd,51,41,joint_channel_dropout_30,1.0
sensor_aug_kd,51,42,joint_channel_dropout_30,0.5555555555555555
sensor_aug_kd,51,45,joint_channel_dropout_30,0.2222222222222222
sensor_aug_kd,51,51,joint_channel_dropout_30,0.2222222222222222
sensor_aug_kd,51,54,joint_channel_dropout_30,0.5555555555555555
sensor_aug_kd,51,56,joint_channel_dropout_30,0.5555555555555555
sensor_aug_kd,51,20,joint_structured_dropout_30,0.2222222222222222
sensor_aug_kd,51,22,joint_structured_dropout_30,0.5555555555555555
sensor_aug_kd,51,23,joint_structured_dropout_30,1.0
sensor_aug_kd,51,28,joint_structured_dropout_30,1.0
sensor_aug_kd,51,34,joint_structured_dropout_30,0.5555555555555555
sensor_aug_kd,51,41,joint_structured_dropout_30,0.2222222222222222
sensor_aug_kd,51,42,joint_structured_dropout_30,0.2222222222222222
sensor_aug_kd,51,45,joint_structured_dropout_30,0.6666666666666666
sensor_aug_kd,51,51,joint_structured_dropout_30,0.2222222222222222
sensor_aug_kd,51,54,joint_structured_dropout_30,1.0
sensor_aug_kd,51,56,joint_structured_dropout_30,0.2222222222222222
sensor_aug_kd,51,20,joint_packet_loss_30,1.0
sensor_aug_kd,51,22,joint_packet_loss_30,1.0
sensor_aug_kd,51,23,joint_packet_loss_30,1.0
sensor_aug_kd,51,28,joint_packet_loss_30,1.0
sensor_aug_kd,51,34,joint_packet_loss_30,1.0
sensor_aug_kd,51,41,joint_packet_loss_30,1.0
sensor_aug_kd,51,42,joint_packet_loss_30,1.0
sensor_aug_kd,51,45,joint_packet_loss_30,0.6666666666666666
sensor_aug_kd,51,51,joint_packet_loss_30,1.0
sensor_aug_kd,51,54,joint_packet_loss_30,1.0
sensor_aug_kd,51,56,joint_packet_loss_30,1.0
sensor_aug_kd,51,20,joint_shift_250ms,1.0
sensor_aug_kd,51,22,joint_shift_250ms,1.0
sensor_aug_kd,51,23,joint_shift_250ms,1.0
sensor_aug_kd,51,28,joint_shift_250ms,1.0
sensor_aug_kd,51,34,joint_shift_250ms,1.0
sensor_aug_kd,51,41,joint_shift_250ms,1.0
sensor_aug_kd,51,42,joint_shift_250ms,1.0
sensor_aug_kd,51,45,joint_shift_250ms,0.6666666666666666
sensor_aug_kd,51,51,joint_shift_250ms,1.0
sensor_aug_kd,51,54,joint_shift_250ms,1.0
sensor_aug_kd,51,56,joint_shift_250ms,1.0
sensor_aug_kd,51,20,joint_gain_1.5,0.5555555555555555
sensor_aug_kd,51,22,joint_gain_1.5,0.5555555555555555
sensor_aug_kd,51,23,joint_gain_1.5,1.0
sensor_aug_kd,51,28,joint_gain_1.5,0.5555555555555555
sensor_aug_kd,51,34,joint_gain_1.5,1.0
sensor_aug_kd,51,41,joint_gain_1.5,1.0
sensor_aug_kd,51,42,joint_gain_1.5,1.0
sensor_aug_kd,51,45,joint_gain_1.5,0.6666666666666666
sensor_aug_kd,51,51,joint_gain_1.5,1.0
sensor_aug_kd,51,54,joint_gain_1.5,0.5555555555555555
sensor_aug_kd,51,56,joint_gain_1.5,1.0
sensor_aug_kd,52,20,joint_noise_10db,1.0
sensor_aug_kd,52,22,joint_noise_10db,1.0
sensor_aug_kd,52,23,joint_noise_10db,1.0
sensor_aug_kd,52,28,joint_noise_10db,1.0
sensor_aug_kd,52,34,joint_noise_10db,1.0
sensor_aug_kd,52,41,joint_noise_10db,1.0
sensor_aug_kd,52,42,joint_noise_10db,1.0
sensor_aug_kd,52,45,joint_noise_10db,0.6666666666666666
sensor_aug_kd,52,51,joint_noise_10db,1.0
sensor_aug_kd,52,54,joint_noise_10db,1.0
sensor_aug_kd,52,56,joint_noise_10db,1.0
sensor_aug_kd,52,20,joint_channel_dropout_30,0.5555555555555555
sensor_aug_kd,52,22,joint_channel_dropout_30,1.0
sensor_aug_kd,52,23,joint_channel_dropout_30,1.0
sensor_aug_kd,52,28,joint_channel_dropout_30,0.5555555555555555
sensor_aug_kd,52,34,joint_channel_dropout_30,0.5555555555555555
sensor_aug_kd,52,41,joint_channel_dropout_30,1.0
sensor_aug_kd,52,42,joint_channel_dropout_30,0.5555555555555555
sensor_aug_kd,52,45,joint_channel_dropout_30,0.2222222222222222
sensor_aug_kd,52,51,joint_channel_dropout_30,0.2222222222222222
sensor_aug_kd,52,54,joint_channel_dropout_30,1.0
sensor_aug_kd,52,56,joint_channel_dropout_30,0.5555555555555555
sensor_aug_kd,52,20,joint_structured_dropout_30,0.5555555555555555
sensor_aug_kd,52,22,joint_structured_dropout_30,1.0
sensor_aug_kd,52,23,joint_structured_dropout_30,1.0
sensor_aug_kd,52,28,joint_structured_dropout_30,1.0
sensor_aug_kd,52,34,joint_structured_dropout_30,0.5555555555555555
sensor_aug_kd,52,41,joint_structured_dropout_30,0.2222222222222222
sensor_aug_kd,52,42,joint_structured_dropout_30,0.2222222222222222
sensor_aug_kd,52,45,joint_structured_dropout_30,0.6666666666666666
sensor_aug_kd,52,51,joint_structured_dropout_30,0.5555555555555555
sensor_aug_kd,52,54,joint_structured_dropout_30,1.0
sensor_aug_kd,52,56,joint_structured_dropout_30,1.0
sensor_aug_kd,52,20,joint_packet_loss_30,1.0
sensor_aug_kd,52,22,joint_packet_loss_30,1.0
sensor_aug_kd,52,23,joint_packet_loss_30,1.0
sensor_aug_kd,52,28,joint_packet_loss_30,1.0
sensor_aug_kd,52,34,joint_packet_loss_30,1.0
sensor_aug_kd,52,41,joint_packet_loss_30,1.0
sensor_aug_kd,52,42,joint_packet_loss_30,0.5555555555555555
sensor_aug_kd,52,45,joint_packet_loss_30,0.6666666666666666
sensor_aug_kd,52,51,joint_packet_loss_30,1.0
sensor_aug_kd,52,54,joint_packet_loss_30,1.0
sensor_aug_kd,52,56,joint_packet_loss_30,1.0
sensor_aug_kd,52,20,joint_shift_250ms,1.0
sensor_aug_kd,52,22,joint_shift_250ms,1.0
sensor_aug_kd,52,23,joint_shift_250ms,1.0
sensor_aug_kd,52,28,joint_shift_250ms,1.0
sensor_aug_kd,52,34,joint_shift_250ms,1.0
sensor_aug_kd,52,41,joint_shift_250ms,1.0
sensor_aug_kd,52,42,joint_shift_250ms,0.5555555555555555
sensor_aug_kd,52,45,joint_shift_250ms,0.6666666666666666
sensor_aug_kd,52,51,joint_shift_250ms,1.0
sensor_aug_kd,52,54,joint_shift_250ms,1.0
sensor_aug_kd,52,56,joint_shift_250ms,1.0
sensor_aug_kd,52,20,joint_gain_1.5,0.5555555555555555
sensor_aug_kd,52,22,joint_gain_1.5,0.2222222222222222
sensor_aug_kd,52,23,joint_gain_1.5,0.2222222222222222
sensor_aug_kd,52,28,joint_gain_1.5,0.2222222222222222
sensor_aug_kd,52,34,joint_gain_1.5,1.0
sensor_aug_kd,52,41,joint_gain_1.5,1.0
sensor_aug_kd,52,42,joint_gain_1.5,1.0
sensor_aug_kd,52,45,joint_gain_1.5,0.6666666666666666
sensor_aug_kd,52,51,joint_gain_1.5,0.5555555555555555
sensor_aug_kd,52,54,joint_gain_1.5,0.2222222222222222
sensor_aug_kd,52,56,joint_gain_1.5,1.0
sensor_aug_kd,53,20,joint_noise_10db,1.0
sensor_aug_kd,53,22,joint_noise_10db,1.0
sensor_aug_kd,53,23,joint_noise_10db,1.0
sensor_aug_kd,53,28,joint_noise_10db,1.0
sensor_aug_kd,53,34,joint_noise_10db,1.0
sensor_aug_kd,53,41,joint_noise_10db,1.0
sensor_aug_kd,53,42,joint_noise_10db,1.0
sensor_aug_kd,53,45,joint_noise_10db,0.6666666666666666
sensor_aug_kd,53,51,joint_noise_10db,1.0
sensor_aug_kd,53,54,joint_noise_10db,1.0
sensor_aug_kd,53,56,joint_noise_10db,1.0
sensor_aug_kd,53,20,joint_channel_dropout_30,0.5555555555555555
sensor_aug_kd,53,22,joint_channel_dropout_30,1.0
sensor_aug_kd,53,23,joint_channel_dropout_30,1.0
sensor_aug_kd,53,28,joint_channel_dropout_30,0.5555555555555555
sensor_aug_kd,53,34,joint_channel_dropout_30,0.2222222222222222
sensor_aug_kd,53,41,joint_channel_dropout_30,1.0
sensor_aug_kd,53,42,joint_channel_dropout_30,0.2222222222222222
sensor_aug_kd,53,45,joint_channel_dropout_30,0.2222222222222222
sensor_aug_kd,53,51,joint_channel_dropout_30,0.5555555555555555
sensor_aug_kd,53,54,joint_channel_dropout_30,0.5555555555555555
sensor_aug_kd,53,56,joint_channel_dropout_30,0.2222222222222222
sensor_aug_kd,53,20,joint_structured_dropout_30,0.5555555555555555
sensor_aug_kd,53,22,joint_structured_dropout_30,1.0
sensor_aug_kd,53,23,joint_structured_dropout_30,1.0
sensor_aug_kd,53,28,joint_structured_dropout_30,1.0
sensor_aug_kd,53,34,joint_structured_dropout_30,0.5555555555555555
sensor_aug_kd,53,41,joint_structured_dropout_30,0.2222222222222222
sensor_aug_kd,53,42,joint_structured_dropout_30,0.2222222222222222
sensor_aug_kd,53,45,joint_structured_dropout_30,0.6666666666666666
sensor_aug_kd,53,51,joint_structured_dropout_30,0.5555555555555555
sensor_aug_kd,53,54,joint_structured_dropout_30,1.0
sensor_aug_kd,53,56,joint_structured_dropout_30,0.2222222222222222
sensor_aug_kd,53,20,joint_packet_loss_30,1.0
sensor_aug_kd,53,22,joint_packet_loss_30,1.0
sensor_aug_kd,53,23,joint_packet_loss_30,1.0
sensor_aug_kd,53,28,joint_packet_loss_30,1.0
sensor_aug_kd,53,34,joint_packet_loss_30,1.0
sensor_aug_kd,53,41,joint_packet_loss_30,1.0
sensor_aug_kd,53,42,joint_packet_loss_30,1.0
sensor_aug_kd,53,45,joint_packet_loss_30,0.6666666666666666
sensor_aug_kd,53,51,joint_packet_loss_30,1.0
sensor_aug_kd,53,54,joint_packet_loss_30,1.0
sensor_aug_kd,53,56,joint_packet_loss_30,1.0
sensor_aug_kd,53,20,joint_shift_250ms,1.0
sensor_aug_kd,53,22,joint_shift_250ms,1.0
sensor_aug_kd,53,23,joint_shift_250ms,1.0
sensor_aug_kd,53,28,joint_shift_250ms,1.0
sensor_aug_kd,53,34,joint_shift_250ms,1.0
sensor_aug_kd,53,41,joint_shift_250ms,1.0
sensor_aug_kd,53,42,joint_shift_250ms,1.0
sensor_aug_kd,53,45,joint_shift_250ms,0.6666666666666666
sensor_aug_kd,53,51,joint_shift_250ms,1.0
sensor_aug_kd,53,54,joint_shift_250ms,1.0
sensor_aug_kd,53,56,joint_shift_250ms,1.0
sensor_aug_kd,53,20,joint_gain_1.5,0.5555555555555555
sensor_aug_kd,53,22,joint_gain_1.5,1.0
sensor_aug_kd,53,23,joint_gain_1.5,0.5555555555555555
sensor_aug_kd,53,28,joint_gain_1.5,0.2222222222222222
sensor_aug_kd,53,34,joint_gain_1.5,1.0
sensor_aug_kd,53,41,joint_gain_1.5,1.0
sensor_aug_kd,53,42,joint_gain_1.5,1.0
sensor_aug_kd,53,45,joint_gain_1.5,0.6666666666666666
sensor_aug_kd,53,51,joint_gain_1.5,0.2222222222222222
sensor_aug_kd,53,54,joint_gain_1.5,0.5555555555555555
sensor_aug_kd,53,56,joint_gain_1.5,1.0
sensor_aug_kd,51,8,joint_noise_10db,0.3333333333333333
sensor_aug_kd,51,11,joint_noise_10db,0.6666666666666666
sensor_aug_kd,51,12,joint_noise_10db,1.0
sensor_aug_kd,51,13,joint_noise_10db,1.0
sensor_aug_kd,51,30,joint_noise_10db,1.0
sensor_aug_kd,51,31,joint_noise_10db,1.0
sensor_aug_kd,51,37,joint_noise_10db,1.0
sensor_aug_kd,51,52,joint_noise_10db,1.0
sensor_aug_kd,51,55,joint_noise_10db,1.0
sensor_aug_kd,51,57,joint_noise_10db,1.0
sensor_aug_kd,51,58,joint_noise_10db,1.0
sensor_aug_kd,51,8,joint_channel_dropout_30,0.3333333333333333
sensor_aug_kd,51,11,joint_channel_dropout_30,0.2222222222222222
sensor_aug_kd,51,12,joint_channel_dropout_30,1.0
sensor_aug_kd,51,13,joint_channel_dropout_30,1.0
sensor_aug_kd,51,30,joint_channel_dropout_30,0.5555555555555555
sensor_aug_kd,51,31,joint_channel_dropout_30,0.2222222222222222
sensor_aug_kd,51,37,joint_channel_dropout_30,0.5555555555555555
sensor_aug_kd,51,52,joint_channel_dropout_30,0.5555555555555555
sensor_aug_kd,51,55,joint_channel_dropout_30,0.2222222222222222
sensor_aug_kd,51,57,joint_channel_dropout_30,0.2222222222222222
sensor_aug_kd,51,58,joint_channel_dropout_30,0.2222222222222222
sensor_aug_kd,51,8,joint_structured_dropout_30,0.0
sensor_aug_kd,51,11,joint_structured_dropout_30,0.6666666666666666
sensor_aug_kd,51,12,joint_structured_dropout_30,1.0
sensor_aug_kd,51,13,joint_structured_dropout_30,0.5555555555555555
sensor_aug_kd,51,30,joint_structured_dropout_30,0.5555555555555555
sensor_aug_kd,51,31,joint_structured_dropout_30,1.0
sensor_aug_kd,51,37,joint_structured_dropout_30,0.5555555555555555
sensor_aug_kd,51,52,joint_structured_dropout_30,0.5555555555555555
sensor_aug_kd,51,55,joint_structured_dropout_30,0.2222222222222222
sensor_aug_kd,51,57,joint_structured_dropout_30,0.5555555555555555
sensor_aug_kd,51,58,joint_structured_dropout_30,0.5555555555555555
sensor_aug_kd,51,8,joint_packet_loss_30,0.0
sensor_aug_kd,51,11,joint_packet_loss_30,0.2222222222222222
sensor_aug_kd,51,12,joint_packet_loss_30,1.0
sensor_aug_kd,51,13,joint_packet_loss_30,1.0
sensor_aug_kd,51,30,joint_packet_loss_30,1.0
sensor_aug_kd,51,31,joint_packet_loss_30,1.0
sensor_aug_kd,51,37,joint_packet_loss_30,0.5555555555555555
sensor_aug_kd,51,52,joint_packet_loss_30,1.0
sensor_aug_kd,51,55,joint_packet_loss_30,0.5555555555555555
sensor_aug_kd,51,57,joint_packet_loss_30,1.0
sensor_aug_kd,51,58,joint_packet_loss_30,1.0
sensor_aug_kd,51,8,joint_shift_250ms,0.0
sensor_aug_kd,51,11,joint_shift_250ms,0.6666666666666666
sensor_aug_kd,51,12,joint_shift_250ms,1.0
sensor_aug_kd,51,13,joint_shift_250ms,1.0
sensor_aug_kd,51,30,joint_shift_250ms,0.5555555555555555
sensor_aug_kd,51,31,joint_shift_250ms,1.0
sensor_aug_kd,51,37,joint_shift_250ms,1.0
sensor_aug_kd,51,52,joint_shift_250ms,1.0
sensor_aug_kd,51,55,joint_shift_250ms,1.0
sensor_aug_kd,51,57,joint_shift_250ms,1.0
sensor_aug_kd,51,58,joint_shift_250ms,1.0
sensor_aug_kd,51,8,joint_gain_1.5,0.3333333333333333
sensor_aug_kd,51,11,joint_gain_1.5,0.6666666666666666
sensor_aug_kd,51,12,joint_gain_1.5,0.2222222222222222
sensor_aug_kd,51,13,joint_gain_1.5,1.0
sensor_aug_kd,51,30,joint_gain_1.5,1.0
sensor_aug_kd,51,31,joint_gain_1.5,0.5555555555555555
sensor_aug_kd,51,37,joint_gain_1.5,0.5555555555555555
sensor_aug_kd,51,52,joint_gain_1.5,1.0
sensor_aug_kd,51,55,joint_gain_1.5,1.0
sensor_aug_kd,51,57,joint_gain_1.5,0.5555555555555555
sensor_aug_kd,51,58,joint_gain_1.5,1.0
sensor_aug_kd,52,8,joint_noise_10db,0.3333333333333333
sensor_aug_kd,52,11,joint_noise_10db,0.6666666666666666
sensor_aug_kd,52,12,joint_noise_10db,1.0
sensor_aug_kd,52,13,joint_noise_10db,1.0
sensor_aug_kd,52,30,joint_noise_10db,1.0
sensor_aug_kd,52,31,joint_noise_10db,1.0
sensor_aug_kd,52,37,joint_noise_10db,1.0
sensor_aug_kd,52,52,joint_noise_10db,1.0
sensor_aug_kd,52,55,joint_noise_10db,1.0
sensor_aug_kd,52,57,joint_noise_10db,1.0
sensor_aug_kd,52,58,joint_noise_10db,1.0
sensor_aug_kd,52,8,joint_channel_dropout_30,0.0
sensor_aug_kd,52,11,joint_channel_dropout_30,0.2222222222222222
sensor_aug_kd,52,12,joint_channel_dropout_30,1.0
sensor_aug_kd,52,13,joint_channel_dropout_30,1.0
sensor_aug_kd,52,30,joint_channel_dropout_30,0.5555555555555555
sensor_aug_kd,52,31,joint_channel_dropout_30,0.2222222222222222
sensor_aug_kd,52,37,joint_channel_dropout_30,0.2222222222222222
sensor_aug_kd,52,52,joint_channel_dropout_30,0.5555555555555555
sensor_aug_kd,52,55,joint_channel_dropout_30,0.2222222222222222
sensor_aug_kd,52,57,joint_channel_dropout_30,0.2222222222222222
sensor_aug_kd,52,58,joint_channel_dropout_30,0.2222222222222222
sensor_aug_kd,52,8,joint_structured_dropout_30,0.0
sensor_aug_kd,52,11,joint_structured_dropout_30,0.2222222222222222
sensor_aug_kd,52,12,joint_structured_dropout_30,0.5555555555555555
sensor_aug_kd,52,13,joint_structured_dropout_30,0.2222222222222222
sensor_aug_kd,52,30,joint_structured_dropout_30,0.5555555555555555
sensor_aug_kd,52,31,joint_structured_dropout_30,0.5555555555555555
sensor_aug_kd,52,37,joint_structured_dropout_30,0.2222222222222222
sensor_aug_kd,52,52,joint_structured_dropout_30,0.5555555555555555
sensor_aug_kd,52,55,joint_structured_dropout_30,0.2222222222222222
sensor_aug_kd,52,57,joint_structured_dropout_30,0.5555555555555555
sensor_aug_kd,52,58,joint_structured_dropout_30,0.5555555555555555
sensor_aug_kd,52,8,joint_packet_loss_30,0.0
sensor_aug_kd,52,11,joint_packet_loss_30,0.6666666666666666
sensor_aug_kd,52,12,joint_packet_loss_30,1.0
sensor_aug_kd,52,13,joint_packet_loss_30,1.0
sensor_aug_kd,52,30,joint_packet_loss_30,1.0
sensor_aug_kd,52,31,joint_packet_loss_30,1.0
sensor_aug_kd,52,37,joint_packet_loss_30,1.0
sensor_aug_kd,52,52,joint_packet_loss_30,1.0
sensor_aug_kd,52,55,joint_packet_loss_30,0.2222222222222222
sensor_aug_kd,52,57,joint_packet_loss_30,1.0
sensor_aug_kd,52,58,joint_packet_loss_30,1.0
sensor_aug_kd,52,8,joint_shift_250ms,0.0
sensor_aug_kd,52,11,joint_shift_250ms,0.6666666666666666
sensor_aug_kd,52,12,joint_shift_250ms,1.0
sensor_aug_kd,52,13,joint_shift_250ms,1.0
sensor_aug_kd,52,30,joint_shift_250ms,1.0
sensor_aug_kd,52,31,joint_shift_250ms,1.0
sensor_aug_kd,52,37,joint_shift_250ms,1.0
sensor_aug_kd,52,52,joint_shift_250ms,1.0
sensor_aug_kd,52,55,joint_shift_250ms,1.0
sensor_aug_kd,52,57,joint_shift_250ms,1.0
sensor_aug_kd,52,58,joint_shift_250ms,1.0
sensor_aug_kd,52,8,joint_gain_1.5,0.3333333333333333
sensor_aug_kd,52,11,joint_gain_1.5,0.6666666666666666
sensor_aug_kd,52,12,joint_gain_1.5,0.2222222222222222
sensor_aug_kd,52,13,joint_gain_1.5,1.0
sensor_aug_kd,52,30,joint_gain_1.5,0.2222222222222222
sensor_aug_kd,52,31,joint_gain_1.5,0.2222222222222222
sensor_aug_kd,52,37,joint_gain_1.5,0.2222222222222222
sensor_aug_kd,52,52,joint_gain_1.5,0.5555555555555555
sensor_aug_kd,52,55,joint_gain_1.5,1.0
sensor_aug_kd,52,57,joint_gain_1.5,0.2222222222222222
sensor_aug_kd,52,58,joint_gain_1.5,0.2222222222222222
sensor_aug_kd,53,8,joint_noise_10db,0.3333333333333333
sensor_aug_kd,53,11,joint_noise_10db,0.6666666666666666
sensor_aug_kd,53,12,joint_noise_10db,0.5555555555555555
sensor_aug_kd,53,13,joint_noise_10db,1.0
sensor_aug_kd,53,30,joint_noise_10db,1.0
sensor_aug_kd,53,31,joint_noise_10db,1.0
sensor_aug_kd,53,37,joint_noise_10db,1.0
sensor_aug_kd,53,52,joint_noise_10db,1.0
sensor_aug_kd,53,55,joint_noise_10db,1.0
sensor_aug_kd,53,57,joint_noise_10db,1.0
sensor_aug_kd,53,58,joint_noise_10db,1.0
sensor_aug_kd,53,8,joint_channel_dropout_30,0.0
sensor_aug_kd,53,11,joint_channel_dropout_30,0.2222222222222222
sensor_aug_kd,53,12,joint_channel_dropout_30,1.0
sensor_aug_kd,53,13,joint_channel_dropout_30,0.5555555555555555
sensor_aug_kd,53,30,joint_channel_dropout_30,0.5555555555555555
sensor_aug_kd,53,31,joint_channel_dropout_30,0.2222222222222222
sensor_aug_kd,53,37,joint_channel_dropout_30,0.2222222222222222
sensor_aug_kd,53,52,joint_channel_dropout_30,0.5555555555555555
sensor_aug_kd,53,55,joint_channel_dropout_30,0.16666666666666666
sensor_aug_kd,53,57,joint_channel_dropout_30,0.2222222222222222
sensor_aug_kd,53,58,joint_channel_dropout_30,0.2222222222222222
sensor_aug_kd,53,8,joint_structured_dropout_30,0.0
sensor_aug_kd,53,11,joint_structured_dropout_30,0.2222222222222222
sensor_aug_kd,53,12,joint_structured_dropout_30,0.5555555555555555
sensor_aug_kd,53,13,joint_structured_dropout_30,0.2222222222222222
sensor_aug_kd,53,30,joint_structured_dropout_30,0.5555555555555555
sensor_aug_kd,53,31,joint_structured_dropout_30,0.5555555555555555
sensor_aug_kd,53,37,joint_structured_dropout_30,0.5555555555555555
sensor_aug_kd,53,52,joint_structured_dropout_30,0.5555555555555555
sensor_aug_kd,53,55,joint_structured_dropout_30,0.2222222222222222
sensor_aug_kd,53,57,joint_structured_dropout_30,0.5555555555555555
sensor_aug_kd,53,58,joint_structured_dropout_30,1.0
sensor_aug_kd,53,8,joint_packet_loss_30,0.3333333333333333
sensor_aug_kd,53,11,joint_packet_loss_30,0.2222222222222222
sensor_aug_kd,53,12,joint_packet_loss_30,1.0
sensor_aug_kd,53,13,joint_packet_loss_30,1.0
sensor_aug_kd,53,30,joint_packet_loss_30,1.0
sensor_aug_kd,53,31,joint_packet_loss_30,1.0
sensor_aug_kd,53,37,joint_packet_loss_30,0.5555555555555555
sensor_aug_kd,53,52,joint_packet_loss_30,1.0
sensor_aug_kd,53,55,joint_packet_loss_30,0.5555555555555555
sensor_aug_kd,53,57,joint_packet_loss_30,1.0
sensor_aug_kd,53,58,joint_packet_loss_30,1.0
sensor_aug_kd,53,8,joint_shift_250ms,0.3333333333333333
sensor_aug_kd,53,11,joint_shift_250ms,0.6666666666666666
sensor_aug_kd,53,12,joint_shift_250ms,1.0
sensor_aug_kd,53,13,joint_shift_250ms,1.0
sensor_aug_kd,53,30,joint_shift_250ms,1.0
sensor_aug_kd,53,31,joint_shift_250ms,1.0
sensor_aug_kd,53,37,joint_shift_250ms,1.0
sensor_aug_kd,53,52,joint_shift_250ms,1.0
sensor_aug_kd,53,55,joint_shift_250ms,0.5555555555555555
sensor_aug_kd,53,57,joint_shift_250ms,1.0
sensor_aug_kd,53,58,joint_shift_250ms,1.0
sensor_aug_kd,53,8,joint_gain_1.5,0.3333333333333333
sensor_aug_kd,53,11,joint_gain_1.5,0.6666666666666666
sensor_aug_kd,53,12,joint_gain_1.5,0.2222222222222222
sensor_aug_kd,53,13,joint_gain_1.5,0.2222222222222222
sensor_aug_kd,53,30,joint_gain_1.5,0.2222222222222222
sensor_aug_kd,53,31,joint_gain_1.5,0.2222222222222222
sensor_aug_kd,53,37,joint_gain_1.5,0.5555555555555555
sensor_aug_kd,53,52,joint_gain_1.5,0.2222222222222222
sensor_aug_kd,53,55,joint_gain_1.5,0.5555555555555555
sensor_aug_kd,53,57,joint_gain_1.5,0.2222222222222222
sensor_aug_kd,53,58,joint_gain_1.5,0.2222222222222222
moddrop_fasca_kd,51,1,joint_noise_10db,1.0
moddrop_fasca_kd,51,10,joint_noise_10db,0.5555555555555555
moddrop_fasca_kd,51,15,joint_noise_10db,1.0
moddrop_fasca_kd,51,19,joint_noise_10db,1.0
moddrop_fasca_kd,51,36,joint_noise_10db,1.0
moddrop_fasca_kd,51,39,joint_noise_10db,1.0
moddrop_fasca_kd,51,40,joint_noise_10db,1.0
moddrop_fasca_kd,51,43,joint_noise_10db,0.6666666666666666
moddrop_fasca_kd,51,48,joint_noise_10db,1.0
moddrop_fasca_kd,51,49,joint_noise_10db,1.0
moddrop_fasca_kd,51,59,joint_noise_10db,1.0
moddrop_fasca_kd,51,1,joint_channel_dropout_30,0.2222222222222222
moddrop_fasca_kd,51,10,joint_channel_dropout_30,0.5555555555555555
moddrop_fasca_kd,51,15,joint_channel_dropout_30,0.5555555555555555
moddrop_fasca_kd,51,19,joint_channel_dropout_30,0.5555555555555555
moddrop_fasca_kd,51,36,joint_channel_dropout_30,0.2222222222222222
moddrop_fasca_kd,51,39,joint_channel_dropout_30,0.2222222222222222
moddrop_fasca_kd,51,40,joint_channel_dropout_30,0.5555555555555555
moddrop_fasca_kd,51,43,joint_channel_dropout_30,0.2222222222222222
moddrop_fasca_kd,51,48,joint_channel_dropout_30,0.5555555555555555
moddrop_fasca_kd,51,49,joint_channel_dropout_30,0.2222222222222222
moddrop_fasca_kd,51,59,joint_channel_dropout_30,1.0
moddrop_fasca_kd,51,1,joint_structured_dropout_30,0.2222222222222222
moddrop_fasca_kd,51,10,joint_structured_dropout_30,0.5555555555555555
moddrop_fasca_kd,51,15,joint_structured_dropout_30,0.2222222222222222
moddrop_fasca_kd,51,19,joint_structured_dropout_30,1.0
moddrop_fasca_kd,51,36,joint_structured_dropout_30,0.2222222222222222
moddrop_fasca_kd,51,39,joint_structured_dropout_30,0.5555555555555555
moddrop_fasca_kd,51,40,joint_structured_dropout_30,1.0
moddrop_fasca_kd,51,43,joint_structured_dropout_30,0.2222222222222222
moddrop_fasca_kd,51,48,joint_structured_dropout_30,1.0
moddrop_fasca_kd,51,49,joint_structured_dropout_30,0.2222222222222222
moddrop_fasca_kd,51,59,joint_structured_dropout_30,1.0
moddrop_fasca_kd,51,1,joint_packet_loss_30,1.0
moddrop_fasca_kd,51,10,joint_packet_loss_30,0.5555555555555555
moddrop_fasca_kd,51,15,joint_packet_loss_30,1.0
moddrop_fasca_kd,51,19,joint_packet_loss_30,1.0
moddrop_fasca_kd,51,36,joint_packet_loss_30,0.5555555555555555
moddrop_fasca_kd,51,39,joint_packet_loss_30,1.0
moddrop_fasca_kd,51,40,joint_packet_loss_30,1.0
moddrop_fasca_kd,51,43,joint_packet_loss_30,0.6666666666666666
moddrop_fasca_kd,51,48,joint_packet_loss_30,1.0
moddrop_fasca_kd,51,49,joint_packet_loss_30,0.5555555555555555
moddrop_fasca_kd,51,59,joint_packet_loss_30,1.0
moddrop_fasca_kd,51,1,joint_shift_250ms,1.0
moddrop_fasca_kd,51,10,joint_shift_250ms,0.5555555555555555
moddrop_fasca_kd,51,15,joint_shift_250ms,1.0
moddrop_fasca_kd,51,19,joint_shift_250ms,1.0
moddrop_fasca_kd,51,36,joint_shift_250ms,1.0
moddrop_fasca_kd,51,39,joint_shift_250ms,1.0
moddrop_fasca_kd,51,40,joint_shift_250ms,1.0
moddrop_fasca_kd,51,43,joint_shift_250ms,0.6666666666666666
moddrop_fasca_kd,51,48,joint_shift_250ms,1.0
moddrop_fasca_kd,51,49,joint_shift_250ms,1.0
moddrop_fasca_kd,51,59,joint_shift_250ms,1.0
moddrop_fasca_kd,51,1,joint_gain_1.5,0.2222222222222222
moddrop_fasca_kd,51,10,joint_gain_1.5,0.16666666666666666
moddrop_fasca_kd,51,15,joint_gain_1.5,0.5555555555555555
moddrop_fasca_kd,51,19,joint_gain_1.5,0.5555555555555555
moddrop_fasca_kd,51,36,joint_gain_1.5,1.0
moddrop_fasca_kd,51,39,joint_gain_1.5,0.2222222222222222
moddrop_fasca_kd,51,40,joint_gain_1.5,0.5555555555555555
moddrop_fasca_kd,51,43,joint_gain_1.5,0.0
moddrop_fasca_kd,51,48,joint_gain_1.5,0.2222222222222222
moddrop_fasca_kd,51,49,joint_gain_1.5,1.0
moddrop_fasca_kd,51,59,joint_gain_1.5,0.2222222222222222
moddrop_fasca_kd,52,1,joint_noise_10db,1.0
moddrop_fasca_kd,52,10,joint_noise_10db,0.2222222222222222
moddrop_fasca_kd,52,15,joint_noise_10db,1.0
moddrop_fasca_kd,52,19,joint_noise_10db,1.0
moddrop_fasca_kd,52,36,joint_noise_10db,1.0
moddrop_fasca_kd,52,39,joint_noise_10db,1.0
moddrop_fasca_kd,52,40,joint_noise_10db,1.0
moddrop_fasca_kd,52,43,joint_noise_10db,0.6666666666666666
moddrop_fasca_kd,52,48,joint_noise_10db,1.0
moddrop_fasca_kd,52,49,joint_noise_10db,1.0
moddrop_fasca_kd,52,59,joint_noise_10db,1.0
moddrop_fasca_kd,52,1,joint_channel_dropout_30,0.5555555555555555
moddrop_fasca_kd,52,10,joint_channel_dropout_30,1.0
moddrop_fasca_kd,52,15,joint_channel_dropout_30,0.5555555555555555
moddrop_fasca_kd,52,19,joint_channel_dropout_30,1.0
moddrop_fasca_kd,52,36,joint_channel_dropout_30,0.2222222222222222
moddrop_fasca_kd,52,39,joint_channel_dropout_30,0.2222222222222222
moddrop_fasca_kd,52,40,joint_channel_dropout_30,0.5555555555555555
moddrop_fasca_kd,52,43,joint_channel_dropout_30,0.6666666666666666
moddrop_fasca_kd,52,48,joint_channel_dropout_30,1.0
moddrop_fasca_kd,52,49,joint_channel_dropout_30,0.5555555555555555
moddrop_fasca_kd,52,59,joint_channel_dropout_30,0.5555555555555555
moddrop_fasca_kd,52,1,joint_structured_dropout_30,1.0
moddrop_fasca_kd,52,10,joint_structured_dropout_30,1.0
moddrop_fasca_kd,52,15,joint_structured_dropout_30,0.5555555555555555
moddrop_fasca_kd,52,19,joint_structured_dropout_30,1.0
moddrop_fasca_kd,52,36,joint_structured_dropout_30,0.2222222222222222
moddrop_fasca_kd,52,39,joint_structured_dropout_30,0.5555555555555555
moddrop_fasca_kd,52,40,joint_structured_dropout_30,1.0
moddrop_fasca_kd,52,43,joint_structured_dropout_30,0.6666666666666666
moddrop_fasca_kd,52,48,joint_structured_dropout_30,1.0
moddrop_fasca_kd,52,49,joint_structured_dropout_30,0.5555555555555555
moddrop_fasca_kd,52,59,joint_structured_dropout_30,0.5555555555555555
moddrop_fasca_kd,52,1,joint_packet_loss_30,1.0
moddrop_fasca_kd,52,10,joint_packet_loss_30,1.0
moddrop_fasca_kd,52,15,joint_packet_loss_30,1.0
moddrop_fasca_kd,52,19,joint_packet_loss_30,1.0
moddrop_fasca_kd,52,36,joint_packet_loss_30,1.0
moddrop_fasca_kd,52,39,joint_packet_loss_30,1.0
moddrop_fasca_kd,52,40,joint_packet_loss_30,1.0
moddrop_fasca_kd,52,43,joint_packet_loss_30,0.6666666666666666
moddrop_fasca_kd,52,48,joint_packet_loss_30,1.0
moddrop_fasca_kd,52,49,joint_packet_loss_30,1.0
moddrop_fasca_kd,52,59,joint_packet_loss_30,1.0
moddrop_fasca_kd,52,1,joint_shift_250ms,1.0
moddrop_fasca_kd,52,10,joint_shift_250ms,1.0
moddrop_fasca_kd,52,15,joint_shift_250ms,1.0
moddrop_fasca_kd,52,19,joint_shift_250ms,1.0
moddrop_fasca_kd,52,36,joint_shift_250ms,1.0
moddrop_fasca_kd,52,39,joint_shift_250ms,1.0
moddrop_fasca_kd,52,40,joint_shift_250ms,1.0
moddrop_fasca_kd,52,43,joint_shift_250ms,0.6666666666666666
moddrop_fasca_kd,52,48,joint_shift_250ms,1.0
moddrop_fasca_kd,52,49,joint_shift_250ms,1.0
moddrop_fasca_kd,52,59,joint_shift_250ms,1.0
moddrop_fasca_kd,52,1,joint_gain_1.5,0.2222222222222222
moddrop_fasca_kd,52,10,joint_gain_1.5,0.16666666666666666
moddrop_fasca_kd,52,15,joint_gain_1.5,1.0
moddrop_fasca_kd,52,19,joint_gain_1.5,0.5555555555555555
moddrop_fasca_kd,52,36,joint_gain_1.5,1.0
moddrop_fasca_kd,52,39,joint_gain_1.5,0.5555555555555555
moddrop_fasca_kd,52,40,joint_gain_1.5,0.5555555555555555
moddrop_fasca_kd,52,43,joint_gain_1.5,0.2222222222222222
moddrop_fasca_kd,52,48,joint_gain_1.5,0.2222222222222222
moddrop_fasca_kd,52,49,joint_gain_1.5,1.0
moddrop_fasca_kd,52,59,joint_gain_1.5,1.0
moddrop_fasca_kd,53,1,joint_noise_10db,1.0
moddrop_fasca_kd,53,10,joint_noise_10db,0.2222222222222222
moddrop_fasca_kd,53,15,joint_noise_10db,1.0
moddrop_fasca_kd,53,19,joint_noise_10db,1.0
moddrop_fasca_kd,53,36,joint_noise_10db,1.0
moddrop_fasca_kd,53,39,joint_noise_10db,1.0
moddrop_fasca_kd,53,40,joint_noise_10db,1.0
moddrop_fasca_kd,53,43,joint_noise_10db,0.6666666666666666
moddrop_fasca_kd,53,48,joint_noise_10db,1.0
moddrop_fasca_kd,53,49,joint_noise_10db,1.0
moddrop_fasca_kd,53,59,joint_noise_10db,1.0
moddrop_fasca_kd,53,1,joint_channel_dropout_30,1.0
moddrop_fasca_kd,53,10,joint_channel_dropout_30,1.0
moddrop_fasca_kd,53,15,joint_channel_dropout_30,0.5555555555555555
moddrop_fasca_kd,53,19,joint_channel_dropout_30,1.0
moddrop_fasca_kd,53,36,joint_channel_dropout_30,0.2222222222222222
moddrop_fasca_kd,53,39,joint_channel_dropout_30,0.2222222222222222
moddrop_fasca_kd,53,40,joint_channel_dropout_30,0.2222222222222222
moddrop_fasca_kd,53,43,joint_channel_dropout_30,0.2222222222222222
moddrop_fasca_kd,53,48,joint_channel_dropout_30,0.5555555555555555
moddrop_fasca_kd,53,49,joint_channel_dropout_30,0.2222222222222222
moddrop_fasca_kd,53,59,joint_channel_dropout_30,1.0
moddrop_fasca_kd,53,1,joint_structured_dropout_30,0.5555555555555555
moddrop_fasca_kd,53,10,joint_structured_dropout_30,1.0
moddrop_fasca_kd,53,15,joint_structured_dropout_30,0.5555555555555555
moddrop_fasca_kd,53,19,joint_structured_dropout_30,0.5555555555555555
moddrop_fasca_kd,53,36,joint_structured_dropout_30,0.2222222222222222
moddrop_fasca_kd,53,39,joint_structured_dropout_30,1.0
moddrop_fasca_kd,53,40,joint_structured_dropout_30,1.0
moddrop_fasca_kd,53,43,joint_structured_dropout_30,0.2222222222222222
moddrop_fasca_kd,53,48,joint_structured_dropout_30,0.5555555555555555
moddrop_fasca_kd,53,49,joint_structured_dropout_30,0.2222222222222222
moddrop_fasca_kd,53,59,joint_structured_dropout_30,0.5555555555555555
moddrop_fasca_kd,53,1,joint_packet_loss_30,1.0
moddrop_fasca_kd,53,10,joint_packet_loss_30,1.0
moddrop_fasca_kd,53,15,joint_packet_loss_30,1.0
moddrop_fasca_kd,53,19,joint_packet_loss_30,1.0
moddrop_fasca_kd,53,36,joint_packet_loss_30,0.5555555555555555
moddrop_fasca_kd,53,39,joint_packet_loss_30,1.0
moddrop_fasca_kd,53,40,joint_packet_loss_30,1.0
moddrop_fasca_kd,53,43,joint_packet_loss_30,0.6666666666666666
moddrop_fasca_kd,53,48,joint_packet_loss_30,1.0
moddrop_fasca_kd,53,49,joint_packet_loss_30,1.0
moddrop_fasca_kd,53,59,joint_packet_loss_30,1.0
moddrop_fasca_kd,53,1,joint_shift_250ms,1.0
moddrop_fasca_kd,53,10,joint_shift_250ms,1.0
moddrop_fasca_kd,53,15,joint_shift_250ms,1.0
moddrop_fasca_kd,53,19,joint_shift_250ms,1.0
moddrop_fasca_kd,53,36,joint_shift_250ms,1.0
moddrop_fasca_kd,53,39,joint_shift_250ms,1.0
moddrop_fasca_kd,53,40,joint_shift_250ms,1.0
moddrop_fasca_kd,53,43,joint_shift_250ms,0.6666666666666666
moddrop_fasca_kd,53,48,joint_shift_250ms,1.0
moddrop_fasca_kd,53,49,joint_shift_250ms,1.0
moddrop_fasca_kd,53,59,joint_shift_250ms,1.0
moddrop_fasca_kd,53,1,joint_gain_1.5,0.5555555555555555
moddrop_fasca_kd,53,10,joint_gain_1.5,0.2222222222222222
moddrop_fasca_kd,53,15,joint_gain_1.5,0.2222222222222222
moddrop_fasca_kd,53,19,joint_gain_1.5,1.0
moddrop_fasca_kd,53,36,joint_gain_1.5,1.0
moddrop_fasca_kd,53,39,joint_gain_1.5,0.2222222222222222
moddrop_fasca_kd,53,40,joint_gain_1.5,0.5555555555555555
moddrop_fasca_kd,53,43,joint_gain_1.5,0.2222222222222222
moddrop_fasca_kd,53,48,joint_gain_1.5,0.2222222222222222
moddrop_fasca_kd,53,49,joint_gain_1.5,1.0
moddrop_fasca_kd,53,59,joint_gain_1.5,0.2222222222222222
moddrop_fasca_kd,51,3,joint_noise_10db,0.3333333333333333
moddrop_fasca_kd,51,7,joint_noise_10db,1.0
moddrop_fasca_kd,51,14,joint_noise_10db,1.0
moddrop_fasca_kd,51,16,joint_noise_10db,1.0
moddrop_fasca_kd,51,21,joint_noise_10db,1.0
moddrop_fasca_kd,51,25,joint_noise_10db,0.5555555555555555
moddrop_fasca_kd,51,26,joint_noise_10db,1.0
moddrop_fasca_kd,51,27,joint_noise_10db,1.0
moddrop_fasca_kd,51,29,joint_noise_10db,1.0
moddrop_fasca_kd,51,38,joint_noise_10db,1.0
moddrop_fasca_kd,51,46,joint_noise_10db,1.0
moddrop_fasca_kd,51,3,joint_channel_dropout_30,0.3333333333333333
moddrop_fasca_kd,51,7,joint_channel_dropout_30,0.2222222222222222
moddrop_fasca_kd,51,14,joint_channel_dropout_30,1.0
moddrop_fasca_kd,51,16,joint_channel_dropout_30,1.0
moddrop_fasca_kd,51,21,joint_channel_dropout_30,1.0
moddrop_fasca_kd,51,25,joint_channel_dropout_30,1.0
moddrop_fasca_kd,51,26,joint_channel_dropout_30,0.2222222222222222
moddrop_fasca_kd,51,27,joint_channel_dropout_30,1.0
moddrop_fasca_kd,51,29,joint_channel_dropout_30,0.2222222222222222
moddrop_fasca_kd,51,38,joint_channel_dropout_30,0.5555555555555555
moddrop_fasca_kd,51,46,joint_channel_dropout_30,0.5555555555555555
moddrop_fasca_kd,51,3,joint_structured_dropout_30,0.3333333333333333
moddrop_fasca_kd,51,7,joint_structured_dropout_30,1.0
moddrop_fasca_kd,51,14,joint_structured_dropout_30,0.5555555555555555
moddrop_fasca_kd,51,16,joint_structured_dropout_30,0.5555555555555555
moddrop_fasca_kd,51,21,joint_structured_dropout_30,1.0
moddrop_fasca_kd,51,25,joint_structured_dropout_30,1.0
moddrop_fasca_kd,51,26,joint_structured_dropout_30,0.2222222222222222
moddrop_fasca_kd,51,27,joint_structured_dropout_30,1.0
moddrop_fasca_kd,51,29,joint_structured_dropout_30,0.2222222222222222
moddrop_fasca_kd,51,38,joint_structured_dropout_30,1.0
moddrop_fasca_kd,51,46,joint_structured_dropout_30,1.0
moddrop_fasca_kd,51,3,joint_packet_loss_30,0.3333333333333333
moddrop_fasca_kd,51,7,joint_packet_loss_30,1.0
moddrop_fasca_kd,51,14,joint_packet_loss_30,1.0
moddrop_fasca_kd,51,16,joint_packet_loss_30,1.0
moddrop_fasca_kd,51,21,joint_packet_loss_30,1.0
moddrop_fasca_kd,51,25,joint_packet_loss_30,1.0
moddrop_fasca_kd,51,26,joint_packet_loss_30,0.2222222222222222
moddrop_fasca_kd,51,27,joint_packet_loss_30,1.0
moddrop_fasca_kd,51,29,joint_packet_loss_30,0.2222222222222222
moddrop_fasca_kd,51,38,joint_packet_loss_30,1.0
moddrop_fasca_kd,51,46,joint_packet_loss_30,1.0
moddrop_fasca_kd,51,3,joint_shift_250ms,0.3333333333333333
moddrop_fasca_kd,51,7,joint_shift_250ms,1.0
moddrop_fasca_kd,51,14,joint_shift_250ms,1.0
moddrop_fasca_kd,51,16,joint_shift_250ms,1.0
moddrop_fasca_kd,51,21,joint_shift_250ms,1.0
moddrop_fasca_kd,51,25,joint_shift_250ms,1.0
moddrop_fasca_kd,51,26,joint_shift_250ms,0.2222222222222222
moddrop_fasca_kd,51,27,joint_shift_250ms,1.0
moddrop_fasca_kd,51,29,joint_shift_250ms,0.2222222222222222
moddrop_fasca_kd,51,38,joint_shift_250ms,1.0
moddrop_fasca_kd,51,46,joint_shift_250ms,1.0
moddrop_fasca_kd,51,3,joint_gain_1.5,0.0
moddrop_fasca_kd,51,7,joint_gain_1.5,0.2222222222222222
moddrop_fasca_kd,51,14,joint_gain_1.5,0.5555555555555555
moddrop_fasca_kd,51,16,joint_gain_1.5,0.5555555555555555
moddrop_fasca_kd,51,21,joint_gain_1.5,0.5555555555555555
moddrop_fasca_kd,51,25,joint_gain_1.5,0.2222222222222222
moddrop_fasca_kd,51,26,joint_gain_1.5,1.0
moddrop_fasca_kd,51,27,joint_gain_1.5,0.2222222222222222
moddrop_fasca_kd,51,29,joint_gain_1.5,1.0
moddrop_fasca_kd,51,38,joint_gain_1.5,0.5555555555555555
moddrop_fasca_kd,51,46,joint_gain_1.5,1.0
moddrop_fasca_kd,52,3,joint_noise_10db,0.3333333333333333
moddrop_fasca_kd,52,7,joint_noise_10db,1.0
moddrop_fasca_kd,52,14,joint_noise_10db,1.0
moddrop_fasca_kd,52,16,joint_noise_10db,1.0
moddrop_fasca_kd,52,21,joint_noise_10db,0.2222222222222222
moddrop_fasca_kd,52,25,joint_noise_10db,0.5555555555555555
moddrop_fasca_kd,52,26,joint_noise_10db,1.0
moddrop_fasca_kd,52,27,joint_noise_10db,1.0
moddrop_fasca_kd,52,29,joint_noise_10db,1.0
moddrop_fasca_kd,52,38,joint_noise_10db,1.0
moddrop_fasca_kd,52,46,joint_noise_10db,1.0
moddrop_fasca_kd,52,3,joint_channel_dropout_30,0.3333333333333333
moddrop_fasca_kd,52,7,joint_channel_dropout_30,0.2222222222222222
moddrop_fasca_kd,52,14,joint_channel_dropout_30,1.0
moddrop_fasca_kd,52,16,joint_channel_dropout_30,1.0
moddrop_fasca_kd,52,21,joint_channel_dropout_30,1.0
moddrop_fasca_kd,52,25,joint_channel_dropout_30,0.5555555555555555
moddrop_fasca_kd,52,26,joint_channel_dropout_30,0.2222222222222222
moddrop_fasca_kd,52,27,joint_channel_dropout_30,1.0
moddrop_fasca_kd,52,29,joint_channel_dropout_30,0.5555555555555555
moddrop_fasca_kd,52,38,joint_channel_dropout_30,0.5555555555555555
moddrop_fasca_kd,52,46,joint_channel_dropout_30,0.2222222222222222
moddrop_fasca_kd,52,3,joint_structured_dropout_30,0.3333333333333333
moddrop_fasca_kd,52,7,joint_structured_dropout_30,0.5555555555555555
moddrop_fasca_kd,52,14,joint_structured_dropout_30,0.5555555555555555
moddrop_fasca_kd,52,16,joint_structured_dropout_30,0.5555555555555555
moddrop_fasca_kd,52,21,joint_structured_dropout_30,1.0
moddrop_fasca_kd,52,25,joint_structured_dropout_30,1.0
moddrop_fasca_kd,52,26,joint_structured_dropout_30,0.2222222222222222
moddrop_fasca_kd,52,27,joint_structured_dropout_30,1.0
moddrop_fasca_kd,52,29,joint_structured_dropout_30,0.2222222222222222
moddrop_fasca_kd,52,38,joint_structured_dropout_30,0.2222222222222222
moddrop_fasca_kd,52,46,joint_structured_dropout_30,0.2222222222222222
moddrop_fasca_kd,52,3,joint_packet_loss_30,0.3333333333333333
moddrop_fasca_kd,52,7,joint_packet_loss_30,1.0
moddrop_fasca_kd,52,14,joint_packet_loss_30,1.0
moddrop_fasca_kd,52,16,joint_packet_loss_30,1.0
moddrop_fasca_kd,52,21,joint_packet_loss_30,1.0
moddrop_fasca_kd,52,25,joint_packet_loss_30,1.0
moddrop_fasca_kd,52,26,joint_packet_loss_30,0.2222222222222222
moddrop_fasca_kd,52,27,joint_packet_loss_30,1.0
moddrop_fasca_kd,52,29,joint_packet_loss_30,0.2222222222222222
moddrop_fasca_kd,52,38,joint_packet_loss_30,1.0
moddrop_fasca_kd,52,46,joint_packet_loss_30,1.0
moddrop_fasca_kd,52,3,joint_shift_250ms,0.3333333333333333
moddrop_fasca_kd,52,7,joint_shift_250ms,1.0
moddrop_fasca_kd,52,14,joint_shift_250ms,1.0
moddrop_fasca_kd,52,16,joint_shift_250ms,1.0
moddrop_fasca_kd,52,21,joint_shift_250ms,0.5555555555555555
moddrop_fasca_kd,52,25,joint_shift_250ms,0.5555555555555555
moddrop_fasca_kd,52,26,joint_shift_250ms,0.2222222222222222
moddrop_fasca_kd,52,27,joint_shift_250ms,1.0
moddrop_fasca_kd,52,29,joint_shift_250ms,0.5555555555555555
moddrop_fasca_kd,52,38,joint_shift_250ms,1.0
moddrop_fasca_kd,52,46,joint_shift_250ms,1.0
moddrop_fasca_kd,52,3,joint_gain_1.5,0.0
moddrop_fasca_kd,52,7,joint_gain_1.5,0.2222222222222222
moddrop_fasca_kd,52,14,joint_gain_1.5,0.2222222222222222
moddrop_fasca_kd,52,16,joint_gain_1.5,0.5555555555555555
moddrop_fasca_kd,52,21,joint_gain_1.5,0.2222222222222222
moddrop_fasca_kd,52,25,joint_gain_1.5,0.2222222222222222
moddrop_fasca_kd,52,26,joint_gain_1.5,1.0
moddrop_fasca_kd,52,27,joint_gain_1.5,0.5555555555555555
moddrop_fasca_kd,52,29,joint_gain_1.5,1.0
moddrop_fasca_kd,52,38,joint_gain_1.5,0.2222222222222222
moddrop_fasca_kd,52,46,joint_gain_1.5,0.2222222222222222
moddrop_fasca_kd,53,3,joint_noise_10db,0.3333333333333333
moddrop_fasca_kd,53,7,joint_noise_10db,1.0
moddrop_fasca_kd,53,14,joint_noise_10db,1.0
moddrop_fasca_kd,53,16,joint_noise_10db,1.0
moddrop_fasca_kd,53,21,joint_noise_10db,0.5555555555555555
moddrop_fasca_kd,53,25,joint_noise_10db,0.5555555555555555
moddrop_fasca_kd,53,26,joint_noise_10db,0.5555555555555555
moddrop_fasca_kd,53,27,joint_noise_10db,1.0
moddrop_fasca_kd,53,29,joint_noise_10db,1.0
moddrop_fasca_kd,53,38,joint_noise_10db,1.0
moddrop_fasca_kd,53,46,joint_noise_10db,1.0
moddrop_fasca_kd,53,3,joint_channel_dropout_30,0.3333333333333333
moddrop_fasca_kd,53,7,joint_channel_dropout_30,0.2222222222222222
moddrop_fasca_kd,53,14,joint_channel_dropout_30,1.0
moddrop_fasca_kd,53,16,joint_channel_dropout_30,0.5555555555555555
moddrop_fasca_kd,53,21,joint_channel_dropout_30,1.0
moddrop_fasca_kd,53,25,joint_channel_dropout_30,0.5555555555555555
moddrop_fasca_kd,53,26,joint_channel_dropout_30,0.5555555555555555
moddrop_fasca_kd,53,27,joint_channel_dropout_30,1.0
moddrop_fasca_kd,53,29,joint_channel_dropout_30,0.5555555555555555
moddrop_fasca_kd,53,38,joint_channel_dropout_30,1.0
moddrop_fasca_kd,53,46,joint_channel_dropout_30,0.5555555555555555
moddrop_fasca_kd,53,3,joint_structured_dropout_30,0.3333333333333333
moddrop_fasca_kd,53,7,joint_structured_dropout_30,1.0
moddrop_fasca_kd,53,14,joint_structured_dropout_30,0.5555555555555555
moddrop_fasca_kd,53,16,joint_structured_dropout_30,0.5555555555555555
moddrop_fasca_kd,53,21,joint_structured_dropout_30,1.0
moddrop_fasca_kd,53,25,joint_structured_dropout_30,1.0
moddrop_fasca_kd,53,26,joint_structured_dropout_30,0.2222222222222222
moddrop_fasca_kd,53,27,joint_structured_dropout_30,1.0
moddrop_fasca_kd,53,29,joint_structured_dropout_30,0.2222222222222222
moddrop_fasca_kd,53,38,joint_structured_dropout_30,0.2222222222222222
moddrop_fasca_kd,53,46,joint_structured_dropout_30,1.0
moddrop_fasca_kd,53,3,joint_packet_loss_30,0.3333333333333333
moddrop_fasca_kd,53,7,joint_packet_loss_30,1.0
moddrop_fasca_kd,53,14,joint_packet_loss_30,1.0
moddrop_fasca_kd,53,16,joint_packet_loss_30,1.0
moddrop_fasca_kd,53,21,joint_packet_loss_30,1.0
moddrop_fasca_kd,53,25,joint_packet_loss_30,1.0
moddrop_fasca_kd,53,26,joint_packet_loss_30,0.2222222222222222
moddrop_fasca_kd,53,27,joint_packet_loss_30,1.0
moddrop_fasca_kd,53,29,joint_packet_loss_30,0.2222222222222222
moddrop_fasca_kd,53,38,joint_packet_loss_30,1.0
moddrop_fasca_kd,53,46,joint_packet_loss_30,1.0
moddrop_fasca_kd,53,3,joint_shift_250ms,0.3333333333333333
moddrop_fasca_kd,53,7,joint_shift_250ms,1.0
moddrop_fasca_kd,53,14,joint_shift_250ms,1.0
moddrop_fasca_kd,53,16,joint_shift_250ms,1.0
moddrop_fasca_kd,53,21,joint_shift_250ms,1.0
moddrop_fasca_kd,53,25,joint_shift_250ms,0.5555555555555555
moddrop_fasca_kd,53,26,joint_shift_250ms,0.5555555555555555
moddrop_fasca_kd,53,27,joint_shift_250ms,1.0
moddrop_fasca_kd,53,29,joint_shift_250ms,0.5555555555555555
moddrop_fasca_kd,53,38,joint_shift_250ms,1.0
moddrop_fasca_kd,53,46,joint_shift_250ms,1.0
moddrop_fasca_kd,53,3,joint_gain_1.5,0.0
moddrop_fasca_kd,53,7,joint_gain_1.5,0.2222222222222222
moddrop_fasca_kd,53,14,joint_gain_1.5,0.5555555555555555
moddrop_fasca_kd,53,16,joint_gain_1.5,0.2222222222222222
moddrop_fasca_kd,53,21,joint_gain_1.5,0.2222222222222222
moddrop_fasca_kd,53,25,joint_gain_1.5,0.2222222222222222
moddrop_fasca_kd,53,26,joint_gain_1.5,1.0
moddrop_fasca_kd,53,27,joint_gain_1.5,0.2222222222222222
moddrop_fasca_kd,53,29,joint_gain_1.5,1.0
moddrop_fasca_kd,53,38,joint_gain_1.5,0.2222222222222222
moddrop_fasca_kd,53,46,joint_gain_1.5,0.5555555555555555
moddrop_fasca_kd,51,4,joint_noise_10db,1.0
moddrop_fasca_kd,51,5,joint_noise_10db,0.16666666666666666
moddrop_fasca_kd,51,6,joint_noise_10db,1.0
moddrop_fasca_kd,51,9,joint_noise_10db,1.0
moddrop_fasca_kd,51,17,joint_noise_10db,1.0
moddrop_fasca_kd,51,18,joint_noise_10db,1.0
moddrop_fasca_kd,51,32,joint_noise_10db,0.6666666666666666
moddrop_fasca_kd,51,33,joint_noise_10db,1.0
moddrop_fasca_kd,51,35,joint_noise_10db,1.0
moddrop_fasca_kd,51,44,joint_noise_10db,1.0
moddrop_fasca_kd,51,53,joint_noise_10db,1.0
moddrop_fasca_kd,51,4,joint_channel_dropout_30,0.2222222222222222
moddrop_fasca_kd,51,5,joint_channel_dropout_30,0.5555555555555555
moddrop_fasca_kd,51,6,joint_channel_dropout_30,0.2222222222222222
moddrop_fasca_kd,51,9,joint_channel_dropout_30,0.5555555555555555
moddrop_fasca_kd,51,17,joint_channel_dropout_30,0.2222222222222222
moddrop_fasca_kd,51,18,joint_channel_dropout_30,0.2222222222222222
moddrop_fasca_kd,51,32,joint_channel_dropout_30,0.2222222222222222
moddrop_fasca_kd,51,33,joint_channel_dropout_30,0.2222222222222222
moddrop_fasca_kd,51,35,joint_channel_dropout_30,0.2222222222222222
moddrop_fasca_kd,51,44,joint_channel_dropout_30,1.0
moddrop_fasca_kd,51,53,joint_channel_dropout_30,0.5555555555555555
moddrop_fasca_kd,51,4,joint_structured_dropout_30,0.5555555555555555
moddrop_fasca_kd,51,5,joint_structured_dropout_30,1.0
moddrop_fasca_kd,51,6,joint_structured_dropout_30,0.2222222222222222
moddrop_fasca_kd,51,9,joint_structured_dropout_30,1.0
moddrop_fasca_kd,51,17,joint_structured_dropout_30,0.2222222222222222
moddrop_fasca_kd,51,18,joint_structured_dropout_30,0.2222222222222222
moddrop_fasca_kd,51,32,joint_structured_dropout_30,0.2222222222222222
moddrop_fasca_kd,51,33,joint_structured_dropout_30,0.5555555555555555
moddrop_fasca_kd,51,35,joint_structured_dropout_30,0.5555555555555555
moddrop_fasca_kd,51,44,joint_structured_dropout_30,0.2222222222222222
moddrop_fasca_kd,51,53,joint_structured_dropout_30,0.5555555555555555
moddrop_fasca_kd,51,4,joint_packet_loss_30,0.5555555555555555
moddrop_fasca_kd,51,5,joint_packet_loss_30,1.0
moddrop_fasca_kd,51,6,joint_packet_loss_30,0.5555555555555555
moddrop_fasca_kd,51,9,joint_packet_loss_30,1.0
moddrop_fasca_kd,51,17,joint_packet_loss_30,0.2222222222222222
moddrop_fasca_kd,51,18,joint_packet_loss_30,0.5555555555555555
moddrop_fasca_kd,51,32,joint_packet_loss_30,0.6666666666666666
moddrop_fasca_kd,51,33,joint_packet_loss_30,1.0
moddrop_fasca_kd,51,35,joint_packet_loss_30,0.5555555555555555
moddrop_fasca_kd,51,44,joint_packet_loss_30,0.5555555555555555
moddrop_fasca_kd,51,53,joint_packet_loss_30,1.0
moddrop_fasca_kd,51,4,joint_shift_250ms,1.0
moddrop_fasca_kd,51,5,joint_shift_250ms,1.0
moddrop_fasca_kd,51,6,joint_shift_250ms,1.0
moddrop_fasca_kd,51,9,joint_shift_250ms,1.0
moddrop_fasca_kd,51,17,joint_shift_250ms,1.0
moddrop_fasca_kd,51,18,joint_shift_250ms,1.0
moddrop_fasca_kd,51,32,joint_shift_250ms,0.6666666666666666
moddrop_fasca_kd,51,33,joint_shift_250ms,1.0
moddrop_fasca_kd,51,35,joint_shift_250ms,1.0
moddrop_fasca_kd,51,44,joint_shift_250ms,1.0
moddrop_fasca_kd,51,53,joint_shift_250ms,1.0
moddrop_fasca_kd,51,4,joint_gain_1.5,0.2222222222222222
moddrop_fasca_kd,51,5,joint_gain_1.5,0.2222222222222222
moddrop_fasca_kd,51,6,joint_gain_1.5,1.0
moddrop_fasca_kd,51,9,joint_gain_1.5,0.2222222222222222
moddrop_fasca_kd,51,17,joint_gain_1.5,1.0
moddrop_fasca_kd,51,18,joint_gain_1.5,1.0
moddrop_fasca_kd,51,32,joint_gain_1.5,0.3333333333333333
moddrop_fasca_kd,51,33,joint_gain_1.5,0.2222222222222222
moddrop_fasca_kd,51,35,joint_gain_1.5,0.2222222222222222
moddrop_fasca_kd,51,44,joint_gain_1.5,0.2222222222222222
moddrop_fasca_kd,51,53,joint_gain_1.5,0.2222222222222222
moddrop_fasca_kd,52,4,joint_noise_10db,1.0
moddrop_fasca_kd,52,5,joint_noise_10db,0.5555555555555555
moddrop_fasca_kd,52,6,joint_noise_10db,1.0
moddrop_fasca_kd,52,9,joint_noise_10db,1.0
moddrop_fasca_kd,52,17,joint_noise_10db,1.0
moddrop_fasca_kd,52,18,joint_noise_10db,1.0
moddrop_fasca_kd,52,32,joint_noise_10db,0.6666666666666666
moddrop_fasca_kd,52,33,joint_noise_10db,1.0
moddrop_fasca_kd,52,35,joint_noise_10db,1.0
moddrop_fasca_kd,52,44,joint_noise_10db,1.0
moddrop_fasca_kd,52,53,joint_noise_10db,0.5555555555555555
moddrop_fasca_kd,52,4,joint_channel_dropout_30,0.2222222222222222
moddrop_fasca_kd,52,5,joint_channel_dropout_30,0.2222222222222222
moddrop_fasca_kd,52,6,joint_channel_dropout_30,0.2222222222222222
moddrop_fasca_kd,52,9,joint_channel_dropout_30,1.0
moddrop_fasca_kd,52,17,joint_channel_dropout_30,0.2222222222222222
moddrop_fasca_kd,52,18,joint_channel_dropout_30,0.2222222222222222
moddrop_fasca_kd,52,32,joint_channel_dropout_30,0.2222222222222222
moddrop_fasca_kd,52,33,joint_channel_dropout_30,0.5555555555555555
moddrop_fasca_kd,52,35,joint_channel_dropout_30,0.2222222222222222
moddrop_fasca_kd,52,44,joint_channel_dropout_30,1.0
moddrop_fasca_kd,52,53,joint_channel_dropout_30,1.0
moddrop_fasca_kd,52,4,joint_structured_dropout_30,1.0
moddrop_fasca_kd,52,5,joint_structured_dropout_30,1.0
moddrop_fasca_kd,52,6,joint_structured_dropout_30,0.2222222222222222
moddrop_fasca_kd,52,9,joint_structured_dropout_30,1.0
moddrop_fasca_kd,52,17,joint_structured_dropout_30,0.2222222222222222
moddrop_fasca_kd,52,18,joint_structured_dropout_30,0.2222222222222222
moddrop_fasca_kd,52,32,joint_structured_dropout_30,0.6666666666666666
moddrop_fasca_kd,52,33,joint_structured_dropout_30,1.0
moddrop_fasca_kd,52,35,joint_structured_dropout_30,1.0
moddrop_fasca_kd,52,44,joint_structured_dropout_30,0.5555555555555555
moddrop_fasca_kd,52,53,joint_structured_dropout_30,1.0
moddrop_fasca_kd,52,4,joint_packet_loss_30,1.0
moddrop_fasca_kd,52,5,joint_packet_loss_30,1.0
moddrop_fasca_kd,52,6,joint_packet_loss_30,1.0
moddrop_fasca_kd,52,9,joint_packet_loss_30,1.0
moddrop_fasca_kd,52,17,joint_packet_loss_30,0.5555555555555555
moddrop_fasca_kd,52,18,joint_packet_loss_30,1.0
moddrop_fasca_kd,52,32,joint_packet_loss_30,0.6666666666666666
moddrop_fasca_kd,52,33,joint_packet_loss_30,1.0
moddrop_fasca_kd,52,35,joint_packet_loss_30,1.0
moddrop_fasca_kd,52,44,joint_packet_loss_30,1.0
moddrop_fasca_kd,52,53,joint_packet_loss_30,1.0
moddrop_fasca_kd,52,4,joint_shift_250ms,1.0
moddrop_fasca_kd,52,5,joint_shift_250ms,1.0
moddrop_fasca_kd,52,6,joint_shift_250ms,1.0
moddrop_fasca_kd,52,9,joint_shift_250ms,1.0
moddrop_fasca_kd,52,17,joint_shift_250ms,1.0
moddrop_fasca_kd,52,18,joint_shift_250ms,1.0
moddrop_fasca_kd,52,32,joint_shift_250ms,0.6666666666666666
moddrop_fasca_kd,52,33,joint_shift_250ms,1.0
moddrop_fasca_kd,52,35,joint_shift_250ms,1.0
moddrop_fasca_kd,52,44,joint_shift_250ms,1.0
moddrop_fasca_kd,52,53,joint_shift_250ms,1.0
moddrop_fasca_kd,52,4,joint_gain_1.5,1.0
moddrop_fasca_kd,52,5,joint_gain_1.5,0.2222222222222222
moddrop_fasca_kd,52,6,joint_gain_1.5,1.0
moddrop_fasca_kd,52,9,joint_gain_1.5,0.2222222222222222
moddrop_fasca_kd,52,17,joint_gain_1.5,1.0
moddrop_fasca_kd,52,18,joint_gain_1.5,1.0
moddrop_fasca_kd,52,32,joint_gain_1.5,0.6666666666666666
moddrop_fasca_kd,52,33,joint_gain_1.5,0.2222222222222222
moddrop_fasca_kd,52,35,joint_gain_1.5,0.5555555555555555
moddrop_fasca_kd,52,44,joint_gain_1.5,0.5555555555555555
moddrop_fasca_kd,52,53,joint_gain_1.5,0.2222222222222222
moddrop_fasca_kd,53,4,joint_noise_10db,1.0
moddrop_fasca_kd,53,5,joint_noise_10db,1.0
moddrop_fasca_kd,53,6,joint_noise_10db,1.0
moddrop_fasca_kd,53,9,joint_noise_10db,1.0
moddrop_fasca_kd,53,17,joint_noise_10db,1.0
moddrop_fasca_kd,53,18,joint_noise_10db,1.0
moddrop_fasca_kd,53,32,joint_noise_10db,0.6666666666666666
moddrop_fasca_kd,53,33,joint_noise_10db,1.0
moddrop_fasca_kd,53,35,joint_noise_10db,1.0
moddrop_fasca_kd,53,44,joint_noise_10db,1.0
moddrop_fasca_kd,53,53,joint_noise_10db,0.2222222222222222
moddrop_fasca_kd,53,4,joint_channel_dropout_30,1.0
moddrop_fasca_kd,53,5,joint_channel_dropout_30,0.5555555555555555
moddrop_fasca_kd,53,6,joint_channel_dropout_30,0.5555555555555555
moddrop_fasca_kd,53,9,joint_channel_dropout_30,1.0
moddrop_fasca_kd,53,17,joint_channel_dropout_30,0.2222222222222222
moddrop_fasca_kd,53,18,joint_channel_dropout_30,0.2222222222222222
moddrop_fasca_kd,53,32,joint_channel_dropout_30,0.6666666666666666
moddrop_fasca_kd,53,33,joint_channel_dropout_30,1.0
moddrop_fasca_kd,53,35,joint_channel_dropout_30,0.2222222222222222
moddrop_fasca_kd,53,44,joint_channel_dropout_30,1.0
moddrop_fasca_kd,53,53,joint_channel_dropout_30,1.0
moddrop_fasca_kd,53,4,joint_structured_dropout_30,0.5555555555555555
moddrop_fasca_kd,53,5,joint_structured_dropout_30,1.0
moddrop_fasca_kd,53,6,joint_structured_dropout_30,0.5555555555555555
moddrop_fasca_kd,53,9,joint_structured_dropout_30,1.0
moddrop_fasca_kd,53,17,joint_structured_dropout_30,0.2222222222222222
moddrop_fasca_kd,53,18,joint_structured_dropout_30,0.5555555555555555
moddrop_fasca_kd,53,32,joint_structured_dropout_30,0.6666666666666666
moddrop_fasca_kd,53,33,joint_structured_dropout_30,1.0
moddrop_fasca_kd,53,35,joint_structured_dropout_30,0.5555555555555555
moddrop_fasca_kd,53,44,joint_structured_dropout_30,1.0
moddrop_fasca_kd,53,53,joint_structured_dropout_30,0.5555555555555555
moddrop_fasca_kd,53,4,joint_packet_loss_30,1.0
moddrop_fasca_kd,53,5,joint_packet_loss_30,1.0
moddrop_fasca_kd,53,6,joint_packet_loss_30,0.5555555555555555
moddrop_fasca_kd,53,9,joint_packet_loss_30,1.0
moddrop_fasca_kd,53,17,joint_packet_loss_30,0.2222222222222222
moddrop_fasca_kd,53,18,joint_packet_loss_30,1.0
moddrop_fasca_kd,53,32,joint_packet_loss_30,0.6666666666666666
moddrop_fasca_kd,53,33,joint_packet_loss_30,1.0
moddrop_fasca_kd,53,35,joint_packet_loss_30,1.0
moddrop_fasca_kd,53,44,joint_packet_loss_30,1.0
moddrop_fasca_kd,53,53,joint_packet_loss_30,1.0
moddrop_fasca_kd,53,4,joint_shift_250ms,1.0
moddrop_fasca_kd,53,5,joint_shift_250ms,1.0
moddrop_fasca_kd,53,6,joint_shift_250ms,1.0
moddrop_fasca_kd,53,9,joint_shift_250ms,1.0
moddrop_fasca_kd,53,17,joint_shift_250ms,0.5555555555555555
moddrop_fasca_kd,53,18,joint_shift_250ms,1.0
moddrop_fasca_kd,53,32,joint_shift_250ms,0.6666666666666666
moddrop_fasca_kd,53,33,joint_shift_250ms,1.0
moddrop_fasca_kd,53,35,joint_shift_250ms,1.0
moddrop_fasca_kd,53,44,joint_shift_250ms,1.0
moddrop_fasca_kd,53,53,joint_shift_250ms,0.5555555555555555
moddrop_fasca_kd,53,4,joint_gain_1.5,0.2222222222222222
moddrop_fasca_kd,53,5,joint_gain_1.5,0.2222222222222222
moddrop_fasca_kd,53,6,joint_gain_1.5,0.5555555555555555
moddrop_fasca_kd,53,9,joint_gain_1.5,0.2222222222222222
moddrop_fasca_kd,53,17,joint_gain_1.5,1.0
moddrop_fasca_kd,53,18,joint_gain_1.5,1.0
moddrop_fasca_kd,53,32,joint_gain_1.5,0.6666666666666666
moddrop_fasca_kd,53,33,joint_gain_1.5,0.2222222222222222
moddrop_fasca_kd,53,35,joint_gain_1.5,0.5555555555555555
moddrop_fasca_kd,53,44,joint_gain_1.5,0.2222222222222222
moddrop_fasca_kd,53,53,joint_gain_1.5,0.2222222222222222
moddrop_fasca_kd,51,20,joint_noise_10db,1.0
moddrop_fasca_kd,51,22,joint_noise_10db,1.0
moddrop_fasca_kd,51,23,joint_noise_10db,1.0
moddrop_fasca_kd,51,28,joint_noise_10db,1.0
moddrop_fasca_kd,51,34,joint_noise_10db,1.0
moddrop_fasca_kd,51,41,joint_noise_10db,1.0
moddrop_fasca_kd,51,42,joint_noise_10db,1.0
moddrop_fasca_kd,51,45,joint_noise_10db,0.6666666666666666
moddrop_fasca_kd,51,51,joint_noise_10db,1.0
moddrop_fasca_kd,51,54,joint_noise_10db,1.0
moddrop_fasca_kd,51,56,joint_noise_10db,1.0
moddrop_fasca_kd,51,20,joint_channel_dropout_30,0.2222222222222222
moddrop_fasca_kd,51,22,joint_channel_dropout_30,0.5555555555555555
moddrop_fasca_kd,51,23,joint_channel_dropout_30,0.5555555555555555
moddrop_fasca_kd,51,28,joint_channel_dropout_30,1.0
moddrop_fasca_kd,51,34,joint_channel_dropout_30,0.2222222222222222
moddrop_fasca_kd,51,41,joint_channel_dropout_30,0.2222222222222222
moddrop_fasca_kd,51,42,joint_channel_dropout_30,0.2222222222222222
moddrop_fasca_kd,51,45,joint_channel_dropout_30,0.2222222222222222
moddrop_fasca_kd,51,51,joint_channel_dropout_30,0.2222222222222222
moddrop_fasca_kd,51,54,joint_channel_dropout_30,0.2222222222222222
moddrop_fasca_kd,51,56,joint_channel_dropout_30,0.2222222222222222
moddrop_fasca_kd,51,20,joint_structured_dropout_30,0.2222222222222222
moddrop_fasca_kd,51,22,joint_structured_dropout_30,0.5555555555555555
moddrop_fasca_kd,51,23,joint_structured_dropout_30,1.0
moddrop_fasca_kd,51,28,joint_structured_dropout_30,0.5555555555555555
moddrop_fasca_kd,51,34,joint_structured_dropout_30,0.2222222222222222
moddrop_fasca_kd,51,41,joint_structured_dropout_30,0.2222222222222222
moddrop_fasca_kd,51,42,joint_structured_dropout_30,0.2222222222222222
moddrop_fasca_kd,51,45,joint_structured_dropout_30,0.2222222222222222
moddrop_fasca_kd,51,51,joint_structured_dropout_30,0.2222222222222222
moddrop_fasca_kd,51,54,joint_structured_dropout_30,1.0
moddrop_fasca_kd,51,56,joint_structured_dropout_30,0.2222222222222222
moddrop_fasca_kd,51,20,joint_packet_loss_30,0.5555555555555555
moddrop_fasca_kd,51,22,joint_packet_loss_30,1.0
moddrop_fasca_kd,51,23,joint_packet_loss_30,0.5555555555555555
moddrop_fasca_kd,51,28,joint_packet_loss_30,1.0
moddrop_fasca_kd,51,34,joint_packet_loss_30,0.5555555555555555
moddrop_fasca_kd,51,41,joint_packet_loss_30,0.5555555555555555
moddrop_fasca_kd,51,42,joint_packet_loss_30,0.2222222222222222
moddrop_fasca_kd,51,45,joint_packet_loss_30,0.2222222222222222
moddrop_fasca_kd,51,51,joint_packet_loss_30,0.5555555555555555
moddrop_fasca_kd,51,54,joint_packet_loss_30,1.0
moddrop_fasca_kd,51,56,joint_packet_loss_30,0.5555555555555555
moddrop_fasca_kd,51,20,joint_shift_250ms,1.0
moddrop_fasca_kd,51,22,joint_shift_250ms,1.0
moddrop_fasca_kd,51,23,joint_shift_250ms,1.0
moddrop_fasca_kd,51,28,joint_shift_250ms,1.0
moddrop_fasca_kd,51,34,joint_shift_250ms,1.0
moddrop_fasca_kd,51,41,joint_shift_250ms,1.0
moddrop_fasca_kd,51,42,joint_shift_250ms,0.5555555555555555
moddrop_fasca_kd,51,45,joint_shift_250ms,0.6666666666666666
moddrop_fasca_kd,51,51,joint_shift_250ms,1.0
moddrop_fasca_kd,51,54,joint_shift_250ms,1.0
moddrop_fasca_kd,51,56,joint_shift_250ms,0.5555555555555555
moddrop_fasca_kd,51,20,joint_gain_1.5,0.5555555555555555
moddrop_fasca_kd,51,22,joint_gain_1.5,0.5555555555555555
moddrop_fasca_kd,51,23,joint_gain_1.5,0.5555555555555555
moddrop_fasca_kd,51,28,joint_gain_1.5,0.2222222222222222
moddrop_fasca_kd,51,34,joint_gain_1.5,0.5555555555555555
moddrop_fasca_kd,51,41,joint_gain_1.5,1.0
moddrop_fasca_kd,51,42,joint_gain_1.5,1.0
moddrop_fasca_kd,51,45,joint_gain_1.5,0.3333333333333333
moddrop_fasca_kd,51,51,joint_gain_1.5,0.5555555555555555
moddrop_fasca_kd,51,54,joint_gain_1.5,0.2222222222222222
moddrop_fasca_kd,51,56,joint_gain_1.5,1.0
moddrop_fasca_kd,52,20,joint_noise_10db,1.0
moddrop_fasca_kd,52,22,joint_noise_10db,1.0
moddrop_fasca_kd,52,23,joint_noise_10db,1.0
moddrop_fasca_kd,52,28,joint_noise_10db,1.0
moddrop_fasca_kd,52,34,joint_noise_10db,1.0
moddrop_fasca_kd,52,41,joint_noise_10db,1.0
moddrop_fasca_kd,52,42,joint_noise_10db,1.0
moddrop_fasca_kd,52,45,joint_noise_10db,0.6666666666666666
moddrop_fasca_kd,52,51,joint_noise_10db,1.0
moddrop_fasca_kd,52,54,joint_noise_10db,1.0
moddrop_fasca_kd,52,56,joint_noise_10db,1.0
moddrop_fasca_kd,52,20,joint_channel_dropout_30,0.5555555555555555
moddrop_fasca_kd,52,22,joint_channel_dropout_30,1.0
moddrop_fasca_kd,52,23,joint_channel_dropout_30,1.0
moddrop_fasca_kd,52,28,joint_channel_dropout_30,0.5555555555555555
moddrop_fasca_kd,52,34,joint_channel_dropout_30,0.5555555555555555
moddrop_fasca_kd,52,41,joint_channel_dropout_30,1.0
moddrop_fasca_kd,52,42,joint_channel_dropout_30,1.0
moddrop_fasca_kd,52,45,joint_channel_dropout_30,0.2222222222222222
moddrop_fasca_kd,52,51,joint_channel_dropout_30,0.2222222222222222
moddrop_fasca_kd,52,54,joint_channel_dropout_30,1.0
moddrop_fasca_kd,52,56,joint_channel_dropout_30,0.5555555555555555
moddrop_fasca_kd,52,20,joint_structured_dropout_30,1.0
moddrop_fasca_kd,52,22,joint_structured_dropout_30,1.0
moddrop_fasca_kd,52,23,joint_structured_dropout_30,1.0
moddrop_fasca_kd,52,28,joint_structured_dropout_30,1.0
moddrop_fasca_kd,52,34,joint_structured_dropout_30,1.0
moddrop_fasca_kd,52,41,joint_structured_dropout_30,0.2222222222222222
moddrop_fasca_kd,52,42,joint_structured_dropout_30,0.2222222222222222
moddrop_fasca_kd,52,45,joint_structured_dropout_30,0.6666666666666666
moddrop_fasca_kd,52,51,joint_structured_dropout_30,0.5555555555555555
moddrop_fasca_kd,52,54,joint_structured_dropout_30,1.0
moddrop_fasca_kd,52,56,joint_structured_dropout_30,0.5555555555555555
moddrop_fasca_kd,52,20,joint_packet_loss_30,1.0
moddrop_fasca_kd,52,22,joint_packet_loss_30,1.0
moddrop_fasca_kd,52,23,joint_packet_loss_30,1.0
moddrop_fasca_kd,52,28,joint_packet_loss_30,1.0
moddrop_fasca_kd,52,34,joint_packet_loss_30,1.0
moddrop_fasca_kd,52,41,joint_packet_loss_30,1.0
moddrop_fasca_kd,52,42,joint_packet_loss_30,1.0
moddrop_fasca_kd,52,45,joint_packet_loss_30,0.6666666666666666
moddrop_fasca_kd,52,51,joint_packet_loss_30,1.0
moddrop_fasca_kd,52,54,joint_packet_loss_30,1.0
moddrop_fasca_kd,52,56,joint_packet_loss_30,0.5555555555555555
moddrop_fasca_kd,52,20,joint_shift_250ms,1.0
moddrop_fasca_kd,52,22,joint_shift_250ms,1.0
moddrop_fasca_kd,52,23,joint_shift_250ms,1.0
moddrop_fasca_kd,52,28,joint_shift_250ms,1.0
moddrop_fasca_kd,52,34,joint_shift_250ms,1.0
moddrop_fasca_kd,52,41,joint_shift_250ms,1.0
moddrop_fasca_kd,52,42,joint_shift_250ms,1.0
moddrop_fasca_kd,52,45,joint_shift_250ms,0.6666666666666666
moddrop_fasca_kd,52,51,joint_shift_250ms,1.0
moddrop_fasca_kd,52,54,joint_shift_250ms,1.0
moddrop_fasca_kd,52,56,joint_shift_250ms,1.0
moddrop_fasca_kd,52,20,joint_gain_1.5,0.2222222222222222
moddrop_fasca_kd,52,22,joint_gain_1.5,0.2222222222222222
moddrop_fasca_kd,52,23,joint_gain_1.5,1.0
moddrop_fasca_kd,52,28,joint_gain_1.5,0.2222222222222222
moddrop_fasca_kd,52,34,joint_gain_1.5,1.0
moddrop_fasca_kd,52,41,joint_gain_1.5,1.0
moddrop_fasca_kd,52,42,joint_gain_1.5,1.0
moddrop_fasca_kd,52,45,joint_gain_1.5,0.6666666666666666
moddrop_fasca_kd,52,51,joint_gain_1.5,1.0
moddrop_fasca_kd,52,54,joint_gain_1.5,1.0
moddrop_fasca_kd,52,56,joint_gain_1.5,1.0
moddrop_fasca_kd,53,20,joint_noise_10db,1.0
moddrop_fasca_kd,53,22,joint_noise_10db,1.0
moddrop_fasca_kd,53,23,joint_noise_10db,1.0
moddrop_fasca_kd,53,28,joint_noise_10db,1.0
moddrop_fasca_kd,53,34,joint_noise_10db,1.0
moddrop_fasca_kd,53,41,joint_noise_10db,1.0
moddrop_fasca_kd,53,42,joint_noise_10db,1.0
moddrop_fasca_kd,53,45,joint_noise_10db,0.6666666666666666
moddrop_fasca_kd,53,51,joint_noise_10db,1.0
moddrop_fasca_kd,53,54,joint_noise_10db,1.0
moddrop_fasca_kd,53,56,joint_noise_10db,1.0
moddrop_fasca_kd,53,20,joint_channel_dropout_30,0.2222222222222222
moddrop_fasca_kd,53,22,joint_channel_dropout_30,1.0
moddrop_fasca_kd,53,23,joint_channel_dropout_30,0.5555555555555555
moddrop_fasca_kd,53,28,joint_channel_dropout_30,1.0
moddrop_fasca_kd,53,34,joint_channel_dropout_30,0.5555555555555555
moddrop_fasca_kd,53,41,joint_channel_dropout_30,1.0
moddrop_fasca_kd,53,42,joint_channel_dropout_30,0.2222222222222222
moddrop_fasca_kd,53,45,joint_channel_dropout_30,0.2222222222222222
moddrop_fasca_kd,53,51,joint_channel_dropout_30,0.2222222222222222
moddrop_fasca_kd,53,54,joint_channel_dropout_30,1.0
moddrop_fasca_kd,53,56,joint_channel_dropout_30,0.2222222222222222
moddrop_fasca_kd,53,20,joint_structured_dropout_30,0.2222222222222222
moddrop_fasca_kd,53,22,joint_structured_dropout_30,0.5555555555555555
moddrop_fasca_kd,53,23,joint_structured_dropout_30,1.0
moddrop_fasca_kd,53,28,joint_structured_dropout_30,1.0
moddrop_fasca_kd,53,34,joint_structured_dropout_30,1.0
moddrop_fasca_kd,53,41,joint_structured_dropout_30,0.2222222222222222
moddrop_fasca_kd,53,42,joint_structured_dropout_30,0.2222222222222222
moddrop_fasca_kd,53,45,joint_structured_dropout_30,0.6666666666666666
moddrop_fasca_kd,53,51,joint_structured_dropout_30,1.0
moddrop_fasca_kd,53,54,joint_structured_dropout_30,1.0
moddrop_fasca_kd,53,56,joint_structured_dropout_30,0.2222222222222222
moddrop_fasca_kd,53,20,joint_packet_loss_30,1.0
moddrop_fasca_kd,53,22,joint_packet_loss_30,1.0
moddrop_fasca_kd,53,23,joint_packet_loss_30,1.0
moddrop_fasca_kd,53,28,joint_packet_loss_30,1.0
moddrop_fasca_kd,53,34,joint_packet_loss_30,1.0
moddrop_fasca_kd,53,41,joint_packet_loss_30,1.0
moddrop_fasca_kd,53,42,joint_packet_loss_30,0.5555555555555555
moddrop_fasca_kd,53,45,joint_packet_loss_30,0.6666666666666666
moddrop_fasca_kd,53,51,joint_packet_loss_30,1.0
moddrop_fasca_kd,53,54,joint_packet_loss_30,1.0
moddrop_fasca_kd,53,56,joint_packet_loss_30,0.5555555555555555
moddrop_fasca_kd,53,20,joint_shift_250ms,1.0
moddrop_fasca_kd,53,22,joint_shift_250ms,1.0
moddrop_fasca_kd,53,23,joint_shift_250ms,1.0
moddrop_fasca_kd,53,28,joint_shift_250ms,1.0
moddrop_fasca_kd,53,34,joint_shift_250ms,1.0
moddrop_fasca_kd,53,41,joint_shift_250ms,1.0
moddrop_fasca_kd,53,42,joint_shift_250ms,1.0
moddrop_fasca_kd,53,45,joint_shift_250ms,0.6666666666666666
moddrop_fasca_kd,53,51,joint_shift_250ms,1.0
moddrop_fasca_kd,53,54,joint_shift_250ms,1.0
moddrop_fasca_kd,53,56,joint_shift_250ms,1.0
moddrop_fasca_kd,53,20,joint_gain_1.5,0.2222222222222222
moddrop_fasca_kd,53,22,joint_gain_1.5,0.2222222222222222
moddrop_fasca_kd,53,23,joint_gain_1.5,0.5555555555555555
moddrop_fasca_kd,53,28,joint_gain_1.5,0.2222222222222222
moddrop_fasca_kd,53,34,joint_gain_1.5,1.0
moddrop_fasca_kd,53,41,joint_gain_1.5,0.2222222222222222
moddrop_fasca_kd,53,42,joint_gain_1.5,1.0
moddrop_fasca_kd,53,45,joint_gain_1.5,0.3333333333333333
moddrop_fasca_kd,53,51,joint_gain_1.5,0.5555555555555555
moddrop_fasca_kd,53,54,joint_gain_1.5,0.2222222222222222
moddrop_fasca_kd,53,56,joint_gain_1.5,1.0
moddrop_fasca_kd,51,8,joint_noise_10db,0.3333333333333333
moddrop_fasca_kd,51,11,joint_noise_10db,0.6666666666666666
moddrop_fasca_kd,51,12,joint_noise_10db,1.0
moddrop_fasca_kd,51,13,joint_noise_10db,1.0
moddrop_fasca_kd,51,30,joint_noise_10db,1.0
moddrop_fasca_kd,51,31,joint_noise_10db,1.0
moddrop_fasca_kd,51,37,joint_noise_10db,1.0
moddrop_fasca_kd,51,52,joint_noise_10db,1.0
moddrop_fasca_kd,51,55,joint_noise_10db,1.0
moddrop_fasca_kd,51,57,joint_noise_10db,1.0
moddrop_fasca_kd,51,58,joint_noise_10db,1.0
moddrop_fasca_kd,51,8,joint_channel_dropout_30,0.3333333333333333
moddrop_fasca_kd,51,11,joint_channel_dropout_30,0.2222222222222222
moddrop_fasca_kd,51,12,joint_channel_dropout_30,1.0
moddrop_fasca_kd,51,13,joint_channel_dropout_30,1.0
moddrop_fasca_kd,51,30,joint_channel_dropout_30,0.5555555555555555
moddrop_fasca_kd,51,31,joint_channel_dropout_30,0.2222222222222222
moddrop_fasca_kd,51,37,joint_channel_dropout_30,0.2222222222222222
moddrop_fasca_kd,51,52,joint_channel_dropout_30,0.5555555555555555
moddrop_fasca_kd,51,55,joint_channel_dropout_30,0.2222222222222222
moddrop_fasca_kd,51,57,joint_channel_dropout_30,0.2222222222222222
moddrop_fasca_kd,51,58,joint_channel_dropout_30,0.2222222222222222
moddrop_fasca_kd,51,8,joint_structured_dropout_30,0.0
moddrop_fasca_kd,51,11,joint_structured_dropout_30,0.2222222222222222
moddrop_fasca_kd,51,12,joint_structured_dropout_30,0.5555555555555555
moddrop_fasca_kd,51,13,joint_structured_dropout_30,0.2222222222222222
moddrop_fasca_kd,51,30,joint_structured_dropout_30,0.2222222222222222
moddrop_fasca_kd,51,31,joint_structured_dropout_30,1.0
moddrop_fasca_kd,51,37,joint_structured_dropout_30,1.0
moddrop_fasca_kd,51,52,joint_structured_dropout_30,0.2222222222222222
moddrop_fasca_kd,51,55,joint_structured_dropout_30,0.2222222222222222
moddrop_fasca_kd,51,57,joint_structured_dropout_30,0.2222222222222222
moddrop_fasca_kd,51,58,joint_structured_dropout_30,0.5555555555555555
moddrop_fasca_kd,51,8,joint_packet_loss_30,0.3333333333333333
moddrop_fasca_kd,51,11,joint_packet_loss_30,0.2222222222222222
moddrop_fasca_kd,51,12,joint_packet_loss_30,1.0
moddrop_fasca_kd,51,13,joint_packet_loss_30,1.0
moddrop_fasca_kd,51,30,joint_packet_loss_30,1.0
moddrop_fasca_kd,51,31,joint_packet_loss_30,1.0
moddrop_fasca_kd,51,37,joint_packet_loss_30,1.0
moddrop_fasca_kd,51,52,joint_packet_loss_30,1.0
moddrop_fasca_kd,51,55,joint_packet_loss_30,0.5555555555555555
moddrop_fasca_kd,51,57,joint_packet_loss_30,0.5555555555555555
moddrop_fasca_kd,51,58,joint_packet_loss_30,1.0
moddrop_fasca_kd,51,8,joint_shift_250ms,0.3333333333333333
moddrop_fasca_kd,51,11,joint_shift_250ms,0.6666666666666666
moddrop_fasca_kd,51,12,joint_shift_250ms,1.0
moddrop_fasca_kd,51,13,joint_shift_250ms,1.0
moddrop_fasca_kd,51,30,joint_shift_250ms,1.0
moddrop_fasca_kd,51,31,joint_shift_250ms,1.0
moddrop_fasca_kd,51,37,joint_shift_250ms,1.0
moddrop_fasca_kd,51,52,joint_shift_250ms,1.0
moddrop_fasca_kd,51,55,joint_shift_250ms,0.5555555555555555
moddrop_fasca_kd,51,57,joint_shift_250ms,1.0
moddrop_fasca_kd,51,58,joint_shift_250ms,1.0
moddrop_fasca_kd,51,8,joint_gain_1.5,0.3333333333333333
moddrop_fasca_kd,51,11,joint_gain_1.5,0.6666666666666666
moddrop_fasca_kd,51,12,joint_gain_1.5,0.2222222222222222
moddrop_fasca_kd,51,13,joint_gain_1.5,0.5555555555555555
moddrop_fasca_kd,51,30,joint_gain_1.5,0.5555555555555555
moddrop_fasca_kd,51,31,joint_gain_1.5,0.5555555555555555
moddrop_fasca_kd,51,37,joint_gain_1.5,0.2222222222222222
moddrop_fasca_kd,51,52,joint_gain_1.5,0.5555555555555555
moddrop_fasca_kd,51,55,joint_gain_1.5,0.5555555555555555
moddrop_fasca_kd,51,57,joint_gain_1.5,1.0
moddrop_fasca_kd,51,58,joint_gain_1.5,0.5555555555555555
moddrop_fasca_kd,52,8,joint_noise_10db,0.3333333333333333
moddrop_fasca_kd,52,11,joint_noise_10db,0.6666666666666666
moddrop_fasca_kd,52,12,joint_noise_10db,1.0
moddrop_fasca_kd,52,13,joint_noise_10db,1.0
moddrop_fasca_kd,52,30,joint_noise_10db,1.0
moddrop_fasca_kd,52,31,joint_noise_10db,1.0
moddrop_fasca_kd,52,37,joint_noise_10db,1.0
moddrop_fasca_kd,52,52,joint_noise_10db,1.0
moddrop_fasca_kd,52,55,joint_noise_10db,1.0
moddrop_fasca_kd,52,57,joint_noise_10db,1.0
moddrop_fasca_kd,52,58,joint_noise_10db,1.0
moddrop_fasca_kd,52,8,joint_channel_dropout_30,0.3333333333333333
moddrop_fasca_kd,52,11,joint_channel_dropout_30,0.2222222222222222
moddrop_fasca_kd,52,12,joint_channel_dropout_30,1.0
moddrop_fasca_kd,52,13,joint_channel_dropout_30,1.0
moddrop_fasca_kd,52,30,joint_channel_dropout_30,0.5555555555555555
moddrop_fasca_kd,52,31,joint_channel_dropout_30,0.2222222222222222
moddrop_fasca_kd,52,37,joint_channel_dropout_30,0.2222222222222222
moddrop_fasca_kd,52,52,joint_channel_dropout_30,0.5555555555555555
moddrop_fasca_kd,52,55,joint_channel_dropout_30,0.2222222222222222
moddrop_fasca_kd,52,57,joint_channel_dropout_30,0.2222222222222222
moddrop_fasca_kd,52,58,joint_channel_dropout_30,0.2222222222222222
moddrop_fasca_kd,52,8,joint_structured_dropout_30,0.0
moddrop_fasca_kd,52,11,joint_structured_dropout_30,0.6666666666666666
moddrop_fasca_kd,52,12,joint_structured_dropout_30,0.5555555555555555
moddrop_fasca_kd,52,13,joint_structured_dropout_30,0.2222222222222222
moddrop_fasca_kd,52,30,joint_structured_dropout_30,0.5555555555555555
moddrop_fasca_kd,52,31,joint_structured_dropout_30,0.5555555555555555
moddrop_fasca_kd,52,37,joint_structured_dropout_30,0.5555555555555555
moddrop_fasca_kd,52,52,joint_structured_dropout_30,0.5555555555555555
moddrop_fasca_kd,52,55,joint_structured_dropout_30,0.2222222222222222
moddrop_fasca_kd,52,57,joint_structured_dropout_30,0.5555555555555555
moddrop_fasca_kd,52,58,joint_structured_dropout_30,0.5555555555555555
moddrop_fasca_kd,52,8,joint_packet_loss_30,0.3333333333333333
moddrop_fasca_kd,52,11,joint_packet_loss_30,0.6666666666666666
moddrop_fasca_kd,52,12,joint_packet_loss_30,1.0
moddrop_fasca_kd,52,13,joint_packet_loss_30,1.0
moddrop_fasca_kd,52,30,joint_packet_loss_30,1.0
moddrop_fasca_kd,52,31,joint_packet_loss_30,1.0
moddrop_fasca_kd,52,37,joint_packet_loss_30,1.0
moddrop_fasca_kd,52,52,joint_packet_loss_30,1.0
moddrop_fasca_kd,52,55,joint_packet_loss_30,0.5555555555555555
moddrop_fasca_kd,52,57,joint_packet_loss_30,1.0
moddrop_fasca_kd,52,58,joint_packet_loss_30,1.0
moddrop_fasca_kd,52,8,joint_shift_250ms,0.3333333333333333
moddrop_fasca_kd,52,11,joint_shift_250ms,0.6666666666666666
moddrop_fasca_kd,52,12,joint_shift_250ms,1.0
moddrop_fasca_kd,52,13,joint_shift_250ms,1.0
moddrop_fasca_kd,52,30,joint_shift_250ms,1.0
moddrop_fasca_kd,52,31,joint_shift_250ms,1.0
moddrop_fasca_kd,52,37,joint_shift_250ms,1.0
moddrop_fasca_kd,52,52,joint_shift_250ms,1.0
moddrop_fasca_kd,52,55,joint_shift_250ms,0.5555555555555555
moddrop_fasca_kd,52,57,joint_shift_250ms,1.0
moddrop_fasca_kd,52,58,joint_shift_250ms,1.0
moddrop_fasca_kd,52,8,joint_gain_1.5,0.3333333333333333
moddrop_fasca_kd,52,11,joint_gain_1.5,0.6666666666666666
moddrop_fasca_kd,52,12,joint_gain_1.5,0.2222222222222222
moddrop_fasca_kd,52,13,joint_gain_1.5,1.0
moddrop_fasca_kd,52,30,joint_gain_1.5,0.5555555555555555
moddrop_fasca_kd,52,31,joint_gain_1.5,0.2222222222222222
moddrop_fasca_kd,52,37,joint_gain_1.5,0.2222222222222222
moddrop_fasca_kd,52,52,joint_gain_1.5,0.5555555555555555
moddrop_fasca_kd,52,55,joint_gain_1.5,0.5555555555555555
moddrop_fasca_kd,52,57,joint_gain_1.5,0.2222222222222222
moddrop_fasca_kd,52,58,joint_gain_1.5,0.5555555555555555
moddrop_fasca_kd,53,8,joint_noise_10db,0.3333333333333333
moddrop_fasca_kd,53,11,joint_noise_10db,0.6666666666666666
moddrop_fasca_kd,53,12,joint_noise_10db,0.5555555555555555
moddrop_fasca_kd,53,13,joint_noise_10db,1.0
moddrop_fasca_kd,53,30,joint_noise_10db,1.0
moddrop_fasca_kd,53,31,joint_noise_10db,1.0
moddrop_fasca_kd,53,37,joint_noise_10db,1.0
moddrop_fasca_kd,53,52,joint_noise_10db,1.0
moddrop_fasca_kd,53,55,joint_noise_10db,1.0
moddrop_fasca_kd,53,57,joint_noise_10db,1.0
moddrop_fasca_kd,53,58,joint_noise_10db,1.0
moddrop_fasca_kd,53,8,joint_channel_dropout_30,0.0
moddrop_fasca_kd,53,11,joint_channel_dropout_30,0.2222222222222222
moddrop_fasca_kd,53,12,joint_channel_dropout_30,1.0
moddrop_fasca_kd,53,13,joint_channel_dropout_30,1.0
moddrop_fasca_kd,53,30,joint_channel_dropout_30,0.5555555555555555
moddrop_fasca_kd,53,31,joint_channel_dropout_30,0.2222222222222222
moddrop_fasca_kd,53,37,joint_channel_dropout_30,0.2222222222222222
moddrop_fasca_kd,53,52,joint_channel_dropout_30,0.2222222222222222
moddrop_fasca_kd,53,55,joint_channel_dropout_30,0.2222222222222222
moddrop_fasca_kd,53,57,joint_channel_dropout_30,0.2222222222222222
moddrop_fasca_kd,53,58,joint_channel_dropout_30,0.5555555555555555
moddrop_fasca_kd,53,8,joint_structured_dropout_30,0.0
moddrop_fasca_kd,53,11,joint_structured_dropout_30,0.6666666666666666
moddrop_fasca_kd,53,12,joint_structured_dropout_30,0.5555555555555555
moddrop_fasca_kd,53,13,joint_structured_dropout_30,0.2222222222222222
moddrop_fasca_kd,53,30,joint_structured_dropout_30,0.5555555555555555
moddrop_fasca_kd,53,31,joint_structured_dropout_30,1.0
moddrop_fasca_kd,53,37,joint_structured_dropout_30,0.5555555555555555
moddrop_fasca_kd,53,52,joint_structured_dropout_30,0.5555555555555555
moddrop_fasca_kd,53,55,joint_structured_dropout_30,0.2222222222222222
moddrop_fasca_kd,53,57,joint_structured_dropout_30,1.0
moddrop_fasca_kd,53,58,joint_structured_dropout_30,1.0
moddrop_fasca_kd,53,8,joint_packet_loss_30,0.3333333333333333
moddrop_fasca_kd,53,11,joint_packet_loss_30,0.2222222222222222
moddrop_fasca_kd,53,12,joint_packet_loss_30,1.0
moddrop_fasca_kd,53,13,joint_packet_loss_30,1.0
moddrop_fasca_kd,53,30,joint_packet_loss_30,0.5555555555555555
moddrop_fasca_kd,53,31,joint_packet_loss_30,1.0
moddrop_fasca_kd,53,37,joint_packet_loss_30,0.5555555555555555
moddrop_fasca_kd,53,52,joint_packet_loss_30,1.0
moddrop_fasca_kd,53,55,joint_packet_loss_30,0.5555555555555555
moddrop_fasca_kd,53,57,joint_packet_loss_30,1.0
moddrop_fasca_kd,53,58,joint_packet_loss_30,1.0
moddrop_fasca_kd,53,8,joint_shift_250ms,0.3333333333333333
moddrop_fasca_kd,53,11,joint_shift_250ms,0.6666666666666666
moddrop_fasca_kd,53,12,joint_shift_250ms,1.0
moddrop_fasca_kd,53,13,joint_shift_250ms,1.0
moddrop_fasca_kd,53,30,joint_shift_250ms,1.0
moddrop_fasca_kd,53,31,joint_shift_250ms,1.0
moddrop_fasca_kd,53,37,joint_shift_250ms,1.0
moddrop_fasca_kd,53,52,joint_shift_250ms,1.0
moddrop_fasca_kd,53,55,joint_shift_250ms,0.5555555555555555
moddrop_fasca_kd,53,57,joint_shift_250ms,1.0
moddrop_fasca_kd,53,58,joint_shift_250ms,1.0
moddrop_fasca_kd,53,8,joint_gain_1.5,0.3333333333333333
moddrop_fasca_kd,53,11,joint_gain_1.5,0.6666666666666666
moddrop_fasca_kd,53,12,joint_gain_1.5,0.2222222222222222
moddrop_fasca_kd,53,13,joint_gain_1.5,1.0
moddrop_fasca_kd,53,30,joint_gain_1.5,0.5555555555555555
moddrop_fasca_kd,53,31,joint_gain_1.5,0.5555555555555555
moddrop_fasca_kd,53,37,joint_gain_1.5,1.0
moddrop_fasca_kd,53,52,joint_gain_1.5,1.0
moddrop_fasca_kd,53,55,joint_gain_1.5,1.0
moddrop_fasca_kd,53,57,joint_gain_1.5,1.0
moddrop_fasca_kd,53,58,joint_gain_1.5,1.0
embracenet_fasca_kd,51,1,joint_noise_10db,1.0
embracenet_fasca_kd,51,10,joint_noise_10db,0.2222222222222222
embracenet_fasca_kd,51,15,joint_noise_10db,1.0
embracenet_fasca_kd,51,19,joint_noise_10db,1.0
embracenet_fasca_kd,51,36,joint_noise_10db,1.0
embracenet_fasca_kd,51,39,joint_noise_10db,1.0
embracenet_fasca_kd,51,40,joint_noise_10db,1.0
embracenet_fasca_kd,51,43,joint_noise_10db,0.6666666666666666
embracenet_fasca_kd,51,48,joint_noise_10db,1.0
embracenet_fasca_kd,51,49,joint_noise_10db,1.0
embracenet_fasca_kd,51,59,joint_noise_10db,1.0
embracenet_fasca_kd,51,1,joint_channel_dropout_30,1.0
embracenet_fasca_kd,51,10,joint_channel_dropout_30,1.0
embracenet_fasca_kd,51,15,joint_channel_dropout_30,0.5555555555555555
embracenet_fasca_kd,51,19,joint_channel_dropout_30,1.0
embracenet_fasca_kd,51,36,joint_channel_dropout_30,0.2222222222222222
embracenet_fasca_kd,51,39,joint_channel_dropout_30,0.2222222222222222
embracenet_fasca_kd,51,40,joint_channel_dropout_30,0.2222222222222222
embracenet_fasca_kd,51,43,joint_channel_dropout_30,0.2222222222222222
embracenet_fasca_kd,51,48,joint_channel_dropout_30,1.0
embracenet_fasca_kd,51,49,joint_channel_dropout_30,0.2222222222222222
embracenet_fasca_kd,51,59,joint_channel_dropout_30,1.0
embracenet_fasca_kd,51,1,joint_structured_dropout_30,0.16666666666666666
embracenet_fasca_kd,51,10,joint_structured_dropout_30,1.0
embracenet_fasca_kd,51,15,joint_structured_dropout_30,0.2222222222222222
embracenet_fasca_kd,51,19,joint_structured_dropout_30,1.0
embracenet_fasca_kd,51,36,joint_structured_dropout_30,0.2222222222222222
embracenet_fasca_kd,51,39,joint_structured_dropout_30,0.5555555555555555
embracenet_fasca_kd,51,40,joint_structured_dropout_30,1.0
embracenet_fasca_kd,51,43,joint_structured_dropout_30,0.6666666666666666
embracenet_fasca_kd,51,48,joint_structured_dropout_30,1.0
embracenet_fasca_kd,51,49,joint_structured_dropout_30,0.5555555555555555
embracenet_fasca_kd,51,59,joint_structured_dropout_30,1.0
embracenet_fasca_kd,51,1,joint_packet_loss_30,1.0
embracenet_fasca_kd,51,10,joint_packet_loss_30,1.0
embracenet_fasca_kd,51,15,joint_packet_loss_30,1.0
embracenet_fasca_kd,51,19,joint_packet_loss_30,1.0
embracenet_fasca_kd,51,36,joint_packet_loss_30,0.2222222222222222
embracenet_fasca_kd,51,39,joint_packet_loss_30,1.0
embracenet_fasca_kd,51,40,joint_packet_loss_30,1.0
embracenet_fasca_kd,51,43,joint_packet_loss_30,0.6666666666666666
embracenet_fasca_kd,51,48,joint_packet_loss_30,1.0
embracenet_fasca_kd,51,49,joint_packet_loss_30,1.0
embracenet_fasca_kd,51,59,joint_packet_loss_30,1.0
embracenet_fasca_kd,51,1,joint_shift_250ms,1.0
embracenet_fasca_kd,51,10,joint_shift_250ms,1.0
embracenet_fasca_kd,51,15,joint_shift_250ms,1.0
embracenet_fasca_kd,51,19,joint_shift_250ms,1.0
embracenet_fasca_kd,51,36,joint_shift_250ms,0.5555555555555555
embracenet_fasca_kd,51,39,joint_shift_250ms,1.0
embracenet_fasca_kd,51,40,joint_shift_250ms,1.0
embracenet_fasca_kd,51,43,joint_shift_250ms,0.6666666666666666
embracenet_fasca_kd,51,48,joint_shift_250ms,1.0
embracenet_fasca_kd,51,49,joint_shift_250ms,1.0
embracenet_fasca_kd,51,59,joint_shift_250ms,1.0
embracenet_fasca_kd,51,1,joint_gain_1.5,0.2222222222222222
embracenet_fasca_kd,51,10,joint_gain_1.5,0.16666666666666666
embracenet_fasca_kd,51,15,joint_gain_1.5,0.5555555555555555
embracenet_fasca_kd,51,19,joint_gain_1.5,0.5555555555555555
embracenet_fasca_kd,51,36,joint_gain_1.5,1.0
embracenet_fasca_kd,51,39,joint_gain_1.5,0.2222222222222222
embracenet_fasca_kd,51,40,joint_gain_1.5,0.5555555555555555
embracenet_fasca_kd,51,43,joint_gain_1.5,0.0
embracenet_fasca_kd,51,48,joint_gain_1.5,0.2222222222222222
embracenet_fasca_kd,51,49,joint_gain_1.5,0.2222222222222222
embracenet_fasca_kd,51,59,joint_gain_1.5,0.2222222222222222
embracenet_fasca_kd,52,1,joint_noise_10db,1.0
embracenet_fasca_kd,52,10,joint_noise_10db,1.0
embracenet_fasca_kd,52,15,joint_noise_10db,1.0
embracenet_fasca_kd,52,19,joint_noise_10db,1.0
embracenet_fasca_kd,52,36,joint_noise_10db,1.0
embracenet_fasca_kd,52,39,joint_noise_10db,1.0
embracenet_fasca_kd,52,40,joint_noise_10db,1.0
embracenet_fasca_kd,52,43,joint_noise_10db,0.6666666666666666
embracenet_fasca_kd,52,48,joint_noise_10db,1.0
embracenet_fasca_kd,52,49,joint_noise_10db,1.0
embracenet_fasca_kd,52,59,joint_noise_10db,1.0
embracenet_fasca_kd,52,1,joint_channel_dropout_30,1.0
embracenet_fasca_kd,52,10,joint_channel_dropout_30,1.0
embracenet_fasca_kd,52,15,joint_channel_dropout_30,0.2222222222222222
embracenet_fasca_kd,52,19,joint_channel_dropout_30,1.0
embracenet_fasca_kd,52,36,joint_channel_dropout_30,0.2222222222222222
embracenet_fasca_kd,52,39,joint_channel_dropout_30,0.2222222222222222
embracenet_fasca_kd,52,40,joint_channel_dropout_30,0.2222222222222222
embracenet_fasca_kd,52,43,joint_channel_dropout_30,0.2222222222222222
embracenet_fasca_kd,52,48,joint_channel_dropout_30,1.0
embracenet_fasca_kd,52,49,joint_channel_dropout_30,0.2222222222222222
embracenet_fasca_kd,52,59,joint_channel_dropout_30,0.5555555555555555
embracenet_fasca_kd,52,1,joint_structured_dropout_30,0.5555555555555555
embracenet_fasca_kd,52,10,joint_structured_dropout_30,0.5555555555555555
embracenet_fasca_kd,52,15,joint_structured_dropout_30,0.2222222222222222
embracenet_fasca_kd,52,19,joint_structured_dropout_30,1.0
embracenet_fasca_kd,52,36,joint_structured_dropout_30,0.2222222222222222
embracenet_fasca_kd,52,39,joint_structured_dropout_30,1.0
embracenet_fasca_kd,52,40,joint_structured_dropout_30,1.0
embracenet_fasca_kd,52,43,joint_structured_dropout_30,0.2222222222222222
embracenet_fasca_kd,52,48,joint_structured_dropout_30,1.0
embracenet_fasca_kd,52,49,joint_structured_dropout_30,0.2222222222222222
embracenet_fasca_kd,52,59,joint_structured_dropout_30,0.5555555555555555
embracenet_fasca_kd,52,1,joint_packet_loss_30,1.0
embracenet_fasca_kd,52,10,joint_packet_loss_30,1.0
embracenet_fasca_kd,52,15,joint_packet_loss_30,1.0
embracenet_fasca_kd,52,19,joint_packet_loss_30,1.0
embracenet_fasca_kd,52,36,joint_packet_loss_30,0.5555555555555555
embracenet_fasca_kd,52,39,joint_packet_loss_30,1.0
embracenet_fasca_kd,52,40,joint_packet_loss_30,1.0
embracenet_fasca_kd,52,43,joint_packet_loss_30,0.6666666666666666
embracenet_fasca_kd,52,48,joint_packet_loss_30,1.0
embracenet_fasca_kd,52,49,joint_packet_loss_30,1.0
embracenet_fasca_kd,52,59,joint_packet_loss_30,1.0
embracenet_fasca_kd,52,1,joint_shift_250ms,1.0
embracenet_fasca_kd,52,10,joint_shift_250ms,1.0
embracenet_fasca_kd,52,15,joint_shift_250ms,1.0
embracenet_fasca_kd,52,19,joint_shift_250ms,1.0
embracenet_fasca_kd,52,36,joint_shift_250ms,1.0
embracenet_fasca_kd,52,39,joint_shift_250ms,1.0
embracenet_fasca_kd,52,40,joint_shift_250ms,1.0
embracenet_fasca_kd,52,43,joint_shift_250ms,0.6666666666666666
embracenet_fasca_kd,52,48,joint_shift_250ms,1.0
embracenet_fasca_kd,52,49,joint_shift_250ms,1.0
embracenet_fasca_kd,52,59,joint_shift_250ms,1.0
embracenet_fasca_kd,52,1,joint_gain_1.5,0.2222222222222222
embracenet_fasca_kd,52,10,joint_gain_1.5,0.16666666666666666
embracenet_fasca_kd,52,15,joint_gain_1.5,1.0
embracenet_fasca_kd,52,19,joint_gain_1.5,0.5555555555555555
embracenet_fasca_kd,52,36,joint_gain_1.5,1.0
embracenet_fasca_kd,52,39,joint_gain_1.5,0.5555555555555555
embracenet_fasca_kd,52,40,joint_gain_1.5,0.5555555555555555
embracenet_fasca_kd,52,43,joint_gain_1.5,0.6666666666666666
embracenet_fasca_kd,52,48,joint_gain_1.5,0.2222222222222222
embracenet_fasca_kd,52,49,joint_gain_1.5,0.5555555555555555
embracenet_fasca_kd,52,59,joint_gain_1.5,1.0
embracenet_fasca_kd,53,1,joint_noise_10db,1.0
embracenet_fasca_kd,53,10,joint_noise_10db,0.5555555555555555
embracenet_fasca_kd,53,15,joint_noise_10db,1.0
embracenet_fasca_kd,53,19,joint_noise_10db,1.0
embracenet_fasca_kd,53,36,joint_noise_10db,1.0
embracenet_fasca_kd,53,39,joint_noise_10db,1.0
embracenet_fasca_kd,53,40,joint_noise_10db,1.0
embracenet_fasca_kd,53,43,joint_noise_10db,0.6666666666666666
embracenet_fasca_kd,53,48,joint_noise_10db,1.0
embracenet_fasca_kd,53,49,joint_noise_10db,1.0
embracenet_fasca_kd,53,59,joint_noise_10db,1.0
embracenet_fasca_kd,53,1,joint_channel_dropout_30,0.5555555555555555
embracenet_fasca_kd,53,10,joint_channel_dropout_30,0.5555555555555555
embracenet_fasca_kd,53,15,joint_channel_dropout_30,0.5555555555555555
embracenet_fasca_kd,53,19,joint_channel_dropout_30,1.0
embracenet_fasca_kd,53,36,joint_channel_dropout_30,0.2222222222222222
embracenet_fasca_kd,53,39,joint_channel_dropout_30,0.2222222222222222
embracenet_fasca_kd,53,40,joint_channel_dropout_30,0.2222222222222222
embracenet_fasca_kd,53,43,joint_channel_dropout_30,0.2222222222222222
embracenet_fasca_kd,53,48,joint_channel_dropout_30,0.5555555555555555
embracenet_fasca_kd,53,49,joint_channel_dropout_30,0.2222222222222222
embracenet_fasca_kd,53,59,joint_channel_dropout_30,0.5555555555555555
embracenet_fasca_kd,53,1,joint_structured_dropout_30,0.5555555555555555
embracenet_fasca_kd,53,10,joint_structured_dropout_30,0.5555555555555555
embracenet_fasca_kd,53,15,joint_structured_dropout_30,0.5555555555555555
embracenet_fasca_kd,53,19,joint_structured_dropout_30,1.0
embracenet_fasca_kd,53,36,joint_structured_dropout_30,0.2222222222222222
embracenet_fasca_kd,53,39,joint_structured_dropout_30,0.5555555555555555
embracenet_fasca_kd,53,40,joint_structured_dropout_30,0.5555555555555555
embracenet_fasca_kd,53,43,joint_structured_dropout_30,0.2222222222222222
embracenet_fasca_kd,53,48,joint_structured_dropout_30,1.0
embracenet_fasca_kd,53,49,joint_structured_dropout_30,0.2222222222222222
embracenet_fasca_kd,53,59,joint_structured_dropout_30,0.5555555555555555
embracenet_fasca_kd,53,1,joint_packet_loss_30,1.0
embracenet_fasca_kd,53,10,joint_packet_loss_30,1.0
embracenet_fasca_kd,53,15,joint_packet_loss_30,1.0
embracenet_fasca_kd,53,19,joint_packet_loss_30,1.0
embracenet_fasca_kd,53,36,joint_packet_loss_30,0.5555555555555555
embracenet_fasca_kd,53,39,joint_packet_loss_30,1.0
embracenet_fasca_kd,53,40,joint_packet_loss_30,1.0
embracenet_fasca_kd,53,43,joint_packet_loss_30,0.6666666666666666
embracenet_fasca_kd,53,48,joint_packet_loss_30,1.0
embracenet_fasca_kd,53,49,joint_packet_loss_30,1.0
embracenet_fasca_kd,53,59,joint_packet_loss_30,1.0
embracenet_fasca_kd,53,1,joint_shift_250ms,1.0
embracenet_fasca_kd,53,10,joint_shift_250ms,1.0
embracenet_fasca_kd,53,15,joint_shift_250ms,1.0
embracenet_fasca_kd,53,19,joint_shift_250ms,1.0
embracenet_fasca_kd,53,36,joint_shift_250ms,1.0
embracenet_fasca_kd,53,39,joint_shift_250ms,1.0
embracenet_fasca_kd,53,40,joint_shift_250ms,1.0
embracenet_fasca_kd,53,43,joint_shift_250ms,0.6666666666666666
embracenet_fasca_kd,53,48,joint_shift_250ms,1.0
embracenet_fasca_kd,53,49,joint_shift_250ms,1.0
embracenet_fasca_kd,53,59,joint_shift_250ms,1.0
embracenet_fasca_kd,53,1,joint_gain_1.5,0.2222222222222222
embracenet_fasca_kd,53,10,joint_gain_1.5,0.16666666666666666
embracenet_fasca_kd,53,15,joint_gain_1.5,1.0
embracenet_fasca_kd,53,19,joint_gain_1.5,0.5555555555555555
embracenet_fasca_kd,53,36,joint_gain_1.5,1.0
embracenet_fasca_kd,53,39,joint_gain_1.5,0.2222222222222222
embracenet_fasca_kd,53,40,joint_gain_1.5,0.5555555555555555
embracenet_fasca_kd,53,43,joint_gain_1.5,0.2222222222222222
embracenet_fasca_kd,53,48,joint_gain_1.5,0.2222222222222222
embracenet_fasca_kd,53,49,joint_gain_1.5,0.5555555555555555
embracenet_fasca_kd,53,59,joint_gain_1.5,0.2222222222222222
embracenet_fasca_kd,51,3,joint_noise_10db,0.3333333333333333
embracenet_fasca_kd,51,7,joint_noise_10db,1.0
embracenet_fasca_kd,51,14,joint_noise_10db,1.0
embracenet_fasca_kd,51,16,joint_noise_10db,1.0
embracenet_fasca_kd,51,21,joint_noise_10db,0.5555555555555555
embracenet_fasca_kd,51,25,joint_noise_10db,0.5555555555555555
embracenet_fasca_kd,51,26,joint_noise_10db,0.5555555555555555
embracenet_fasca_kd,51,27,joint_noise_10db,1.0
embracenet_fasca_kd,51,29,joint_noise_10db,1.0
embracenet_fasca_kd,51,38,joint_noise_10db,1.0
embracenet_fasca_kd,51,46,joint_noise_10db,1.0
embracenet_fasca_kd,51,3,joint_channel_dropout_30,0.3333333333333333
embracenet_fasca_kd,51,7,joint_channel_dropout_30,0.2222222222222222
embracenet_fasca_kd,51,14,joint_channel_dropout_30,1.0
embracenet_fasca_kd,51,16,joint_channel_dropout_30,0.5555555555555555
embracenet_fasca_kd,51,21,joint_channel_dropout_30,1.0
embracenet_fasca_kd,51,25,joint_channel_dropout_30,1.0
embracenet_fasca_kd,51,26,joint_channel_dropout_30,0.2222222222222222
embracenet_fasca_kd,51,27,joint_channel_dropout_30,0.5555555555555555
embracenet_fasca_kd,51,29,joint_channel_dropout_30,0.2222222222222222
embracenet_fasca_kd,51,38,joint_channel_dropout_30,0.5555555555555555
embracenet_fasca_kd,51,46,joint_channel_dropout_30,0.2222222222222222
embracenet_fasca_kd,51,3,joint_structured_dropout_30,0.3333333333333333
embracenet_fasca_kd,51,7,joint_structured_dropout_30,0.5555555555555555
embracenet_fasca_kd,51,14,joint_structured_dropout_30,0.5555555555555555
embracenet_fasca_kd,51,16,joint_structured_dropout_30,0.2222222222222222
embracenet_fasca_kd,51,21,joint_structured_dropout_30,1.0
embracenet_fasca_kd,51,25,joint_structured_dropout_30,1.0
embracenet_fasca_kd,51,26,joint_structured_dropout_30,0.2222222222222222
embracenet_fasca_kd,51,27,joint_structured_dropout_30,0.5555555555555555
embracenet_fasca_kd,51,29,joint_structured_dropout_30,0.2222222222222222
embracenet_fasca_kd,51,38,joint_structured_dropout_30,0.2222222222222222
embracenet_fasca_kd,51,46,joint_structured_dropout_30,0.5555555555555555
embracenet_fasca_kd,51,3,joint_packet_loss_30,0.3333333333333333
embracenet_fasca_kd,51,7,joint_packet_loss_30,1.0
embracenet_fasca_kd,51,14,joint_packet_loss_30,0.5555555555555555
embracenet_fasca_kd,51,16,joint_packet_loss_30,0.5555555555555555
embracenet_fasca_kd,51,21,joint_packet_loss_30,1.0
embracenet_fasca_kd,51,25,joint_packet_loss_30,1.0
embracenet_fasca_kd,51,26,joint_packet_loss_30,0.2222222222222222
embracenet_fasca_kd,51,27,joint_packet_loss_30,1.0
embracenet_fasca_kd,51,29,joint_packet_loss_30,0.2222222222222222
embracenet_fasca_kd,51,38,joint_packet_loss_30,1.0
embracenet_fasca_kd,51,46,joint_packet_loss_30,1.0
embracenet_fasca_kd,51,3,joint_shift_250ms,0.3333333333333333
embracenet_fasca_kd,51,7,joint_shift_250ms,1.0
embracenet_fasca_kd,51,14,joint_shift_250ms,1.0
embracenet_fasca_kd,51,16,joint_shift_250ms,1.0
embracenet_fasca_kd,51,21,joint_shift_250ms,1.0
embracenet_fasca_kd,51,25,joint_shift_250ms,1.0
embracenet_fasca_kd,51,26,joint_shift_250ms,0.2222222222222222
embracenet_fasca_kd,51,27,joint_shift_250ms,1.0
embracenet_fasca_kd,51,29,joint_shift_250ms,0.2222222222222222
embracenet_fasca_kd,51,38,joint_shift_250ms,1.0
embracenet_fasca_kd,51,46,joint_shift_250ms,1.0
embracenet_fasca_kd,51,3,joint_gain_1.5,0.0
embracenet_fasca_kd,51,7,joint_gain_1.5,0.2222222222222222
embracenet_fasca_kd,51,14,joint_gain_1.5,0.2222222222222222
embracenet_fasca_kd,51,16,joint_gain_1.5,0.5555555555555555
embracenet_fasca_kd,51,21,joint_gain_1.5,0.2222222222222222
embracenet_fasca_kd,51,25,joint_gain_1.5,0.2222222222222222
embracenet_fasca_kd,51,26,joint_gain_1.5,1.0
embracenet_fasca_kd,51,27,joint_gain_1.5,0.2222222222222222
embracenet_fasca_kd,51,29,joint_gain_1.5,1.0
embracenet_fasca_kd,51,38,joint_gain_1.5,0.2222222222222222
embracenet_fasca_kd,51,46,joint_gain_1.5,0.5555555555555555
embracenet_fasca_kd,52,3,joint_noise_10db,0.3333333333333333
embracenet_fasca_kd,52,7,joint_noise_10db,1.0
embracenet_fasca_kd,52,14,joint_noise_10db,1.0
embracenet_fasca_kd,52,16,joint_noise_10db,1.0
embracenet_fasca_kd,52,21,joint_noise_10db,1.0
embracenet_fasca_kd,52,25,joint_noise_10db,0.5555555555555555
embracenet_fasca_kd,52,26,joint_noise_10db,1.0
embracenet_fasca_kd,52,27,joint_noise_10db,1.0
embracenet_fasca_kd,52,29,joint_noise_10db,0.5555555555555555
embracenet_fasca_kd,52,38,joint_noise_10db,1.0
embracenet_fasca_kd,52,46,joint_noise_10db,1.0
embracenet_fasca_kd,52,3,joint_channel_dropout_30,0.3333333333333333
embracenet_fasca_kd,52,7,joint_channel_dropout_30,0.2222222222222222
embracenet_fasca_kd,52,14,joint_channel_dropout_30,1.0
embracenet_fasca_kd,52,16,joint_channel_dropout_30,0.5555555555555555
embracenet_fasca_kd,52,21,joint_channel_dropout_30,1.0
embracenet_fasca_kd,52,25,joint_channel_dropout_30,0.5555555555555555
embracenet_fasca_kd,52,26,joint_channel_dropout_30,0.5555555555555555
embracenet_fasca_kd,52,27,joint_channel_dropout_30,1.0
embracenet_fasca_kd,52,29,joint_channel_dropout_30,0.2222222222222222
embracenet_fasca_kd,52,38,joint_channel_dropout_30,0.5555555555555555
embracenet_fasca_kd,52,46,joint_channel_dropout_30,0.5555555555555555
embracenet_fasca_kd,52,3,joint_structured_dropout_30,0.3333333333333333
embracenet_fasca_kd,52,7,joint_structured_dropout_30,0.2222222222222222
embracenet_fasca_kd,52,14,joint_structured_dropout_30,0.2222222222222222
embracenet_fasca_kd,52,16,joint_structured_dropout_30,0.2222222222222222
embracenet_fasca_kd,52,21,joint_structured_dropout_30,1.0
embracenet_fasca_kd,52,25,joint_structured_dropout_30,1.0
embracenet_fasca_kd,52,26,joint_structured_dropout_30,0.2222222222222222
embracenet_fasca_kd,52,27,joint_structured_dropout_30,1.0
embracenet_fasca_kd,52,29,joint_structured_dropout_30,0.2222222222222222
embracenet_fasca_kd,52,38,joint_structured_dropout_30,0.2222222222222222
embracenet_fasca_kd,52,46,joint_structured_dropout_30,0.5555555555555555
embracenet_fasca_kd,52,3,joint_packet_loss_30,0.3333333333333333
embracenet_fasca_kd,52,7,joint_packet_loss_30,1.0
embracenet_fasca_kd,52,14,joint_packet_loss_30,1.0
embracenet_fasca_kd,52,16,joint_packet_loss_30,0.5555555555555555
embracenet_fasca_kd,52,21,joint_packet_loss_30,1.0
embracenet_fasca_kd,52,25,joint_packet_loss_30,1.0
embracenet_fasca_kd,52,26,joint_packet_loss_30,0.5555555555555555
embracenet_fasca_kd,52,27,joint_packet_loss_30,1.0
embracenet_fasca_kd,52,29,joint_packet_loss_30,0.2222222222222222
embracenet_fasca_kd,52,38,joint_packet_loss_30,1.0
embracenet_fasca_kd,52,46,joint_packet_loss_30,1.0
embracenet_fasca_kd,52,3,joint_shift_250ms,0.3333333333333333
embracenet_fasca_kd,52,7,joint_shift_250ms,1.0
embracenet_fasca_kd,52,14,joint_shift_250ms,1.0
embracenet_fasca_kd,52,16,joint_shift_250ms,1.0
embracenet_fasca_kd,52,21,joint_shift_250ms,1.0
embracenet_fasca_kd,52,25,joint_shift_250ms,1.0
embracenet_fasca_kd,52,26,joint_shift_250ms,0.5555555555555555
embracenet_fasca_kd,52,27,joint_shift_250ms,1.0
embracenet_fasca_kd,52,29,joint_shift_250ms,0.2222222222222222
embracenet_fasca_kd,52,38,joint_shift_250ms,1.0
embracenet_fasca_kd,52,46,joint_shift_250ms,1.0
embracenet_fasca_kd,52,3,joint_gain_1.5,0.0
embracenet_fasca_kd,52,7,joint_gain_1.5,0.2222222222222222
embracenet_fasca_kd,52,14,joint_gain_1.5,0.2222222222222222
embracenet_fasca_kd,52,16,joint_gain_1.5,1.0
embracenet_fasca_kd,52,21,joint_gain_1.5,0.2222222222222222
embracenet_fasca_kd,52,25,joint_gain_1.5,0.2222222222222222
embracenet_fasca_kd,52,26,joint_gain_1.5,0.5555555555555555
embracenet_fasca_kd,52,27,joint_gain_1.5,0.2222222222222222
embracenet_fasca_kd,52,29,joint_gain_1.5,1.0
embracenet_fasca_kd,52,38,joint_gain_1.5,0.2222222222222222
embracenet_fasca_kd,52,46,joint_gain_1.5,0.5555555555555555
embracenet_fasca_kd,53,3,joint_noise_10db,0.3333333333333333
embracenet_fasca_kd,53,7,joint_noise_10db,1.0
embracenet_fasca_kd,53,14,joint_noise_10db,1.0
embracenet_fasca_kd,53,16,joint_noise_10db,1.0
embracenet_fasca_kd,53,21,joint_noise_10db,0.16666666666666666
embracenet_fasca_kd,53,25,joint_noise_10db,0.5555555555555555
embracenet_fasca_kd,53,26,joint_noise_10db,0.5555555555555555
embracenet_fasca_kd,53,27,joint_noise_10db,1.0
embracenet_fasca_kd,53,29,joint_noise_10db,1.0
embracenet_fasca_kd,53,38,joint_noise_10db,1.0
embracenet_fasca_kd,53,46,joint_noise_10db,1.0
embracenet_fasca_kd,53,3,joint_channel_dropout_30,0.3333333333333333
embracenet_fasca_kd,53,7,joint_channel_dropout_30,0.2222222222222222
embracenet_fasca_kd,53,14,joint_channel_dropout_30,1.0
embracenet_fasca_kd,53,16,joint_channel_dropout_30,0.2222222222222222
embracenet_fasca_kd,53,21,joint_channel_dropout_30,0.5555555555555555
embracenet_fasca_kd,53,25,joint_channel_dropout_30,0.5555555555555555
embracenet_fasca_kd,53,26,joint_channel_dropout_30,0.2222222222222222
embracenet_fasca_kd,53,27,joint_channel_dropout_30,1.0
embracenet_fasca_kd,53,29,joint_channel_dropout_30,0.2222222222222222
embracenet_fasca_kd,53,38,joint_channel_dropout_30,0.5555555555555555
embracenet_fasca_kd,53,46,joint_channel_dropout_30,0.2222222222222222
embracenet_fasca_kd,53,3,joint_structured_dropout_30,0.3333333333333333
embracenet_fasca_kd,53,7,joint_structured_dropout_30,1.0
embracenet_fasca_kd,53,14,joint_structured_dropout_30,0.5555555555555555
embracenet_fasca_kd,53,16,joint_structured_dropout_30,0.2222222222222222
embracenet_fasca_kd,53,21,joint_structured_dropout_30,1.0
embracenet_fasca_kd,53,25,joint_structured_dropout_30,1.0
embracenet_fasca_kd,53,26,joint_structured_dropout_30,0.16666666666666666
embracenet_fasca_kd,53,27,joint_structured_dropout_30,1.0
embracenet_fasca_kd,53,29,joint_structured_dropout_30,0.2222222222222222
embracenet_fasca_kd,53,38,joint_structured_dropout_30,0.2222222222222222
embracenet_fasca_kd,53,46,joint_structured_dropout_30,0.5555555555555555
embracenet_fasca_kd,53,3,joint_packet_loss_30,0.3333333333333333
embracenet_fasca_kd,53,7,joint_packet_loss_30,1.0
embracenet_fasca_kd,53,14,joint_packet_loss_30,1.0
embracenet_fasca_kd,53,16,joint_packet_loss_30,0.5555555555555555
embracenet_fasca_kd,53,21,joint_packet_loss_30,0.5555555555555555
embracenet_fasca_kd,53,25,joint_packet_loss_30,1.0
embracenet_fasca_kd,53,26,joint_packet_loss_30,0.16666666666666666
embracenet_fasca_kd,53,27,joint_packet_loss_30,1.0
embracenet_fasca_kd,53,29,joint_packet_loss_30,0.2222222222222222
embracenet_fasca_kd,53,38,joint_packet_loss_30,1.0
embracenet_fasca_kd,53,46,joint_packet_loss_30,1.0
embracenet_fasca_kd,53,3,joint_shift_250ms,0.3333333333333333
embracenet_fasca_kd,53,7,joint_shift_250ms,1.0
embracenet_fasca_kd,53,14,joint_shift_250ms,1.0
embracenet_fasca_kd,53,16,joint_shift_250ms,1.0
embracenet_fasca_kd,53,21,joint_shift_250ms,0.5555555555555555
embracenet_fasca_kd,53,25,joint_shift_250ms,1.0
embracenet_fasca_kd,53,26,joint_shift_250ms,0.2222222222222222
embracenet_fasca_kd,53,27,joint_shift_250ms,1.0
embracenet_fasca_kd,53,29,joint_shift_250ms,1.0
embracenet_fasca_kd,53,38,joint_shift_250ms,1.0
embracenet_fasca_kd,53,46,joint_shift_250ms,1.0
embracenet_fasca_kd,53,3,joint_gain_1.5,0.0
embracenet_fasca_kd,53,7,joint_gain_1.5,0.2222222222222222
embracenet_fasca_kd,53,14,joint_gain_1.5,0.2222222222222222
embracenet_fasca_kd,53,16,joint_gain_1.5,0.2222222222222222
embracenet_fasca_kd,53,21,joint_gain_1.5,0.16666666666666666
embracenet_fasca_kd,53,25,joint_gain_1.5,0.2222222222222222
embracenet_fasca_kd,53,26,joint_gain_1.5,1.0
embracenet_fasca_kd,53,27,joint_gain_1.5,0.2222222222222222
embracenet_fasca_kd,53,29,joint_gain_1.5,1.0
embracenet_fasca_kd,53,38,joint_gain_1.5,0.2222222222222222
embracenet_fasca_kd,53,46,joint_gain_1.5,0.2222222222222222
embracenet_fasca_kd,51,4,joint_noise_10db,1.0
embracenet_fasca_kd,51,5,joint_noise_10db,0.5555555555555555
embracenet_fasca_kd,51,6,joint_noise_10db,1.0
embracenet_fasca_kd,51,9,joint_noise_10db,1.0
embracenet_fasca_kd,51,17,joint_noise_10db,1.0
embracenet_fasca_kd,51,18,joint_noise_10db,1.0
embracenet_fasca_kd,51,32,joint_noise_10db,0.6666666666666666
embracenet_fasca_kd,51,33,joint_noise_10db,1.0
embracenet_fasca_kd,51,35,joint_noise_10db,1.0
embracenet_fasca_kd,51,44,joint_noise_10db,1.0
embracenet_fasca_kd,51,53,joint_noise_10db,1.0
embracenet_fasca_kd,51,4,joint_channel_dropout_30,0.5555555555555555
embracenet_fasca_kd,51,5,joint_channel_dropout_30,0.5555555555555555
embracenet_fasca_kd,51,6,joint_channel_dropout_30,0.2222222222222222
embracenet_fasca_kd,51,9,joint_channel_dropout_30,0.2222222222222222
embracenet_fasca_kd,51,17,joint_channel_dropout_30,0.2222222222222222
embracenet_fasca_kd,51,18,joint_channel_dropout_30,0.2222222222222222
embracenet_fasca_kd,51,32,joint_channel_dropout_30,0.6666666666666666
embracenet_fasca_kd,51,33,joint_channel_dropout_30,0.5555555555555555
embracenet_fasca_kd,51,35,joint_channel_dropout_30,0.2222222222222222
embracenet_fasca_kd,51,44,joint_channel_dropout_30,0.5555555555555555
embracenet_fasca_kd,51,53,joint_channel_dropout_30,0.5555555555555555
embracenet_fasca_kd,51,4,joint_structured_dropout_30,1.0
embracenet_fasca_kd,51,5,joint_structured_dropout_30,1.0
embracenet_fasca_kd,51,6,joint_structured_dropout_30,0.2222222222222222
embracenet_fasca_kd,51,9,joint_structured_dropout_30,1.0
embracenet_fasca_kd,51,17,joint_structured_dropout_30,0.2222222222222222
embracenet_fasca_kd,51,18,joint_structured_dropout_30,0.2222222222222222
embracenet_fasca_kd,51,32,joint_structured_dropout_30,0.6666666666666666
embracenet_fasca_kd,51,33,joint_structured_dropout_30,0.5555555555555555
embracenet_fasca_kd,51,35,joint_structured_dropout_30,0.5555555555555555
embracenet_fasca_kd,51,44,joint_structured_dropout_30,0.5555555555555555
embracenet_fasca_kd,51,53,joint_structured_dropout_30,0.5555555555555555
embracenet_fasca_kd,51,4,joint_packet_loss_30,1.0
embracenet_fasca_kd,51,5,joint_packet_loss_30,1.0
embracenet_fasca_kd,51,6,joint_packet_loss_30,1.0
embracenet_fasca_kd,51,9,joint_packet_loss_30,1.0
embracenet_fasca_kd,51,17,joint_packet_loss_30,0.5555555555555555
embracenet_fasca_kd,51,18,joint_packet_loss_30,0.5555555555555555
embracenet_fasca_kd,51,32,joint_packet_loss_30,0.6666666666666666
embracenet_fasca_kd,51,33,joint_packet_loss_30,1.0
embracenet_fasca_kd,51,35,joint_packet_loss_30,0.5555555555555555
embracenet_fasca_kd,51,44,joint_packet_loss_30,0.5555555555555555
embracenet_fasca_kd,51,53,joint_packet_loss_30,1.0
embracenet_fasca_kd,51,4,joint_shift_250ms,1.0
embracenet_fasca_kd,51,5,joint_shift_250ms,1.0
embracenet_fasca_kd,51,6,joint_shift_250ms,1.0
embracenet_fasca_kd,51,9,joint_shift_250ms,1.0
embracenet_fasca_kd,51,17,joint_shift_250ms,1.0
embracenet_fasca_kd,51,18,joint_shift_250ms,1.0
embracenet_fasca_kd,51,32,joint_shift_250ms,0.6666666666666666
embracenet_fasca_kd,51,33,joint_shift_250ms,1.0
embracenet_fasca_kd,51,35,joint_shift_250ms,1.0
embracenet_fasca_kd,51,44,joint_shift_250ms,1.0
embracenet_fasca_kd,51,53,joint_shift_250ms,1.0
embracenet_fasca_kd,51,4,joint_gain_1.5,0.2222222222222222
embracenet_fasca_kd,51,5,joint_gain_1.5,0.2222222222222222
embracenet_fasca_kd,51,6,joint_gain_1.5,1.0
embracenet_fasca_kd,51,9,joint_gain_1.5,0.2222222222222222
embracenet_fasca_kd,51,17,joint_gain_1.5,1.0
embracenet_fasca_kd,51,18,joint_gain_1.5,1.0
embracenet_fasca_kd,51,32,joint_gain_1.5,0.0
embracenet_fasca_kd,51,33,joint_gain_1.5,0.2222222222222222
embracenet_fasca_kd,51,35,joint_gain_1.5,0.5555555555555555
embracenet_fasca_kd,51,44,joint_gain_1.5,0.2222222222222222
embracenet_fasca_kd,51,53,joint_gain_1.5,0.2222222222222222
embracenet_fasca_kd,52,4,joint_noise_10db,1.0
embracenet_fasca_kd,52,5,joint_noise_10db,0.5555555555555555
embracenet_fasca_kd,52,6,joint_noise_10db,1.0
embracenet_fasca_kd,52,9,joint_noise_10db,1.0
embracenet_fasca_kd,52,17,joint_noise_10db,1.0
embracenet_fasca_kd,52,18,joint_noise_10db,1.0
embracenet_fasca_kd,52,32,joint_noise_10db,0.6666666666666666
embracenet_fasca_kd,52,33,joint_noise_10db,1.0
embracenet_fasca_kd,52,35,joint_noise_10db,1.0
embracenet_fasca_kd,52,44,joint_noise_10db,1.0
embracenet_fasca_kd,52,53,joint_noise_10db,1.0
embracenet_fasca_kd,52,4,joint_channel_dropout_30,0.2222222222222222
embracenet_fasca_kd,52,5,joint_channel_dropout_30,0.5555555555555555
embracenet_fasca_kd,52,6,joint_channel_dropout_30,0.5555555555555555
embracenet_fasca_kd,52,9,joint_channel_dropout_30,1.0
embracenet_fasca_kd,52,17,joint_channel_dropout_30,0.2222222222222222
embracenet_fasca_kd,52,18,joint_channel_dropout_30,0.2222222222222222
embracenet_fasca_kd,52,32,joint_channel_dropout_30,0.6666666666666666
embracenet_fasca_kd,52,33,joint_channel_dropout_30,1.0
embracenet_fasca_kd,52,35,joint_channel_dropout_30,0.2222222222222222
embracenet_fasca_kd,52,44,joint_channel_dropout_30,1.0
embracenet_fasca_kd,52,53,joint_channel_dropout_30,1.0
embracenet_fasca_kd,52,4,joint_structured_dropout_30,1.0
embracenet_fasca_kd,52,5,joint_structured_dropout_30,1.0
embracenet_fasca_kd,52,6,joint_structured_dropout_30,0.2222222222222222
embracenet_fasca_kd,52,9,joint_structured_dropout_30,1.0
embracenet_fasca_kd,52,17,joint_structured_dropout_30,0.2222222222222222
embracenet_fasca_kd,52,18,joint_structured_dropout_30,0.2222222222222222
embracenet_fasca_kd,52,32,joint_structured_dropout_30,0.6666666666666666
embracenet_fasca_kd,52,33,joint_structured_dropout_30,0.5555555555555555
embracenet_fasca_kd,52,35,joint_structured_dropout_30,1.0
embracenet_fasca_kd,52,44,joint_structured_dropout_30,1.0
embracenet_fasca_kd,52,53,joint_structured_dropout_30,1.0
embracenet_fasca_kd,52,4,joint_packet_loss_30,1.0
embracenet_fasca_kd,52,5,joint_packet_loss_30,1.0
embracenet_fasca_kd,52,6,joint_packet_loss_30,1.0
embracenet_fasca_kd,52,9,joint_packet_loss_30,1.0
embracenet_fasca_kd,52,17,joint_packet_loss_30,0.5555555555555555
embracenet_fasca_kd,52,18,joint_packet_loss_30,1.0
embracenet_fasca_kd,52,32,joint_packet_loss_30,0.6666666666666666
embracenet_fasca_kd,52,33,joint_packet_loss_30,1.0
embracenet_fasca_kd,52,35,joint_packet_loss_30,1.0
embracenet_fasca_kd,52,44,joint_packet_loss_30,1.0
embracenet_fasca_kd,52,53,joint_packet_loss_30,1.0
embracenet_fasca_kd,52,4,joint_shift_250ms,1.0
embracenet_fasca_kd,52,5,joint_shift_250ms,1.0
embracenet_fasca_kd,52,6,joint_shift_250ms,1.0
embracenet_fasca_kd,52,9,joint_shift_250ms,1.0
embracenet_fasca_kd,52,17,joint_shift_250ms,1.0
embracenet_fasca_kd,52,18,joint_shift_250ms,1.0
embracenet_fasca_kd,52,32,joint_shift_250ms,0.6666666666666666
embracenet_fasca_kd,52,33,joint_shift_250ms,1.0
embracenet_fasca_kd,52,35,joint_shift_250ms,1.0
embracenet_fasca_kd,52,44,joint_shift_250ms,1.0
embracenet_fasca_kd,52,53,joint_shift_250ms,1.0
embracenet_fasca_kd,52,4,joint_gain_1.5,1.0
embracenet_fasca_kd,52,5,joint_gain_1.5,0.2222222222222222
embracenet_fasca_kd,52,6,joint_gain_1.5,1.0
embracenet_fasca_kd,52,9,joint_gain_1.5,0.2222222222222222
embracenet_fasca_kd,52,17,joint_gain_1.5,1.0
embracenet_fasca_kd,52,18,joint_gain_1.5,1.0
embracenet_fasca_kd,52,32,joint_gain_1.5,0.6666666666666666
embracenet_fasca_kd,52,33,joint_gain_1.5,0.2222222222222222
embracenet_fasca_kd,52,35,joint_gain_1.5,0.2222222222222222
embracenet_fasca_kd,52,44,joint_gain_1.5,0.5555555555555555
embracenet_fasca_kd,52,53,joint_gain_1.5,0.2222222222222222
embracenet_fasca_kd,53,4,joint_noise_10db,1.0
embracenet_fasca_kd,53,5,joint_noise_10db,1.0
embracenet_fasca_kd,53,6,joint_noise_10db,1.0
embracenet_fasca_kd,53,9,joint_noise_10db,1.0
embracenet_fasca_kd,53,17,joint_noise_10db,1.0
embracenet_fasca_kd,53,18,joint_noise_10db,1.0
embracenet_fasca_kd,53,32,joint_noise_10db,0.6666666666666666
embracenet_fasca_kd,53,33,joint_noise_10db,1.0
embracenet_fasca_kd,53,35,joint_noise_10db,1.0
embracenet_fasca_kd,53,44,joint_noise_10db,1.0
embracenet_fasca_kd,53,53,joint_noise_10db,1.0
embracenet_fasca_kd,53,4,joint_channel_dropout_30,0.5555555555555555
embracenet_fasca_kd,53,5,joint_channel_dropout_30,0.5555555555555555
embracenet_fasca_kd,53,6,joint_channel_dropout_30,0.2222222222222222
embracenet_fasca_kd,53,9,joint_channel_dropout_30,0.5555555555555555
embracenet_fasca_kd,53,17,joint_channel_dropout_30,0.2222222222222222
embracenet_fasca_kd,53,18,joint_channel_dropout_30,0.2222222222222222
embracenet_fasca_kd,53,32,joint_channel_dropout_30,0.6666666666666666
embracenet_fasca_kd,53,33,joint_channel_dropout_30,0.5555555555555555
embracenet_fasca_kd,53,35,joint_channel_dropout_30,0.2222222222222222
embracenet_fasca_kd,53,44,joint_channel_dropout_30,1.0
embracenet_fasca_kd,53,53,joint_channel_dropout_30,0.5555555555555555
embracenet_fasca_kd,53,4,joint_structured_dropout_30,0.5555555555555555
embracenet_fasca_kd,53,5,joint_structured_dropout_30,1.0
embracenet_fasca_kd,53,6,joint_structured_dropout_30,0.2222222222222222
embracenet_fasca_kd,53,9,joint_structured_dropout_30,1.0
embracenet_fasca_kd,53,17,joint_structured_dropout_30,0.2222222222222222
embracenet_fasca_kd,53,18,joint_structured_dropout_30,0.2222222222222222
embracenet_fasca_kd,53,32,joint_structured_dropout_30,0.6666666666666666
embracenet_fasca_kd,53,33,joint_structured_dropout_30,0.5555555555555555
embracenet_fasca_kd,53,35,joint_structured_dropout_30,0.5555555555555555
embracenet_fasca_kd,53,44,joint_structured_dropout_30,0.5555555555555555
embracenet_fasca_kd,53,53,joint_structured_dropout_30,0.5555555555555555
embracenet_fasca_kd,53,4,joint_packet_loss_30,1.0
embracenet_fasca_kd,53,5,joint_packet_loss_30,1.0
embracenet_fasca_kd,53,6,joint_packet_loss_30,0.5555555555555555
embracenet_fasca_kd,53,9,joint_packet_loss_30,1.0
embracenet_fasca_kd,53,17,joint_packet_loss_30,0.2222222222222222
embracenet_fasca_kd,53,18,joint_packet_loss_30,0.5555555555555555
embracenet_fasca_kd,53,32,joint_packet_loss_30,0.6666666666666666
embracenet_fasca_kd,53,33,joint_packet_loss_30,1.0
embracenet_fasca_kd,53,35,joint_packet_loss_30,1.0
embracenet_fasca_kd,53,44,joint_packet_loss_30,1.0
embracenet_fasca_kd,53,53,joint_packet_loss_30,1.0
embracenet_fasca_kd,53,4,joint_shift_250ms,1.0
embracenet_fasca_kd,53,5,joint_shift_250ms,1.0
embracenet_fasca_kd,53,6,joint_shift_250ms,1.0
embracenet_fasca_kd,53,9,joint_shift_250ms,1.0
embracenet_fasca_kd,53,17,joint_shift_250ms,1.0
embracenet_fasca_kd,53,18,joint_shift_250ms,1.0
embracenet_fasca_kd,53,32,joint_shift_250ms,0.6666666666666666
embracenet_fasca_kd,53,33,joint_shift_250ms,1.0
embracenet_fasca_kd,53,35,joint_shift_250ms,1.0
embracenet_fasca_kd,53,44,joint_shift_250ms,1.0
embracenet_fasca_kd,53,53,joint_shift_250ms,1.0
embracenet_fasca_kd,53,4,joint_gain_1.5,1.0
embracenet_fasca_kd,53,5,joint_gain_1.5,0.2222222222222222
embracenet_fasca_kd,53,6,joint_gain_1.5,0.5555555555555555
embracenet_fasca_kd,53,9,joint_gain_1.5,0.2222222222222222
embracenet_fasca_kd,53,17,joint_gain_1.5,1.0
embracenet_fasca_kd,53,18,joint_gain_1.5,1.0
embracenet_fasca_kd,53,32,joint_gain_1.5,0.0
embracenet_fasca_kd,53,33,joint_gain_1.5,0.2222222222222222
embracenet_fasca_kd,53,35,joint_gain_1.5,0.2222222222222222
embracenet_fasca_kd,53,44,joint_gain_1.5,0.2222222222222222
embracenet_fasca_kd,53,53,joint_gain_1.5,0.2222222222222222
embracenet_fasca_kd,51,20,joint_noise_10db,1.0
embracenet_fasca_kd,51,22,joint_noise_10db,1.0
embracenet_fasca_kd,51,23,joint_noise_10db,1.0
embracenet_fasca_kd,51,28,joint_noise_10db,1.0
embracenet_fasca_kd,51,34,joint_noise_10db,1.0
embracenet_fasca_kd,51,41,joint_noise_10db,1.0
embracenet_fasca_kd,51,42,joint_noise_10db,1.0
embracenet_fasca_kd,51,45,joint_noise_10db,0.6666666666666666
embracenet_fasca_kd,51,51,joint_noise_10db,1.0
embracenet_fasca_kd,51,54,joint_noise_10db,1.0
embracenet_fasca_kd,51,56,joint_noise_10db,1.0
embracenet_fasca_kd,51,20,joint_channel_dropout_30,1.0
embracenet_fasca_kd,51,22,joint_channel_dropout_30,1.0
embracenet_fasca_kd,51,23,joint_channel_dropout_30,1.0
embracenet_fasca_kd,51,28,joint_channel_dropout_30,1.0
embracenet_fasca_kd,51,34,joint_channel_dropout_30,1.0
embracenet_fasca_kd,51,41,joint_channel_dropout_30,1.0
embracenet_fasca_kd,51,42,joint_channel_dropout_30,1.0
embracenet_fasca_kd,51,45,joint_channel_dropout_30,0.2222222222222222
embracenet_fasca_kd,51,51,joint_channel_dropout_30,0.5555555555555555
embracenet_fasca_kd,51,54,joint_channel_dropout_30,1.0
embracenet_fasca_kd,51,56,joint_channel_dropout_30,0.5555555555555555
embracenet_fasca_kd,51,20,joint_structured_dropout_30,1.0
embracenet_fasca_kd,51,22,joint_structured_dropout_30,1.0
embracenet_fasca_kd,51,23,joint_structured_dropout_30,1.0
embracenet_fasca_kd,51,28,joint_structured_dropout_30,1.0
embracenet_fasca_kd,51,34,joint_structured_dropout_30,0.5555555555555555
embracenet_fasca_kd,51,41,joint_structured_dropout_30,0.5555555555555555
embracenet_fasca_kd,51,42,joint_structured_dropout_30,0.2222222222222222
embracenet_fasca_kd,51,45,joint_structured_dropout_30,0.6666666666666666
embracenet_fasca_kd,51,51,joint_structured_dropout_30,0.5555555555555555
embracenet_fasca_kd,51,54,joint_structured_dropout_30,1.0
embracenet_fasca_kd,51,56,joint_structured_dropout_30,0.5555555555555555
embracenet_fasca_kd,51,20,joint_packet_loss_30,1.0
embracenet_fasca_kd,51,22,joint_packet_loss_30,1.0
embracenet_fasca_kd,51,23,joint_packet_loss_30,1.0
embracenet_fasca_kd,51,28,joint_packet_loss_30,1.0
embracenet_fasca_kd,51,34,joint_packet_loss_30,1.0
embracenet_fasca_kd,51,41,joint_packet_loss_30,1.0
embracenet_fasca_kd,51,42,joint_packet_loss_30,0.5555555555555555
embracenet_fasca_kd,51,45,joint_packet_loss_30,0.6666666666666666
embracenet_fasca_kd,51,51,joint_packet_loss_30,1.0
embracenet_fasca_kd,51,54,joint_packet_loss_30,1.0
embracenet_fasca_kd,51,56,joint_packet_loss_30,1.0
embracenet_fasca_kd,51,20,joint_shift_250ms,1.0
embracenet_fasca_kd,51,22,joint_shift_250ms,1.0
embracenet_fasca_kd,51,23,joint_shift_250ms,1.0
embracenet_fasca_kd,51,28,joint_shift_250ms,1.0
embracenet_fasca_kd,51,34,joint_shift_250ms,1.0
embracenet_fasca_kd,51,41,joint_shift_250ms,1.0
embracenet_fasca_kd,51,42,joint_shift_250ms,1.0
embracenet_fasca_kd,51,45,joint_shift_250ms,0.6666666666666666
embracenet_fasca_kd,51,51,joint_shift_250ms,1.0
embracenet_fasca_kd,51,54,joint_shift_250ms,1.0
embracenet_fasca_kd,51,56,joint_shift_250ms,1.0
embracenet_fasca_kd,51,20,joint_gain_1.5,0.5555555555555555
embracenet_fasca_kd,51,22,joint_gain_1.5,0.2222222222222222
embracenet_fasca_kd,51,23,joint_gain_1.5,0.5555555555555555
embracenet_fasca_kd,51,28,joint_gain_1.5,0.5555555555555555
embracenet_fasca_kd,51,34,joint_gain_1.5,1.0
embracenet_fasca_kd,51,41,joint_gain_1.5,0.5555555555555555
embracenet_fasca_kd,51,42,joint_gain_1.5,0.5555555555555555
embracenet_fasca_kd,51,45,joint_gain_1.5,0.3333333333333333
embracenet_fasca_kd,51,51,joint_gain_1.5,0.5555555555555555
embracenet_fasca_kd,51,54,joint_gain_1.5,0.5555555555555555
embracenet_fasca_kd,51,56,joint_gain_1.5,1.0
embracenet_fasca_kd,52,20,joint_noise_10db,1.0
embracenet_fasca_kd,52,22,joint_noise_10db,1.0
embracenet_fasca_kd,52,23,joint_noise_10db,1.0
embracenet_fasca_kd,52,28,joint_noise_10db,1.0
embracenet_fasca_kd,52,34,joint_noise_10db,1.0
embracenet_fasca_kd,52,41,joint_noise_10db,1.0
embracenet_fasca_kd,52,42,joint_noise_10db,1.0
embracenet_fasca_kd,52,45,joint_noise_10db,0.6666666666666666
embracenet_fasca_kd,52,51,joint_noise_10db,1.0
embracenet_fasca_kd,52,54,joint_noise_10db,1.0
embracenet_fasca_kd,52,56,joint_noise_10db,1.0
embracenet_fasca_kd,52,20,joint_channel_dropout_30,0.5555555555555555
embracenet_fasca_kd,52,22,joint_channel_dropout_30,1.0
embracenet_fasca_kd,52,23,joint_channel_dropout_30,1.0
embracenet_fasca_kd,52,28,joint_channel_dropout_30,0.5555555555555555
embracenet_fasca_kd,52,34,joint_channel_dropout_30,0.5555555555555555
embracenet_fasca_kd,52,41,joint_channel_dropout_30,1.0
embracenet_fasca_kd,52,42,joint_channel_dropout_30,1.0
embracenet_fasca_kd,52,45,joint_channel_dropout_30,0.2222222222222222
embracenet_fasca_kd,52,51,joint_channel_dropout_30,0.2222222222222222
embracenet_fasca_kd,52,54,joint_channel_dropout_30,1.0
embracenet_fasca_kd,52,56,joint_channel_dropout_30,0.5555555555555555
embracenet_fasca_kd,52,20,joint_structured_dropout_30,0.5555555555555555
embracenet_fasca_kd,52,22,joint_structured_dropout_30,1.0
embracenet_fasca_kd,52,23,joint_structured_dropout_30,1.0
embracenet_fasca_kd,52,28,joint_structured_dropout_30,1.0
embracenet_fasca_kd,52,34,joint_structured_dropout_30,0.5555555555555555
embracenet_fasca_kd,52,41,joint_structured_dropout_30,0.2222222222222222
embracenet_fasca_kd,52,42,joint_structured_dropout_30,0.2222222222222222
embracenet_fasca_kd,52,45,joint_structured_dropout_30,0.6666666666666666
embracenet_fasca_kd,52,51,joint_structured_dropout_30,0.5555555555555555
embracenet_fasca_kd,52,54,joint_structured_dropout_30,1.0
embracenet_fasca_kd,52,56,joint_structured_dropout_30,1.0
embracenet_fasca_kd,52,20,joint_packet_loss_30,1.0
embracenet_fasca_kd,52,22,joint_packet_loss_30,1.0
embracenet_fasca_kd,52,23,joint_packet_loss_30,1.0
embracenet_fasca_kd,52,28,joint_packet_loss_30,1.0
embracenet_fasca_kd,52,34,joint_packet_loss_30,1.0
embracenet_fasca_kd,52,41,joint_packet_loss_30,1.0
embracenet_fasca_kd,52,42,joint_packet_loss_30,0.5555555555555555
embracenet_fasca_kd,52,45,joint_packet_loss_30,0.6666666666666666
embracenet_fasca_kd,52,51,joint_packet_loss_30,1.0
embracenet_fasca_kd,52,54,joint_packet_loss_30,1.0
embracenet_fasca_kd,52,56,joint_packet_loss_30,1.0
embracenet_fasca_kd,52,20,joint_shift_250ms,1.0
embracenet_fasca_kd,52,22,joint_shift_250ms,1.0
embracenet_fasca_kd,52,23,joint_shift_250ms,1.0
embracenet_fasca_kd,52,28,joint_shift_250ms,1.0
embracenet_fasca_kd,52,34,joint_shift_250ms,1.0
embracenet_fasca_kd,52,41,joint_shift_250ms,1.0
embracenet_fasca_kd,52,42,joint_shift_250ms,1.0
embracenet_fasca_kd,52,45,joint_shift_250ms,0.6666666666666666
embracenet_fasca_kd,52,51,joint_shift_250ms,1.0
embracenet_fasca_kd,52,54,joint_shift_250ms,1.0
embracenet_fasca_kd,52,56,joint_shift_250ms,1.0
embracenet_fasca_kd,52,20,joint_gain_1.5,0.2222222222222222
embracenet_fasca_kd,52,22,joint_gain_1.5,0.2222222222222222
embracenet_fasca_kd,52,23,joint_gain_1.5,0.5555555555555555
embracenet_fasca_kd,52,28,joint_gain_1.5,0.2222222222222222
embracenet_fasca_kd,52,34,joint_gain_1.5,0.5555555555555555
embracenet_fasca_kd,52,41,joint_gain_1.5,0.5555555555555555
embracenet_fasca_kd,52,42,joint_gain_1.5,1.0
embracenet_fasca_kd,52,45,joint_gain_1.5,0.3333333333333333
embracenet_fasca_kd,52,51,joint_gain_1.5,0.5555555555555555
embracenet_fasca_kd,52,54,joint_gain_1.5,0.5555555555555555
embracenet_fasca_kd,52,56,joint_gain_1.5,1.0
embracenet_fasca_kd,53,20,joint_noise_10db,1.0
embracenet_fasca_kd,53,22,joint_noise_10db,1.0
embracenet_fasca_kd,53,23,joint_noise_10db,1.0
embracenet_fasca_kd,53,28,joint_noise_10db,1.0
embracenet_fasca_kd,53,34,joint_noise_10db,1.0
embracenet_fasca_kd,53,41,joint_noise_10db,1.0
embracenet_fasca_kd,53,42,joint_noise_10db,1.0
embracenet_fasca_kd,53,45,joint_noise_10db,0.6666666666666666
embracenet_fasca_kd,53,51,joint_noise_10db,1.0
embracenet_fasca_kd,53,54,joint_noise_10db,1.0
embracenet_fasca_kd,53,56,joint_noise_10db,1.0
embracenet_fasca_kd,53,20,joint_channel_dropout_30,0.5555555555555555
embracenet_fasca_kd,53,22,joint_channel_dropout_30,1.0
embracenet_fasca_kd,53,23,joint_channel_dropout_30,1.0
embracenet_fasca_kd,53,28,joint_channel_dropout_30,1.0
embracenet_fasca_kd,53,34,joint_channel_dropout_30,0.5555555555555555
embracenet_fasca_kd,53,41,joint_channel_dropout_30,0.5555555555555555
embracenet_fasca_kd,53,42,joint_channel_dropout_30,0.5555555555555555
embracenet_fasca_kd,53,45,joint_channel_dropout_30,0.2222222222222222
embracenet_fasca_kd,53,51,joint_channel_dropout_30,0.5555555555555555
embracenet_fasca_kd,53,54,joint_channel_dropout_30,1.0
embracenet_fasca_kd,53,56,joint_channel_dropout_30,0.5555555555555555
embracenet_fasca_kd,53,20,joint_structured_dropout_30,0.2222222222222222
embracenet_fasca_kd,53,22,joint_structured_dropout_30,1.0
embracenet_fasca_kd,53,23,joint_structured_dropout_30,1.0
embracenet_fasca_kd,53,28,joint_structured_dropout_30,1.0
embracenet_fasca_kd,53,34,joint_structured_dropout_30,0.5555555555555555
embracenet_fasca_kd,53,41,joint_structured_dropout_30,0.2222222222222222
embracenet_fasca_kd,53,42,joint_structured_dropout_30,0.2222222222222222
embracenet_fasca_kd,53,45,joint_structured_dropout_30,0.6666666666666666
embracenet_fasca_kd,53,51,joint_structured_dropout_30,1.0
embracenet_fasca_kd,53,54,joint_structured_dropout_30,1.0
embracenet_fasca_kd,53,56,joint_structured_dropout_30,0.5555555555555555
embracenet_fasca_kd,53,20,joint_packet_loss_30,1.0
embracenet_fasca_kd,53,22,joint_packet_loss_30,1.0
embracenet_fasca_kd,53,23,joint_packet_loss_30,1.0
embracenet_fasca_kd,53,28,joint_packet_loss_30,1.0
embracenet_fasca_kd,53,34,joint_packet_loss_30,1.0
embracenet_fasca_kd,53,41,joint_packet_loss_30,1.0
embracenet_fasca_kd,53,42,joint_packet_loss_30,1.0
embracenet_fasca_kd,53,45,joint_packet_loss_30,0.6666666666666666
embracenet_fasca_kd,53,51,joint_packet_loss_30,1.0
embracenet_fasca_kd,53,54,joint_packet_loss_30,1.0
embracenet_fasca_kd,53,56,joint_packet_loss_30,1.0
embracenet_fasca_kd,53,20,joint_shift_250ms,1.0
embracenet_fasca_kd,53,22,joint_shift_250ms,1.0
embracenet_fasca_kd,53,23,joint_shift_250ms,1.0
embracenet_fasca_kd,53,28,joint_shift_250ms,1.0
embracenet_fasca_kd,53,34,joint_shift_250ms,1.0
embracenet_fasca_kd,53,41,joint_shift_250ms,1.0
embracenet_fasca_kd,53,42,joint_shift_250ms,1.0
embracenet_fasca_kd,53,45,joint_shift_250ms,0.6666666666666666
embracenet_fasca_kd,53,51,joint_shift_250ms,1.0
embracenet_fasca_kd,53,54,joint_shift_250ms,1.0
embracenet_fasca_kd,53,56,joint_shift_250ms,1.0
embracenet_fasca_kd,53,20,joint_gain_1.5,0.5555555555555555
embracenet_fasca_kd,53,22,joint_gain_1.5,0.2222222222222222
embracenet_fasca_kd,53,23,joint_gain_1.5,0.5555555555555555
embracenet_fasca_kd,53,28,joint_gain_1.5,0.2222222222222222
embracenet_fasca_kd,53,34,joint_gain_1.5,0.5555555555555555
embracenet_fasca_kd,53,41,joint_gain_1.5,1.0
embracenet_fasca_kd,53,42,joint_gain_1.5,1.0
embracenet_fasca_kd,53,45,joint_gain_1.5,0.6666666666666666
embracenet_fasca_kd,53,51,joint_gain_1.5,0.5555555555555555
embracenet_fasca_kd,53,54,joint_gain_1.5,0.5555555555555555
embracenet_fasca_kd,53,56,joint_gain_1.5,1.0
embracenet_fasca_kd,51,8,joint_noise_10db,0.3333333333333333
embracenet_fasca_kd,51,11,joint_noise_10db,0.6666666666666666
embracenet_fasca_kd,51,12,joint_noise_10db,1.0
embracenet_fasca_kd,51,13,joint_noise_10db,1.0
embracenet_fasca_kd,51,30,joint_noise_10db,1.0
embracenet_fasca_kd,51,31,joint_noise_10db,1.0
embracenet_fasca_kd,51,37,joint_noise_10db,1.0
embracenet_fasca_kd,51,52,joint_noise_10db,1.0
embracenet_fasca_kd,51,55,joint_noise_10db,1.0
embracenet_fasca_kd,51,57,joint_noise_10db,1.0
embracenet_fasca_kd,51,58,joint_noise_10db,1.0
embracenet_fasca_kd,51,8,joint_channel_dropout_30,0.3333333333333333
embracenet_fasca_kd,51,11,joint_channel_dropout_30,0.2222222222222222
embracenet_fasca_kd,51,12,joint_channel_dropout_30,1.0
embracenet_fasca_kd,51,13,joint_channel_dropout_30,0.5555555555555555
embracenet_fasca_kd,51,30,joint_channel_dropout_30,0.5555555555555555
embracenet_fasca_kd,51,31,joint_channel_dropout_30,0.5555555555555555
embracenet_fasca_kd,51,37,joint_channel_dropout_30,0.5555555555555555
embracenet_fasca_kd,51,52,joint_channel_dropout_30,0.5555555555555555
embracenet_fasca_kd,51,55,joint_channel_dropout_30,0.2222222222222222
embracenet_fasca_kd,51,57,joint_channel_dropout_30,0.2222222222222222
embracenet_fasca_kd,51,58,joint_channel_dropout_30,0.2222222222222222
embracenet_fasca_kd,51,8,joint_structured_dropout_30,0.0
embracenet_fasca_kd,51,11,joint_structured_dropout_30,0.6666666666666666
embracenet_fasca_kd,51,12,joint_structured_dropout_30,0.5555555555555555
embracenet_fasca_kd,51,13,joint_structured_dropout_30,0.2222222222222222
embracenet_fasca_kd,51,30,joint_structured_dropout_30,0.5555555555555555
embracenet_fasca_kd,51,31,joint_structured_dropout_30,1.0
embracenet_fasca_kd,51,37,joint_structured_dropout_30,1.0
embracenet_fasca_kd,51,52,joint_structured_dropout_30,0.5555555555555555
embracenet_fasca_kd,51,55,joint_structured_dropout_30,0.2222222222222222
embracenet_fasca_kd,51,57,joint_structured_dropout_30,1.0
embracenet_fasca_kd,51,58,joint_structured_dropout_30,1.0
embracenet_fasca_kd,51,8,joint_packet_loss_30,0.3333333333333333
embracenet_fasca_kd,51,11,joint_packet_loss_30,0.6666666666666666
embracenet_fasca_kd,51,12,joint_packet_loss_30,1.0
embracenet_fasca_kd,51,13,joint_packet_loss_30,1.0
embracenet_fasca_kd,51,30,joint_packet_loss_30,0.5555555555555555
embracenet_fasca_kd,51,31,joint_packet_loss_30,1.0
embracenet_fasca_kd,51,37,joint_packet_loss_30,1.0
embracenet_fasca_kd,51,52,joint_packet_loss_30,1.0
embracenet_fasca_kd,51,55,joint_packet_loss_30,0.5555555555555555
embracenet_fasca_kd,51,57,joint_packet_loss_30,1.0
embracenet_fasca_kd,51,58,joint_packet_loss_30,1.0
embracenet_fasca_kd,51,8,joint_shift_250ms,0.3333333333333333
embracenet_fasca_kd,51,11,joint_shift_250ms,0.6666666666666666
embracenet_fasca_kd,51,12,joint_shift_250ms,1.0
embracenet_fasca_kd,51,13,joint_shift_250ms,1.0
embracenet_fasca_kd,51,30,joint_shift_250ms,1.0
embracenet_fasca_kd,51,31,joint_shift_250ms,1.0
embracenet_fasca_kd,51,37,joint_shift_250ms,1.0
embracenet_fasca_kd,51,52,joint_shift_250ms,1.0
embracenet_fasca_kd,51,55,joint_shift_250ms,0.5555555555555555
embracenet_fasca_kd,51,57,joint_shift_250ms,1.0
embracenet_fasca_kd,51,58,joint_shift_250ms,1.0
embracenet_fasca_kd,51,8,joint_gain_1.5,0.3333333333333333
embracenet_fasca_kd,51,11,joint_gain_1.5,0.6666666666666666
embracenet_fasca_kd,51,12,joint_gain_1.5,0.2222222222222222
embracenet_fasca_kd,51,13,joint_gain_1.5,1.0
embracenet_fasca_kd,51,30,joint_gain_1.5,0.5555555555555555
embracenet_fasca_kd,51,31,joint_gain_1.5,0.5555555555555555
embracenet_fasca_kd,51,37,joint_gain_1.5,0.5555555555555555
embracenet_fasca_kd,51,52,joint_gain_1.5,0.5555555555555555
embracenet_fasca_kd,51,55,joint_gain_1.5,1.0
embracenet_fasca_kd,51,57,joint_gain_1.5,1.0
embracenet_fasca_kd,51,58,joint_gain_1.5,1.0
embracenet_fasca_kd,52,8,joint_noise_10db,0.3333333333333333
embracenet_fasca_kd,52,11,joint_noise_10db,0.6666666666666666
embracenet_fasca_kd,52,12,joint_noise_10db,1.0
embracenet_fasca_kd,52,13,joint_noise_10db,1.0
embracenet_fasca_kd,52,30,joint_noise_10db,1.0
embracenet_fasca_kd,52,31,joint_noise_10db,1.0
embracenet_fasca_kd,52,37,joint_noise_10db,1.0
embracenet_fasca_kd,52,52,joint_noise_10db,1.0
embracenet_fasca_kd,52,55,joint_noise_10db,1.0
embracenet_fasca_kd,52,57,joint_noise_10db,1.0
embracenet_fasca_kd,52,58,joint_noise_10db,1.0
embracenet_fasca_kd,52,8,joint_channel_dropout_30,0.3333333333333333
embracenet_fasca_kd,52,11,joint_channel_dropout_30,0.2222222222222222
embracenet_fasca_kd,52,12,joint_channel_dropout_30,1.0
embracenet_fasca_kd,52,13,joint_channel_dropout_30,1.0
embracenet_fasca_kd,52,30,joint_channel_dropout_30,0.5555555555555555
embracenet_fasca_kd,52,31,joint_channel_dropout_30,0.16666666666666666
embracenet_fasca_kd,52,37,joint_channel_dropout_30,0.5555555555555555
embracenet_fasca_kd,52,52,joint_channel_dropout_30,0.2222222222222222
embracenet_fasca_kd,52,55,joint_channel_dropout_30,0.2222222222222222
embracenet_fasca_kd,52,57,joint_channel_dropout_30,0.5555555555555555
embracenet_fasca_kd,52,58,joint_channel_dropout_30,0.2222222222222222
embracenet_fasca_kd,52,8,joint_structured_dropout_30,0.0
embracenet_fasca_kd,52,11,joint_structured_dropout_30,0.2222222222222222
embracenet_fasca_kd,52,12,joint_structured_dropout_30,1.0
embracenet_fasca_kd,52,13,joint_structured_dropout_30,0.2222222222222222
embracenet_fasca_kd,52,30,joint_structured_dropout_30,0.2222222222222222
embracenet_fasca_kd,52,31,joint_structured_dropout_30,1.0
embracenet_fasca_kd,52,37,joint_structured_dropout_30,1.0
embracenet_fasca_kd,52,52,joint_structured_dropout_30,0.5555555555555555
embracenet_fasca_kd,52,55,joint_structured_dropout_30,0.2222222222222222
embracenet_fasca_kd,52,57,joint_structured_dropout_30,0.2222222222222222
embracenet_fasca_kd,52,58,joint_structured_dropout_30,0.5555555555555555
embracenet_fasca_kd,52,8,joint_packet_loss_30,0.3333333333333333
embracenet_fasca_kd,52,11,joint_packet_loss_30,0.2222222222222222
embracenet_fasca_kd,52,12,joint_packet_loss_30,1.0
embracenet_fasca_kd,52,13,joint_packet_loss_30,1.0
embracenet_fasca_kd,52,30,joint_packet_loss_30,1.0
embracenet_fasca_kd,52,31,joint_packet_loss_30,1.0
embracenet_fasca_kd,52,37,joint_packet_loss_30,1.0
embracenet_fasca_kd,52,52,joint_packet_loss_30,1.0
embracenet_fasca_kd,52,55,joint_packet_loss_30,0.5555555555555555
embracenet_fasca_kd,52,57,joint_packet_loss_30,1.0
embracenet_fasca_kd,52,58,joint_packet_loss_30,1.0
embracenet_fasca_kd,52,8,joint_shift_250ms,0.3333333333333333
embracenet_fasca_kd,52,11,joint_shift_250ms,0.6666666666666666
embracenet_fasca_kd,52,12,joint_shift_250ms,1.0
embracenet_fasca_kd,52,13,joint_shift_250ms,1.0
embracenet_fasca_kd,52,30,joint_shift_250ms,1.0
embracenet_fasca_kd,52,31,joint_shift_250ms,1.0
embracenet_fasca_kd,52,37,joint_shift_250ms,1.0
embracenet_fasca_kd,52,52,joint_shift_250ms,1.0
embracenet_fasca_kd,52,55,joint_shift_250ms,0.5555555555555555
embracenet_fasca_kd,52,57,joint_shift_250ms,1.0
embracenet_fasca_kd,52,58,joint_shift_250ms,1.0
embracenet_fasca_kd,52,8,joint_gain_1.5,0.3333333333333333
embracenet_fasca_kd,52,11,joint_gain_1.5,0.6666666666666666
embracenet_fasca_kd,52,12,joint_gain_1.5,0.2222222222222222
embracenet_fasca_kd,52,13,joint_gain_1.5,0.5555555555555555
embracenet_fasca_kd,52,30,joint_gain_1.5,0.5555555555555555
embracenet_fasca_kd,52,31,joint_gain_1.5,0.5555555555555555
embracenet_fasca_kd,52,37,joint_gain_1.5,0.2222222222222222
embracenet_fasca_kd,52,52,joint_gain_1.5,0.5555555555555555
embracenet_fasca_kd,52,55,joint_gain_1.5,1.0
embracenet_fasca_kd,52,57,joint_gain_1.5,0.5555555555555555
embracenet_fasca_kd,52,58,joint_gain_1.5,1.0
embracenet_fasca_kd,53,8,joint_noise_10db,0.3333333333333333
embracenet_fasca_kd,53,11,joint_noise_10db,0.6666666666666666
embracenet_fasca_kd,53,12,joint_noise_10db,1.0
embracenet_fasca_kd,53,13,joint_noise_10db,1.0
embracenet_fasca_kd,53,30,joint_noise_10db,1.0
embracenet_fasca_kd,53,31,joint_noise_10db,1.0
embracenet_fasca_kd,53,37,joint_noise_10db,1.0
embracenet_fasca_kd,53,52,joint_noise_10db,1.0
embracenet_fasca_kd,53,55,joint_noise_10db,1.0
embracenet_fasca_kd,53,57,joint_noise_10db,1.0
embracenet_fasca_kd,53,58,joint_noise_10db,1.0
embracenet_fasca_kd,53,8,joint_channel_dropout_30,0.0
embracenet_fasca_kd,53,11,joint_channel_dropout_30,0.2222222222222222
embracenet_fasca_kd,53,12,joint_channel_dropout_30,1.0
embracenet_fasca_kd,53,13,joint_channel_dropout_30,1.0
embracenet_fasca_kd,53,30,joint_channel_dropout_30,0.5555555555555555
embracenet_fasca_kd,53,31,joint_channel_dropout_30,0.2222222222222222
embracenet_fasca_kd,53,37,joint_channel_dropout_30,0.2222222222222222
embracenet_fasca_kd,53,52,joint_channel_dropout_30,0.2222222222222222
embracenet_fasca_kd,53,55,joint_channel_dropout_30,0.2222222222222222
embracenet_fasca_kd,53,57,joint_channel_dropout_30,0.2222222222222222
embracenet_fasca_kd,53,58,joint_channel_dropout_30,0.2222222222222222
embracenet_fasca_kd,53,8,joint_structured_dropout_30,0.0
embracenet_fasca_kd,53,11,joint_structured_dropout_30,0.2222222222222222
embracenet_fasca_kd,53,12,joint_structured_dropout_30,1.0
embracenet_fasca_kd,53,13,joint_structured_dropout_30,0.2222222222222222
embracenet_fasca_kd,53,30,joint_structured_dropout_30,0.5555555555555555
embracenet_fasca_kd,53,31,joint_structured_dropout_30,0.5555555555555555
embracenet_fasca_kd,53,37,joint_structured_dropout_30,0.5555555555555555
embracenet_fasca_kd,53,52,joint_structured_dropout_30,0.5555555555555555
embracenet_fasca_kd,53,55,joint_structured_dropout_30,0.2222222222222222
embracenet_fasca_kd,53,57,joint_structured_dropout_30,0.5555555555555555
embracenet_fasca_kd,53,58,joint_structured_dropout_30,1.0
embracenet_fasca_kd,53,8,joint_packet_loss_30,0.3333333333333333
embracenet_fasca_kd,53,11,joint_packet_loss_30,0.2222222222222222
embracenet_fasca_kd,53,12,joint_packet_loss_30,1.0
embracenet_fasca_kd,53,13,joint_packet_loss_30,1.0
embracenet_fasca_kd,53,30,joint_packet_loss_30,1.0
embracenet_fasca_kd,53,31,joint_packet_loss_30,1.0
embracenet_fasca_kd,53,37,joint_packet_loss_30,1.0
embracenet_fasca_kd,53,52,joint_packet_loss_30,1.0
embracenet_fasca_kd,53,55,joint_packet_loss_30,0.5555555555555555
embracenet_fasca_kd,53,57,joint_packet_loss_30,1.0
embracenet_fasca_kd,53,58,joint_packet_loss_30,1.0
embracenet_fasca_kd,53,8,joint_shift_250ms,0.3333333333333333
embracenet_fasca_kd,53,11,joint_shift_250ms,0.6666666666666666
embracenet_fasca_kd,53,12,joint_shift_250ms,1.0
embracenet_fasca_kd,53,13,joint_shift_250ms,1.0
embracenet_fasca_kd,53,30,joint_shift_250ms,1.0
embracenet_fasca_kd,53,31,joint_shift_250ms,1.0
embracenet_fasca_kd,53,37,joint_shift_250ms,1.0
embracenet_fasca_kd,53,52,joint_shift_250ms,1.0
embracenet_fasca_kd,53,55,joint_shift_250ms,0.5555555555555555
embracenet_fasca_kd,53,57,joint_shift_250ms,1.0
embracenet_fasca_kd,53,58,joint_shift_250ms,1.0
embracenet_fasca_kd,53,8,joint_gain_1.5,0.3333333333333333
embracenet_fasca_kd,53,11,joint_gain_1.5,0.6666666666666666
embracenet_fasca_kd,53,12,joint_gain_1.5,0.2222222222222222
embracenet_fasca_kd,53,13,joint_gain_1.5,0.5555555555555555
embracenet_fasca_kd,53,30,joint_gain_1.5,0.2222222222222222
embracenet_fasca_kd,53,31,joint_gain_1.5,0.2222222222222222
embracenet_fasca_kd,53,37,joint_gain_1.5,0.5555555555555555
embracenet_fasca_kd,53,52,joint_gain_1.5,0.5555555555555555
embracenet_fasca_kd,53,55,joint_gain_1.5,0.5555555555555555
embracenet_fasca_kd,53,57,joint_gain_1.5,0.2222222222222222
embracenet_fasca_kd,53,58,joint_gain_1.5,0.5555555555555555
uniform_rapid_fasca_kd,51,1,joint_noise_10db,1.0
uniform_rapid_fasca_kd,51,10,joint_noise_10db,1.0
uniform_rapid_fasca_kd,51,15,joint_noise_10db,1.0
uniform_rapid_fasca_kd,51,19,joint_noise_10db,1.0
uniform_rapid_fasca_kd,51,36,joint_noise_10db,0.5555555555555555
uniform_rapid_fasca_kd,51,39,joint_noise_10db,1.0
uniform_rapid_fasca_kd,51,40,joint_noise_10db,1.0
uniform_rapid_fasca_kd,51,43,joint_noise_10db,0.6666666666666666
uniform_rapid_fasca_kd,51,48,joint_noise_10db,1.0
uniform_rapid_fasca_kd,51,49,joint_noise_10db,1.0
uniform_rapid_fasca_kd,51,59,joint_noise_10db,1.0
uniform_rapid_fasca_kd,51,1,joint_channel_dropout_30,0.5555555555555555
uniform_rapid_fasca_kd,51,10,joint_channel_dropout_30,0.5555555555555555
uniform_rapid_fasca_kd,51,15,joint_channel_dropout_30,0.5555555555555555
uniform_rapid_fasca_kd,51,19,joint_channel_dropout_30,1.0
uniform_rapid_fasca_kd,51,36,joint_channel_dropout_30,0.2222222222222222
uniform_rapid_fasca_kd,51,39,joint_channel_dropout_30,0.2222222222222222
uniform_rapid_fasca_kd,51,40,joint_channel_dropout_30,0.2222222222222222
uniform_rapid_fasca_kd,51,43,joint_channel_dropout_30,0.2222222222222222
uniform_rapid_fasca_kd,51,48,joint_channel_dropout_30,1.0
uniform_rapid_fasca_kd,51,49,joint_channel_dropout_30,0.5555555555555555
uniform_rapid_fasca_kd,51,59,joint_channel_dropout_30,0.5555555555555555
uniform_rapid_fasca_kd,51,1,joint_structured_dropout_30,0.5555555555555555
uniform_rapid_fasca_kd,51,10,joint_structured_dropout_30,1.0
uniform_rapid_fasca_kd,51,15,joint_structured_dropout_30,0.2222222222222222
uniform_rapid_fasca_kd,51,19,joint_structured_dropout_30,0.5555555555555555
uniform_rapid_fasca_kd,51,36,joint_structured_dropout_30,0.2222222222222222
uniform_rapid_fasca_kd,51,39,joint_structured_dropout_30,0.5555555555555555
uniform_rapid_fasca_kd,51,40,joint_structured_dropout_30,1.0
uniform_rapid_fasca_kd,51,43,joint_structured_dropout_30,0.2222222222222222
uniform_rapid_fasca_kd,51,48,joint_structured_dropout_30,1.0
uniform_rapid_fasca_kd,51,49,joint_structured_dropout_30,0.2222222222222222
uniform_rapid_fasca_kd,51,59,joint_structured_dropout_30,0.5555555555555555
uniform_rapid_fasca_kd,51,1,joint_packet_loss_30,1.0
uniform_rapid_fasca_kd,51,10,joint_packet_loss_30,1.0
uniform_rapid_fasca_kd,51,15,joint_packet_loss_30,1.0
uniform_rapid_fasca_kd,51,19,joint_packet_loss_30,1.0
uniform_rapid_fasca_kd,51,36,joint_packet_loss_30,0.5555555555555555
uniform_rapid_fasca_kd,51,39,joint_packet_loss_30,1.0
uniform_rapid_fasca_kd,51,40,joint_packet_loss_30,1.0
uniform_rapid_fasca_kd,51,43,joint_packet_loss_30,0.6666666666666666
uniform_rapid_fasca_kd,51,48,joint_packet_loss_30,1.0
uniform_rapid_fasca_kd,51,49,joint_packet_loss_30,0.5555555555555555
uniform_rapid_fasca_kd,51,59,joint_packet_loss_30,1.0
uniform_rapid_fasca_kd,51,1,joint_shift_250ms,1.0
uniform_rapid_fasca_kd,51,10,joint_shift_250ms,1.0
uniform_rapid_fasca_kd,51,15,joint_shift_250ms,1.0
uniform_rapid_fasca_kd,51,19,joint_shift_250ms,1.0
uniform_rapid_fasca_kd,51,36,joint_shift_250ms,0.5555555555555555
uniform_rapid_fasca_kd,51,39,joint_shift_250ms,1.0
uniform_rapid_fasca_kd,51,40,joint_shift_250ms,1.0
uniform_rapid_fasca_kd,51,43,joint_shift_250ms,0.6666666666666666
uniform_rapid_fasca_kd,51,48,joint_shift_250ms,1.0
uniform_rapid_fasca_kd,51,49,joint_shift_250ms,1.0
uniform_rapid_fasca_kd,51,59,joint_shift_250ms,1.0
uniform_rapid_fasca_kd,51,1,joint_gain_1.5,0.2222222222222222
uniform_rapid_fasca_kd,51,10,joint_gain_1.5,0.2222222222222222
uniform_rapid_fasca_kd,51,15,joint_gain_1.5,1.0
uniform_rapid_fasca_kd,51,19,joint_gain_1.5,1.0
uniform_rapid_fasca_kd,51,36,joint_gain_1.5,1.0
uniform_rapid_fasca_kd,51,39,joint_gain_1.5,0.5555555555555555
uniform_rapid_fasca_kd,51,40,joint_gain_1.5,0.5555555555555555
uniform_rapid_fasca_kd,51,43,joint_gain_1.5,0.2222222222222222
uniform_rapid_fasca_kd,51,48,joint_gain_1.5,0.2222222222222222
uniform_rapid_fasca_kd,51,49,joint_gain_1.5,0.5555555555555555
uniform_rapid_fasca_kd,51,59,joint_gain_1.5,0.5555555555555555
uniform_rapid_fasca_kd,52,1,joint_noise_10db,1.0
uniform_rapid_fasca_kd,52,10,joint_noise_10db,0.2222222222222222
uniform_rapid_fasca_kd,52,15,joint_noise_10db,1.0
uniform_rapid_fasca_kd,52,19,joint_noise_10db,1.0
uniform_rapid_fasca_kd,52,36,joint_noise_10db,1.0
uniform_rapid_fasca_kd,52,39,joint_noise_10db,1.0
uniform_rapid_fasca_kd,52,40,joint_noise_10db,1.0
uniform_rapid_fasca_kd,52,43,joint_noise_10db,0.6666666666666666
uniform_rapid_fasca_kd,52,48,joint_noise_10db,1.0
uniform_rapid_fasca_kd,52,49,joint_noise_10db,1.0
uniform_rapid_fasca_kd,52,59,joint_noise_10db,1.0
uniform_rapid_fasca_kd,52,1,joint_channel_dropout_30,1.0
uniform_rapid_fasca_kd,52,10,joint_channel_dropout_30,1.0
uniform_rapid_fasca_kd,52,15,joint_channel_dropout_30,0.5555555555555555
uniform_rapid_fasca_kd,52,19,joint_channel_dropout_30,1.0
uniform_rapid_fasca_kd,52,36,joint_channel_dropout_30,0.2222222222222222
uniform_rapid_fasca_kd,52,39,joint_channel_dropout_30,0.2222222222222222
uniform_rapid_fasca_kd,52,40,joint_channel_dropout_30,0.2222222222222222
uniform_rapid_fasca_kd,52,43,joint_channel_dropout_30,0.6666666666666666
uniform_rapid_fasca_kd,52,48,joint_channel_dropout_30,1.0
uniform_rapid_fasca_kd,52,49,joint_channel_dropout_30,0.5555555555555555
uniform_rapid_fasca_kd,52,59,joint_channel_dropout_30,0.5555555555555555
uniform_rapid_fasca_kd,52,1,joint_structured_dropout_30,0.2222222222222222
uniform_rapid_fasca_kd,52,10,joint_structured_dropout_30,1.0
uniform_rapid_fasca_kd,52,15,joint_structured_dropout_30,0.2222222222222222
uniform_rapid_fasca_kd,52,19,joint_structured_dropout_30,1.0
uniform_rapid_fasca_kd,52,36,joint_structured_dropout_30,0.2222222222222222
uniform_rapid_fasca_kd,52,39,joint_structured_dropout_30,0.5555555555555555
uniform_rapid_fasca_kd,52,40,joint_structured_dropout_30,1.0
uniform_rapid_fasca_kd,52,43,joint_structured_dropout_30,0.2222222222222222
uniform_rapid_fasca_kd,52,48,joint_structured_dropout_30,1.0
uniform_rapid_fasca_kd,52,49,joint_structured_dropout_30,0.5555555555555555
uniform_rapid_fasca_kd,52,59,joint_structured_dropout_30,0.5555555555555555
uniform_rapid_fasca_kd,52,1,joint_packet_loss_30,1.0
uniform_rapid_fasca_kd,52,10,joint_packet_loss_30,1.0
uniform_rapid_fasca_kd,52,15,joint_packet_loss_30,1.0
uniform_rapid_fasca_kd,52,19,joint_packet_loss_30,1.0
uniform_rapid_fasca_kd,52,36,joint_packet_loss_30,0.5555555555555555
uniform_rapid_fasca_kd,52,39,joint_packet_loss_30,1.0
uniform_rapid_fasca_kd,52,40,joint_packet_loss_30,1.0
uniform_rapid_fasca_kd,52,43,joint_packet_loss_30,0.6666666666666666
uniform_rapid_fasca_kd,52,48,joint_packet_loss_30,1.0
uniform_rapid_fasca_kd,52,49,joint_packet_loss_30,0.5555555555555555
uniform_rapid_fasca_kd,52,59,joint_packet_loss_30,1.0
uniform_rapid_fasca_kd,52,1,joint_shift_250ms,1.0
uniform_rapid_fasca_kd,52,10,joint_shift_250ms,1.0
uniform_rapid_fasca_kd,52,15,joint_shift_250ms,1.0
uniform_rapid_fasca_kd,52,19,joint_shift_250ms,1.0
uniform_rapid_fasca_kd,52,36,joint_shift_250ms,0.5555555555555555
uniform_rapid_fasca_kd,52,39,joint_shift_250ms,1.0
uniform_rapid_fasca_kd,52,40,joint_shift_250ms,1.0
uniform_rapid_fasca_kd,52,43,joint_shift_250ms,0.6666666666666666
uniform_rapid_fasca_kd,52,48,joint_shift_250ms,1.0
uniform_rapid_fasca_kd,52,49,joint_shift_250ms,1.0
uniform_rapid_fasca_kd,52,59,joint_shift_250ms,1.0
uniform_rapid_fasca_kd,52,1,joint_gain_1.5,0.2222222222222222
uniform_rapid_fasca_kd,52,10,joint_gain_1.5,0.2222222222222222
uniform_rapid_fasca_kd,52,15,joint_gain_1.5,1.0
uniform_rapid_fasca_kd,52,19,joint_gain_1.5,1.0
uniform_rapid_fasca_kd,52,36,joint_gain_1.5,1.0
uniform_rapid_fasca_kd,52,39,joint_gain_1.5,0.5555555555555555
uniform_rapid_fasca_kd,52,40,joint_gain_1.5,1.0
uniform_rapid_fasca_kd,52,43,joint_gain_1.5,0.2222222222222222
uniform_rapid_fasca_kd,52,48,joint_gain_1.5,0.2222222222222222
uniform_rapid_fasca_kd,52,49,joint_gain_1.5,1.0
uniform_rapid_fasca_kd,52,59,joint_gain_1.5,1.0
uniform_rapid_fasca_kd,53,1,joint_noise_10db,1.0
uniform_rapid_fasca_kd,53,10,joint_noise_10db,0.5555555555555555
uniform_rapid_fasca_kd,53,15,joint_noise_10db,1.0
uniform_rapid_fasca_kd,53,19,joint_noise_10db,1.0
uniform_rapid_fasca_kd,53,36,joint_noise_10db,0.5555555555555555
uniform_rapid_fasca_kd,53,39,joint_noise_10db,1.0
uniform_rapid_fasca_kd,53,40,joint_noise_10db,1.0
uniform_rapid_fasca_kd,53,43,joint_noise_10db,0.6666666666666666
uniform_rapid_fasca_kd,53,48,joint_noise_10db,1.0
uniform_rapid_fasca_kd,53,49,joint_noise_10db,1.0
uniform_rapid_fasca_kd,53,59,joint_noise_10db,1.0
uniform_rapid_fasca_kd,53,1,joint_channel_dropout_30,0.5555555555555555
uniform_rapid_fasca_kd,53,10,joint_channel_dropout_30,0.2222222222222222
uniform_rapid_fasca_kd,53,15,joint_channel_dropout_30,0.5555555555555555
uniform_rapid_fasca_kd,53,19,joint_channel_dropout_30,0.5555555555555555
uniform_rapid_fasca_kd,53,36,joint_channel_dropout_30,0.2222222222222222
uniform_rapid_fasca_kd,53,39,joint_channel_dropout_30,0.2222222222222222
uniform_rapid_fasca_kd,53,40,joint_channel_dropout_30,0.5555555555555555
uniform_rapid_fasca_kd,53,43,joint_channel_dropout_30,0.2222222222222222
uniform_rapid_fasca_kd,53,48,joint_channel_dropout_30,0.5555555555555555
uniform_rapid_fasca_kd,53,49,joint_channel_dropout_30,0.5555555555555555
uniform_rapid_fasca_kd,53,59,joint_channel_dropout_30,0.5555555555555555
uniform_rapid_fasca_kd,53,1,joint_structured_dropout_30,0.2222222222222222
uniform_rapid_fasca_kd,53,10,joint_structured_dropout_30,1.0
uniform_rapid_fasca_kd,53,15,joint_structured_dropout_30,0.5555555555555555
uniform_rapid_fasca_kd,53,19,joint_structured_dropout_30,0.5555555555555555
uniform_rapid_fasca_kd,53,36,joint_structured_dropout_30,0.5555555555555555
uniform_rapid_fasca_kd,53,39,joint_structured_dropout_30,0.5555555555555555
uniform_rapid_fasca_kd,53,40,joint_structured_dropout_30,0.5555555555555555
uniform_rapid_fasca_kd,53,43,joint_structured_dropout_30,0.2222222222222222
uniform_rapid_fasca_kd,53,48,joint_structured_dropout_30,1.0
uniform_rapid_fasca_kd,53,49,joint_structured_dropout_30,0.5555555555555555
uniform_rapid_fasca_kd,53,59,joint_structured_dropout_30,0.5555555555555555
uniform_rapid_fasca_kd,53,1,joint_packet_loss_30,1.0
uniform_rapid_fasca_kd,53,10,joint_packet_loss_30,1.0
uniform_rapid_fasca_kd,53,15,joint_packet_loss_30,0.5555555555555555
uniform_rapid_fasca_kd,53,19,joint_packet_loss_30,1.0
uniform_rapid_fasca_kd,53,36,joint_packet_loss_30,0.5555555555555555
uniform_rapid_fasca_kd,53,39,joint_packet_loss_30,1.0
uniform_rapid_fasca_kd,53,40,joint_packet_loss_30,1.0
uniform_rapid_fasca_kd,53,43,joint_packet_loss_30,0.6666666666666666
uniform_rapid_fasca_kd,53,48,joint_packet_loss_30,1.0
uniform_rapid_fasca_kd,53,49,joint_packet_loss_30,1.0
uniform_rapid_fasca_kd,53,59,joint_packet_loss_30,1.0
uniform_rapid_fasca_kd,53,1,joint_shift_250ms,1.0
uniform_rapid_fasca_kd,53,10,joint_shift_250ms,1.0
uniform_rapid_fasca_kd,53,15,joint_shift_250ms,1.0
uniform_rapid_fasca_kd,53,19,joint_shift_250ms,1.0
uniform_rapid_fasca_kd,53,36,joint_shift_250ms,0.5555555555555555
uniform_rapid_fasca_kd,53,39,joint_shift_250ms,1.0
uniform_rapid_fasca_kd,53,40,joint_shift_250ms,1.0
uniform_rapid_fasca_kd,53,43,joint_shift_250ms,0.6666666666666666
uniform_rapid_fasca_kd,53,48,joint_shift_250ms,1.0
uniform_rapid_fasca_kd,53,49,joint_shift_250ms,1.0
uniform_rapid_fasca_kd,53,59,joint_shift_250ms,1.0
uniform_rapid_fasca_kd,53,1,joint_gain_1.5,0.2222222222222222
uniform_rapid_fasca_kd,53,10,joint_gain_1.5,0.2222222222222222
uniform_rapid_fasca_kd,53,15,joint_gain_1.5,0.5555555555555555
uniform_rapid_fasca_kd,53,19,joint_gain_1.5,1.0
uniform_rapid_fasca_kd,53,36,joint_gain_1.5,1.0
uniform_rapid_fasca_kd,53,39,joint_gain_1.5,0.5555555555555555
uniform_rapid_fasca_kd,53,40,joint_gain_1.5,1.0
uniform_rapid_fasca_kd,53,43,joint_gain_1.5,0.2222222222222222
uniform_rapid_fasca_kd,53,48,joint_gain_1.5,0.2222222222222222
uniform_rapid_fasca_kd,53,49,joint_gain_1.5,1.0
uniform_rapid_fasca_kd,53,59,joint_gain_1.5,0.5555555555555555
uniform_rapid_fasca_kd,51,3,joint_noise_10db,0.3333333333333333
uniform_rapid_fasca_kd,51,7,joint_noise_10db,1.0
uniform_rapid_fasca_kd,51,14,joint_noise_10db,1.0
uniform_rapid_fasca_kd,51,16,joint_noise_10db,1.0
uniform_rapid_fasca_kd,51,21,joint_noise_10db,1.0
uniform_rapid_fasca_kd,51,25,joint_noise_10db,0.5555555555555555
uniform_rapid_fasca_kd,51,26,joint_noise_10db,0.5555555555555555
uniform_rapid_fasca_kd,51,27,joint_noise_10db,1.0
uniform_rapid_fasca_kd,51,29,joint_noise_10db,1.0
uniform_rapid_fasca_kd,51,38,joint_noise_10db,1.0
uniform_rapid_fasca_kd,51,46,joint_noise_10db,1.0
uniform_rapid_fasca_kd,51,3,joint_channel_dropout_30,0.3333333333333333
uniform_rapid_fasca_kd,51,7,joint_channel_dropout_30,0.2222222222222222
uniform_rapid_fasca_kd,51,14,joint_channel_dropout_30,1.0
uniform_rapid_fasca_kd,51,16,joint_channel_dropout_30,0.5555555555555555
uniform_rapid_fasca_kd,51,21,joint_channel_dropout_30,0.5555555555555555
uniform_rapid_fasca_kd,51,25,joint_channel_dropout_30,1.0
uniform_rapid_fasca_kd,51,26,joint_channel_dropout_30,0.5555555555555555
uniform_rapid_fasca_kd,51,27,joint_channel_dropout_30,1.0
uniform_rapid_fasca_kd,51,29,joint_channel_dropout_30,0.2222222222222222
uniform_rapid_fasca_kd,51,38,joint_channel_dropout_30,0.5555555555555555
uniform_rapid_fasca_kd,51,46,joint_channel_dropout_30,0.5555555555555555
uniform_rapid_fasca_kd,51,3,joint_structured_dropout_30,0.3333333333333333
uniform_rapid_fasca_kd,51,7,joint_structured_dropout_30,0.5555555555555555
uniform_rapid_fasca_kd,51,14,joint_structured_dropout_30,0.5555555555555555
uniform_rapid_fasca_kd,51,16,joint_structured_dropout_30,0.2222222222222222
uniform_rapid_fasca_kd,51,21,joint_structured_dropout_30,1.0
uniform_rapid_fasca_kd,51,25,joint_structured_dropout_30,1.0
uniform_rapid_fasca_kd,51,26,joint_structured_dropout_30,0.2222222222222222
uniform_rapid_fasca_kd,51,27,joint_structured_dropout_30,1.0
uniform_rapid_fasca_kd,51,29,joint_structured_dropout_30,0.2222222222222222
uniform_rapid_fasca_kd,51,38,joint_structured_dropout_30,0.5555555555555555
uniform_rapid_fasca_kd,51,46,joint_structured_dropout_30,0.5555555555555555
uniform_rapid_fasca_kd,51,3,joint_packet_loss_30,0.3333333333333333
uniform_rapid_fasca_kd,51,7,joint_packet_loss_30,1.0
uniform_rapid_fasca_kd,51,14,joint_packet_loss_30,1.0
uniform_rapid_fasca_kd,51,16,joint_packet_loss_30,1.0
uniform_rapid_fasca_kd,51,21,joint_packet_loss_30,1.0
uniform_rapid_fasca_kd,51,25,joint_packet_loss_30,1.0
uniform_rapid_fasca_kd,51,26,joint_packet_loss_30,0.2222222222222222
uniform_rapid_fasca_kd,51,27,joint_packet_loss_30,1.0
uniform_rapid_fasca_kd,51,29,joint_packet_loss_30,0.2222222222222222
uniform_rapid_fasca_kd,51,38,joint_packet_loss_30,1.0
uniform_rapid_fasca_kd,51,46,joint_packet_loss_30,1.0
uniform_rapid_fasca_kd,51,3,joint_shift_250ms,0.3333333333333333
uniform_rapid_fasca_kd,51,7,joint_shift_250ms,1.0
uniform_rapid_fasca_kd,51,14,joint_shift_250ms,1.0
uniform_rapid_fasca_kd,51,16,joint_shift_250ms,1.0
uniform_rapid_fasca_kd,51,21,joint_shift_250ms,1.0
uniform_rapid_fasca_kd,51,25,joint_shift_250ms,1.0
uniform_rapid_fasca_kd,51,26,joint_shift_250ms,0.2222222222222222
uniform_rapid_fasca_kd,51,27,joint_shift_250ms,1.0
uniform_rapid_fasca_kd,51,29,joint_shift_250ms,0.2222222222222222
uniform_rapid_fasca_kd,51,38,joint_shift_250ms,1.0
uniform_rapid_fasca_kd,51,46,joint_shift_250ms,1.0
uniform_rapid_fasca_kd,51,3,joint_gain_1.5,0.0
uniform_rapid_fasca_kd,51,7,joint_gain_1.5,0.2222222222222222
uniform_rapid_fasca_kd,51,14,joint_gain_1.5,0.5555555555555555
uniform_rapid_fasca_kd,51,16,joint_gain_1.5,1.0
uniform_rapid_fasca_kd,51,21,joint_gain_1.5,0.2222222222222222
uniform_rapid_fasca_kd,51,25,joint_gain_1.5,0.2222222222222222
uniform_rapid_fasca_kd,51,26,joint_gain_1.5,1.0
uniform_rapid_fasca_kd,51,27,joint_gain_1.5,0.2222222222222222
uniform_rapid_fasca_kd,51,29,joint_gain_1.5,1.0
uniform_rapid_fasca_kd,51,38,joint_gain_1.5,0.2222222222222222
uniform_rapid_fasca_kd,51,46,joint_gain_1.5,1.0
uniform_rapid_fasca_kd,52,3,joint_noise_10db,0.3333333333333333
uniform_rapid_fasca_kd,52,7,joint_noise_10db,0.5555555555555555
uniform_rapid_fasca_kd,52,14,joint_noise_10db,1.0
uniform_rapid_fasca_kd,52,16,joint_noise_10db,1.0
uniform_rapid_fasca_kd,52,21,joint_noise_10db,0.5555555555555555
uniform_rapid_fasca_kd,52,25,joint_noise_10db,0.5555555555555555
uniform_rapid_fasca_kd,52,26,joint_noise_10db,1.0
uniform_rapid_fasca_kd,52,27,joint_noise_10db,1.0
uniform_rapid_fasca_kd,52,29,joint_noise_10db,1.0
uniform_rapid_fasca_kd,52,38,joint_noise_10db,1.0
uniform_rapid_fasca_kd,52,46,joint_noise_10db,1.0
uniform_rapid_fasca_kd,52,3,joint_channel_dropout_30,0.3333333333333333
uniform_rapid_fasca_kd,52,7,joint_channel_dropout_30,0.5555555555555555
uniform_rapid_fasca_kd,52,14,joint_channel_dropout_30,1.0
uniform_rapid_fasca_kd,52,16,joint_channel_dropout_30,0.5555555555555555
uniform_rapid_fasca_kd,52,21,joint_channel_dropout_30,0.5555555555555555
uniform_rapid_fasca_kd,52,25,joint_channel_dropout_30,0.5555555555555555
uniform_rapid_fasca_kd,52,26,joint_channel_dropout_30,0.5555555555555555
uniform_rapid_fasca_kd,52,27,joint_channel_dropout_30,0.5555555555555555
uniform_rapid_fasca_kd,52,29,joint_channel_dropout_30,0.5555555555555555
uniform_rapid_fasca_kd,52,38,joint_channel_dropout_30,0.5555555555555555
uniform_rapid_fasca_kd,52,46,joint_channel_dropout_30,0.5555555555555555
uniform_rapid_fasca_kd,52,3,joint_structured_dropout_30,0.3333333333333333
uniform_rapid_fasca_kd,52,7,joint_structured_dropout_30,0.5555555555555555
uniform_rapid_fasca_kd,52,14,joint_structured_dropout_30,0.5555555555555555
uniform_rapid_fasca_kd,52,16,joint_structured_dropout_30,0.5555555555555555
uniform_rapid_fasca_kd,52,21,joint_structured_dropout_30,1.0
uniform_rapid_fasca_kd,52,25,joint_structured_dropout_30,1.0
uniform_rapid_fasca_kd,52,26,joint_structured_dropout_30,0.2222222222222222
uniform_rapid_fasca_kd,52,27,joint_structured_dropout_30,1.0
uniform_rapid_fasca_kd,52,29,joint_structured_dropout_30,0.2222222222222222
uniform_rapid_fasca_kd,52,38,joint_structured_dropout_30,0.5555555555555555
uniform_rapid_fasca_kd,52,46,joint_structured_dropout_30,0.5555555555555555
uniform_rapid_fasca_kd,52,3,joint_packet_loss_30,0.3333333333333333
uniform_rapid_fasca_kd,52,7,joint_packet_loss_30,1.0
uniform_rapid_fasca_kd,52,14,joint_packet_loss_30,1.0
uniform_rapid_fasca_kd,52,16,joint_packet_loss_30,1.0
uniform_rapid_fasca_kd,52,21,joint_packet_loss_30,0.5555555555555555
uniform_rapid_fasca_kd,52,25,joint_packet_loss_30,0.5555555555555555
uniform_rapid_fasca_kd,52,26,joint_packet_loss_30,0.5555555555555555
uniform_rapid_fasca_kd,52,27,joint_packet_loss_30,1.0
uniform_rapid_fasca_kd,52,29,joint_packet_loss_30,0.5555555555555555
uniform_rapid_fasca_kd,52,38,joint_packet_loss_30,1.0
uniform_rapid_fasca_kd,52,46,joint_packet_loss_30,1.0
uniform_rapid_fasca_kd,52,3,joint_shift_250ms,0.3333333333333333
uniform_rapid_fasca_kd,52,7,joint_shift_250ms,1.0
uniform_rapid_fasca_kd,52,14,joint_shift_250ms,1.0
uniform_rapid_fasca_kd,52,16,joint_shift_250ms,1.0
uniform_rapid_fasca_kd,52,21,joint_shift_250ms,0.5555555555555555
uniform_rapid_fasca_kd,52,25,joint_shift_250ms,0.5555555555555555
uniform_rapid_fasca_kd,52,26,joint_shift_250ms,0.5555555555555555
uniform_rapid_fasca_kd,52,27,joint_shift_250ms,1.0
uniform_rapid_fasca_kd,52,29,joint_shift_250ms,0.5555555555555555
uniform_rapid_fasca_kd,52,38,joint_shift_250ms,1.0
uniform_rapid_fasca_kd,52,46,joint_shift_250ms,1.0
uniform_rapid_fasca_kd,52,3,joint_gain_1.5,0.0
uniform_rapid_fasca_kd,52,7,joint_gain_1.5,0.2222222222222222
uniform_rapid_fasca_kd,52,14,joint_gain_1.5,0.5555555555555555
uniform_rapid_fasca_kd,52,16,joint_gain_1.5,1.0
uniform_rapid_fasca_kd,52,21,joint_gain_1.5,0.2222222222222222
uniform_rapid_fasca_kd,52,25,joint_gain_1.5,0.2222222222222222
uniform_rapid_fasca_kd,52,26,joint_gain_1.5,1.0
uniform_rapid_fasca_kd,52,27,joint_gain_1.5,0.2222222222222222
uniform_rapid_fasca_kd,52,29,joint_gain_1.5,1.0
uniform_rapid_fasca_kd,52,38,joint_gain_1.5,0.2222222222222222
uniform_rapid_fasca_kd,52,46,joint_gain_1.5,0.5555555555555555
uniform_rapid_fasca_kd,53,3,joint_noise_10db,0.3333333333333333
uniform_rapid_fasca_kd,53,7,joint_noise_10db,1.0
uniform_rapid_fasca_kd,53,14,joint_noise_10db,1.0
uniform_rapid_fasca_kd,53,16,joint_noise_10db,1.0
uniform_rapid_fasca_kd,53,21,joint_noise_10db,0.5555555555555555
uniform_rapid_fasca_kd,53,25,joint_noise_10db,0.5555555555555555
uniform_rapid_fasca_kd,53,26,joint_noise_10db,0.5555555555555555
uniform_rapid_fasca_kd,53,27,joint_noise_10db,1.0
uniform_rapid_fasca_kd,53,29,joint_noise_10db,1.0
uniform_rapid_fasca_kd,53,38,joint_noise_10db,1.0
uniform_rapid_fasca_kd,53,46,joint_noise_10db,1.0
uniform_rapid_fasca_kd,53,3,joint_channel_dropout_30,0.3333333333333333
uniform_rapid_fasca_kd,53,7,joint_channel_dropout_30,0.2222222222222222
uniform_rapid_fasca_kd,53,14,joint_channel_dropout_30,1.0
uniform_rapid_fasca_kd,53,16,joint_channel_dropout_30,0.5555555555555555
uniform_rapid_fasca_kd,53,21,joint_channel_dropout_30,0.5555555555555555
uniform_rapid_fasca_kd,53,25,joint_channel_dropout_30,0.5555555555555555
uniform_rapid_fasca_kd,53,26,joint_channel_dropout_30,0.2222222222222222
uniform_rapid_fasca_kd,53,27,joint_channel_dropout_30,1.0
uniform_rapid_fasca_kd,53,29,joint_channel_dropout_30,0.2222222222222222
uniform_rapid_fasca_kd,53,38,joint_channel_dropout_30,0.5555555555555555
uniform_rapid_fasca_kd,53,46,joint_channel_dropout_30,1.0
uniform_rapid_fasca_kd,53,3,joint_structured_dropout_30,0.3333333333333333
uniform_rapid_fasca_kd,53,7,joint_structured_dropout_30,0.5555555555555555
uniform_rapid_fasca_kd,53,14,joint_structured_dropout_30,0.2222222222222222
uniform_rapid_fasca_kd,53,16,joint_structured_dropout_30,0.2222222222222222
uniform_rapid_fasca_kd,53,21,joint_structured_dropout_30,1.0
uniform_rapid_fasca_kd,53,25,joint_structured_dropout_30,1.0
uniform_rapid_fasca_kd,53,26,joint_structured_dropout_30,0.2222222222222222
uniform_rapid_fasca_kd,53,27,joint_structured_dropout_30,1.0
uniform_rapid_fasca_kd,53,29,joint_structured_dropout_30,0.2222222222222222
uniform_rapid_fasca_kd,53,38,joint_structured_dropout_30,0.2222222222222222
uniform_rapid_fasca_kd,53,46,joint_structured_dropout_30,1.0
uniform_rapid_fasca_kd,53,3,joint_packet_loss_30,0.3333333333333333
uniform_rapid_fasca_kd,53,7,joint_packet_loss_30,1.0
uniform_rapid_fasca_kd,53,14,joint_packet_loss_30,1.0
uniform_rapid_fasca_kd,53,16,joint_packet_loss_30,1.0
uniform_rapid_fasca_kd,53,21,joint_packet_loss_30,1.0
uniform_rapid_fasca_kd,53,25,joint_packet_loss_30,1.0
uniform_rapid_fasca_kd,53,26,joint_packet_loss_30,0.2222222222222222
uniform_rapid_fasca_kd,53,27,joint_packet_loss_30,1.0
uniform_rapid_fasca_kd,53,29,joint_packet_loss_30,0.2222222222222222
uniform_rapid_fasca_kd,53,38,joint_packet_loss_30,1.0
uniform_rapid_fasca_kd,53,46,joint_packet_loss_30,1.0
uniform_rapid_fasca_kd,53,3,joint_shift_250ms,0.3333333333333333
uniform_rapid_fasca_kd,53,7,joint_shift_250ms,1.0
uniform_rapid_fasca_kd,53,14,joint_shift_250ms,1.0
uniform_rapid_fasca_kd,53,16,joint_shift_250ms,1.0
uniform_rapid_fasca_kd,53,21,joint_shift_250ms,1.0
uniform_rapid_fasca_kd,53,25,joint_shift_250ms,1.0
uniform_rapid_fasca_kd,53,26,joint_shift_250ms,0.2222222222222222
uniform_rapid_fasca_kd,53,27,joint_shift_250ms,1.0
uniform_rapid_fasca_kd,53,29,joint_shift_250ms,0.5555555555555555
uniform_rapid_fasca_kd,53,38,joint_shift_250ms,1.0
uniform_rapid_fasca_kd,53,46,joint_shift_250ms,1.0
uniform_rapid_fasca_kd,53,3,joint_gain_1.5,0.0
uniform_rapid_fasca_kd,53,7,joint_gain_1.5,0.2222222222222222
uniform_rapid_fasca_kd,53,14,joint_gain_1.5,0.5555555555555555
uniform_rapid_fasca_kd,53,16,joint_gain_1.5,0.5555555555555555
uniform_rapid_fasca_kd,53,21,joint_gain_1.5,0.2222222222222222
uniform_rapid_fasca_kd,53,25,joint_gain_1.5,0.2222222222222222
uniform_rapid_fasca_kd,53,26,joint_gain_1.5,1.0
uniform_rapid_fasca_kd,53,27,joint_gain_1.5,0.2222222222222222
uniform_rapid_fasca_kd,53,29,joint_gain_1.5,1.0
uniform_rapid_fasca_kd,53,38,joint_gain_1.5,0.2222222222222222
uniform_rapid_fasca_kd,53,46,joint_gain_1.5,0.5555555555555555
uniform_rapid_fasca_kd,51,4,joint_noise_10db,1.0
uniform_rapid_fasca_kd,51,5,joint_noise_10db,0.5555555555555555
uniform_rapid_fasca_kd,51,6,joint_noise_10db,1.0
uniform_rapid_fasca_kd,51,9,joint_noise_10db,1.0
uniform_rapid_fasca_kd,51,17,joint_noise_10db,1.0
uniform_rapid_fasca_kd,51,18,joint_noise_10db,1.0
uniform_rapid_fasca_kd,51,32,joint_noise_10db,0.6666666666666666
uniform_rapid_fasca_kd,51,33,joint_noise_10db,1.0
uniform_rapid_fasca_kd,51,35,joint_noise_10db,1.0
uniform_rapid_fasca_kd,51,44,joint_noise_10db,1.0
uniform_rapid_fasca_kd,51,53,joint_noise_10db,1.0
uniform_rapid_fasca_kd,51,4,joint_channel_dropout_30,0.5555555555555555
uniform_rapid_fasca_kd,51,5,joint_channel_dropout_30,0.5555555555555555
uniform_rapid_fasca_kd,51,6,joint_channel_dropout_30,1.0
uniform_rapid_fasca_kd,51,9,joint_channel_dropout_30,1.0
uniform_rapid_fasca_kd,51,17,joint_channel_dropout_30,0.5555555555555555
uniform_rapid_fasca_kd,51,18,joint_channel_dropout_30,0.2222222222222222
uniform_rapid_fasca_kd,51,32,joint_channel_dropout_30,0.6666666666666666
uniform_rapid_fasca_kd,51,33,joint_channel_dropout_30,0.5555555555555555
uniform_rapid_fasca_kd,51,35,joint_channel_dropout_30,0.2222222222222222
uniform_rapid_fasca_kd,51,44,joint_channel_dropout_30,0.5555555555555555
uniform_rapid_fasca_kd,51,53,joint_channel_dropout_30,0.5555555555555555
uniform_rapid_fasca_kd,51,4,joint_structured_dropout_30,1.0
uniform_rapid_fasca_kd,51,5,joint_structured_dropout_30,1.0
uniform_rapid_fasca_kd,51,6,joint_structured_dropout_30,0.5555555555555555
uniform_rapid_fasca_kd,51,9,joint_structured_dropout_30,1.0
uniform_rapid_fasca_kd,51,17,joint_structured_dropout_30,0.5555555555555555
uniform_rapid_fasca_kd,51,18,joint_structured_dropout_30,0.5555555555555555
uniform_rapid_fasca_kd,51,32,joint_structured_dropout_30,0.6666666666666666
uniform_rapid_fasca_kd,51,33,joint_structured_dropout_30,0.5555555555555555
uniform_rapid_fasca_kd,51,35,joint_structured_dropout_30,0.5555555555555555
uniform_rapid_fasca_kd,51,44,joint_structured_dropout_30,0.5555555555555555
uniform_rapid_fasca_kd,51,53,joint_structured_dropout_30,0.5555555555555555
uniform_rapid_fasca_kd,51,4,joint_packet_loss_30,1.0
uniform_rapid_fasca_kd,51,5,joint_packet_loss_30,1.0
uniform_rapid_fasca_kd,51,6,joint_packet_loss_30,1.0
uniform_rapid_fasca_kd,51,9,joint_packet_loss_30,1.0
uniform_rapid_fasca_kd,51,17,joint_packet_loss_30,0.5555555555555555
uniform_rapid_fasca_kd,51,18,joint_packet_loss_30,1.0
uniform_rapid_fasca_kd,51,32,joint_packet_loss_30,0.6666666666666666
uniform_rapid_fasca_kd,51,33,joint_packet_loss_30,1.0
uniform_rapid_fasca_kd,51,35,joint_packet_loss_30,1.0
uniform_rapid_fasca_kd,51,44,joint_packet_loss_30,1.0
uniform_rapid_fasca_kd,51,53,joint_packet_loss_30,1.0
uniform_rapid_fasca_kd,51,4,joint_shift_250ms,1.0
uniform_rapid_fasca_kd,51,5,joint_shift_250ms,1.0
uniform_rapid_fasca_kd,51,6,joint_shift_250ms,1.0
uniform_rapid_fasca_kd,51,9,joint_shift_250ms,1.0
uniform_rapid_fasca_kd,51,17,joint_shift_250ms,1.0
uniform_rapid_fasca_kd,51,18,joint_shift_250ms,1.0
uniform_rapid_fasca_kd,51,32,joint_shift_250ms,0.6666666666666666
uniform_rapid_fasca_kd,51,33,joint_shift_250ms,1.0
uniform_rapid_fasca_kd,51,35,joint_shift_250ms,1.0
uniform_rapid_fasca_kd,51,44,joint_shift_250ms,1.0
uniform_rapid_fasca_kd,51,53,joint_shift_250ms,1.0
uniform_rapid_fasca_kd,51,4,joint_gain_1.5,0.2222222222222222
uniform_rapid_fasca_kd,51,5,joint_gain_1.5,0.2222222222222222
uniform_rapid_fasca_kd,51,6,joint_gain_1.5,0.2222222222222222
uniform_rapid_fasca_kd,51,9,joint_gain_1.5,0.2222222222222222
uniform_rapid_fasca_kd,51,17,joint_gain_1.5,1.0
uniform_rapid_fasca_kd,51,18,joint_gain_1.5,1.0
uniform_rapid_fasca_kd,51,32,joint_gain_1.5,0.3333333333333333
uniform_rapid_fasca_kd,51,33,joint_gain_1.5,0.2222222222222222
uniform_rapid_fasca_kd,51,35,joint_gain_1.5,0.5555555555555555
uniform_rapid_fasca_kd,51,44,joint_gain_1.5,0.2222222222222222
uniform_rapid_fasca_kd,51,53,joint_gain_1.5,0.2222222222222222
uniform_rapid_fasca_kd,52,4,joint_noise_10db,1.0
uniform_rapid_fasca_kd,52,5,joint_noise_10db,0.5555555555555555
uniform_rapid_fasca_kd,52,6,joint_noise_10db,1.0
uniform_rapid_fasca_kd,52,9,joint_noise_10db,1.0
uniform_rapid_fasca_kd,52,17,joint_noise_10db,1.0
uniform_rapid_fasca_kd,52,18,joint_noise_10db,1.0
uniform_rapid_fasca_kd,52,32,joint_noise_10db,0.6666666666666666
uniform_rapid_fasca_kd,52,33,joint_noise_10db,1.0
uniform_rapid_fasca_kd,52,35,joint_noise_10db,1.0
uniform_rapid_fasca_kd,52,44,joint_noise_10db,1.0
uniform_rapid_fasca_kd,52,53,joint_noise_10db,0.5555555555555555
uniform_rapid_fasca_kd,52,4,joint_channel_dropout_30,0.5555555555555555
uniform_rapid_fasca_kd,52,5,joint_channel_dropout_30,0.2222222222222222
uniform_rapid_fasca_kd,52,6,joint_channel_dropout_30,0.5555555555555555
uniform_rapid_fasca_kd,52,9,joint_channel_dropout_30,0.5555555555555555
uniform_rapid_fasca_kd,52,17,joint_channel_dropout_30,0.2222222222222222
uniform_rapid_fasca_kd,52,18,joint_channel_dropout_30,0.2222222222222222
uniform_rapid_fasca_kd,52,32,joint_channel_dropout_30,0.6666666666666666
uniform_rapid_fasca_kd,52,33,joint_channel_dropout_30,0.5555555555555555
uniform_rapid_fasca_kd,52,35,joint_channel_dropout_30,0.2222222222222222
uniform_rapid_fasca_kd,52,44,joint_channel_dropout_30,1.0
uniform_rapid_fasca_kd,52,53,joint_channel_dropout_30,0.5555555555555555
uniform_rapid_fasca_kd,52,4,joint_structured_dropout_30,0.5555555555555555
uniform_rapid_fasca_kd,52,5,joint_structured_dropout_30,1.0
uniform_rapid_fasca_kd,52,6,joint_structured_dropout_30,0.2222222222222222
uniform_rapid_fasca_kd,52,9,joint_structured_dropout_30,1.0
uniform_rapid_fasca_kd,52,17,joint_structured_dropout_30,0.2222222222222222
uniform_rapid_fasca_kd,52,18,joint_structured_dropout_30,0.2222222222222222
uniform_rapid_fasca_kd,52,32,joint_structured_dropout_30,0.6666666666666666
uniform_rapid_fasca_kd,52,33,joint_structured_dropout_30,0.5555555555555555
uniform_rapid_fasca_kd,52,35,joint_structured_dropout_30,1.0
uniform_rapid_fasca_kd,52,44,joint_structured_dropout_30,1.0
uniform_rapid_fasca_kd,52,53,joint_structured_dropout_30,1.0
uniform_rapid_fasca_kd,52,4,joint_packet_loss_30,1.0
uniform_rapid_fasca_kd,52,5,joint_packet_loss_30,1.0
uniform_rapid_fasca_kd,52,6,joint_packet_loss_30,0.5555555555555555
uniform_rapid_fasca_kd,52,9,joint_packet_loss_30,1.0
uniform_rapid_fasca_kd,52,17,joint_packet_loss_30,0.5555555555555555
uniform_rapid_fasca_kd,52,18,joint_packet_loss_30,1.0
uniform_rapid_fasca_kd,52,32,joint_packet_loss_30,0.6666666666666666
uniform_rapid_fasca_kd,52,33,joint_packet_loss_30,1.0
uniform_rapid_fasca_kd,52,35,joint_packet_loss_30,1.0
uniform_rapid_fasca_kd,52,44,joint_packet_loss_30,1.0
uniform_rapid_fasca_kd,52,53,joint_packet_loss_30,1.0
uniform_rapid_fasca_kd,52,4,joint_shift_250ms,1.0
uniform_rapid_fasca_kd,52,5,joint_shift_250ms,1.0
uniform_rapid_fasca_kd,52,6,joint_shift_250ms,0.5555555555555555
uniform_rapid_fasca_kd,52,9,joint_shift_250ms,1.0
uniform_rapid_fasca_kd,52,17,joint_shift_250ms,1.0
uniform_rapid_fasca_kd,52,18,joint_shift_250ms,1.0
uniform_rapid_fasca_kd,52,32,joint_shift_250ms,0.6666666666666666
uniform_rapid_fasca_kd,52,33,joint_shift_250ms,1.0
uniform_rapid_fasca_kd,52,35,joint_shift_250ms,1.0
uniform_rapid_fasca_kd,52,44,joint_shift_250ms,1.0
uniform_rapid_fasca_kd,52,53,joint_shift_250ms,0.5555555555555555
uniform_rapid_fasca_kd,52,4,joint_gain_1.5,1.0
uniform_rapid_fasca_kd,52,5,joint_gain_1.5,0.2222222222222222
uniform_rapid_fasca_kd,52,6,joint_gain_1.5,1.0
uniform_rapid_fasca_kd,52,9,joint_gain_1.5,0.2222222222222222
uniform_rapid_fasca_kd,52,17,joint_gain_1.5,1.0
uniform_rapid_fasca_kd,52,18,joint_gain_1.5,1.0
uniform_rapid_fasca_kd,52,32,joint_gain_1.5,0.6666666666666666
uniform_rapid_fasca_kd,52,33,joint_gain_1.5,0.5555555555555555
uniform_rapid_fasca_kd,52,35,joint_gain_1.5,0.5555555555555555
uniform_rapid_fasca_kd,52,44,joint_gain_1.5,0.2222222222222222
uniform_rapid_fasca_kd,52,53,joint_gain_1.5,0.2222222222222222
uniform_rapid_fasca_kd,53,4,joint_noise_10db,1.0
uniform_rapid_fasca_kd,53,5,joint_noise_10db,0.5555555555555555
uniform_rapid_fasca_kd,53,6,joint_noise_10db,1.0
uniform_rapid_fasca_kd,53,9,joint_noise_10db,1.0
uniform_rapid_fasca_kd,53,17,joint_noise_10db,1.0
uniform_rapid_fasca_kd,53,18,joint_noise_10db,1.0
uniform_rapid_fasca_kd,53,32,joint_noise_10db,0.6666666666666666
uniform_rapid_fasca_kd,53,33,joint_noise_10db,1.0
uniform_rapid_fasca_kd,53,35,joint_noise_10db,1.0
uniform_rapid_fasca_kd,53,44,joint_noise_10db,1.0
uniform_rapid_fasca_kd,53,53,joint_noise_10db,0.5555555555555555
uniform_rapid_fasca_kd,53,4,joint_channel_dropout_30,1.0
uniform_rapid_fasca_kd,53,5,joint_channel_dropout_30,0.2222222222222222
uniform_rapid_fasca_kd,53,6,joint_channel_dropout_30,0.5555555555555555
uniform_rapid_fasca_kd,53,9,joint_channel_dropout_30,1.0
uniform_rapid_fasca_kd,53,17,joint_channel_dropout_30,0.2222222222222222
uniform_rapid_fasca_kd,53,18,joint_channel_dropout_30,0.2222222222222222
uniform_rapid_fasca_kd,53,32,joint_channel_dropout_30,0.6666666666666666
uniform_rapid_fasca_kd,53,33,joint_channel_dropout_30,0.5555555555555555
uniform_rapid_fasca_kd,53,35,joint_channel_dropout_30,0.2222222222222222
uniform_rapid_fasca_kd,53,44,joint_channel_dropout_30,0.5555555555555555
uniform_rapid_fasca_kd,53,53,joint_channel_dropout_30,0.5555555555555555
uniform_rapid_fasca_kd,53,4,joint_structured_dropout_30,1.0
uniform_rapid_fasca_kd,53,5,joint_structured_dropout_30,1.0
uniform_rapid_fasca_kd,53,6,joint_structured_dropout_30,1.0
uniform_rapid_fasca_kd,53,9,joint_structured_dropout_30,1.0
uniform_rapid_fasca_kd,53,17,joint_structured_dropout_30,0.2222222222222222
uniform_rapid_fasca_kd,53,18,joint_structured_dropout_30,0.2222222222222222
uniform_rapid_fasca_kd,53,32,joint_structured_dropout_30,0.2222222222222222
uniform_rapid_fasca_kd,53,33,joint_structured_dropout_30,0.5555555555555555
uniform_rapid_fasca_kd,53,35,joint_structured_dropout_30,0.5555555555555555
uniform_rapid_fasca_kd,53,44,joint_structured_dropout_30,0.5555555555555555
uniform_rapid_fasca_kd,53,53,joint_structured_dropout_30,1.0
uniform_rapid_fasca_kd,53,4,joint_packet_loss_30,1.0
uniform_rapid_fasca_kd,53,5,joint_packet_loss_30,1.0
uniform_rapid_fasca_kd,53,6,joint_packet_loss_30,1.0
uniform_rapid_fasca_kd,53,9,joint_packet_loss_30,1.0
uniform_rapid_fasca_kd,53,17,joint_packet_loss_30,0.2222222222222222
uniform_rapid_fasca_kd,53,18,joint_packet_loss_30,0.5555555555555555
uniform_rapid_fasca_kd,53,32,joint_packet_loss_30,0.6666666666666666
uniform_rapid_fasca_kd,53,33,joint_packet_loss_30,1.0
uniform_rapid_fasca_kd,53,35,joint_packet_loss_30,1.0
uniform_rapid_fasca_kd,53,44,joint_packet_loss_30,1.0
uniform_rapid_fasca_kd,53,53,joint_packet_loss_30,1.0
uniform_rapid_fasca_kd,53,4,joint_shift_250ms,1.0
uniform_rapid_fasca_kd,53,5,joint_shift_250ms,1.0
uniform_rapid_fasca_kd,53,6,joint_shift_250ms,1.0
uniform_rapid_fasca_kd,53,9,joint_shift_250ms,1.0
uniform_rapid_fasca_kd,53,17,joint_shift_250ms,1.0
uniform_rapid_fasca_kd,53,18,joint_shift_250ms,1.0
uniform_rapid_fasca_kd,53,32,joint_shift_250ms,0.6666666666666666
uniform_rapid_fasca_kd,53,33,joint_shift_250ms,1.0
uniform_rapid_fasca_kd,53,35,joint_shift_250ms,1.0
uniform_rapid_fasca_kd,53,44,joint_shift_250ms,1.0
uniform_rapid_fasca_kd,53,53,joint_shift_250ms,1.0
uniform_rapid_fasca_kd,53,4,joint_gain_1.5,0.2222222222222222
uniform_rapid_fasca_kd,53,5,joint_gain_1.5,0.2222222222222222
uniform_rapid_fasca_kd,53,6,joint_gain_1.5,1.0
uniform_rapid_fasca_kd,53,9,joint_gain_1.5,0.2222222222222222
uniform_rapid_fasca_kd,53,17,joint_gain_1.5,1.0
uniform_rapid_fasca_kd,53,18,joint_gain_1.5,1.0
uniform_rapid_fasca_kd,53,32,joint_gain_1.5,0.3333333333333333
uniform_rapid_fasca_kd,53,33,joint_gain_1.5,0.2222222222222222
uniform_rapid_fasca_kd,53,35,joint_gain_1.5,0.2222222222222222
uniform_rapid_fasca_kd,53,44,joint_gain_1.5,0.2222222222222222
uniform_rapid_fasca_kd,53,53,joint_gain_1.5,0.2222222222222222
uniform_rapid_fasca_kd,51,20,joint_noise_10db,1.0
uniform_rapid_fasca_kd,51,22,joint_noise_10db,1.0
uniform_rapid_fasca_kd,51,23,joint_noise_10db,1.0
uniform_rapid_fasca_kd,51,28,joint_noise_10db,1.0
uniform_rapid_fasca_kd,51,34,joint_noise_10db,1.0
uniform_rapid_fasca_kd,51,41,joint_noise_10db,1.0
uniform_rapid_fasca_kd,51,42,joint_noise_10db,1.0
uniform_rapid_fasca_kd,51,45,joint_noise_10db,0.6666666666666666
uniform_rapid_fasca_kd,51,51,joint_noise_10db,1.0
uniform_rapid_fasca_kd,51,54,joint_noise_10db,1.0
uniform_rapid_fasca_kd,51,56,joint_noise_10db,1.0
uniform_rapid_fasca_kd,51,20,joint_channel_dropout_30,1.0
uniform_rapid_fasca_kd,51,22,joint_channel_dropout_30,1.0
uniform_rapid_fasca_kd,51,23,joint_channel_dropout_30,1.0
uniform_rapid_fasca_kd,51,28,joint_channel_dropout_30,1.0
uniform_rapid_fasca_kd,51,34,joint_channel_dropout_30,1.0
uniform_rapid_fasca_kd,51,41,joint_channel_dropout_30,1.0
uniform_rapid_fasca_kd,51,42,joint_channel_dropout_30,1.0
uniform_rapid_fasca_kd,51,45,joint_channel_dropout_30,0.2222222222222222
uniform_rapid_fasca_kd,51,51,joint_channel_dropout_30,0.2222222222222222
uniform_rapid_fasca_kd,51,54,joint_channel_dropout_30,0.5555555555555555
uniform_rapid_fasca_kd,51,56,joint_channel_dropout_30,0.5555555555555555
uniform_rapid_fasca_kd,51,20,joint_structured_dropout_30,0.2222222222222222
uniform_rapid_fasca_kd,51,22,joint_structured_dropout_30,1.0
uniform_rapid_fasca_kd,51,23,joint_structured_dropout_30,1.0
uniform_rapid_fasca_kd,51,28,joint_structured_dropout_30,1.0
uniform_rapid_fasca_kd,51,34,joint_structured_dropout_30,1.0
uniform_rapid_fasca_kd,51,41,joint_structured_dropout_30,0.2222222222222222
uniform_rapid_fasca_kd,51,42,joint_structured_dropout_30,0.2222222222222222
uniform_rapid_fasca_kd,51,45,joint_structured_dropout_30,0.6666666666666666
uniform_rapid_fasca_kd,51,51,joint_structured_dropout_30,0.2222222222222222
uniform_rapid_fasca_kd,51,54,joint_structured_dropout_30,1.0
uniform_rapid_fasca_kd,51,56,joint_structured_dropout_30,0.2222222222222222
uniform_rapid_fasca_kd,51,20,joint_packet_loss_30,1.0
uniform_rapid_fasca_kd,51,22,joint_packet_loss_30,1.0
uniform_rapid_fasca_kd,51,23,joint_packet_loss_30,1.0
uniform_rapid_fasca_kd,51,28,joint_packet_loss_30,1.0
uniform_rapid_fasca_kd,51,34,joint_packet_loss_30,1.0
uniform_rapid_fasca_kd,51,41,joint_packet_loss_30,1.0
uniform_rapid_fasca_kd,51,42,joint_packet_loss_30,1.0
uniform_rapid_fasca_kd,51,45,joint_packet_loss_30,0.6666666666666666
uniform_rapid_fasca_kd,51,51,joint_packet_loss_30,1.0
uniform_rapid_fasca_kd,51,54,joint_packet_loss_30,1.0
uniform_rapid_fasca_kd,51,56,joint_packet_loss_30,1.0
uniform_rapid_fasca_kd,51,20,joint_shift_250ms,1.0
uniform_rapid_fasca_kd,51,22,joint_shift_250ms,1.0
uniform_rapid_fasca_kd,51,23,joint_shift_250ms,1.0
uniform_rapid_fasca_kd,51,28,joint_shift_250ms,1.0
uniform_rapid_fasca_kd,51,34,joint_shift_250ms,1.0
uniform_rapid_fasca_kd,51,41,joint_shift_250ms,1.0
uniform_rapid_fasca_kd,51,42,joint_shift_250ms,1.0
uniform_rapid_fasca_kd,51,45,joint_shift_250ms,0.6666666666666666
uniform_rapid_fasca_kd,51,51,joint_shift_250ms,1.0
uniform_rapid_fasca_kd,51,54,joint_shift_250ms,1.0
uniform_rapid_fasca_kd,51,56,joint_shift_250ms,1.0
uniform_rapid_fasca_kd,51,20,joint_gain_1.5,0.2222222222222222
uniform_rapid_fasca_kd,51,22,joint_gain_1.5,0.2222222222222222
uniform_rapid_fasca_kd,51,23,joint_gain_1.5,1.0
uniform_rapid_fasca_kd,51,28,joint_gain_1.5,0.2222222222222222
uniform_rapid_fasca_kd,51,34,joint_gain_1.5,1.0
uniform_rapid_fasca_kd,51,41,joint_gain_1.5,1.0
uniform_rapid_fasca_kd,51,42,joint_gain_1.5,1.0
uniform_rapid_fasca_kd,51,45,joint_gain_1.5,0.6666666666666666
uniform_rapid_fasca_kd,51,51,joint_gain_1.5,1.0
uniform_rapid_fasca_kd,51,54,joint_gain_1.5,0.2222222222222222
uniform_rapid_fasca_kd,51,56,joint_gain_1.5,1.0
uniform_rapid_fasca_kd,52,20,joint_noise_10db,1.0
uniform_rapid_fasca_kd,52,22,joint_noise_10db,1.0
uniform_rapid_fasca_kd,52,23,joint_noise_10db,1.0
uniform_rapid_fasca_kd,52,28,joint_noise_10db,1.0
uniform_rapid_fasca_kd,52,34,joint_noise_10db,1.0
uniform_rapid_fasca_kd,52,41,joint_noise_10db,1.0
uniform_rapid_fasca_kd,52,42,joint_noise_10db,1.0
uniform_rapid_fasca_kd,52,45,joint_noise_10db,0.6666666666666666
uniform_rapid_fasca_kd,52,51,joint_noise_10db,1.0
uniform_rapid_fasca_kd,52,54,joint_noise_10db,1.0
uniform_rapid_fasca_kd,52,56,joint_noise_10db,1.0
uniform_rapid_fasca_kd,52,20,joint_channel_dropout_30,0.5555555555555555
uniform_rapid_fasca_kd,52,22,joint_channel_dropout_30,1.0
uniform_rapid_fasca_kd,52,23,joint_channel_dropout_30,1.0
uniform_rapid_fasca_kd,52,28,joint_channel_dropout_30,0.5555555555555555
uniform_rapid_fasca_kd,52,34,joint_channel_dropout_30,0.5555555555555555
uniform_rapid_fasca_kd,52,41,joint_channel_dropout_30,0.5555555555555555
uniform_rapid_fasca_kd,52,42,joint_channel_dropout_30,0.5555555555555555
uniform_rapid_fasca_kd,52,45,joint_channel_dropout_30,0.2222222222222222
uniform_rapid_fasca_kd,52,51,joint_channel_dropout_30,0.2222222222222222
uniform_rapid_fasca_kd,52,54,joint_channel_dropout_30,1.0
uniform_rapid_fasca_kd,52,56,joint_channel_dropout_30,0.5555555555555555
uniform_rapid_fasca_kd,52,20,joint_structured_dropout_30,0.5555555555555555
uniform_rapid_fasca_kd,52,22,joint_structured_dropout_30,1.0
uniform_rapid_fasca_kd,52,23,joint_structured_dropout_30,1.0
uniform_rapid_fasca_kd,52,28,joint_structured_dropout_30,1.0
uniform_rapid_fasca_kd,52,34,joint_structured_dropout_30,0.5555555555555555
uniform_rapid_fasca_kd,52,41,joint_structured_dropout_30,0.2222222222222222
uniform_rapid_fasca_kd,52,42,joint_structured_dropout_30,0.2222222222222222
uniform_rapid_fasca_kd,52,45,joint_structured_dropout_30,0.6666666666666666
uniform_rapid_fasca_kd,52,51,joint_structured_dropout_30,0.2222222222222222
uniform_rapid_fasca_kd,52,54,joint_structured_dropout_30,1.0
uniform_rapid_fasca_kd,52,56,joint_structured_dropout_30,1.0
uniform_rapid_fasca_kd,52,20,joint_packet_loss_30,1.0
uniform_rapid_fasca_kd,52,22,joint_packet_loss_30,1.0
uniform_rapid_fasca_kd,52,23,joint_packet_loss_30,1.0
uniform_rapid_fasca_kd,52,28,joint_packet_loss_30,1.0
uniform_rapid_fasca_kd,52,34,joint_packet_loss_30,1.0
uniform_rapid_fasca_kd,52,41,joint_packet_loss_30,1.0
uniform_rapid_fasca_kd,52,42,joint_packet_loss_30,0.5555555555555555
uniform_rapid_fasca_kd,52,45,joint_packet_loss_30,0.6666666666666666
uniform_rapid_fasca_kd,52,51,joint_packet_loss_30,1.0
uniform_rapid_fasca_kd,52,54,joint_packet_loss_30,1.0
uniform_rapid_fasca_kd,52,56,joint_packet_loss_30,1.0
uniform_rapid_fasca_kd,52,20,joint_shift_250ms,1.0
uniform_rapid_fasca_kd,52,22,joint_shift_250ms,1.0
uniform_rapid_fasca_kd,52,23,joint_shift_250ms,1.0
uniform_rapid_fasca_kd,52,28,joint_shift_250ms,1.0
uniform_rapid_fasca_kd,52,34,joint_shift_250ms,1.0
uniform_rapid_fasca_kd,52,41,joint_shift_250ms,1.0
uniform_rapid_fasca_kd,52,42,joint_shift_250ms,0.5555555555555555
uniform_rapid_fasca_kd,52,45,joint_shift_250ms,0.6666666666666666
uniform_rapid_fasca_kd,52,51,joint_shift_250ms,1.0
uniform_rapid_fasca_kd,52,54,joint_shift_250ms,1.0
uniform_rapid_fasca_kd,52,56,joint_shift_250ms,1.0
uniform_rapid_fasca_kd,52,20,joint_gain_1.5,0.5555555555555555
uniform_rapid_fasca_kd,52,22,joint_gain_1.5,0.5555555555555555
uniform_rapid_fasca_kd,52,23,joint_gain_1.5,0.2222222222222222
uniform_rapid_fasca_kd,52,28,joint_gain_1.5,0.2222222222222222
uniform_rapid_fasca_kd,52,34,joint_gain_1.5,1.0
uniform_rapid_fasca_kd,52,41,joint_gain_1.5,1.0
uniform_rapid_fasca_kd,52,42,joint_gain_1.5,1.0
uniform_rapid_fasca_kd,52,45,joint_gain_1.5,0.6666666666666666
uniform_rapid_fasca_kd,52,51,joint_gain_1.5,1.0
uniform_rapid_fasca_kd,52,54,joint_gain_1.5,0.5555555555555555
uniform_rapid_fasca_kd,52,56,joint_gain_1.5,1.0
uniform_rapid_fasca_kd,53,20,joint_noise_10db,1.0
uniform_rapid_fasca_kd,53,22,joint_noise_10db,1.0
uniform_rapid_fasca_kd,53,23,joint_noise_10db,1.0
uniform_rapid_fasca_kd,53,28,joint_noise_10db,1.0
uniform_rapid_fasca_kd,53,34,joint_noise_10db,1.0
uniform_rapid_fasca_kd,53,41,joint_noise_10db,1.0
uniform_rapid_fasca_kd,53,42,joint_noise_10db,1.0
uniform_rapid_fasca_kd,53,45,joint_noise_10db,0.6666666666666666
uniform_rapid_fasca_kd,53,51,joint_noise_10db,1.0
uniform_rapid_fasca_kd,53,54,joint_noise_10db,1.0
uniform_rapid_fasca_kd,53,56,joint_noise_10db,1.0
uniform_rapid_fasca_kd,53,20,joint_channel_dropout_30,0.2222222222222222
uniform_rapid_fasca_kd,53,22,joint_channel_dropout_30,0.5555555555555555
uniform_rapid_fasca_kd,53,23,joint_channel_dropout_30,1.0
uniform_rapid_fasca_kd,53,28,joint_channel_dropout_30,1.0
uniform_rapid_fasca_kd,53,34,joint_channel_dropout_30,0.2222222222222222
uniform_rapid_fasca_kd,53,41,joint_channel_dropout_30,1.0
uniform_rapid_fasca_kd,53,42,joint_channel_dropout_30,0.2222222222222222
uniform_rapid_fasca_kd,53,45,joint_channel_dropout_30,0.2222222222222222
uniform_rapid_fasca_kd,53,51,joint_channel_dropout_30,0.5555555555555555
uniform_rapid_fasca_kd,53,54,joint_channel_dropout_30,0.5555555555555555
uniform_rapid_fasca_kd,53,56,joint_channel_dropout_30,0.2222222222222222
uniform_rapid_fasca_kd,53,20,joint_structured_dropout_30,0.5555555555555555
uniform_rapid_fasca_kd,53,22,joint_structured_dropout_30,0.5555555555555555
uniform_rapid_fasca_kd,53,23,joint_structured_dropout_30,1.0
uniform_rapid_fasca_kd,53,28,joint_structured_dropout_30,1.0
uniform_rapid_fasca_kd,53,34,joint_structured_dropout_30,0.5555555555555555
uniform_rapid_fasca_kd,53,41,joint_structured_dropout_30,0.2222222222222222
uniform_rapid_fasca_kd,53,42,joint_structured_dropout_30,0.2222222222222222
uniform_rapid_fasca_kd,53,45,joint_structured_dropout_30,0.6666666666666666
uniform_rapid_fasca_kd,53,51,joint_structured_dropout_30,0.5555555555555555
uniform_rapid_fasca_kd,53,54,joint_structured_dropout_30,1.0
uniform_rapid_fasca_kd,53,56,joint_structured_dropout_30,0.2222222222222222
uniform_rapid_fasca_kd,53,20,joint_packet_loss_30,1.0
uniform_rapid_fasca_kd,53,22,joint_packet_loss_30,1.0
uniform_rapid_fasca_kd,53,23,joint_packet_loss_30,1.0
uniform_rapid_fasca_kd,53,28,joint_packet_loss_30,1.0
uniform_rapid_fasca_kd,53,34,joint_packet_loss_30,1.0
uniform_rapid_fasca_kd,53,41,joint_packet_loss_30,1.0
uniform_rapid_fasca_kd,53,42,joint_packet_loss_30,1.0
uniform_rapid_fasca_kd,53,45,joint_packet_loss_30,0.6666666666666666
uniform_rapid_fasca_kd,53,51,joint_packet_loss_30,1.0
uniform_rapid_fasca_kd,53,54,joint_packet_loss_30,1.0
uniform_rapid_fasca_kd,53,56,joint_packet_loss_30,1.0
uniform_rapid_fasca_kd,53,20,joint_shift_250ms,1.0
uniform_rapid_fasca_kd,53,22,joint_shift_250ms,1.0
uniform_rapid_fasca_kd,53,23,joint_shift_250ms,1.0
uniform_rapid_fasca_kd,53,28,joint_shift_250ms,1.0
uniform_rapid_fasca_kd,53,34,joint_shift_250ms,1.0
uniform_rapid_fasca_kd,53,41,joint_shift_250ms,1.0
uniform_rapid_fasca_kd,53,42,joint_shift_250ms,1.0
uniform_rapid_fasca_kd,53,45,joint_shift_250ms,0.6666666666666666
uniform_rapid_fasca_kd,53,51,joint_shift_250ms,1.0
uniform_rapid_fasca_kd,53,54,joint_shift_250ms,1.0
uniform_rapid_fasca_kd,53,56,joint_shift_250ms,1.0
uniform_rapid_fasca_kd,53,20,joint_gain_1.5,0.2222222222222222
uniform_rapid_fasca_kd,53,22,joint_gain_1.5,0.2222222222222222
uniform_rapid_fasca_kd,53,23,joint_gain_1.5,0.2222222222222222
uniform_rapid_fasca_kd,53,28,joint_gain_1.5,0.2222222222222222
uniform_rapid_fasca_kd,53,34,joint_gain_1.5,0.5555555555555555
uniform_rapid_fasca_kd,53,41,joint_gain_1.5,0.5555555555555555
uniform_rapid_fasca_kd,53,42,joint_gain_1.5,1.0
uniform_rapid_fasca_kd,53,45,joint_gain_1.5,0.0
uniform_rapid_fasca_kd,53,51,joint_gain_1.5,0.2222222222222222
uniform_rapid_fasca_kd,53,54,joint_gain_1.5,0.2222222222222222
uniform_rapid_fasca_kd,53,56,joint_gain_1.5,1.0
uniform_rapid_fasca_kd,51,8,joint_noise_10db,0.3333333333333333
uniform_rapid_fasca_kd,51,11,joint_noise_10db,0.6666666666666666
uniform_rapid_fasca_kd,51,12,joint_noise_10db,1.0
uniform_rapid_fasca_kd,51,13,joint_noise_10db,1.0
uniform_rapid_fasca_kd,51,30,joint_noise_10db,1.0
uniform_rapid_fasca_kd,51,31,joint_noise_10db,1.0
uniform_rapid_fasca_kd,51,37,joint_noise_10db,1.0
uniform_rapid_fasca_kd,51,52,joint_noise_10db,1.0
uniform_rapid_fasca_kd,51,55,joint_noise_10db,1.0
uniform_rapid_fasca_kd,51,57,joint_noise_10db,1.0
uniform_rapid_fasca_kd,51,58,joint_noise_10db,1.0
uniform_rapid_fasca_kd,51,8,joint_channel_dropout_30,0.3333333333333333
uniform_rapid_fasca_kd,51,11,joint_channel_dropout_30,0.6666666666666666
uniform_rapid_fasca_kd,51,12,joint_channel_dropout_30,1.0
uniform_rapid_fasca_kd,51,13,joint_channel_dropout_30,1.0
uniform_rapid_fasca_kd,51,30,joint_channel_dropout_30,0.5555555555555555
uniform_rapid_fasca_kd,51,31,joint_channel_dropout_30,0.2222222222222222
uniform_rapid_fasca_kd,51,37,joint_channel_dropout_30,0.5555555555555555
uniform_rapid_fasca_kd,51,52,joint_channel_dropout_30,1.0
uniform_rapid_fasca_kd,51,55,joint_channel_dropout_30,0.2222222222222222
uniform_rapid_fasca_kd,51,57,joint_channel_dropout_30,0.2222222222222222
uniform_rapid_fasca_kd,51,58,joint_channel_dropout_30,0.2222222222222222
uniform_rapid_fasca_kd,51,8,joint_structured_dropout_30,0.0
uniform_rapid_fasca_kd,51,11,joint_structured_dropout_30,0.6666666666666666
uniform_rapid_fasca_kd,51,12,joint_structured_dropout_30,1.0
uniform_rapid_fasca_kd,51,13,joint_structured_dropout_30,0.2222222222222222
uniform_rapid_fasca_kd,51,30,joint_structured_dropout_30,0.5555555555555555
uniform_rapid_fasca_kd,51,31,joint_structured_dropout_30,1.0
uniform_rapid_fasca_kd,51,37,joint_structured_dropout_30,0.5555555555555555
uniform_rapid_fasca_kd,51,52,joint_structured_dropout_30,0.5555555555555555
uniform_rapid_fasca_kd,51,55,joint_structured_dropout_30,0.2222222222222222
uniform_rapid_fasca_kd,51,57,joint_structured_dropout_30,1.0
uniform_rapid_fasca_kd,51,58,joint_structured_dropout_30,1.0
uniform_rapid_fasca_kd,51,8,joint_packet_loss_30,0.3333333333333333
uniform_rapid_fasca_kd,51,11,joint_packet_loss_30,0.6666666666666666
uniform_rapid_fasca_kd,51,12,joint_packet_loss_30,1.0
uniform_rapid_fasca_kd,51,13,joint_packet_loss_30,1.0
uniform_rapid_fasca_kd,51,30,joint_packet_loss_30,1.0
uniform_rapid_fasca_kd,51,31,joint_packet_loss_30,1.0
uniform_rapid_fasca_kd,51,37,joint_packet_loss_30,1.0
uniform_rapid_fasca_kd,51,52,joint_packet_loss_30,1.0
uniform_rapid_fasca_kd,51,55,joint_packet_loss_30,0.5555555555555555
uniform_rapid_fasca_kd,51,57,joint_packet_loss_30,1.0
uniform_rapid_fasca_kd,51,58,joint_packet_loss_30,1.0
uniform_rapid_fasca_kd,51,8,joint_shift_250ms,0.3333333333333333
uniform_rapid_fasca_kd,51,11,joint_shift_250ms,0.6666666666666666
uniform_rapid_fasca_kd,51,12,joint_shift_250ms,1.0
uniform_rapid_fasca_kd,51,13,joint_shift_250ms,1.0
uniform_rapid_fasca_kd,51,30,joint_shift_250ms,1.0
uniform_rapid_fasca_kd,51,31,joint_shift_250ms,1.0
uniform_rapid_fasca_kd,51,37,joint_shift_250ms,1.0
uniform_rapid_fasca_kd,51,52,joint_shift_250ms,1.0
uniform_rapid_fasca_kd,51,55,joint_shift_250ms,1.0
uniform_rapid_fasca_kd,51,57,joint_shift_250ms,1.0
uniform_rapid_fasca_kd,51,58,joint_shift_250ms,1.0
uniform_rapid_fasca_kd,51,8,joint_gain_1.5,0.3333333333333333
uniform_rapid_fasca_kd,51,11,joint_gain_1.5,0.6666666666666666
uniform_rapid_fasca_kd,51,12,joint_gain_1.5,0.2222222222222222
uniform_rapid_fasca_kd,51,13,joint_gain_1.5,1.0
uniform_rapid_fasca_kd,51,30,joint_gain_1.5,0.2222222222222222
uniform_rapid_fasca_kd,51,31,joint_gain_1.5,0.5555555555555555
uniform_rapid_fasca_kd,51,37,joint_gain_1.5,0.2222222222222222
uniform_rapid_fasca_kd,51,52,joint_gain_1.5,0.2222222222222222
uniform_rapid_fasca_kd,51,55,joint_gain_1.5,1.0
uniform_rapid_fasca_kd,51,57,joint_gain_1.5,0.5555555555555555
uniform_rapid_fasca_kd,51,58,joint_gain_1.5,0.5555555555555555
uniform_rapid_fasca_kd,52,8,joint_noise_10db,0.3333333333333333
uniform_rapid_fasca_kd,52,11,joint_noise_10db,0.6666666666666666
uniform_rapid_fasca_kd,52,12,joint_noise_10db,1.0
uniform_rapid_fasca_kd,52,13,joint_noise_10db,1.0
uniform_rapid_fasca_kd,52,30,joint_noise_10db,1.0
uniform_rapid_fasca_kd,52,31,joint_noise_10db,1.0
uniform_rapid_fasca_kd,52,37,joint_noise_10db,1.0
uniform_rapid_fasca_kd,52,52,joint_noise_10db,1.0
uniform_rapid_fasca_kd,52,55,joint_noise_10db,1.0
uniform_rapid_fasca_kd,52,57,joint_noise_10db,1.0
uniform_rapid_fasca_kd,52,58,joint_noise_10db,1.0
uniform_rapid_fasca_kd,52,8,joint_channel_dropout_30,0.0
uniform_rapid_fasca_kd,52,11,joint_channel_dropout_30,0.2222222222222222
uniform_rapid_fasca_kd,52,12,joint_channel_dropout_30,1.0
uniform_rapid_fasca_kd,52,13,joint_channel_dropout_30,1.0
uniform_rapid_fasca_kd,52,30,joint_channel_dropout_30,0.5555555555555555
uniform_rapid_fasca_kd,52,31,joint_channel_dropout_30,0.2222222222222222
uniform_rapid_fasca_kd,52,37,joint_channel_dropout_30,0.5555555555555555
uniform_rapid_fasca_kd,52,52,joint_channel_dropout_30,0.5555555555555555
uniform_rapid_fasca_kd,52,55,joint_channel_dropout_30,0.2222222222222222
uniform_rapid_fasca_kd,52,57,joint_channel_dropout_30,0.2222222222222222
uniform_rapid_fasca_kd,52,58,joint_channel_dropout_30,0.2222222222222222
uniform_rapid_fasca_kd,52,8,joint_structured_dropout_30,0.0
uniform_rapid_fasca_kd,52,11,joint_structured_dropout_30,0.2222222222222222
uniform_rapid_fasca_kd,52,12,joint_structured_dropout_30,1.0
uniform_rapid_fasca_kd,52,13,joint_structured_dropout_30,0.2222222222222222
uniform_rapid_fasca_kd,52,30,joint_structured_dropout_30,0.5555555555555555
uniform_rapid_fasca_kd,52,31,joint_structured_dropout_30,1.0
uniform_rapid_fasca_kd,52,37,joint_structured_dropout_30,0.5555555555555555
uniform_rapid_fasca_kd,52,52,joint_structured_dropout_30,0.5555555555555555
uniform_rapid_fasca_kd,52,55,joint_structured_dropout_30,0.2222222222222222
uniform_rapid_fasca_kd,52,57,joint_structured_dropout_30,1.0
uniform_rapid_fasca_kd,52,58,joint_structured_dropout_30,1.0
uniform_rapid_fasca_kd,52,8,joint_packet_loss_30,0.3333333333333333
uniform_rapid_fasca_kd,52,11,joint_packet_loss_30,0.6666666666666666
uniform_rapid_fasca_kd,52,12,joint_packet_loss_30,1.0
uniform_rapid_fasca_kd,52,13,joint_packet_loss_30,1.0
uniform_rapid_fasca_kd,52,30,joint_packet_loss_30,1.0
uniform_rapid_fasca_kd,52,31,joint_packet_loss_30,1.0
uniform_rapid_fasca_kd,52,37,joint_packet_loss_30,1.0
uniform_rapid_fasca_kd,52,52,joint_packet_loss_30,1.0
uniform_rapid_fasca_kd,52,55,joint_packet_loss_30,0.5555555555555555
uniform_rapid_fasca_kd,52,57,joint_packet_loss_30,1.0
uniform_rapid_fasca_kd,52,58,joint_packet_loss_30,1.0
uniform_rapid_fasca_kd,52,8,joint_shift_250ms,0.3333333333333333
uniform_rapid_fasca_kd,52,11,joint_shift_250ms,0.6666666666666666
uniform_rapid_fasca_kd,52,12,joint_shift_250ms,1.0
uniform_rapid_fasca_kd,52,13,joint_shift_250ms,1.0
uniform_rapid_fasca_kd,52,30,joint_shift_250ms,1.0
uniform_rapid_fasca_kd,52,31,joint_shift_250ms,1.0
uniform_rapid_fasca_kd,52,37,joint_shift_250ms,1.0
uniform_rapid_fasca_kd,52,52,joint_shift_250ms,1.0
uniform_rapid_fasca_kd,52,55,joint_shift_250ms,1.0
uniform_rapid_fasca_kd,52,57,joint_shift_250ms,1.0
uniform_rapid_fasca_kd,52,58,joint_shift_250ms,1.0
uniform_rapid_fasca_kd,52,8,joint_gain_1.5,0.3333333333333333
uniform_rapid_fasca_kd,52,11,joint_gain_1.5,0.6666666666666666
uniform_rapid_fasca_kd,52,12,joint_gain_1.5,0.2222222222222222
uniform_rapid_fasca_kd,52,13,joint_gain_1.5,1.0
uniform_rapid_fasca_kd,52,30,joint_gain_1.5,0.2222222222222222
uniform_rapid_fasca_kd,52,31,joint_gain_1.5,0.2222222222222222
uniform_rapid_fasca_kd,52,37,joint_gain_1.5,0.2222222222222222
uniform_rapid_fasca_kd,52,52,joint_gain_1.5,0.2222222222222222
uniform_rapid_fasca_kd,52,55,joint_gain_1.5,1.0
uniform_rapid_fasca_kd,52,57,joint_gain_1.5,0.2222222222222222
uniform_rapid_fasca_kd,52,58,joint_gain_1.5,0.2222222222222222
uniform_rapid_fasca_kd,53,8,joint_noise_10db,0.3333333333333333
uniform_rapid_fasca_kd,53,11,joint_noise_10db,0.6666666666666666
uniform_rapid_fasca_kd,53,12,joint_noise_10db,0.5555555555555555
uniform_rapid_fasca_kd,53,13,joint_noise_10db,1.0
uniform_rapid_fasca_kd,53,30,joint_noise_10db,1.0
uniform_rapid_fasca_kd,53,31,joint_noise_10db,1.0
uniform_rapid_fasca_kd,53,37,joint_noise_10db,1.0
uniform_rapid_fasca_kd,53,52,joint_noise_10db,1.0
uniform_rapid_fasca_kd,53,55,joint_noise_10db,1.0
uniform_rapid_fasca_kd,53,57,joint_noise_10db,1.0
uniform_rapid_fasca_kd,53,58,joint_noise_10db,1.0
uniform_rapid_fasca_kd,53,8,joint_channel_dropout_30,0.0
uniform_rapid_fasca_kd,53,11,joint_channel_dropout_30,0.2222222222222222
uniform_rapid_fasca_kd,53,12,joint_channel_dropout_30,0.5555555555555555
uniform_rapid_fasca_kd,53,13,joint_channel_dropout_30,0.5555555555555555
uniform_rapid_fasca_kd,53,30,joint_channel_dropout_30,0.5555555555555555
uniform_rapid_fasca_kd,53,31,joint_channel_dropout_30,0.5555555555555555
uniform_rapid_fasca_kd,53,37,joint_channel_dropout_30,0.2222222222222222
uniform_rapid_fasca_kd,53,52,joint_channel_dropout_30,0.5555555555555555
uniform_rapid_fasca_kd,53,55,joint_channel_dropout_30,0.16666666666666666
uniform_rapid_fasca_kd,53,57,joint_channel_dropout_30,0.2222222222222222
uniform_rapid_fasca_kd,53,58,joint_channel_dropout_30,0.2222222222222222
uniform_rapid_fasca_kd,53,8,joint_structured_dropout_30,0.0
uniform_rapid_fasca_kd,53,11,joint_structured_dropout_30,0.2222222222222222
uniform_rapid_fasca_kd,53,12,joint_structured_dropout_30,0.5555555555555555
uniform_rapid_fasca_kd,53,13,joint_structured_dropout_30,0.2222222222222222
uniform_rapid_fasca_kd,53,30,joint_structured_dropout_30,0.5555555555555555
uniform_rapid_fasca_kd,53,31,joint_structured_dropout_30,0.5555555555555555
uniform_rapid_fasca_kd,53,37,joint_structured_dropout_30,0.5555555555555555
uniform_rapid_fasca_kd,53,52,joint_structured_dropout_30,0.5555555555555555
uniform_rapid_fasca_kd,53,55,joint_structured_dropout_30,0.2222222222222222
uniform_rapid_fasca_kd,53,57,joint_structured_dropout_30,0.5555555555555555
uniform_rapid_fasca_kd,53,58,joint_structured_dropout_30,1.0
uniform_rapid_fasca_kd,53,8,joint_packet_loss_30,0.3333333333333333
uniform_rapid_fasca_kd,53,11,joint_packet_loss_30,0.2222222222222222
uniform_rapid_fasca_kd,53,12,joint_packet_loss_30,1.0
uniform_rapid_fasca_kd,53,13,joint_packet_loss_30,1.0
uniform_rapid_fasca_kd,53,30,joint_packet_loss_30,1.0
uniform_rapid_fasca_kd,53,31,joint_packet_loss_30,1.0
uniform_rapid_fasca_kd,53,37,joint_packet_loss_30,0.5555555555555555
uniform_rapid_fasca_kd,53,52,joint_packet_loss_30,1.0
uniform_rapid_fasca_kd,53,55,joint_packet_loss_30,0.5555555555555555
uniform_rapid_fasca_kd,53,57,joint_packet_loss_30,1.0
uniform_rapid_fasca_kd,53,58,joint_packet_loss_30,1.0
uniform_rapid_fasca_kd,53,8,joint_shift_250ms,0.3333333333333333
uniform_rapid_fasca_kd,53,11,joint_shift_250ms,0.6666666666666666
uniform_rapid_fasca_kd,53,12,joint_shift_250ms,1.0
uniform_rapid_fasca_kd,53,13,joint_shift_250ms,1.0
uniform_rapid_fasca_kd,53,30,joint_shift_250ms,1.0
uniform_rapid_fasca_kd,53,31,joint_shift_250ms,1.0
uniform_rapid_fasca_kd,53,37,joint_shift_250ms,1.0
uniform_rapid_fasca_kd,53,52,joint_shift_250ms,1.0
uniform_rapid_fasca_kd,53,55,joint_shift_250ms,0.5555555555555555
uniform_rapid_fasca_kd,53,57,joint_shift_250ms,1.0
uniform_rapid_fasca_kd,53,58,joint_shift_250ms,1.0
uniform_rapid_fasca_kd,53,8,joint_gain_1.5,0.3333333333333333
uniform_rapid_fasca_kd,53,11,joint_gain_1.5,0.6666666666666666
uniform_rapid_fasca_kd,53,12,joint_gain_1.5,0.2222222222222222
uniform_rapid_fasca_kd,53,13,joint_gain_1.5,0.2222222222222222
uniform_rapid_fasca_kd,53,30,joint_gain_1.5,0.2222222222222222
uniform_rapid_fasca_kd,53,31,joint_gain_1.5,0.2222222222222222
uniform_rapid_fasca_kd,53,37,joint_gain_1.5,0.5555555555555555
uniform_rapid_fasca_kd,53,52,joint_gain_1.5,0.2222222222222222
uniform_rapid_fasca_kd,53,55,joint_gain_1.5,0.5555555555555555
uniform_rapid_fasca_kd,53,57,joint_gain_1.5,0.2222222222222222
uniform_rapid_fasca_kd,53,58,joint_gain_1.5,0.2222222222222222
sensor_aug_kd,51,1,clean,1.0
sensor_aug_kd,51,10,clean,1.0
sensor_aug_kd,51,15,clean,1.0
sensor_aug_kd,51,19,clean,1.0
sensor_aug_kd,51,36,clean,0.5555555555555555
sensor_aug_kd,51,39,clean,1.0
sensor_aug_kd,51,40,clean,1.0
sensor_aug_kd,51,43,clean,0.6666666666666666
sensor_aug_kd,51,48,clean,1.0
sensor_aug_kd,51,49,clean,1.0
sensor_aug_kd,51,59,clean,1.0
sensor_aug_kd,52,1,clean,1.0
sensor_aug_kd,52,10,clean,1.0
sensor_aug_kd,52,15,clean,1.0
sensor_aug_kd,52,19,clean,1.0
sensor_aug_kd,52,36,clean,0.5555555555555555
sensor_aug_kd,52,39,clean,1.0
sensor_aug_kd,52,40,clean,1.0
sensor_aug_kd,52,43,clean,0.6666666666666666
sensor_aug_kd,52,48,clean,1.0
sensor_aug_kd,52,49,clean,0.5555555555555555
sensor_aug_kd,52,59,clean,1.0
sensor_aug_kd,53,1,clean,1.0
sensor_aug_kd,53,10,clean,1.0
sensor_aug_kd,53,15,clean,1.0
sensor_aug_kd,53,19,clean,1.0
sensor_aug_kd,53,36,clean,0.5555555555555555
sensor_aug_kd,53,39,clean,0.5555555555555555
sensor_aug_kd,53,40,clean,1.0
sensor_aug_kd,53,43,clean,0.6666666666666666
sensor_aug_kd,53,48,clean,1.0
sensor_aug_kd,53,49,clean,0.5555555555555555
sensor_aug_kd,53,59,clean,1.0
sensor_aug_kd,51,3,clean,0.3333333333333333
sensor_aug_kd,51,7,clean,1.0
sensor_aug_kd,51,14,clean,1.0
sensor_aug_kd,51,16,clean,1.0
sensor_aug_kd,51,21,clean,1.0
sensor_aug_kd,51,25,clean,0.5555555555555555
sensor_aug_kd,51,26,clean,0.5555555555555555
sensor_aug_kd,51,27,clean,1.0
sensor_aug_kd,51,29,clean,0.5555555555555555
sensor_aug_kd,51,38,clean,1.0
sensor_aug_kd,51,46,clean,1.0
sensor_aug_kd,52,3,clean,0.3333333333333333
sensor_aug_kd,52,7,clean,1.0
sensor_aug_kd,52,14,clean,1.0
sensor_aug_kd,52,16,clean,1.0
sensor_aug_kd,52,21,clean,0.5555555555555555
sensor_aug_kd,52,25,clean,0.5555555555555555
sensor_aug_kd,52,26,clean,0.5555555555555555
sensor_aug_kd,52,27,clean,1.0
sensor_aug_kd,52,29,clean,0.5555555555555555
sensor_aug_kd,52,38,clean,1.0
sensor_aug_kd,52,46,clean,1.0
sensor_aug_kd,53,3,clean,0.3333333333333333
sensor_aug_kd,53,7,clean,1.0
sensor_aug_kd,53,14,clean,1.0
sensor_aug_kd,53,16,clean,1.0
sensor_aug_kd,53,21,clean,0.5555555555555555
sensor_aug_kd,53,25,clean,1.0
sensor_aug_kd,53,26,clean,0.5555555555555555
sensor_aug_kd,53,27,clean,1.0
sensor_aug_kd,53,29,clean,0.5555555555555555
sensor_aug_kd,53,38,clean,1.0
sensor_aug_kd,53,46,clean,1.0
sensor_aug_kd,51,4,clean,1.0
sensor_aug_kd,51,5,clean,1.0
sensor_aug_kd,51,6,clean,1.0
sensor_aug_kd,51,9,clean,1.0
sensor_aug_kd,51,17,clean,1.0
sensor_aug_kd,51,18,clean,1.0
sensor_aug_kd,51,32,clean,0.6666666666666666
sensor_aug_kd,51,33,clean,1.0
sensor_aug_kd,51,35,clean,1.0
sensor_aug_kd,51,44,clean,1.0
sensor_aug_kd,51,53,clean,1.0
sensor_aug_kd,52,4,clean,1.0
sensor_aug_kd,52,5,clean,1.0
sensor_aug_kd,52,6,clean,0.5555555555555555
sensor_aug_kd,52,9,clean,1.0
sensor_aug_kd,52,17,clean,1.0
sensor_aug_kd,52,18,clean,1.0
sensor_aug_kd,52,32,clean,0.6666666666666666
sensor_aug_kd,52,33,clean,1.0
sensor_aug_kd,52,35,clean,1.0
sensor_aug_kd,52,44,clean,1.0
sensor_aug_kd,52,53,clean,0.5555555555555555
sensor_aug_kd,53,4,clean,1.0
sensor_aug_kd,53,5,clean,1.0
sensor_aug_kd,53,6,clean,1.0
sensor_aug_kd,53,9,clean,1.0
sensor_aug_kd,53,17,clean,1.0
sensor_aug_kd,53,18,clean,1.0
sensor_aug_kd,53,32,clean,0.6666666666666666
sensor_aug_kd,53,33,clean,1.0
sensor_aug_kd,53,35,clean,1.0
sensor_aug_kd,53,44,clean,1.0
sensor_aug_kd,53,53,clean,1.0
sensor_aug_kd,51,20,clean,1.0
sensor_aug_kd,51,22,clean,1.0
sensor_aug_kd,51,23,clean,1.0
sensor_aug_kd,51,28,clean,1.0
sensor_aug_kd,51,34,clean,1.0
sensor_aug_kd,51,41,clean,1.0
sensor_aug_kd,51,42,clean,1.0
sensor_aug_kd,51,45,clean,0.6666666666666666
sensor_aug_kd,51,51,clean,1.0
sensor_aug_kd,51,54,clean,1.0
sensor_aug_kd,51,56,clean,1.0
sensor_aug_kd,52,20,clean,1.0
sensor_aug_kd,52,22,clean,1.0
sensor_aug_kd,52,23,clean,1.0
sensor_aug_kd,52,28,clean,1.0
sensor_aug_kd,52,34,clean,1.0
sensor_aug_kd,52,41,clean,1.0
sensor_aug_kd,52,42,clean,0.5555555555555555
sensor_aug_kd,52,45,clean,0.6666666666666666
sensor_aug_kd,52,51,clean,1.0
sensor_aug_kd,52,54,clean,1.0
sensor_aug_kd,52,56,clean,1.0
sensor_aug_kd,53,20,clean,1.0
sensor_aug_kd,53,22,clean,1.0
sensor_aug_kd,53,23,clean,1.0
sensor_aug_kd,53,28,clean,1.0
sensor_aug_kd,53,34,clean,1.0
sensor_aug_kd,53,41,clean,1.0
sensor_aug_kd,53,42,clean,1.0
sensor_aug_kd,53,45,clean,0.6666666666666666
sensor_aug_kd,53,51,clean,1.0
sensor_aug_kd,53,54,clean,1.0
sensor_aug_kd,53,56,clean,1.0
sensor_aug_kd,51,8,clean,0.0
sensor_aug_kd,51,11,clean,0.6666666666666666
sensor_aug_kd,51,12,clean,1.0
sensor_aug_kd,51,13,clean,1.0
sensor_aug_kd,51,30,clean,0.5555555555555555
sensor_aug_kd,51,31,clean,1.0
sensor_aug_kd,51,37,clean,1.0
sensor_aug_kd,51,52,clean,1.0
sensor_aug_kd,51,55,clean,1.0
sensor_aug_kd,51,57,clean,1.0
sensor_aug_kd,51,58,clean,1.0
sensor_aug_kd,52,8,clean,0.0
sensor_aug_kd,52,11,clean,0.6666666666666666
sensor_aug_kd,52,12,clean,1.0
sensor_aug_kd,52,13,clean,1.0
sensor_aug_kd,52,30,clean,1.0
sensor_aug_kd,52,31,clean,1.0
sensor_aug_kd,52,37,clean,1.0
sensor_aug_kd,52,52,clean,1.0
sensor_aug_kd,52,55,clean,1.0
sensor_aug_kd,52,57,clean,1.0
sensor_aug_kd,52,58,clean,1.0
sensor_aug_kd,53,8,clean,0.3333333333333333
sensor_aug_kd,53,11,clean,0.6666666666666666
sensor_aug_kd,53,12,clean,1.0
sensor_aug_kd,53,13,clean,1.0
sensor_aug_kd,53,30,clean,1.0
sensor_aug_kd,53,31,clean,1.0
sensor_aug_kd,53,37,clean,1.0
sensor_aug_kd,53,52,clean,1.0
sensor_aug_kd,53,55,clean,1.0
sensor_aug_kd,53,57,clean,1.0
sensor_aug_kd,53,58,clean,1.0
moddrop_fasca_kd,51,1,clean,1.0
moddrop_fasca_kd,51,10,clean,0.5555555555555555
moddrop_fasca_kd,51,15,clean,1.0
moddrop_fasca_kd,51,19,clean,1.0
moddrop_fasca_kd,51,36,clean,1.0
moddrop_fasca_kd,51,39,clean,1.0
moddrop_fasca_kd,51,40,clean,1.0
moddrop_fasca_kd,51,43,clean,0.6666666666666666
moddrop_fasca_kd,51,48,clean,1.0
moddrop_fasca_kd,51,49,clean,1.0
moddrop_fasca_kd,51,59,clean,1.0
moddrop_fasca_kd,52,1,clean,1.0
moddrop_fasca_kd,52,10,clean,1.0
moddrop_fasca_kd,52,15,clean,1.0
moddrop_fasca_kd,52,19,clean,1.0
moddrop_fasca_kd,52,36,clean,1.0
moddrop_fasca_kd,52,39,clean,1.0
moddrop_fasca_kd,52,40,clean,1.0
moddrop_fasca_kd,52,43,clean,0.6666666666666666
moddrop_fasca_kd,52,48,clean,1.0
moddrop_fasca_kd,52,49,clean,1.0
moddrop_fasca_kd,52,59,clean,1.0
moddrop_fasca_kd,53,1,clean,1.0
moddrop_fasca_kd,53,10,clean,1.0
moddrop_fasca_kd,53,15,clean,1.0
moddrop_fasca_kd,53,19,clean,1.0
moddrop_fasca_kd,53,36,clean,1.0
moddrop_fasca_kd,53,39,clean,1.0
moddrop_fasca_kd,53,40,clean,1.0
moddrop_fasca_kd,53,43,clean,0.6666666666666666
moddrop_fasca_kd,53,48,clean,1.0
moddrop_fasca_kd,53,49,clean,1.0
moddrop_fasca_kd,53,59,clean,1.0
moddrop_fasca_kd,51,3,clean,0.3333333333333333
moddrop_fasca_kd,51,7,clean,1.0
moddrop_fasca_kd,51,14,clean,1.0
moddrop_fasca_kd,51,16,clean,1.0
moddrop_fasca_kd,51,21,clean,1.0
moddrop_fasca_kd,51,25,clean,1.0
moddrop_fasca_kd,51,26,clean,0.2222222222222222
moddrop_fasca_kd,51,27,clean,1.0
moddrop_fasca_kd,51,29,clean,0.2222222222222222
moddrop_fasca_kd,51,38,clean,1.0
moddrop_fasca_kd,51,46,clean,1.0
moddrop_fasca_kd,52,3,clean,0.3333333333333333
moddrop_fasca_kd,52,7,clean,1.0
moddrop_fasca_kd,52,14,clean,1.0
moddrop_fasca_kd,52,16,clean,1.0
moddrop_fasca_kd,52,21,clean,0.5555555555555555
moddrop_fasca_kd,52,25,clean,0.5555555555555555
moddrop_fasca_kd,52,26,clean,0.5555555555555555
moddrop_fasca_kd,52,27,clean,1.0
moddrop_fasca_kd,52,29,clean,0.5555555555555555
moddrop_fasca_kd,52,38,clean,1.0
moddrop_fasca_kd,52,46,clean,1.0
moddrop_fasca_kd,53,3,clean,0.3333333333333333
moddrop_fasca_kd,53,7,clean,1.0
moddrop_fasca_kd,53,14,clean,1.0
moddrop_fasca_kd,53,16,clean,1.0
moddrop_fasca_kd,53,21,clean,1.0
moddrop_fasca_kd,53,25,clean,0.5555555555555555
moddrop_fasca_kd,53,26,clean,0.5555555555555555
moddrop_fasca_kd,53,27,clean,1.0
moddrop_fasca_kd,53,29,clean,0.5555555555555555
moddrop_fasca_kd,53,38,clean,1.0
moddrop_fasca_kd,53,46,clean,1.0
moddrop_fasca_kd,51,4,clean,1.0
moddrop_fasca_kd,51,5,clean,1.0
moddrop_fasca_kd,51,6,clean,1.0
moddrop_fasca_kd,51,9,clean,1.0
moddrop_fasca_kd,51,17,clean,1.0
moddrop_fasca_kd,51,18,clean,1.0
moddrop_fasca_kd,51,32,clean,0.6666666666666666
moddrop_fasca_kd,51,33,clean,1.0
moddrop_fasca_kd,51,35,clean,1.0
moddrop_fasca_kd,51,44,clean,1.0
moddrop_fasca_kd,51,53,clean,1.0
moddrop_fasca_kd,52,4,clean,1.0
moddrop_fasca_kd,52,5,clean,1.0
moddrop_fasca_kd,52,6,clean,1.0
moddrop_fasca_kd,52,9,clean,1.0
moddrop_fasca_kd,52,17,clean,1.0
moddrop_fasca_kd,52,18,clean,1.0
moddrop_fasca_kd,52,32,clean,0.6666666666666666
moddrop_fasca_kd,52,33,clean,1.0
moddrop_fasca_kd,52,35,clean,1.0
moddrop_fasca_kd,52,44,clean,1.0
moddrop_fasca_kd,52,53,clean,1.0
moddrop_fasca_kd,53,4,clean,1.0
moddrop_fasca_kd,53,5,clean,1.0
moddrop_fasca_kd,53,6,clean,0.5555555555555555
moddrop_fasca_kd,53,9,clean,1.0
moddrop_fasca_kd,53,17,clean,0.5555555555555555
moddrop_fasca_kd,53,18,clean,1.0
moddrop_fasca_kd,53,32,clean,0.6666666666666666
moddrop_fasca_kd,53,33,clean,1.0
moddrop_fasca_kd,53,35,clean,1.0
moddrop_fasca_kd,53,44,clean,1.0
moddrop_fasca_kd,53,53,clean,0.5555555555555555
moddrop_fasca_kd,51,20,clean,1.0
moddrop_fasca_kd,51,22,clean,1.0
moddrop_fasca_kd,51,23,clean,1.0
moddrop_fasca_kd,51,28,clean,1.0
moddrop_fasca_kd,51,34,clean,1.0
moddrop_fasca_kd,51,41,clean,1.0
moddrop_fasca_kd,51,42,clean,1.0
moddrop_fasca_kd,51,45,clean,0.6666666666666666
moddrop_fasca_kd,51,51,clean,1.0
moddrop_fasca_kd,51,54,clean,1.0
moddrop_fasca_kd,51,56,clean,1.0
moddrop_fasca_kd,52,20,clean,1.0
moddrop_fasca_kd,52,22,clean,1.0
moddrop_fasca_kd,52,23,clean,1.0
moddrop_fasca_kd,52,28,clean,1.0
moddrop_fasca_kd,52,34,clean,1.0
moddrop_fasca_kd,52,41,clean,1.0
moddrop_fasca_kd,52,42,clean,1.0
moddrop_fasca_kd,52,45,clean,0.6666666666666666
moddrop_fasca_kd,52,51,clean,1.0
moddrop_fasca_kd,52,54,clean,1.0
moddrop_fasca_kd,52,56,clean,1.0
moddrop_fasca_kd,53,20,clean,1.0
moddrop_fasca_kd,53,22,clean,1.0
moddrop_fasca_kd,53,23,clean,1.0
moddrop_fasca_kd,53,28,clean,1.0
moddrop_fasca_kd,53,34,clean,1.0
moddrop_fasca_kd,53,41,clean,1.0
moddrop_fasca_kd,53,42,clean,1.0
moddrop_fasca_kd,53,45,clean,0.6666666666666666
moddrop_fasca_kd,53,51,clean,1.0
moddrop_fasca_kd,53,54,clean,1.0
moddrop_fasca_kd,53,56,clean,1.0
moddrop_fasca_kd,51,8,clean,0.3333333333333333
moddrop_fasca_kd,51,11,clean,0.6666666666666666
moddrop_fasca_kd,51,12,clean,1.0
moddrop_fasca_kd,51,13,clean,1.0
moddrop_fasca_kd,51,30,clean,1.0
moddrop_fasca_kd,51,31,clean,1.0
moddrop_fasca_kd,51,37,clean,1.0
moddrop_fasca_kd,51,52,clean,1.0
moddrop_fasca_kd,51,55,clean,0.5555555555555555
moddrop_fasca_kd,51,57,clean,1.0
moddrop_fasca_kd,51,58,clean,1.0
moddrop_fasca_kd,52,8,clean,0.3333333333333333
moddrop_fasca_kd,52,11,clean,0.6666666666666666
moddrop_fasca_kd,52,12,clean,1.0
moddrop_fasca_kd,52,13,clean,1.0
moddrop_fasca_kd,52,30,clean,1.0
moddrop_fasca_kd,52,31,clean,1.0
moddrop_fasca_kd,52,37,clean,1.0
moddrop_fasca_kd,52,52,clean,1.0
moddrop_fasca_kd,52,55,clean,1.0
moddrop_fasca_kd,52,57,clean,1.0
moddrop_fasca_kd,52,58,clean,1.0
moddrop_fasca_kd,53,8,clean,0.3333333333333333
moddrop_fasca_kd,53,11,clean,0.6666666666666666
moddrop_fasca_kd,53,12,clean,1.0
moddrop_fasca_kd,53,13,clean,1.0
moddrop_fasca_kd,53,30,clean,1.0
moddrop_fasca_kd,53,31,clean,1.0
moddrop_fasca_kd,53,37,clean,1.0
moddrop_fasca_kd,53,52,clean,1.0
moddrop_fasca_kd,53,55,clean,1.0
moddrop_fasca_kd,53,57,clean,1.0
moddrop_fasca_kd,53,58,clean,1.0
embracenet_fasca_kd,51,1,clean,1.0
embracenet_fasca_kd,51,10,clean,1.0
embracenet_fasca_kd,51,15,clean,1.0
embracenet_fasca_kd,51,19,clean,1.0
embracenet_fasca_kd,51,36,clean,1.0
embracenet_fasca_kd,51,39,clean,1.0
embracenet_fasca_kd,51,40,clean,1.0
embracenet_fasca_kd,51,43,clean,0.6666666666666666
embracenet_fasca_kd,51,48,clean,1.0
embracenet_fasca_kd,51,49,clean,1.0
embracenet_fasca_kd,51,59,clean,1.0
embracenet_fasca_kd,52,1,clean,1.0
embracenet_fasca_kd,52,10,clean,1.0
embracenet_fasca_kd,52,15,clean,1.0
embracenet_fasca_kd,52,19,clean,1.0
embracenet_fasca_kd,52,36,clean,1.0
embracenet_fasca_kd,52,39,clean,1.0
embracenet_fasca_kd,52,40,clean,1.0
embracenet_fasca_kd,52,43,clean,0.6666666666666666
embracenet_fasca_kd,52,48,clean,1.0
embracenet_fasca_kd,52,49,clean,1.0
embracenet_fasca_kd,52,59,clean,1.0
embracenet_fasca_kd,53,1,clean,1.0
embracenet_fasca_kd,53,10,clean,1.0
embracenet_fasca_kd,53,15,clean,1.0
embracenet_fasca_kd,53,19,clean,1.0
embracenet_fasca_kd,53,36,clean,1.0
embracenet_fasca_kd,53,39,clean,1.0
embracenet_fasca_kd,53,40,clean,1.0
embracenet_fasca_kd,53,43,clean,0.6666666666666666
embracenet_fasca_kd,53,48,clean,1.0
embracenet_fasca_kd,53,49,clean,1.0
embracenet_fasca_kd,53,59,clean,1.0
embracenet_fasca_kd,51,3,clean,0.3333333333333333
embracenet_fasca_kd,51,7,clean,1.0
embracenet_fasca_kd,51,14,clean,1.0
embracenet_fasca_kd,51,16,clean,1.0
embracenet_fasca_kd,51,21,clean,1.0
embracenet_fasca_kd,51,25,clean,1.0
embracenet_fasca_kd,51,26,clean,0.2222222222222222
embracenet_fasca_kd,51,27,clean,1.0
embracenet_fasca_kd,51,29,clean,0.2222222222222222
embracenet_fasca_kd,51,38,clean,1.0
embracenet_fasca_kd,51,46,clean,1.0
embracenet_fasca_kd,52,3,clean,0.3333333333333333
embracenet_fasca_kd,52,7,clean,1.0
embracenet_fasca_kd,52,14,clean,1.0
embracenet_fasca_kd,52,16,clean,1.0
embracenet_fasca_kd,52,21,clean,1.0
embracenet_fasca_kd,52,25,clean,1.0
embracenet_fasca_kd,52,26,clean,0.5555555555555555
embracenet_fasca_kd,52,27,clean,1.0
embracenet_fasca_kd,52,29,clean,0.5555555555555555
embracenet_fasca_kd,52,38,clean,1.0
embracenet_fasca_kd,52,46,clean,1.0
embracenet_fasca_kd,53,3,clean,0.3333333333333333
embracenet_fasca_kd,53,7,clean,1.0
embracenet_fasca_kd,53,14,clean,1.0
embracenet_fasca_kd,53,16,clean,1.0
embracenet_fasca_kd,53,21,clean,0.5555555555555555
embracenet_fasca_kd,53,25,clean,0.5555555555555555
embracenet_fasca_kd,53,26,clean,0.2222222222222222
embracenet_fasca_kd,53,27,clean,1.0
embracenet_fasca_kd,53,29,clean,1.0
embracenet_fasca_kd,53,38,clean,1.0
embracenet_fasca_kd,53,46,clean,1.0
embracenet_fasca_kd,51,4,clean,1.0
embracenet_fasca_kd,51,5,clean,1.0
embracenet_fasca_kd,51,6,clean,1.0
embracenet_fasca_kd,51,9,clean,1.0
embracenet_fasca_kd,51,17,clean,1.0
embracenet_fasca_kd,51,18,clean,1.0
embracenet_fasca_kd,51,32,clean,0.6666666666666666
embracenet_fasca_kd,51,33,clean,1.0
embracenet_fasca_kd,51,35,clean,1.0
embracenet_fasca_kd,51,44,clean,1.0
embracenet_fasca_kd,51,53,clean,1.0
embracenet_fasca_kd,52,4,clean,1.0
embracenet_fasca_kd,52,5,clean,1.0
embracenet_fasca_kd,52,6,clean,1.0
embracenet_fasca_kd,52,9,clean,1.0
embracenet_fasca_kd,52,17,clean,1.0
embracenet_fasca_kd,52,18,clean,1.0
embracenet_fasca_kd,52,32,clean,0.6666666666666666
embracenet_fasca_kd,52,33,clean,1.0
embracenet_fasca_kd,52,35,clean,1.0
embracenet_fasca_kd,52,44,clean,1.0
embracenet_fasca_kd,52,53,clean,1.0
embracenet_fasca_kd,53,4,clean,1.0
embracenet_fasca_kd,53,5,clean,1.0
embracenet_fasca_kd,53,6,clean,1.0
embracenet_fasca_kd,53,9,clean,1.0
embracenet_fasca_kd,53,17,clean,1.0
embracenet_fasca_kd,53,18,clean,1.0
embracenet_fasca_kd,53,32,clean,0.6666666666666666
embracenet_fasca_kd,53,33,clean,1.0
embracenet_fasca_kd,53,35,clean,1.0
embracenet_fasca_kd,53,44,clean,1.0
embracenet_fasca_kd,53,53,clean,1.0
embracenet_fasca_kd,51,20,clean,1.0
embracenet_fasca_kd,51,22,clean,1.0
embracenet_fasca_kd,51,23,clean,1.0
embracenet_fasca_kd,51,28,clean,1.0
embracenet_fasca_kd,51,34,clean,1.0
embracenet_fasca_kd,51,41,clean,1.0
embracenet_fasca_kd,51,42,clean,1.0
embracenet_fasca_kd,51,45,clean,0.6666666666666666
embracenet_fasca_kd,51,51,clean,1.0
embracenet_fasca_kd,51,54,clean,1.0
embracenet_fasca_kd,51,56,clean,1.0
embracenet_fasca_kd,52,20,clean,1.0
embracenet_fasca_kd,52,22,clean,1.0
embracenet_fasca_kd,52,23,clean,1.0
embracenet_fasca_kd,52,28,clean,1.0
embracenet_fasca_kd,52,34,clean,1.0
embracenet_fasca_kd,52,41,clean,1.0
embracenet_fasca_kd,52,42,clean,1.0
embracenet_fasca_kd,52,45,clean,0.6666666666666666
embracenet_fasca_kd,52,51,clean,1.0
embracenet_fasca_kd,52,54,clean,1.0
embracenet_fasca_kd,52,56,clean,1.0
embracenet_fasca_kd,53,20,clean,1.0
embracenet_fasca_kd,53,22,clean,1.0
embracenet_fasca_kd,53,23,clean,1.0
embracenet_fasca_kd,53,28,clean,1.0
embracenet_fasca_kd,53,34,clean,1.0
embracenet_fasca_kd,53,41,clean,1.0
embracenet_fasca_kd,53,42,clean,1.0
embracenet_fasca_kd,53,45,clean,0.6666666666666666
embracenet_fasca_kd,53,51,clean,1.0
embracenet_fasca_kd,53,54,clean,1.0
embracenet_fasca_kd,53,56,clean,1.0
embracenet_fasca_kd,51,8,clean,0.3333333333333333
embracenet_fasca_kd,51,11,clean,0.6666666666666666
embracenet_fasca_kd,51,12,clean,1.0
embracenet_fasca_kd,51,13,clean,1.0
embracenet_fasca_kd,51,30,clean,1.0
embracenet_fasca_kd,51,31,clean,1.0
embracenet_fasca_kd,51,37,clean,1.0
embracenet_fasca_kd,51,52,clean,1.0
embracenet_fasca_kd,51,55,clean,1.0
embracenet_fasca_kd,51,57,clean,1.0
embracenet_fasca_kd,51,58,clean,1.0
embracenet_fasca_kd,52,8,clean,0.3333333333333333
embracenet_fasca_kd,52,11,clean,0.6666666666666666
embracenet_fasca_kd,52,12,clean,1.0
embracenet_fasca_kd,52,13,clean,1.0
embracenet_fasca_kd,52,30,clean,1.0
embracenet_fasca_kd,52,31,clean,1.0
embracenet_fasca_kd,52,37,clean,1.0
embracenet_fasca_kd,52,52,clean,1.0
embracenet_fasca_kd,52,55,clean,0.5555555555555555
embracenet_fasca_kd,52,57,clean,1.0
embracenet_fasca_kd,52,58,clean,1.0
embracenet_fasca_kd,53,8,clean,0.3333333333333333
embracenet_fasca_kd,53,11,clean,0.6666666666666666
embracenet_fasca_kd,53,12,clean,1.0
embracenet_fasca_kd,53,13,clean,1.0
embracenet_fasca_kd,53,30,clean,1.0
embracenet_fasca_kd,53,31,clean,1.0
embracenet_fasca_kd,53,37,clean,1.0
embracenet_fasca_kd,53,52,clean,1.0
embracenet_fasca_kd,53,55,clean,1.0
embracenet_fasca_kd,53,57,clean,1.0
embracenet_fasca_kd,53,58,clean,1.0
uniform_rapid_fasca_kd,51,1,clean,1.0
uniform_rapid_fasca_kd,51,10,clean,1.0
uniform_rapid_fasca_kd,51,15,clean,1.0
uniform_rapid_fasca_kd,51,19,clean,1.0
uniform_rapid_fasca_kd,51,36,clean,0.5555555555555555
uniform_rapid_fasca_kd,51,39,clean,1.0
uniform_rapid_fasca_kd,51,40,clean,1.0
uniform_rapid_fasca_kd,51,43,clean,0.6666666666666666
uniform_rapid_fasca_kd,51,48,clean,1.0
uniform_rapid_fasca_kd,51,49,clean,1.0
uniform_rapid_fasca_kd,51,59,clean,1.0
uniform_rapid_fasca_kd,52,1,clean,1.0
uniform_rapid_fasca_kd,52,10,clean,1.0
uniform_rapid_fasca_kd,52,15,clean,1.0
uniform_rapid_fasca_kd,52,19,clean,1.0
uniform_rapid_fasca_kd,52,36,clean,1.0
uniform_rapid_fasca_kd,52,39,clean,1.0
uniform_rapid_fasca_kd,52,40,clean,1.0
uniform_rapid_fasca_kd,52,43,clean,0.6666666666666666
uniform_rapid_fasca_kd,52,48,clean,1.0
uniform_rapid_fasca_kd,52,49,clean,1.0
uniform_rapid_fasca_kd,52,59,clean,1.0
uniform_rapid_fasca_kd,53,1,clean,1.0
uniform_rapid_fasca_kd,53,10,clean,1.0
uniform_rapid_fasca_kd,53,15,clean,1.0
uniform_rapid_fasca_kd,53,19,clean,1.0
uniform_rapid_fasca_kd,53,36,clean,0.5555555555555555
uniform_rapid_fasca_kd,53,39,clean,1.0
uniform_rapid_fasca_kd,53,40,clean,1.0
uniform_rapid_fasca_kd,53,43,clean,0.6666666666666666
uniform_rapid_fasca_kd,53,48,clean,1.0
uniform_rapid_fasca_kd,53,49,clean,1.0
uniform_rapid_fasca_kd,53,59,clean,1.0
uniform_rapid_fasca_kd,51,3,clean,0.3333333333333333
uniform_rapid_fasca_kd,51,7,clean,1.0
uniform_rapid_fasca_kd,51,14,clean,1.0
uniform_rapid_fasca_kd,51,16,clean,1.0
uniform_rapid_fasca_kd,51,21,clean,1.0
uniform_rapid_fasca_kd,51,25,clean,1.0
uniform_rapid_fasca_kd,51,26,clean,0.5555555555555555
uniform_rapid_fasca_kd,51,27,clean,1.0
uniform_rapid_fasca_kd,51,29,clean,0.5555555555555555
uniform_rapid_fasca_kd,51,38,clean,1.0
uniform_rapid_fasca_kd,51,46,clean,1.0
uniform_rapid_fasca_kd,52,3,clean,0.3333333333333333
uniform_rapid_fasca_kd,52,7,clean,1.0
uniform_rapid_fasca_kd,52,14,clean,1.0
uniform_rapid_fasca_kd,52,16,clean,1.0
uniform_rapid_fasca_kd,52,21,clean,0.5555555555555555
uniform_rapid_fasca_kd,52,25,clean,0.5555555555555555
uniform_rapid_fasca_kd,52,26,clean,1.0
uniform_rapid_fasca_kd,52,27,clean,1.0
uniform_rapid_fasca_kd,52,29,clean,0.5555555555555555
uniform_rapid_fasca_kd,52,38,clean,1.0
uniform_rapid_fasca_kd,52,46,clean,1.0
uniform_rapid_fasca_kd,53,3,clean,0.3333333333333333
uniform_rapid_fasca_kd,53,7,clean,1.0
uniform_rapid_fasca_kd,53,14,clean,1.0
uniform_rapid_fasca_kd,53,16,clean,1.0
uniform_rapid_fasca_kd,53,21,clean,1.0
uniform_rapid_fasca_kd,53,25,clean,1.0
uniform_rapid_fasca_kd,53,26,clean,0.5555555555555555
uniform_rapid_fasca_kd,53,27,clean,1.0
uniform_rapid_fasca_kd,53,29,clean,0.5555555555555555
uniform_rapid_fasca_kd,53,38,clean,1.0
uniform_rapid_fasca_kd,53,46,clean,1.0
uniform_rapid_fasca_kd,51,4,clean,1.0
uniform_rapid_fasca_kd,51,5,clean,1.0
uniform_rapid_fasca_kd,51,6,clean,1.0
uniform_rapid_fasca_kd,51,9,clean,1.0
uniform_rapid_fasca_kd,51,17,clean,1.0
uniform_rapid_fasca_kd,51,18,clean,1.0
uniform_rapid_fasca_kd,51,32,clean,0.6666666666666666
uniform_rapid_fasca_kd,51,33,clean,1.0
uniform_rapid_fasca_kd,51,35,clean,1.0
uniform_rapid_fasca_kd,51,44,clean,1.0
uniform_rapid_fasca_kd,51,53,clean,1.0
uniform_rapid_fasca_kd,52,4,clean,1.0
uniform_rapid_fasca_kd,52,5,clean,1.0
uniform_rapid_fasca_kd,52,6,clean,0.5555555555555555
uniform_rapid_fasca_kd,52,9,clean,1.0
uniform_rapid_fasca_kd,52,17,clean,1.0
uniform_rapid_fasca_kd,52,18,clean,1.0
uniform_rapid_fasca_kd,52,32,clean,0.6666666666666666
uniform_rapid_fasca_kd,52,33,clean,1.0
uniform_rapid_fasca_kd,52,35,clean,1.0
uniform_rapid_fasca_kd,52,44,clean,1.0
uniform_rapid_fasca_kd,52,53,clean,0.5555555555555555
uniform_rapid_fasca_kd,53,4,clean,1.0
uniform_rapid_fasca_kd,53,5,clean,1.0
uniform_rapid_fasca_kd,53,6,clean,1.0
uniform_rapid_fasca_kd,53,9,clean,1.0
uniform_rapid_fasca_kd,53,17,clean,1.0
uniform_rapid_fasca_kd,53,18,clean,1.0
uniform_rapid_fasca_kd,53,32,clean,0.6666666666666666
uniform_rapid_fasca_kd,53,33,clean,1.0
uniform_rapid_fasca_kd,53,35,clean,1.0
uniform_rapid_fasca_kd,53,44,clean,1.0
uniform_rapid_fasca_kd,53,53,clean,1.0
uniform_rapid_fasca_kd,51,20,clean,1.0
uniform_rapid_fasca_kd,51,22,clean,1.0
uniform_rapid_fasca_kd,51,23,clean,1.0
uniform_rapid_fasca_kd,51,28,clean,1.0
uniform_rapid_fasca_kd,51,34,clean,1.0
uniform_rapid_fasca_kd,51,41,clean,1.0
uniform_rapid_fasca_kd,51,42,clean,1.0
uniform_rapid_fasca_kd,51,45,clean,0.6666666666666666
uniform_rapid_fasca_kd,51,51,clean,1.0
uniform_rapid_fasca_kd,51,54,clean,1.0
uniform_rapid_fasca_kd,51,56,clean,1.0
uniform_rapid_fasca_kd,52,20,clean,1.0
uniform_rapid_fasca_kd,52,22,clean,1.0
uniform_rapid_fasca_kd,52,23,clean,1.0
uniform_rapid_fasca_kd,52,28,clean,1.0
uniform_rapid_fasca_kd,52,34,clean,1.0
uniform_rapid_fasca_kd,52,41,clean,1.0
uniform_rapid_fasca_kd,52,42,clean,0.5555555555555555
uniform_rapid_fasca_kd,52,45,clean,0.6666666666666666
uniform_rapid_fasca_kd,52,51,clean,1.0
uniform_rapid_fasca_kd,52,54,clean,1.0
uniform_rapid_fasca_kd,52,56,clean,1.0
uniform_rapid_fasca_kd,53,20,clean,1.0
uniform_rapid_fasca_kd,53,22,clean,1.0
uniform_rapid_fasca_kd,53,23,clean,1.0
uniform_rapid_fasca_kd,53,28,clean,1.0
uniform_rapid_fasca_kd,53,34,clean,1.0
uniform_rapid_fasca_kd,53,41,clean,1.0
uniform_rapid_fasca_kd,53,42,clean,1.0
uniform_rapid_fasca_kd,53,45,clean,0.6666666666666666
uniform_rapid_fasca_kd,53,51,clean,1.0
uniform_rapid_fasca_kd,53,54,clean,1.0
uniform_rapid_fasca_kd,53,56,clean,1.0
uniform_rapid_fasca_kd,51,8,clean,0.3333333333333333
uniform_rapid_fasca_kd,51,11,clean,0.6666666666666666
uniform_rapid_fasca_kd,51,12,clean,1.0
uniform_rapid_fasca_kd,51,13,clean,1.0
uniform_rapid_fasca_kd,51,30,clean,1.0
uniform_rapid_fasca_kd,51,31,clean,1.0
uniform_rapid_fasca_kd,51,37,clean,1.0
uniform_rapid_fasca_kd,51,52,clean,1.0
uniform_rapid_fasca_kd,51,55,clean,1.0
uniform_rapid_fasca_kd,51,57,clean,1.0
uniform_rapid_fasca_kd,51,58,clean,1.0
uniform_rapid_fasca_kd,52,8,clean,0.3333333333333333
uniform_rapid_fasca_kd,52,11,clean,0.6666666666666666
uniform_rapid_fasca_kd,52,12,clean,1.0
uniform_rapid_fasca_kd,52,13,clean,1.0
uniform_rapid_fasca_kd,52,30,clean,1.0
uniform_rapid_fasca_kd,52,31,clean,1.0
uniform_rapid_fasca_kd,52,37,clean,1.0
uniform_rapid_fasca_kd,52,52,clean,1.0
uniform_rapid_fasca_kd,52,55,clean,1.0
uniform_rapid_fasca_kd,52,57,clean,1.0
uniform_rapid_fasca_kd,52,58,clean,1.0
uniform_rapid_fasca_kd,53,8,clean,0.3333333333333333
uniform_rapid_fasca_kd,53,11,clean,0.6666666666666666
uniform_rapid_fasca_kd,53,12,clean,1.0
uniform_rapid_fasca_kd,53,13,clean,1.0
uniform_rapid_fasca_kd,53,30,clean,1.0
uniform_rapid_fasca_kd,53,31,clean,1.0
uniform_rapid_fasca_kd,53,37,clean,1.0
uniform_rapid_fasca_kd,53,52,clean,1.0
uniform_rapid_fasca_kd,53,55,clean,1.0
uniform_rapid_fasca_kd,53,57,clean,1.0
uniform_rapid_fasca_kd,53,58,clean,1.0
